season	posteam	week	game_id	player_id	full_name	position	pass_attempt	rec_attempt	rush_attempt	pass_air_yards	rec_air_yards	pass_completions	receptions	pass_completions_exp	receptions_exp	pass_yards_gained	rec_yards_gained	rush_yards_gained	pass_yards_gained_exp	rec_yards_gained_exp	rush_yards_gained_exp	pass_touchdown	rec_touchdown	rush_touchdown	pass_touchdown_exp	rec_touchdown_exp	rush_touchdown_exp	pass_two_point_conv	rec_two_point_conv	rush_two_point_conv	pass_two_point_conv_exp	rec_two_point_conv_exp	rush_two_point_conv_exp	pass_first_down	rec_first_down	rush_first_down	pass_first_down_exp	rec_first_down_exp	rush_first_down_exp	pass_interception	rec_interception	pass_interception_exp	rec_interception_exp	rec_fumble_lost	rush_fumble_lost	pass_fantasy_points_exp	rec_fantasy_points_exp	rush_fantasy_points_exp	pass_fantasy_points	rec_fantasy_points	rush_fantasy_points	total_yards_gained	total_yards_gained_exp	total_touchdown	total_touchdown_exp	total_first_down	total_first_down_exp	total_fantasy_points	total_fantasy_points_exp	pass_completions_diff	receptions_diff	pass_yards_gained_diff	rec_yards_gained_diff	rush_yards_gained_diff	pass_touchdown_diff	rec_touchdown_diff	rush_touchdown_diff	pass_two_point_conv_diff	rec_two_point_conv_diff	rush_two_point_conv_diff	pass_first_down_diff	rec_first_down_diff	rush_first_down_diff	pass_interception_diff	rec_interception_diff	pass_fantasy_points_diff	rec_fantasy_points_diff	rush_fantasy_points_diff	total_yards_gained_diff	total_touchdown_diff	total_first_down_diff	total_fantasy_points_diff	pass_attempt_team	rec_attempt_team	rush_attempt_team	pass_air_yards_team	rec_air_yards_team	pass_completions_team	receptions_team	pass_completions_exp_team	receptions_exp_team	pass_yards_gained_team	rec_yards_gained_team	rush_yards_gained_team	pass_yards_gained_exp_team	rec_yards_gained_exp_team	rush_yards_gained_exp_team	pass_touchdown_team	rec_touchdown_team	rush_touchdown_team	pass_touchdown_exp_team	rec_touchdown_exp_team	rush_touchdown_exp_team	pass_two_point_conv_team	rec_two_point_conv_team	rush_two_point_conv_team	pass_two_point_conv_exp_team	rec_two_point_conv_exp_team	rush_two_point_conv_exp_team	pass_first_down_team	rec_first_down_team	rush_first_down_team	pass_first_down_exp_team	rec_first_down_exp_team	rush_first_down_exp_team	pass_interception_team	rec_interception_team	pass_interception_exp_team	rec_interception_exp_team	rec_fumble_lost_team	rush_fumble_lost_team	pass_fantasy_points_exp_team	rec_fantasy_points_exp_team	rush_fantasy_points_exp_team	pass_fantasy_points_team	rec_fantasy_points_team	rush_fantasy_points_team	pass_completions_diff_team	receptions_diff_team	pass_yards_gained_diff_team	rec_yards_gained_diff_team	rush_yards_gained_diff_team	pass_touchdown_diff_team	rec_touchdown_diff_team	rush_touchdown_diff_team	pass_two_point_conv_diff_team	rec_two_point_conv_diff_team	rush_two_point_conv_diff_team	pass_first_down_diff_team	rec_first_down_diff_team	rush_first_down_diff_team	pass_interception_diff_team	rec_interception_diff_team	pass_fantasy_points_diff_team	rec_fantasy_points_diff_team	rush_fantasy_points_diff_team	total_yards_gained_team	total_yards_gained_exp_team	total_yards_gained_diff_team	total_touchdown_team	total_touchdown_exp_team	total_touchdown_diff_team	total_first_down_team	total_first_down_exp_team	total_first_down_diff_team	total_fantasy_points_team	total_fantasy_points_exp_team	total_fantasy_points_diff_team
"2026"	"KC"	1	"2026_01_DEN_KC"	"00-0030506"	"Travis Kelce"	"TE"	0	5	0	0	29	0	3	0	3.6	0	71	0	0	40.72	0	0	0	0	0	0.05	0	0	0	0	0	0	0	0	2	0	0	2.4	0	0	0	0	0.09	0	0	0	7.99	0	0	10.1	0	71	40.72	0	0.05	2	2.4	10.1	7.99	0	-0.6000000000000001	0	30.28	0	0	-0.05	0	0	0	0	0	-0.3999999999999999	0	0	-0.09	0	2.1099999999999994	0	30.28	-0.05	-0.3999999999999999	2.1099999999999994	27	27	38	133	133	15	15	19.57	19.57	184	184	220	202.03	202.03	151.17000000000002	2	2	2	0.96	0.9500000000000001	1.1800000000000002	0	0	0	0	0	0	7	7	11	10.5	10.5	9.65	1	1	0.47	0.47000000000000003	0	0	10.99	45.54	22.14	13.36	45.4	34	-4.57	-4.569999999999999	-18.03	-18.029999999999998	68.83	1.04	1.0499999999999998	0.8200000000000001	0	0	0	-3.5	-3.5	1.35	0.53	0.53	2.369999999999999	-0.1399999999999999	11.860000000000003	404	353.20000000000005	50.8	4	2.1300000000000003	1.8699999999999999	18	20.15	-2.15	79.4	67.68	11.720000000000002
"2026"	"KC"	2	"2026_02_IND_KC"	"00-0030506"	"Travis Kelce"	"TE"	0	11	0	0	56	0	9	0	8.21	0	101	0	0	79.68	0	0	1	0	0	0.25	0	0	0	0	0	0	0	0	7	0	0	4.39	0	0	0	0	0.14	0	0	0	17.67	0	0	25.1	0	101	79.68	1	0.25	7	4.39	25.1	17.67	0	0.7899999999999991	0	21.319999999999993	0	0	0.75	0	0	0	0	0	2.6100000000000003	0	0	-0.14	0	7.43	0	21.319999999999993	0.75	2.6100000000000003	7.43	47	47	29	262	262	32	32	33.61	33.6	382	382	152	325.36	325.37	125.81	3	3	0	2.84	2.85	1.8900000000000001	0	0	0	0	0	0	19	19	10	17.9	17.9	10.04	0	0	0.8	0.79	0	0	22.77	83.16	23.919999999999998	27.28	88.2	15.2	-1.6099999999999994	-1.6000000000000019	56.639999999999986	56.629999999999995	26.19	0.16000000000000014	0.14999999999999988	-1.8900000000000001	0	0	0	1.1000000000000014	1.100000000000001	-0.040000000000000036	-0.8	-0.79	4.510000000000002	5.039999999999997	-8.72	534	451.18	82.82	3	4.74	-1.7400000000000002	29	27.939999999999998	1.060000000000001	103.4	107.08	-3.6800000000000033
"2026"	"KC"	3	"2026_03_KC_MIA"	"00-0030506"	"Travis Kelce"	"TE"	0	2	0	0	33	0	2	0	0.87	0	59	0	0	20.11	0	0	1	0	0	0.29	0	0	0	0	0	0	0	0	2	0	0	0.88	0	0	0	0	0.1	0	0	0	4.63	0	0	13.9	0	59	20.11	1	0.29	2	0.88	13.9	4.63	0	1.13	0	38.89	0	0	0.71	0	0	0	0	0	1.12	0	0	-0.1	0	9.27	0	38.89	0.71	1.12	9.27	24	24	25	161	161	20	20	17.03	17.03	246	246	88	192.01	192.02	111.06	2	2	1	1.62	1.62	0.72	0	0	0	0	0	0	11	11	5	8.16	8.18	7.43	1	1	0.53	0.54	0	0	13.09	45.93	15.47	15.84	56.6	14.8	2.969999999999999	2.9699999999999993	53.99000000000001	53.980000000000004	-23.06	0.3799999999999999	0.3799999999999999	0.28	0	0	0	2.84	2.8200000000000003	-2.43	0.47	0.45999999999999996	2.75	10.670000000000003	-0.6700000000000007	334	303.08000000000004	30.920000000000005	3	2.34	0.6599999999999999	16	15.61	0.3900000000000001	71.4	61.4	10.000000000000004
"2026"	"LA"	1	"2026_01_SF_LA"	"00-0031381"	"Davante Adams"	"WR"	0	6	0	0	73	0	3	0	3.51	0	26	0	0	48.34	0	0	0	0	0	0.05	0	0	0	0	0	0	0	0	1	0	0	2.11	0	0	0	0	0.18	0	0	0	8.67	0	0	5.6	0	26	48.34	0	0.05	1	2.11	5.6	8.67	0	-0.5099999999999998	0	-22.340000000000003	0	0	-0.05	0	0	0	0	0	-1.1099999999999999	0	0	-0.18	0	-3.0700000000000003	0	-22.340000000000003	-0.05	-1.1099999999999999	-3.0700000000000003	28	28	29	255	255	17	17	18.13	18.12	168	168	122	212.42	212.42000000000002	121.7	0	0	1	1.05	1.04	1.56	0	0	0	0	0	0	6	6	7	11.28	11.290000000000001	8.81	1	1	0.71	0.73	1	0	11.290000000000001	45.68	21.48	4.720000000000001	31.8	18.2	-1.13	-1.1199999999999997	-44.419999999999995	-44.42000000000001	0.3000000000000016	-1.05	-1.04	-0.5599999999999999	0	0	0	-5.279999999999999	-5.29	-1.8099999999999998	0.29000000000000004	0.27	-6.57	-13.879999999999999	-3.2799999999999994	290	334.12	-44.120000000000005	1	2.6	-1.6	13	20.1	-7.1	50	67.16	-17.159999999999997
"2026"	"LA"	2	"2026_02_NYG_LA"	"00-0031381"	"Davante Adams"	"WR"	0	10	0	0	198	0	8	0	5.59	0	195	0	0	116.09	0	0	2	0	0	0.68	0	0	0	0	0	0	0	0	7	0	0	4.63	0	0	1	0	0.26	0	0	0	21.25	0	0	39.5	0	195	116.09	2	0.68	7	4.63	39.5	21.25	0	2.41	0	78.91	0	0	1.3199999999999998	0	0	0	0	0	2.37	0	0	0.74	0	18.25	0	78.91	1.3199999999999998	2.37	18.25	31	31	28	331	331	22	22	20.1	20.11	327	327	163	276.95	276.93	108.61	4	4	0	2.03	2.04	0.5	0	0	0	0	0	0	15	15	8	12.31	12.33	6.23	1	1	0.56	0.55	0	1	18.1	59.99	13.83	27.08	78.7	14.3	1.8999999999999986	1.8900000000000006	50.05000000000001	50.06999999999999	54.39	1.9700000000000002	1.96	-0.5	0	0	0	2.6899999999999995	2.67	1.7699999999999998	0.43999999999999995	0.44999999999999996	8.979999999999997	18.709999999999997	0.4700000000000004	490	385.54	104.46	4	2.54	1.46	23	18.560000000000002	4.4399999999999995	93	73.82000000000001	19.179999999999996
"2026"	"SF"	1	"2026_01_SF_LA"	"00-0031408"	"Mike Evans"	"WR"	0	7	0	0	55	0	6	0	4.58	0	49	0	0	50.31	0	0	1	0	0	0.67	0	0	0	0	0	0	0	0	6	0	0	4.21	0	0	0	0	0.11	0	0	0	13.65	0	0	16.9	0	49	50.31	1	0.67	6	4.21	16.9	13.65	0	1.42	0	-1.3100000000000023	0	0	0.32999999999999996	0	0	0	0	0	1.79	0	0	-0.11	0	3.2499999999999982	0	-1.3100000000000023	0.32999999999999996	1.79	3.2499999999999982	34	34	30	149	149	25	25	24.83	24.84	205	205	174	222.71	222.70000000000002	126.32000000000001	3	3	0	3.3	3.29	0.29000000000000004	0	0	0	0	0	0	12	12	10	14.69	14.68	7.15	1	1	0.44	0.43	0	0	21.22	66.87	14.39	18.2	63.5	17.4	0.1700000000000017	0.16000000000000014	-17.710000000000008	-17.700000000000006	47.67999999999999	-0.2999999999999998	-0.2899999999999999	-0.29000000000000004	0	0	0	-2.6899999999999995	-2.6799999999999997	2.8499999999999996	0.56	0.57	-3.0199999999999996	-3.370000000000002	3.01	379	349.02000000000004	29.979999999999986	3	3.58	-0.58	22	21.83	0.16999999999999993	80.9	81.26	-0.3600000000000021
"2026"	"SF"	2	"2026_02_MIA_SF"	"00-0031408"	"Mike Evans"	"WR"	0	3	0	0	40	0	3	0	1.89	0	54	0	0	32.75	0	0	0	0	0	0.14	0	0	0	0	0	0	0	0	3	0	0	1.91	0	0	0	0	0.06	0	0	0	5.99	0	0	8.4	0	54	32.75	0	0.14	3	1.91	8.4	5.99	0	1.11	0	21.25	0	0	-0.14	0	0	0	0	0	1.09	0	0	-0.06	0	2.41	0	21.25	-0.14	1.09	2.41	22	22	27	180	180	20	20	15.22	15.2	287	287	95	183.95	183.94	99.77	2	2	3	1.51	1.51	3	0	0	0	0	0	0	16	16	6	10.12	10.13	7.4799999999999995	0	0	0.4	0.41000000000000003	0	0	12.61	42.69	28	19.48	60.7	27.5	4.779999999999999	4.800000000000001	103.05000000000001	103.05999999999999	-4.769999999999997	0.49	0.49	8.153200337090993e-17	0	0	0	5.880000000000001	5.87	-1.4799999999999998	-0.4	-0.41000000000000003	6.870000000000001	18.009999999999998	-0.49999999999999883	382	283.71	98.28999999999999	5	4.51	0.49000000000000005	22	17.61	4.390000000000001	88.2	70.69	17.509999999999998
"2026"	"SF"	3	"2026_03_ARI_SF"	"00-0031408"	"Mike Evans"	"WR"	0	6	0	0	80	0	3	0	3.61	0	34	0	0	60.03	0	0	2	0	0	0.38	0	0	0	0	0	0	0	0	3	0	0	3.06	0	0	0	0	0.14	0	0	0	11.87	0	0	18.4	0	34	60.03	2	0.38	3	3.06	18.4	11.87	0	-0.6099999999999999	0	-26.03	0	0	1.62	0	0	0	0	0	-0.06000000000000005	0	0	-0.14	0	6.529999999999999	0	-26.03	1.62	-0.06000000000000005	6.529999999999999	27	27	23	294	294	15	15	17.58	17.59	217	217	140	259.75	259.76	102.11	4	4	1	1.56	1.56	0.95	0	0	0	0	0	0	14	14	7	12.25	12.25	5.6899999999999995	0	0	0.61	0.6	0	0	15.42	52.91	15.93	24.68	60.699999999999996	20	-2.5799999999999983	-2.5900000000000003	-42.75	-42.760000000000005	37.89	2.44	2.44	0.05000000000000004	0	0	0	1.75	1.7500000000000004	1.3100000000000005	-0.61	-0.6	9.26	7.789999999999999	4.07	357	361.87	-4.8700000000000045	5	2.51	2.4899999999999998	21	17.939999999999998	3.060000000000001	80.69999999999999	68.84	11.86
"2026"	"WAS"	1	"2026_01_WAS_PHI"	"00-0031588"	"Stefon Diggs"	"WR"	0	9	0	0	83	0	4	0	5.96	0	55	0	0	70.9	0	0	1	0	0	0.19	0	0	0	0	0	0	0	0	4	0	0	3.85	0	0	0	0	0.24	0	0	0	14.2	0	0	15.5	0	55	70.9	1	0.19	4	3.85	15.5	14.2	0	-1.96	0	-15.900000000000006	0	0	0.81	0	0	0	0	0	0.1499999999999999	0	0	-0.24	0	1.3000000000000007	0	-15.900000000000006	0.81	0.1499999999999999	1.3000000000000007	34	34	32	317	317	18	18	21.55	21.54	164	164	132	248.12	248.13	139.81	2	2	1	2.13	2.12	1.09	0	0	0	0.52	0.52	0	10	10	9	14.01	14.01	7.7	0	0	0.99	1	0	0	17.5	60.19	20.56	14.56	46.4	19.200000000000003	-3.5500000000000007	-3.54	-84.12	-84.13000000000001	-7.8100000000000005	-0.1299999999999999	-0.12	-0.09000000000000008	-0.52	-0.52	0	-4.01	-4.01	1.3000000000000003	-0.99	-1	-2.9399999999999995	-13.79	-1.359999999999999	296	387.94	-91.94000000000001	3	3.21	-0.21000000000000008	19	21.71	-2.7099999999999995	65.6	80.75	-15.149999999999999
"2026"	"WAS"	2	"2026_02_WAS_DAL"	"00-0031588"	"Stefon Diggs"	"WR"	0	6	0	0	72	0	5	0	3.33	0	47	0	0	34.88	0	0	2	0	0	0.99	0	0	0	0	0	0	0	0	4	0	0	2.79	0	0	0	0	0.16	0	0	0	12.76	0	0	21.7	0	47	34.88	2	0.99	4	2.79	21.7	12.76	0	1.67	0	12.119999999999997	0	0	1.01	0	0	0	0	0	1.21	0	0	-0.16	0	8.94	0	12.119999999999997	1.01	1.21	8.94	35	35	32	359	359	23	23	22.02	22.02	207	207	182	248.16	248.15	147.27	2	2	0	3.97	3.97	0.63	0	0	0	0	0	0	11	11	11	13.33	13.34	9.290000000000001	0	0	0.79	0.78	1	0	24.259999999999998	70.69	18.51	16.28	53.7	18.2	0.9800000000000006	0.9800000000000009	-41.16	-41.15	34.730000000000004	-1.97	-1.97	-0.63	0	0	0	-2.3299999999999996	-2.34	1.71	-0.79	-0.78	-7.98	-16.990000000000002	-0.31000000000000055	389	395.42	-6.419999999999995	2	4.6000000000000005	-2.6	22	22.630000000000003	-0.6299999999999999	71.9	89.2	-17.300000000000004
"2026"	"WAS"	3	"2026_03_SEA_WAS"	"00-0031588"	"Stefon Diggs"	"WR"	0	7	0	0	33	0	4	0	4.92	0	33	0	0	41.07	0	0	0	0	0	0.03	0	0	0	0	0	0	0	0	2	0	0	1.78	0	0	0	0	0.13	0	0	0	9.2	0	0	7.3	0	33	41.07	0	0.03	2	1.78	7.3	9.2	0	-0.9199999999999999	0	-8.07	0	0	-0.03	0	0	0	0	0	0.21999999999999997	0	0	-0.13	0	-1.8999999999999995	0	-8.07	-0.03	0.21999999999999997	-1.8999999999999995	31	31	32	248	248	19	19	18.91	18.91	183	183	82	200.24	200.25	129.53	3	3	0	1.13	1.1199999999999999	0.37	0	0	0	0	0	0	10	10	5	8.76	8.77	6.9	0	0	0.83	0.83	0	0	10.89	45.73	15.23	19.32	55.3	8.2	0.08999999999999986	0.0900000000000008	-17.24000000000001	-17.25	-47.53	1.87	1.88	-0.37	0	0	0	1.2400000000000002	1.2300000000000002	-1.9000000000000004	-0.83	-0.83	8.43	9.57	-7.029999999999999	265	329.78	-64.78	3	1.4899999999999998	1.5099999999999998	15	15.67	-0.6700000000000002	63.5	60.959999999999994	2.540000000000001
"2026"	"DAL"	1	"2026_01_DAL_NYG"	"00-0033077"	"Dak Prescott"	"QB"	34	0	2	309	0	22	0	22.01	0	175	0	14	250.51	0	12.03	2	0	0	1.62	0	0.01	0	0	0	0	0	0	12	0	1	11.57	0	0.82	1	0	0.88	0	0	0	14.73	0	1.24	13	0	1.4	189	262.53999999999996	2	1.6300000000000001	13	12.39	14.4	15.97	-0.010000000000001563	0	-75.50999999999999	0	1.9700000000000006	0.3799999999999999	0	-0.01	0	0	0	0.4299999999999997	0	0.18000000000000005	0.12	0	-1.7300000000000004	0	0.15999999999999992	-73.53999999999996	0.3699999999999999	0.6099999999999994	-1.5700000000000003	34	34	18	309	309	22	22	22.01	22	175	175	69	250.51	250.52	75.44	2	2	1	1.62	1.61	1.5	0	0	0	0	0	0	12	12	4	11.57	11.57	5.43	1	1	0.88	0.88	0	0	14.73	56.79	16.58	13	51.5	12.899999999999999	-0.010000000000001563	4.440892098500626e-16	-75.50999999999999	-75.52	-6.439999999999999	0.3799999999999999	0.39	-0.5	0	0	0	0.4299999999999997	0.43000000000000027	-1.43	0.12	0.11999999999999995	-1.7300000000000004	-5.289999999999999	-3.6799999999999997	244	325.96000000000004	-81.96	3	3.1100000000000003	-0.10999999999999999	16	17	-0.9999999999999997	64.4	73.37	-8.969999999999999
"2026"	"DAL"	2	"2026_02_WAS_DAL"	"00-0033077"	"Dak Prescott"	"QB"	31	0	4	244	0	26	0	21.42	0	279	0	26	249.3	0	21.59	4	0	0	2.65	0	0.13	0	0	0	0	0	0	16	0	2	14.65	0	1.52	0	0	0.63	0	0	0	19.3	0	2.93	27.16	0	2.6	305	270.89	4	2.78	18	16.17	29.76	22.23	4.579999999999998	0	29.69999999999999	0	4.41	1.35	0	-0.13	0	0	0	1.3499999999999996	0	0.48	-0.63	0	7.859999999999999	0	-0.33000000000000007	34.110000000000014	1.2200000000000002	1.8299999999999983	7.530000000000001	31	31	21	244	244	26	26	21.42	21.42	279	279	66	249.3	249.31	91.11	4	4	0	2.65	2.64	1.02	0	0	0	0	0	0	16	16	3	14.65	14.65	6.98	0	0	0.63	0.62	0	0	19.3	62.239999999999995	15.16	27.16	77.89999999999999	6.6000000000000005	4.579999999999998	4.58	29.69999999999999	29.689999999999994	-25.11	1.35	1.3599999999999999	-1.02	0	0	0	1.3499999999999996	1.3500000000000005	-3.98	-0.63	-0.62	7.859999999999999	15.66	-8.559999999999999	345	340.42	4.579999999999995	4	3.66	0.33999999999999986	19	21.630000000000003	-2.6299999999999994	84.49999999999999	77.39999999999999	7.100000000000001
"2026"	"DAL"	3	"2026_03_BAL_DAL"	"00-0033077"	"Dak Prescott"	"QB"	40	0	4	272	0	25	0	26.95	0	276	0	19	281.5	0	25.75	1	0	0	2.75	0	0.35	1	0	0	0.55	0	0	14	0	1	15.31	0	2.22	0	0	0.89	0	0	0	21.61	0	4.67	17.04	0	1.9	295	307.25	1	3.1	15	17.53	18.939999999999998	26.28	-1.9499999999999993	0	-5.5	0	-6.75	-1.75	0	-0.35	0.44999999999999996	0	0	-1.3100000000000005	0	-1.2200000000000002	-0.89	0	-4.57	0	-2.77	-12.25	-2.1	-2.530000000000001	-7.340000000000003	40	40	30	272	272	25	25	26.95	26.96	276	276	148	281.5	281.5	133.2	1	1	2	2.75	2.74	1.27	1	1	0	0.55	0.55	0	14	14	10	15.31	15.32	9.07	0	0	0.89	0.9	1	0	21.61	72.72	20.919999999999998	17.04	58.6	26.8	-1.9499999999999993	-1.9600000000000009	-5.5	-5.5	14.800000000000006	-1.75	-1.74	0.73	0.44999999999999996	0.44999999999999996	0	-1.3100000000000005	-1.3199999999999996	0.9299999999999998	-0.89	-0.9	-4.57	-14.120000000000001	5.880000000000001	424	414.7	9.300000000000006	3	4.01	-1.01	24	24.39	-0.3899999999999998	85.4	93.64	-8.24
"2026"	"SF"	1	"2026_01_SF_LA"	"00-0033280"	"Christian McCaffrey"	"RB"	0	8	10	0	-3	0	5	0	6.53	0	20	68	0	52.77	41.21	0	0	0	0	0.08	0.17	0	0	0	0	0	0	0	0	2	0	3.29	1.36	0	0	0	0.04	0	0	0	12.29	5.13	0	7	6.8	88	93.98	0	0.25	2	4.65	13.8	17.419999999999998	0	-1.5300000000000002	0	-32.77	26.79	0	-0.08	-0.17	0	0	0	0	-3.29	0.6399999999999999	0	-0.04	0	-5.289999999999999	1.67	-5.980000000000004	-0.25	-2.6500000000000004	-3.6199999999999974	34	34	30	149	149	25	25	24.83	24.84	205	205	174	222.71	222.70000000000002	126.32000000000001	3	3	0	3.3	3.29	0.29000000000000004	0	0	0	0	0	0	12	12	10	14.69	14.68	7.15	1	1	0.44	0.43	0	0	21.22	66.87	14.39	18.2	63.5	17.4	0.1700000000000017	0.16000000000000014	-17.710000000000008	-17.700000000000006	47.67999999999999	-0.2999999999999998	-0.2899999999999999	-0.29000000000000004	0	0	0	-2.6899999999999995	-2.6799999999999997	2.8499999999999996	0.56	0.57	-3.0199999999999996	-3.370000000000002	3.01	379	349.02000000000004	29.979999999999986	3	3.58	-0.58	22	21.83	0.16999999999999993	80.9	81.26	-0.3600000000000021
"2026"	"SF"	2	"2026_02_MIA_SF"	"00-0033280"	"Christian McCaffrey"	"RB"	0	4	10	0	11	0	4	0	3.07	0	43	23	0	25.78	33.47	0	0	2	0	0.12	2.11	0	0	0	0	0	0	0	4	2	0	1.98	3.53	0	0	0	0.03	0	0	0	6.37	16.02	0	8.3	14.3	66	59.25	2	2.23	6	5.51	22.6	22.39	0	0.9300000000000002	0	17.22	-10.469999999999999	0	-0.12	-0.10999999999999988	0	0	0	0	2.02	-1.5299999999999998	0	-0.03	0	1.9300000000000006	-1.7199999999999989	6.75	-0.22999999999999998	0.4900000000000002	0.21000000000000085	22	22	27	180	180	20	20	15.22	15.2	287	287	95	183.95	183.94	99.77	2	2	3	1.51	1.51	3	0	0	0	0	0	0	16	16	6	10.12	10.13	7.4799999999999995	0	0	0.4	0.41000000000000003	0	0	12.61	42.69	28	19.48	60.7	27.5	4.779999999999999	4.800000000000001	103.05000000000001	103.05999999999999	-4.769999999999997	0.49	0.49	8.153200337090993e-17	0	0	0	5.880000000000001	5.87	-1.4799999999999998	-0.4	-0.41000000000000003	6.870000000000001	18.009999999999998	-0.49999999999999883	382	283.71	98.28999999999999	5	4.51	0.49000000000000005	22	17.61	4.390000000000001	88.2	70.69	17.509999999999998
"2026"	"SF"	3	"2026_03_ARI_SF"	"00-0033280"	"Christian McCaffrey"	"RB"	0	5	15	0	32	0	4	0	3.67	0	41	75	0	45.84	69	0	0	1	0	0.07	0.71	0	0	0	0	0	0	0	3	4	0	2.03	3.76	0	0	0	0.08	0	0	0	8.67	11.18	0	8.1	13.5	116	114.84	1	0.78	7	5.789999999999999	21.6	19.85	0	0.33000000000000007	0	-4.840000000000003	6	0	-0.07	0.29000000000000004	0	0	0	0	0.9700000000000002	0.2400000000000002	0	-0.08	0	-0.5700000000000003	2.3200000000000003	1.1599999999999966	0.21999999999999997	1.2100000000000009	1.75	27	27	23	294	294	15	15	17.58	17.59	217	217	140	259.75	259.76	102.11	4	4	1	1.56	1.56	0.95	0	0	0	0	0	0	14	14	7	12.25	12.25	5.6899999999999995	0	0	0.61	0.6	0	0	15.42	52.91	15.93	24.68	60.699999999999996	20	-2.5799999999999983	-2.5900000000000003	-42.75	-42.760000000000005	37.89	2.44	2.44	0.05000000000000004	0	0	0	1.75	1.7500000000000004	1.3100000000000005	-0.61	-0.6	9.26	7.789999999999999	4.07	357	361.87	-4.8700000000000045	5	2.51	2.4899999999999998	21	17.939999999999998	3.060000000000001	80.69999999999999	68.84	11.86
"2026"	"SF"	1	"2026_01_SF_LA"	"00-0033288"	"George Kittle"	"TE"	0	5	0	0	38	0	2	0	3.55	0	12	0	0	38.65	0	0	0	0	0	0.64	0	0	0	0	0	0	0	0	0	0	0	2.09	0	0	1	0	0.07	0	0	0	11.25	0	0	3.2	0	12	38.65	0	0.64	0	2.09	3.2	11.25	0	-1.5499999999999998	0	-26.65	0	0	-0.64	0	0	0	0	0	-2.09	0	0	0.9299999999999999	0	-8.05	0	-26.65	-0.64	-2.09	-8.05	34	34	30	149	149	25	25	24.83	24.84	205	205	174	222.71	222.70000000000002	126.32000000000001	3	3	0	3.3	3.29	0.29000000000000004	0	0	0	0	0	0	12	12	10	14.69	14.68	7.15	1	1	0.44	0.43	0	0	21.22	66.87	14.39	18.2	63.5	17.4	0.1700000000000017	0.16000000000000014	-17.710000000000008	-17.700000000000006	47.67999999999999	-0.2999999999999998	-0.2899999999999999	-0.29000000000000004	0	0	0	-2.6899999999999995	-2.6799999999999997	2.8499999999999996	0.56	0.57	-3.0199999999999996	-3.370000000000002	3.01	379	349.02000000000004	29.979999999999986	3	3.58	-0.58	22	21.83	0.16999999999999993	80.9	81.26	-0.3600000000000021
"2026"	"SF"	2	"2026_02_MIA_SF"	"00-0033288"	"George Kittle"	"TE"	0	4	0	0	50	0	4	0	2.42	0	80	0	0	37.6	0	0	1	0	0	0.73	0	0	0	0	0	0	0	0	3	0	0	2.28	0	0	0	0	0.13	0	0	0	10.57	0	0	18	0	80	37.6	1	0.73	3	2.28	18	10.57	0	1.58	0	42.4	0	0	0.27	0	0	0	0	0	0.7200000000000002	0	0	-0.13	0	7.43	0	42.4	0.27	0.7200000000000002	7.43	22	22	27	180	180	20	20	15.22	15.2	287	287	95	183.95	183.94	99.77	2	2	3	1.51	1.51	3	0	0	0	0	0	0	16	16	6	10.12	10.13	7.4799999999999995	0	0	0.4	0.41000000000000003	0	0	12.61	42.69	28	19.48	60.7	27.5	4.779999999999999	4.800000000000001	103.05000000000001	103.05999999999999	-4.769999999999997	0.49	0.49	8.153200337090993e-17	0	0	0	5.880000000000001	5.87	-1.4799999999999998	-0.4	-0.41000000000000003	6.870000000000001	18.009999999999998	-0.49999999999999883	382	283.71	98.28999999999999	5	4.51	0.49000000000000005	22	17.61	4.390000000000001	88.2	70.69	17.509999999999998
"2026"	"SF"	3	"2026_03_ARI_SF"	"00-0033288"	"George Kittle"	"TE"	0	7	0	0	54	0	6	0	4.94	0	82	0	0	58.32	0	0	2	0	0	0.64	0	0	0	0	0	0	0	0	6	0	0	3.01	0	0	0	0	0.12	0	0	0	14.62	0	0	26.2	0	82	58.32	2	0.64	6	3.01	26.2	14.62	0	1.0599999999999996	0	23.68	0	0	1.3599999999999999	0	0	0	0	0	2.99	0	0	-0.12	0	11.58	0	23.68	1.3599999999999999	2.99	11.58	27	27	23	294	294	15	15	17.58	17.59	217	217	140	259.75	259.76	102.11	4	4	1	1.56	1.56	0.95	0	0	0	0	0	0	14	14	7	12.25	12.25	5.6899999999999995	0	0	0.61	0.6	0	0	15.42	52.91	15.93	24.68	60.699999999999996	20	-2.5799999999999983	-2.5900000000000003	-42.75	-42.760000000000005	37.89	2.44	2.44	0.05000000000000004	0	0	0	1.75	1.7500000000000004	1.3100000000000005	-0.61	-0.6	9.26	7.789999999999999	4.07	357	361.87	-4.8700000000000045	5	2.51	2.4899999999999998	21	17.939999999999998	3.060000000000001	80.69999999999999	68.84	11.86
"2026"	"MIN"	1	"2026_01_GB_MIN"	"00-0033293"	"Aaron Jones"	"RB"	0	1	12	0	4	0	0	0	0.8	0	0	40	0	7.4	46.29	0	0	1	0	0	0.57	0	0	0	0	0	0	0	0	3	0	0.27	3.27	0	0	0	0.01	0	0	0	1.56	8.06	0	0	10	40	53.69	1	0.57	3	3.54	10	9.620000000000001	0	-0.8	0	-7.4	-6.289999999999999	0	0	0.43000000000000005	0	0	0	0	-0.27	-0.27	0	-0.01	0	-1.56	1.9399999999999995	-13.689999999999998	0.43000000000000005	-0.54	0.379999999999999	24	24	34	176	176	15	15	16.46	16.47	151	151	107	172.64000000000001	172.64	124	3	3	2	1.07	1.07	1.3299999999999998	1	1	0	0.58	0.58	0	8	8	6	8.83	8.84	9.05	1	1	0.5	0.52	0	0	11.35	41.34	20.44	18.04	50.1	22.7	-1.4600000000000004	-1.4699999999999998	-21.640000000000015	-21.64	-16.999999999999996	1.93	1.9300000000000002	0.67	0.42000000000000004	0.42000000000000004	0	-0.8299999999999998	-0.8400000000000001	-3.05	0.5	0.4799999999999999	6.690000000000001	8.759999999999998	2.2599999999999993	258	296.64	-38.64	5	2.4	2.6	14	17.89	-3.8899999999999997	72.8	61.78	11.019999999999998
"2026"	"MIN"	2	"2026_02_MIN_CHI"	"00-0033293"	"Aaron Jones"	"RB"	0	0	23	0	0	0	0	0	0	0	0	105	0	0	97.23	0	0	0	0	0	0.07	0	0	0	0	0	0	0	0	3	0	0	4.27	0	0	0	0	0	0	0	0	10.15	0	0	10.5	105	97.23	0	0.07	3	4.27	10.5	10.15	0	0	0	0	7.769999999999996	0	0	-0.07	0	0	0	0	0	-1.2699999999999996	0	0	0	0	0.34999999999999964	7.769999999999996	-0.07	-1.2699999999999996	0.34999999999999964	20	20	28	157	157	11	11	13.66	13.66	143	143	119	157.38	157.39	113.87	0	0	0	0.55	0.54	0.11000000000000001	0	0	0	0	0	0	6	6	4	6.71	6.720000000000001	5.5	0	0	0.41	0.42	0	0	7.68	32.69	12.06	5.72	25.3	11.9	-2.66	-2.66	-14.379999999999995	-14.39	5.1299999999999955	-0.55	-0.54	-0.11000000000000001	0	0	0	-0.71	-0.7200000000000002	-1.4999999999999996	-0.41	-0.42	-1.96	-7.390000000000001	-0.16000000000000036	262	271.26	-9.260000000000005	0	0.65	-0.65	10	12.22	-2.2199999999999998	37.2	44.75	-7.550000000000001
"2026"	"MIN"	3	"2026_03_MIN_TB"	"00-0033293"	"Aaron Jones"	"RB"	0	6	17	0	-11	0	5	0	4.98	0	34	58	0	36.69	74.06	0	0	0	0	0.06	0.06	0	0	0	0	0	0	0	1	3	0	1.32	3.53	0	0	0	0.05	0	0	0	8.99	7.75	0	8.4	5.8	92	110.75	0	0.12	4	4.85	14.2	16.740000000000002	0	0.019999999999999574	0	-2.6899999999999977	-16.060000000000002	0	-0.06	-0.06	0	0	0	0	-0.32000000000000006	-0.5299999999999998	0	-0.05	0	-0.5899999999999999	-1.9500000000000002	-18.75	-0.12	-0.8499999999999996	-2.5400000000000027	29	29	23	252	252	15	15	19.61	19.6	168	168	78	240.22	240.22	105.38	1	1	0	0.51	0.51	0.08	0	0	0	0	0	0	5	5	4	9.51	9.49	4.569999999999999	1	1	0.68	0.67	0	0	10.29	46.69	10.99	8.72	37.8	7.8	-4.609999999999999	-4.6000000000000005	-72.22	-72.22	-27.380000000000003	0.49	0.49	-0.08	0	0	0	-4.51	-4.49	-0.5699999999999998	0.31999999999999995	0.32999999999999996	-1.5699999999999985	-8.89	-3.19	246	345.6	-99.6	1	0.59	0.41	9	14.059999999999999	-5.0600000000000005	45.599999999999994	57.68	-12.08
"2026"	"KC"	1	"2026_01_DEN_KC"	"00-0033873"	"Patrick Mahomes"	"QB"	27	0	7	133	0	15	0	19.57	0	184	0	23	202.03	0	23.13	2	0	1	0.96	0	0.44	0	0	0	0	0	0	7	0	2	10.5	0	1.33	1	0	0.47	0	0	0	10.99	0	4.93	13.36	0	8.3	207	225.16	3	1.4	9	11.83	21.66	15.92	-4.57	0	-18.03	0	-0.129999999999999	1.04	0	0.56	0	0	0	-3.5	0	0.6699999999999999	0.53	0	2.369999999999999	0	3.370000000000001	-18.159999999999997	1.6	-2.83	5.74	27	27	38	133	133	15	15	19.57	19.57	184	184	220	202.03	202.03	151.17000000000002	2	2	2	0.96	0.9500000000000001	1.1800000000000002	0	0	0	0	0	0	7	7	11	10.5	10.5	9.65	1	1	0.47	0.47000000000000003	0	0	10.99	45.54	22.14	13.36	45.4	34	-4.57	-4.569999999999999	-18.03	-18.029999999999998	68.83	1.04	1.0499999999999998	0.8200000000000001	0	0	0	-3.5	-3.5	1.35	0.53	0.53	2.369999999999999	-0.1399999999999999	11.860000000000003	404	353.20000000000005	50.8	4	2.1300000000000003	1.8699999999999999	18	20.15	-2.15	79.4	67.68	11.720000000000002
"2026"	"KC"	2	"2026_02_IND_KC"	"00-0033873"	"Patrick Mahomes"	"QB"	47	0	2	262	0	32	0	33.61	0	382	0	17	325.36	0	14.84	3	0	0	2.84	0	0.02	0	0	0	0	0	0	19	0	1	17.9	0	1.39	0	0	0.8	0	0	0	22.77	0	1.6	27.28	0	1.7	399	340.2	3	2.86	20	19.29	28.98	24.37	-1.6099999999999994	0	56.639999999999986	0	2.16	0.16000000000000014	0	-0.02	0	0	0	1.1000000000000014	0	-0.3899999999999999	-0.8	0	4.510000000000002	0	0.09999999999999987	58.80000000000001	0.14000000000000012	0.7100000000000009	4.609999999999999	47	47	29	262	262	32	32	33.61	33.6	382	382	152	325.36	325.37	125.81	3	3	0	2.84	2.85	1.8900000000000001	0	0	0	0	0	0	19	19	10	17.9	17.9	10.04	0	0	0.8	0.79	0	0	22.77	83.16	23.919999999999998	27.28	88.2	15.2	-1.6099999999999994	-1.6000000000000019	56.639999999999986	56.629999999999995	26.19	0.16000000000000014	0.14999999999999988	-1.8900000000000001	0	0	0	1.1000000000000014	1.100000000000001	-0.040000000000000036	-0.8	-0.79	4.510000000000002	5.039999999999997	-8.72	534	451.18	82.82	3	4.74	-1.7400000000000002	29	27.939999999999998	1.060000000000001	103.4	107.08	-3.6800000000000033
"2026"	"KC"	3	"2026_03_KC_MIA"	"00-0033873"	"Patrick Mahomes"	"QB"	24	0	1	161	0	20	0	17.03	0	246	0	1	192.01	0	7.93	2	0	0	1.62	0	0	0	0	0	0	0	0	11	0	0	8.16	0	0.36	1	0	0.53	0	0	0	13.09	0	0.81	15.84	0	0.1	247	199.94	2	1.62	11	8.52	15.94	13.9	2.969999999999999	0	53.99000000000001	0	-6.93	0.3799999999999999	0	0	0	0	0	2.84	0	-0.36	0.47	0	2.75	0	-0.7100000000000001	47.06	0.3799999999999999	2.4800000000000004	2.039999999999999	24	24	25	161	161	20	20	17.03	17.03	246	246	88	192.01	192.02	111.06	2	2	1	1.62	1.62	0.72	0	0	0	0	0	0	11	11	5	8.16	8.18	7.43	1	1	0.53	0.54	0	0	13.09	45.93	15.47	15.84	56.6	14.8	2.969999999999999	2.9699999999999993	53.99000000000001	53.980000000000004	-23.06	0.3799999999999999	0.3799999999999999	0.28	0	0	0	2.84	2.8200000000000003	-2.43	0.47	0.45999999999999996	2.75	10.670000000000003	-0.6700000000000007	334	303.08000000000004	30.920000000000005	3	2.34	0.6599999999999999	16	15.61	0.3900000000000001	71.4	61.4	10.000000000000004
"2026"	"DEN"	1	"2026_01_DEN_KC"	"00-0034348"	"Courtland Sutton"	"WR"	0	5	0	0	40	0	2	0	3.29	0	11	0	0	37.19	0	0	0	0	0	0.05	0	0	0	0	0	0	0	0	0	0	0	1.76	0	0	1	0	0.12	0	0	0	7.33	0	0	3.1	0	11	37.19	0	0.05	0	1.76	3.1	7.33	0	-1.29	0	-26.189999999999998	0	0	-0.05	0	0	0	0	0	-1.76	0	0	0.88	0	-4.23	0	-26.189999999999998	-0.05	-1.76	-4.23	28	28	15	92	92	17	17	19.77	19.77	131	131	61	160.79	160.79	65.79	1	1	0	0.49	0.48000000000000004	0.08	0	0	0	0	0	0	6	6	2	8.03	8.02	2.63	1	1	0.51	0.52	0	0	7.35	38.76	7.06	7.24	36.1	6.1000000000000005	-2.7699999999999996	-2.77	-29.789999999999992	-29.790000000000003	-4.790000000000002	0.51	0.5199999999999999	-0.08	0	0	0	-2.0299999999999994	-2.02	-0.63	0.49	0.48	-0.10999999999999943	-2.6600000000000006	-0.9599999999999999	192	226.57999999999998	-34.580000000000005	1	0.56	0.4399999999999999	8	10.649999999999999	-2.65	42.2	45.82	-3.6200000000000006
"2026"	"DEN"	2	"2026_02_JAX_DEN"	"00-0034348"	"Courtland Sutton"	"WR"	0	4	0	0	31	0	3	0	2.47	0	25	0	0	26.04	0	0	0	0	0	0.36	0	0	0	0	0	0	0	0	1	0	0	1.33	0	0	1	0	0.11	0	0	0	7.26	0	0	5.5	0	25	26.04	0	0.36	1	1.33	5.5	7.26	0	0.5299999999999998	0	-1.0399999999999991	0	0	-0.36	0	0	0	0	0	-0.33000000000000007	0	0	0.89	0	-1.7599999999999998	0	-1.0399999999999991	-0.36	-0.33000000000000007	-1.7599999999999998	31	31	28	268	268	22	22	20.05	20.05	288	288	104	229.24	229.23000000000002	95.09	1	1	1	1.67	1.67	2.3899999999999997	0	0	0	0	0	0	13	13	7	10.95	10.95	6.5	1	1	0.73	0.71	0	0	14.38	52.99	23.86	13.52	56.8	16.400000000000002	1.9499999999999993	1.9500000000000002	58.75999999999999	58.769999999999996	8.910000000000004	-0.6699999999999999	-0.6699999999999999	-1.39	0	0	0	2.0500000000000007	2.0500000000000003	0.5000000000000001	0.27	0.29000000000000004	-0.8600000000000012	3.8099999999999987	-7.459999999999999	392	324.32000000000005	67.68	2	4.06	-2.0599999999999996	20	17.45	2.5500000000000003	73.2	76.85	-3.6500000000000004
"2026"	"PHI"	1	"2026_01_WAS_PHI"	"00-0034351"	"Dallas Goedert"	"TE"	0	5	0	0	52	0	4	0	3.03	0	77	0	0	39.58	0	0	2	0	0	0.4	0	0	0	0	0	0	0	0	3	0	0	2.64	0	0	0	0	0.13	0	0	0	9.37	0	0	23.7	0	77	39.58	2	0.4	3	2.64	23.7	9.37	0	0.9700000000000002	0	37.42	0	0	1.6	0	0	0	0	0	0.3599999999999999	0	0	-0.13	0	14.33	0	37.42	1.6	0.3599999999999999	14.33	25	25	25	225	225	14	14	16.37	16.38	203	203	136	196.45	196.45	120.36	3	3	0	1.04	1.03	0.19999999999999998	0	0	0	0	0	0	6	6	4	8.48	8.47	4.81	0	0	0.52	0.51	0	0	10.97	42.25	13.209999999999999	20.12	52.3	13.6	-2.370000000000001	-2.38	6.550000000000011	6.549999999999998	15.639999999999995	1.96	1.9700000000000002	-0.19999999999999998	0	0	0	-2.4800000000000004	-2.47	-0.8099999999999998	-0.52	-0.51	9.15	10.05	0.3900000000000006	339	316.81	22.189999999999994	3	1.23	1.7700000000000002	10	13.280000000000001	-3.2800000000000002	65.89999999999999	55.46	10.440000000000001
"2026"	"PHI"	2	"2026_02_PHI_TEN"	"00-0034351"	"Dallas Goedert"	"TE"	0	2	0	0	4	0	1	0	1.61	0	4	0	0	13.75	0	0	0	0	0	0.02	0	0	0	0	0	0	0	0	0	0	0	0.44	0	0	0	0	0.01	0	0	0	3.08	0	0	1.4	0	4	13.75	0	0.02	0	0.44	1.4	3.08	0	-0.6100000000000001	0	-9.75	0	0	-0.02	0	0	0	0	0	-0.44	0	0	-0.01	0	-1.6800000000000002	0	-9.75	-0.02	-0.44	-1.6800000000000002	37	37	32	292	292	26	26	23.19	23.2	264	264	89	253.97	253.96	152.5	2	2	1	2.13	2.12	0.92	0	0	0	0	0	0	16	16	5	12.56	12.56	8.4	2	2	0.94	0.9400000000000001	0	0	16.79	61.35	20.77	14.56	64.4	14.9	2.8099999999999987	2.8000000000000003	10.030000000000001	10.039999999999996	-63.5	-0.1299999999999999	-0.11999999999999993	0.07999999999999999	0	0	0	3.4399999999999995	3.4400000000000004	-3.4	1.06	1.06	-2.2299999999999986	3.0499999999999985	-5.869999999999999	353	406.46000000000004	-53.46000000000001	3	3.04	-0.03999999999999994	21	20.96	0.04000000000000048	79.30000000000001	82.12	-2.8200000000000007
"2026"	"HOU"	1	"2026_01_BUF_HOU"	"00-0034383"	"Dalton Schultz"	"TE"	0	8	0	0	26	0	4	0	5.49	0	35	0	0	45.57	0	0	0	0	0	0.02	0	0	0	0	0	0	0	0	1	0	0	1.4	0	0	0	0	0.16	0	0	0	10.18	0	0	7.5	0	35	45.57	0	0.02	1	1.4	7.5	10.18	0	-1.4900000000000002	0	-10.57	0	0	-0.02	0	0	0	0	0	-0.3999999999999999	0	0	-0.16	0	-2.6799999999999997	0	-10.57	-0.02	-0.3999999999999999	-2.6799999999999997	38	38	32	322	322	26	26	25.22	25.22	274	274	124	295.19	295.2	129.93	2	2	2	1.34	1.33	1.82	0	0	0	0	0	0	11	11	10	14.04	14.05	9.45	0	0	1.04	1.04	0	0	15.07	62.77	23.9	18.96	65.4	24.4	0.7800000000000011	0.7799999999999998	-21.189999999999998	-21.199999999999985	-5.930000000000003	0.6599999999999999	0.67	0.18	0	0	0	-3.039999999999999	-3.0500000000000003	0.55	-1.04	-1.04	3.8900000000000006	2.630000000000001	0.5	398	425.13	-27.12999999999999	4	3.1500000000000004	0.8500000000000001	21	23.5	-2.5	89.80000000000001	86.67	3.130000000000001
"2026"	"HOU"	2	"2026_02_CIN_HOU"	"00-0034383"	"Dalton Schultz"	"TE"	0	14	0	0	104	0	12	0	9.83	0	140	0	0	99.33	0	0	0	0	0	0.11	0	0	0	0	0	0	0	0	6	0	0	5.54	0	0	0	0	0.35	0	0	0	20.43	0	0	26	0	140	99.33	0	0.11	6	5.54	26	20.43	0	2.17	0	40.67	0	0	-0.11	0	0	0	0	0	0.45999999999999996	0	0	-0.35	0	5.57	0	40.67	-0.11	0.45999999999999996	5.57	56	56	18	475	475	30	30	35.92	35.93	353	353	60	410.6	410.61	86.62	0	0	0	1.82	1.81	0.22	0	0	0	0	0	0	15	15	3	20.86	20.86	4.72	0	0	1.36	1.3699999999999999	0	0	20.97	87.88	9.96	14.12	65.3	6	-5.920000000000001	-5.930000000000001	-57.600000000000016	-57.61	-26.620000000000005	-1.82	-1.81	-0.22	0	0	0	-5.86	-5.859999999999999	-1.7199999999999998	-1.36	-1.3699999999999999	-6.849999999999999	-22.58	-3.9600000000000004	413	497.23	-84.23	0	2.0300000000000002	-2.0300000000000002	18	25.58	-7.579999999999999	71.3	97.84	-26.54
"2026"	"HOU"	3	"2026_03_HOU_IND"	"00-0034383"	"Dalton Schultz"	"TE"	0	3	0	0	27	0	3	0	2.02	0	30	0	0	23.85	0	0	0	0	0	0.1	0	0	0	0	0	0	0	0	1	0	0	0.95	0	0	0	0	0.08	0	0	0	5.01	0	0	6	0	30	23.85	0	0.1	1	0.95	6	5.01	0	0.98	0	6.149999999999999	0	0	-0.1	0	0	0	0	0	0.050000000000000044	0	0	-0.08	0	0.9900000000000002	0	6.149999999999999	-0.1	0.050000000000000044	0.9900000000000002	27	27	21	335	335	16	16	16.11	16.12	167	167	70	210.36	210.38	91.12	1	1	1	1.49	1.49	0.73	0	0	0	0	0	0	8	8	7	10.22	10.22	6.38	0	0	0.84	0.85	0	0	12.68	46.07	13.450000000000001	10.68	38.699999999999996	13	-0.10999999999999943	-0.11999999999999977	-43.360000000000014	-43.38	-21.12	-0.49	-0.49	0.26999999999999996	0	0	0	-2.2200000000000006	-2.2199999999999998	0.6200000000000002	-0.84	-0.85	-2	-7.37	-0.4500000000000004	237	301.5	-64.5	2	2.2199999999999998	-0.22000000000000003	15	16.6	-1.5999999999999996	51.699999999999996	59.52	-7.82
"2026"	"BAL"	1	"2026_01_BAL_IND"	"00-0034796"	"Lamar Jackson"	"QB"	25	0	7	269	0	17	0	16.22	0	324	0	40	231.67	0	21.1	1	0	1	1.44	0	0.52	0	0	0	0	0	0	11	0	3	9.92	0	1.75	0	0	0.48	0	0	0	14.08	0	5.22	16.96	0	10	364	252.76999999999998	2	1.96	14	11.67	26.96	19.3	0.7800000000000011	0	92.33000000000001	0	18.9	-0.43999999999999995	0	0.48	0	0	0	1.08	0	1.25	-0.48	0	2.880000000000001	0	4.78	111.23000000000002	0.040000000000000036	2.33	7.66	25	25	37	269	269	17	17	16.22	16.22	324	324	202	231.67	231.68	150.07999999999998	1	1	4	1.44	1.45	1.97	0	0	0	0	0	0	11	11	12	9.92	9.92	8.01	0	0	0.48	0.47000000000000003	0	0	14.08	48.05	26.84	16.96	55.4	44.199999999999996	0.7800000000000011	0.7799999999999999	92.33000000000001	92.32	51.92	-0.43999999999999995	-0.45000000000000007	2.0300000000000002	0	0	0	1.08	1.0800000000000003	3.9899999999999998	-0.48	-0.47000000000000003	2.880000000000001	7.35	17.36	526	381.76	144.24	5	3.42	1.58	23	17.93	5.07	99.6	74.89	24.71
"2026"	"BAL"	2	"2026_02_NO_BAL"	"00-0034796"	"Lamar Jackson"	"QB"	31	0	4	321	0	21	0	19.97	0	235	0	34	266.36	0	30.95	1	0	0	0.85	0	0.04	0	0	0	0	0	0	11	0	3	12.39	0	2.21	1	0	0.83	0	0	0	12.38	0	3.31	11.4	0	3.4	269	297.31	1	0.89	14	14.600000000000001	14.8	15.690000000000001	1.0300000000000011	0	-31.360000000000014	0	3.0500000000000007	0.15000000000000002	0	-0.04	0	0	0	-1.3900000000000006	0	0.79	0.17000000000000004	0	-0.9800000000000004	0	0.08999999999999986	-28.310000000000002	0.10999999999999999	-0.6000000000000014	-0.8900000000000006	31	31	22	321	321	21	21	19.97	19.98	235	235	108	266.36	266.36	108.53	1	1	1	0.85	0.87	1.1	0	0	0	0	0	0	11	11	8	12.39	12.379999999999999	7.57	1	1	0.83	0.84	0	0	12.38	51.67	17.42	11.4	50.5	16.8	1.0300000000000011	1.0199999999999991	-31.360000000000014	-31.35999999999999	-0.529999999999994	0.15000000000000002	0.13000000000000003	-0.10000000000000003	0	0	0	-1.3900000000000006	-1.38	0.43000000000000016	0.17000000000000004	0.16	-0.9800000000000004	-1.1699999999999984	-0.6199999999999993	343	374.89	-31.889999999999983	2	1.9700000000000002	0.03	19	19.95	-0.9499999999999997	67.3	69.09	-1.7899999999999978
"2026"	"BAL"	3	"2026_03_BAL_DAL"	"00-0034796"	"Lamar Jackson"	"QB"	20	0	6	181	0	15	0	13.55	0	186	0	50	149.66	0	32.75	2	0	0	2.07	0	0.78	0	0	0	0	0	0	11	0	3	8.54	0	2.29	0	0	0.46	0	0	0	13.36	0	7.95	15.44	0	5	236	182.41	2	2.8499999999999996	14	10.829999999999998	20.439999999999998	21.31	1.4499999999999993	0	36.34	0	17.25	-0.06999999999999984	0	-0.78	0	0	0	2.460000000000001	0	0.71	-0.46	0	2.08	0	-2.95	53.59	-0.8499999999999996	3.1700000000000017	-0.870000000000001	20	20	38	181	181	15	15	13.55	13.55	186	186	192	149.66	149.66	166.09	2	2	2	2.07	2.07	3.1	0	0	0	0	0	0	11	11	9	8.54	8.55	10.81	0	0	0.46	0.45	0	0	13.36	40.94	35.22	15.44	45.6	31.2	1.4499999999999993	1.45	36.34	36.34	25.909999999999997	-0.06999999999999984	-0.06999999999999999	-1.1	0	0	0	2.460000000000001	2.45	-1.81	-0.46	-0.45	2.08	4.660000000000002	-4.020000000000003	378	315.75	62.25	4	5.17	-1.1700000000000002	20	19.36	0.6400000000000001	76.8	76.16	0.6399999999999988
"2026"	"BUF"	1	"2026_01_BUF_HOU"	"00-0034827"	"DJ Moore"	"WR"	0	8	0	0	158	0	5	0	4.65	0	100	0	0	96.14	0	0	1	0	0	0.11	0	0	0	0	0	0	0	0	4	0	0	3.2	0	0	0	0	0.3	0	0	0	14.93	0	0	21	0	100	96.14	1	0.11	4	3.2	21	14.93	0	0.34999999999999964	0	3.8599999999999994	0	0	0.89	0	0	0	0	0	0.7999999999999998	0	0	-0.3	0	6.07	0	3.8599999999999994	0.89	0.7999999999999998	6.07	29	29	21	383	383	20	20	18.37	18.38	324	324	86	272.23	272.23	81.88	2	2	2	1.62	1.62	0.86	0	0	0	0.59	0.59	0	13	13	5	11.14	11.13	4.55	0	0	0.84	0.85	0	0	16.86	56.480000000000004	13.36	20.96	64.4	20.6	1.629999999999999	1.6199999999999999	51.76999999999998	51.77	4.120000000000002	0.3799999999999999	0.3799999999999999	1.14	-0.59	-0.59	0	1.8599999999999994	1.8699999999999999	0.4499999999999998	-0.84	-0.85	4.100000000000001	7.92	7.240000000000001	410	354.11	55.89000000000001	4	2.48	1.5199999999999998	18	15.68	2.32	85	69.84	15.16
"2026"	"BUF"	2	"2026_02_DET_BUF"	"00-0034827"	"DJ Moore"	"WR"	0	0	1	0	0	0	0	0	0	0	0	-1	0	0	7.81	0	0	0	0	0	0.01	0	0	0	0	0	0	0	0	0	0	0	0.41	0	0	0	0	0	0	0	0	0.85	0	0	-0.1	-1	7.81	0	0.01	0	0.41	-0.1	0.85	0	0	0	0	-8.809999999999999	0	0	-0.01	0	0	0	0	0	-0.41	0	0	0	0	-0.95	-8.809999999999999	-0.01	-0.41	-0.95	31	31	36	235	235	20	20	21.97	21.97	248	248	203	257.94	257.94	130.83	3	3	3	1.96	1.96	2.79	0	0	0	0	0	0	14	14	15	14.4	14.4	10.809999999999999	0	0	0.59	0.6	0	0	16.99	59.55	29.83	21.92	62.800000000000004	38.3	-1.9699999999999989	-1.9699999999999998	-9.939999999999998	-9.939999999999994	72.17	1.04	1.04	0.20999999999999996	0	0	0	-0.40000000000000036	-0.4	4.19	-0.59	-0.6	4.930000000000003	3.250000000000001	8.47	451	388.77	62.230000000000004	6	4.75	1.25	29	25.21	3.7900000000000005	101.1	89.38	11.720000000000002
"2026"	"BUF"	3	"2026_03_LAC_BUF"	"00-0034827"	"DJ Moore"	"WR"	0	10	0	0	127	0	6	0	6.08	0	67	0	0	87.24	0	0	0	0	0	0.51	0	0	0	0	0	0	0	0	4	0	0	4.47	0	0	2	0	0.21	0	0	0	17.9	0	0	12.7	0	67	87.24	0	0.51	4	4.47	12.7	17.9	0	-0.08000000000000007	0	-20.239999999999995	0	0	-0.51	0	0	0	0	0	-0.46999999999999975	0	0	1.79	0	-5.199999999999999	0	-20.239999999999995	-0.51	-0.46999999999999975	-5.199999999999999	26	26	33	266	266	16	16	17.01	17	204	204	176	218.94	218.93	122.34	0	0	3	0.9	0.89	2.09	0	0	0	0	0	0	10	10	11	11.4	11.41	6.85	2	2	0.58	0.58	1	1	11.21	44.33	24.8	4.16	34.4	33.599999999999994	-1.0100000000000016	-1	-14.939999999999998	-14.929999999999996	53.66	-0.9	-0.89	0.91	0	0	0	-1.4000000000000004	-1.4100000000000001	4.15	1.42	1.42	-7.050000000000001	-9.93	8.799999999999997	380	341.27	38.730000000000004	3	2.98	0.020000000000000018	21	18.259999999999998	2.74	68	69.13	-1.1300000000000026
"2026"	"PHI"	1	"2026_01_WAS_PHI"	"00-0034844"	"Saquon Barkley"	"RB"	0	2	15	0	-1	0	1	0	1.65	0	-3	83	0	13.63	72.15	0	0	0	0	0	0.15	0	0	0	0	0	0	0	0	2	0	0.48	2.78	0	0	0	0.01	0	0	0	3.03	8.09	0	0.7	8.3	80	85.78	0	0.15	2	3.26	9	11.12	0	-0.6499999999999999	0	-16.630000000000003	10.849999999999994	0	0	-0.15	0	0	0	0	-0.48	-0.7799999999999998	0	-0.01	0	-2.33	0.21000000000000085	-5.780000000000001	-0.15	-1.2599999999999998	-2.119999999999999	25	25	25	225	225	14	14	16.37	16.38	203	203	136	196.45	196.45	120.36	3	3	0	1.04	1.03	0.19999999999999998	0	0	0	0	0	0	6	6	4	8.48	8.47	4.81	0	0	0.52	0.51	0	0	10.97	42.25	13.209999999999999	20.12	52.3	13.6	-2.370000000000001	-2.38	6.550000000000011	6.549999999999998	15.639999999999995	1.96	1.9700000000000002	-0.19999999999999998	0	0	0	-2.4800000000000004	-2.47	-0.8099999999999998	-0.52	-0.51	9.15	10.05	0.3900000000000006	339	316.81	22.189999999999994	3	1.23	1.7700000000000002	10	13.280000000000001	-3.2800000000000002	65.89999999999999	55.46	10.440000000000001
"2026"	"PHI"	2	"2026_02_PHI_TEN"	"00-0034844"	"Saquon Barkley"	"RB"	0	2	4	0	4	0	1	0	1.47	0	11	9	0	13.01	18.77	0	0	0	0	0.02	0.01	0	0	0	0	0	0	0	1	0	0	0.65	0.53	0	0	0	0.02	0	0	0	2.88	1.95	0	2.1	0.9	20	31.78	0	0.03	1	1.1800000000000002	3	4.83	0	-0.47	0	-2.01	-9.77	0	-0.02	-0.01	0	0	0	0	0.35	-0.53	0	-0.02	0	-0.7799999999999998	-1.0499999999999998	-11.780000000000001	-0.03	-0.18000000000000016	-1.83	37	37	32	292	292	26	26	23.19	23.2	264	264	89	253.97	253.96	152.5	2	2	1	2.13	2.12	0.92	0	0	0	0	0	0	16	16	5	12.56	12.56	8.4	2	2	0.94	0.9400000000000001	0	0	16.79	61.35	20.77	14.56	64.4	14.9	2.8099999999999987	2.8000000000000003	10.030000000000001	10.039999999999996	-63.5	-0.1299999999999999	-0.11999999999999993	0.07999999999999999	0	0	0	3.4399999999999995	3.4400000000000004	-3.4	1.06	1.06	-2.2299999999999986	3.0499999999999985	-5.869999999999999	353	406.46000000000004	-53.46000000000001	3	3.04	-0.03999999999999994	21	20.96	0.04000000000000048	79.30000000000001	82.12	-2.8200000000000007
"2026"	"PHI"	3	"2026_03_PHI_CHI"	"00-0034844"	"Saquon Barkley"	"RB"	0	2	15	0	-6	0	1	0	1.64	0	-2	82	0	10.41	60.01	0	0	0	0	0.01	1.06	0	0	0	0	0	0	0	0	4	0	0.71	3.93	0	0	0	0.01	0	0	0	2.71	12.37	0	0.8	8.2	80	70.42	0	1.07	4	4.640000000000001	9	15.079999999999998	0	-0.6399999999999999	0	-12.41	21.990000000000002	0	-0.01	-1.06	0	0	0	0	-0.71	0.06999999999999984	0	-0.01	0	-1.91	-4.17	9.579999999999998	-1.07	-0.6400000000000006	-6.079999999999998	26	26	19	155	155	16	16	17.599999999999998	17.6	153	153	107	161	160.99	82.56	0	0	1	1.3	1.29	1.92	0	0	0	0	0	0	6	6	7	8.43	8.44	6.130000000000001	2	2	0.68	0.68	1	0	10.25	41.47	19.759999999999998	2.12	29.3	16.7	-1.5999999999999992	-1.6	-8.000000000000007	-7.990000000000002	24.44	-1.3	-1.29	-0.92	0	0	0	-2.4299999999999997	-2.44	0.8699999999999997	1.3199999999999998	1.32	-8.129999999999999	-12.17	-3.0599999999999996	260	243.55	16.45	1	3.21	-2.21	13	14.57	-1.5700000000000003	46	61.23	-15.23
"2026"	"JAX"	1	"2026_01_CLE_JAX"	"00-0034960"	"Jakobi Meyers"	"WR"	0	2	1	0	29	0	2	0	1.12	0	40	2	0	12.83	7.88	0	1	0	0	0.25	0.02	0	0	0	0	0	0	0	2	1	0	0.51	0.7	0	0	0	0.06	0	0	0	3.93	0.91	0	12	0.2	42	20.71	1	0.27	3	1.21	12.2	4.84	0	0.8799999999999999	0	27.17	-5.88	0	0.75	-0.02	0	0	0	0	1.49	0.30000000000000004	0	-0.06	0	8.07	-0.71	21.29	0.73	1.79	7.359999999999999	23	23	32	242	242	18	18	14.63	14.620000000000001	245	245	126	191.81	191.81	139.71	4	4	0	1.93	1.9000000000000001	0.33	0	0	0	0	0	0	13	13	8	9.85	9.84	7.87	0	0	0.49	0.51	0	0	14.42	45.42	15.940000000000001	25.8	66.5	12.6	3.369999999999999	3.38	53.19	53.19	-13.709999999999997	2.0700000000000003	2.1	-0.33	0	0	0	3.1500000000000004	3.16	0.13000000000000028	-0.49	-0.51	11.38	21.080000000000002	-3.340000000000001	371	331.52	39.480000000000004	4	2.23	1.77	21	17.71	3.2900000000000005	79.1	61.36	17.740000000000002
"2026"	"JAX"	2	"2026_02_JAX_DEN"	"00-0034960"	"Jakobi Meyers"	"WR"	0	1	0	0	21	0	1	0	0.41	0	28	0	0	10.33	0	0	0	0	0	0.01	0	0	0	0	0	0	0	0	1	0	0	0.43	0	0	0	0	0.04	0	0	0	1.5	0	0	3.8	0	28	10.33	0	0.01	1	0.43	3.8	1.5	0	0.5900000000000001	0	17.67	0	0	-0.01	0	0	0	0	0	0.5700000000000001	0	0	-0.04	0	2.3	0	17.67	-0.01	0.5700000000000001	2.3	29	29	24	302	302	17	17	17.87	17.86	189	189	95	227.19	227.19	104.83	0	0	1	1.27	1.26	1.16	0	0	0	0	0	0	8	8	9	11.01	11.02	7.5600000000000005	1	1	0.8	0.82	0	0	12.57	48.21	17.47	5.56	35.9	15.5	-0.870000000000001	-0.8599999999999998	-38.19	-38.19	-9.830000000000002	-1.27	-1.26	-0.15999999999999998	0	0	0	-3.01	-3.02	1.4399999999999997	0.19999999999999996	0.18	-7.010000000000001	-12.309999999999999	-1.9700000000000002	284	332.02	-48.019999999999996	1	2.42	-1.42	17	18.58	-1.5800000000000003	51.4	65.68	-14.28
"2026"	"JAX"	3	"2026_03_NE_JAX"	"00-0034960"	"Jakobi Meyers"	"WR"	0	8	0	0	64	0	7	0	5.01	0	64	0	0	56.23	0	0	1	0	0	0.54	0	0	0	0	0	0	0	0	5	0	0	3.11	0	0	0	0	0.24	0	0	0	13.88	0	0	19.4	0	64	56.23	1	0.54	5	3.11	19.4	13.88	0	1.9900000000000002	0	7.770000000000003	0	0	0.45999999999999996	0	0	0	0	0	1.8900000000000001	0	0	-0.24	0	5.519999999999998	0	7.770000000000003	0.45999999999999996	1.8900000000000001	5.519999999999998	29	29	30	180	180	19	19	18.73	18.72	182	182	137	199.54	199.54999999999998	132.48	3	3	2	2.43	2.4	1.23	0	0	0	0	0	0	10	10	10	11.21	11.209999999999999	9.33	1	1	0.63	0.62	0	0	16.43	53.25	20.67	17.28	55.199999999999996	25.7	0.2699999999999996	0.2799999999999998	-17.539999999999992	-17.549999999999997	4.520000000000005	0.5699999999999998	0.6	0.77	0	0	0	-1.2100000000000009	-1.2099999999999997	0.6700000000000004	0.37	0.37999999999999995	0.8500000000000014	1.9499999999999975	5.029999999999999	319	332.03	-13.029999999999992	5	3.63	1.37	20	20.54	-0.5399999999999994	80.89999999999999	73.92	6.979999999999997
"2026"	"MIN"	1	"2026_01_GB_MIN"	"00-0035228"	"Kyler Murray"	"QB"	5	0	2	35	0	3	0	3.47	0	18	0	9	34.59	0	15.44	0	0	0	0.02	0	0	0	0	0	0	0	0	1	0	0	1.36	0	0.75	1	0	0.08	0	0	0	1.31	0	1.57	-1.28	0	0.9	27	50.03	0	0.02	1	2.1100000000000003	-0.38	2.88	-0.4700000000000002	0	-16.590000000000003	0	-6.4399999999999995	-0.02	0	0	0	0	0	-0.3600000000000001	0	-0.75	0.92	0	-2.59	0	-0.67	-23.03	-0.02	-1.1100000000000003	-3.26	24	24	34	176	176	15	15	16.46	16.47	151	151	107	172.64000000000001	172.64	124	3	3	2	1.07	1.07	1.3299999999999998	1	1	0	0.58	0.58	0	8	8	6	8.83	8.84	9.05	1	1	0.5	0.52	0	0	11.35	41.34	20.44	18.04	50.1	22.7	-1.4600000000000004	-1.4699999999999998	-21.640000000000015	-21.64	-16.999999999999996	1.93	1.9300000000000002	0.67	0.42000000000000004	0.42000000000000004	0	-0.8299999999999998	-0.8400000000000001	-3.05	0.5	0.4799999999999999	6.690000000000001	8.759999999999998	2.2599999999999993	258	296.64	-38.64	5	2.4	2.6	14	17.89	-3.8899999999999997	72.8	61.78	11.019999999999998
"2026"	"MIN"	3	"2026_03_MIN_TB"	"00-0035228"	"Kyler Murray"	"QB"	29	0	2	252	0	15	0	19.61	0	168	0	17	240.22	0	15.07	1	0	0	0.51	0	0.01	0	0	0	0	0	0	5	0	1	9.51	0	0.53	1	0	0.68	0	0	0	10.29	0	1.54	8.72	0	1.7	185	255.29	1	0.52	6	10.04	10.42	11.829999999999998	-4.609999999999999	0	-72.22	0	1.9299999999999997	0.49	0	-0.01	0	0	0	-4.51	0	0.47	0.31999999999999995	0	-1.5699999999999985	0	0.15999999999999992	-70.28999999999999	0.48	-4.039999999999999	-1.4099999999999984	29	29	23	252	252	15	15	19.61	19.6	168	168	78	240.22	240.22	105.38	1	1	0	0.51	0.51	0.08	0	0	0	0	0	0	5	5	4	9.51	9.49	4.569999999999999	1	1	0.68	0.67	0	0	10.29	46.69	10.99	8.72	37.8	7.8	-4.609999999999999	-4.6000000000000005	-72.22	-72.22	-27.380000000000003	0.49	0.49	-0.08	0	0	0	-4.51	-4.49	-0.5699999999999998	0.31999999999999995	0.32999999999999996	-1.5699999999999985	-8.89	-3.19	246	345.6	-99.6	1	0.59	0.41	9	14.059999999999999	-5.0600000000000005	45.599999999999994	57.68	-12.08
"2026"	"TEN"	1	"2026_01_NYJ_TEN"	"00-0035261"	"Tony Pollard"	"RB"	0	2	7	0	24	0	1	0	1.13	0	-1	35	0	14.11	32.37	0	0	0	0	0.17	0.02	0	0	0	0	0	0	0	0	1	0	0.85	0.95	0	0	0	0.03	0	0	0	3.58	3.34	0	0.9	3.5	34	46.48	0	0.19	1	1.7999999999999998	4.4	6.92	0	-0.1299999999999999	0	-15.11	2.6300000000000026	0	-0.17	-0.02	0	0	0	0	-0.85	0.050000000000000044	0	-0.03	0	-2.68	0.16000000000000014	-12.479999999999997	-0.19	-0.7999999999999998	-2.5199999999999996	32	32	14	190	190	19	19	20.9	20.91	140	140	68	204.51	204.51	74.13	1	1	0	1.2	1.19	0.09	0	0	0	0	0	0	6	6	4	11.67	11.66	3.95	0	0	0.82	0.82	0	0	11.34	48.57	7.93	9.6	39	6.8	-1.8999999999999986	-1.91	-64.50999999999999	-64.51	-6.1299999999999955	-0.19999999999999996	-0.19000000000000003	-0.09	0	0	0	-5.67	-5.66	0.050000000000000044	-0.82	-0.82	-1.7400000000000002	-9.569999999999999	-1.13	208	278.64	-70.64	1	1.28	-0.28	10	15.61	-5.61	45.8	56.5	-10.7
"2026"	"TEN"	2	"2026_02_PHI_TEN"	"00-0035261"	"Tony Pollard"	"RB"	0	1	14	0	-7	0	1	0	0.85	0	1	64	0	4.09	59.87	0	0	0	0	0	0.68	0	0	0	0	0	0	0	0	3	0	0.12	3.24	0	0	0	0.01	0	0	0	1.28	10.09	0	1.1	6.4	65	63.959999999999994	0	0.68	3	3.3600000000000003	7.5	11.37	0	0.15000000000000002	0	-3.09	4.130000000000003	0	0	-0.68	0	0	0	0	-0.12	-0.2400000000000002	0	-0.01	0	-0.17999999999999994	-3.6899999999999995	1.0400000000000063	-0.68	-0.3600000000000003	-3.869999999999999	20	20	29	140	140	13	13	13.46	13.46	183	183	122	148.98	148.98000000000002	116.4	0	0	2	0.67	0.66	2.83	0	0	0	0	0	0	7	7	7	6.68	6.68	7.07	0	0	0.69	0.69	0	0	7.26	32.39	28.63	7.32	31.3	24.2	-0.46000000000000085	-0.45999999999999996	34.02000000000001	34.019999999999996	5.6000000000000005	-0.67	-0.66	-0.8300000000000001	0	0	0	0.3200000000000003	0.31999999999999995	-0.07000000000000017	-0.69	-0.69	0.0600000000000005	-1.0899999999999987	-4.43	305	265.38	39.62	2	3.49	-1.4900000000000002	14	13.75	0.24999999999999978	55.5	61.019999999999996	-5.519999999999999
"2026"	"TEN"	3	"2026_03_TEN_NYG"	"00-0035261"	"Tony Pollard"	"RB"	0	4	17	0	2	0	4	0	2.97	0	22	74	0	20.5	73.66	0	0	0	0	0.02	0.42	0	0	0	0	0	0	0	1	3	0	0.87	3.47	0	0	0	0.03	0	0	0	5.14	9.86	0	6.2	7.4	96	94.16	0	0.44	4	4.34	13.600000000000001	15	0	1.0299999999999998	0	1.5	0.3400000000000034	0	-0.02	-0.42	0	0	0	0	0.13	-0.4700000000000002	0	-0.03	0	1.0600000000000005	-2.459999999999999	1.8400000000000034	-0.44	-0.33999999999999986	-1.3999999999999986	36	36	21	228	228	23	23	21.86	21.87	181	181	81	186.4	186.39	89.85	1	1	0	1.7	1.7	0.44	0	0	0	0	0	0	11	11	4	9.9	9.9	4.6000000000000005	1	1	0.75	0.75	0	0	12.77	50.71	11.62	9.24	47.1	8.1	1.1400000000000006	1.1300000000000003	-5.400000000000006	-5.389999999999995	-8.849999999999996	-0.7	-0.7000000000000001	-0.44	0	0	0	1.0999999999999996	1.0999999999999999	-0.6000000000000003	0.25	0.24999999999999992	-3.5299999999999994	-3.6099999999999985	-3.519999999999999	262	276.24	-14.239999999999991	1	2.14	-1.1400000000000001	15	14.5	0.49999999999999956	55.2	62.33	-7.129999999999997
"2026"	"PIT"	1	"2026_01_ATL_PIT"	"00-0035640"	"DK Metcalf"	"WR"	0	10	0	0	204	0	4	0	4.64	0	40	0	0	92.7	0	0	0	0	0	0.49	0	0	0	0	0	0	0	0	2	0	0	3.63	0	0	0	0	0.37	0	0	0	16.84	0	0	8	0	40	92.7	0	0.49	2	3.63	8	16.84	0	-0.6399999999999997	0	-52.7	0	0	-0.49	0	0	0	0	0	-1.63	0	0	-0.37	0	-8.84	0	-52.7	-0.49	-1.63	-8.84	41	41	21	407	407	24	24	25.78	25.77	221	221	58	305.18	305.19	82.22	1	1	0	2.63	2.62	0.12	0	0	0	0	0	0	10	10	3	14.77	14.76	4.01	0	0	0.98	0.98	1	0	20.77	72.07	8.97	12.84	50.1	5.8	-1.7799999999999996	-1.7699999999999998	-84.17999999999999	-84.19	-24.22	-1.6300000000000001	-1.62	-0.12	0	0	0	-4.77	-4.76	-1.01	-0.98	-0.98	-7.929999999999999	-21.97	-3.170000000000001	279	387.40999999999997	-108.41	1	2.74	-1.7400000000000002	13	18.77	-5.77	55.9	81.03999999999999	-25.14
"2026"	"PIT"	2	"2026_02_PIT_NE"	"00-0035640"	"DK Metcalf"	"WR"	0	9	0	0	62	0	4	0	6.33	0	27	0	0	63.86	0	0	0	0	0	0.04	0	0	0	0	0	0	0	0	1	0	0	3.18	0	0	0	0	0.18	0	0	0	12.96	0	0	6.7	0	27	63.86	0	0.04	1	3.18	6.7	12.96	0	-2.33	0	-36.86	0	0	-0.04	0	0	0	0	0	-2.18	0	0	-0.18	0	-6.260000000000001	0	-36.86	-0.04	-2.18	-6.260000000000001	40	40	23	215	215	23	23	27.930000000000003	27.91	187	187	91	259.86	259.88	108.44	0	0	0	0.2	0.21000000000000002	0.04	0	0	0	0	0	0	10	10	4	14.819999999999999	14.83	6.22	1	1	0.83	0.84	0	0	9.56	55.12	11.12	5.48	41.7	9.1	-4.9300000000000015	-4.91	-72.86	-72.88	-17.44	-0.2	-0.21000000000000002	-0.04	0	0	0	-4.819999999999999	-4.83	-2.2199999999999998	0.17000000000000004	0.15999999999999998	-4.08	-13.42	-2.0199999999999996	278	368.32	-90.32	0	0.25	-0.25	14	21.05	-7.05	50.800000000000004	66.24	-15.44
"2026"	"PIT"	3	"2026_03_CIN_PIT"	"00-0035640"	"DK Metcalf"	"WR"	0	5	0	0	73	0	3	0	2.62	0	31	0	0	39.61	0	0	1	0	0	0.68	0	0	0	0	0	0	0	0	3	0	0	2.09	0	0	0	0	0.22	0	0	0	10.68	0	0	12.1	0	31	39.61	1	0.68	3	2.09	12.1	10.68	0	0.3799999999999999	0	-8.61	0	0	0.31999999999999995	0	0	0	0	0	0.9100000000000001	0	0	-0.22	0	1.42	0	-8.61	0.31999999999999995	0.9100000000000001	1.42	34	34	23	393	393	19	19	19.95	19.96	292	292	138	260.98	260.97	86.55999999999999	3	3	0	1.48	1.5	0.32	0	0	0	0	0	0	13	13	7	11.82	11.82	5.12	1	1	1.06	1.06	0	0	14.26	54.95	10.610000000000001	21.68	66.2	13.799999999999999	-0.9499999999999993	-0.9600000000000003	31.019999999999982	31.02999999999999	51.440000000000005	1.52	1.5	-0.32	0	0	0	1.1799999999999997	1.1800000000000002	1.8800000000000001	-0.06000000000000005	-0.06000000000000003	7.42	11.25	3.189999999999999	430	347.53000000000003	82.47	3	1.82	1.18	20	16.94	3.0600000000000005	80	65.56	14.44
"2026"	"WAS"	1	"2026_01_WAS_PHI"	"00-0035659"	"Terry McLaurin"	"WR"	0	4	0	0	22	0	2	0	2.93	0	14	0	0	27.68	0	0	0	0	0	0.12	0	0	0	0	0	0	0	0	1	0	0	1.66	0	0	0	0	0.08	0	0	0	6.44	0	0	3.4	0	14	27.68	0	0.12	1	1.66	3.4	6.44	0	-0.9300000000000002	0	-13.68	0	0	-0.12	0	0	0	0	0	-0.6599999999999999	0	0	-0.08	0	-3.0400000000000005	0	-13.68	-0.12	-0.6599999999999999	-3.0400000000000005	34	34	32	317	317	18	18	21.55	21.54	164	164	132	248.12	248.13	139.81	2	2	1	2.13	2.12	1.09	0	0	0	0.52	0.52	0	10	10	9	14.01	14.01	7.7	0	0	0.99	1	0	0	17.5	60.19	20.56	14.56	46.4	19.200000000000003	-3.5500000000000007	-3.54	-84.12	-84.13000000000001	-7.8100000000000005	-0.1299999999999999	-0.12	-0.09000000000000008	-0.52	-0.52	0	-4.01	-4.01	1.3000000000000003	-0.99	-1	-2.9399999999999995	-13.79	-1.359999999999999	296	387.94	-91.94000000000001	3	3.21	-0.21000000000000008	19	21.71	-2.7099999999999995	65.6	80.75	-15.149999999999999
"2026"	"WAS"	2	"2026_02_WAS_DAL"	"00-0035659"	"Terry McLaurin"	"WR"	0	9	0	0	154	0	2	0	4.8	0	50	0	0	79.12	0	0	0	0	0	1.24	0	0	0	0	0	0	0	0	2	0	0	4.29	0	0	0	0	0.28	0	0	0	20.16	0	0	7	0	50	79.12	0	1.24	2	4.29	7	20.16	0	-2.8	0	-29.120000000000005	0	0	-1.24	0	0	0	0	0	-2.29	0	0	-0.28	0	-13.16	0	-29.120000000000005	-1.24	-2.29	-13.16	35	35	32	359	359	23	23	22.02	22.02	207	207	182	248.16	248.15	147.27	2	2	0	3.97	3.97	0.63	0	0	0	0	0	0	11	11	11	13.33	13.34	9.290000000000001	0	0	0.79	0.78	1	0	24.259999999999998	70.69	18.51	16.28	53.7	18.2	0.9800000000000006	0.9800000000000009	-41.16	-41.15	34.730000000000004	-1.97	-1.97	-0.63	0	0	0	-2.3299999999999996	-2.34	1.71	-0.79	-0.78	-7.98	-16.990000000000002	-0.31000000000000055	389	395.42	-6.419999999999995	2	4.6000000000000005	-2.6	22	22.630000000000003	-0.6299999999999999	71.9	89.2	-17.300000000000004
"2026"	"WAS"	3	"2026_03_SEA_WAS"	"00-0035659"	"Terry McLaurin"	"WR"	0	9	0	0	110	0	6	0	5.02	0	77	0	0	68.62	0	0	1	0	0	0.31	0	0	0	0	0	0	0	0	5	0	0	3.51	0	0	0	0	0.3	0	0	0	13.77	0	0	19.7	0	77	68.62	1	0.31	5	3.51	19.7	13.77	0	0.9800000000000004	0	8.379999999999995	0	0	0.69	0	0	0	0	0	1.4900000000000002	0	0	-0.3	0	5.93	0	8.379999999999995	0.69	1.4900000000000002	5.93	31	31	32	248	248	19	19	18.91	18.91	183	183	82	200.24	200.25	129.53	3	3	0	1.13	1.1199999999999999	0.37	0	0	0	0	0	0	10	10	5	8.76	8.77	6.9	0	0	0.83	0.83	0	0	10.89	45.73	15.23	19.32	55.3	8.2	0.08999999999999986	0.0900000000000008	-17.24000000000001	-17.25	-47.53	1.87	1.88	-0.37	0	0	0	1.2400000000000002	1.2300000000000002	-1.9000000000000004	-0.83	-0.83	8.43	9.57	-7.029999999999999	265	329.78	-64.78	3	1.4899999999999998	1.5099999999999998	15	15.67	-0.6700000000000002	63.5	60.959999999999994	2.540000000000001
"2026"	"NE"	1	"2026_01_NE_SEA"	"00-0035676"	"A.J. Brown"	"WR"	0	4	0	0	19	0	3	0	2.88	0	26	0	0	27.06	0	0	0	0	0	0.01	0	0	0	0	0	0	0	0	2	0	0	2.21	0	0	0	0	0.05	0	0	0	5.67	0	0	5.6	0	26	27.06	0	0.01	2	2.21	5.6	5.67	0	0.1200000000000001	0	-1.0599999999999987	0	0	-0.01	0	0	0	0	0	-0.20999999999999996	0	0	-0.05	0	-0.07000000000000028	0	-1.0599999999999987	-0.01	-0.20999999999999996	-0.07000000000000028	33	33	31	221	221	23	23	22.74	22.73	178	178	109	240.28	240.27	151.85	1	1	0	1.17	1.17	0.13	0	0	0	0	0	0	9	9	7	11.05	11.05	9.74	3	3	0.77	0.76	0	0	12.77	53.81	15.95	5.12	46.8	10.9	0.26000000000000156	0.27000000000000035	-62.28	-62.27	-42.85	-0.16999999999999993	-0.16999999999999996	-0.13	0	0	0	-2.0500000000000007	-2.05	-2.74	2.23	2.24	-7.6499999999999995	-7.010000000000002	-5.05	287	392.12	-105.12	1	1.2999999999999998	-0.29999999999999993	16	20.79	-4.79	57.699999999999996	69.76	-12.060000000000002
"2026"	"HOU"	1	"2026_01_BUF_HOU"	"00-0035685"	"David Montgomery"	"RB"	0	3	20	0	5	0	3	0	2.37	0	19	60	0	16.72	72.12	0	1	2	0	0.21	1.75	0	0	0	0	0	0	0	1	4	0	1.02	5.66	0	0	0	0.04	0	0	0	5.28	17.73	0	10.9	18	79	88.84	3	1.96	5	6.68	28.9	23.01	0	0.6299999999999999	0	2.280000000000001	-12.120000000000005	0	0.79	0.25	0	0	0	0	-0.020000000000000018	-1.6600000000000001	0	-0.04	0	5.62	0.2699999999999996	-9.840000000000003	1.04	-1.6799999999999997	5.889999999999997	38	38	32	322	322	26	26	25.22	25.22	274	274	124	295.19	295.2	129.93	2	2	2	1.34	1.33	1.82	0	0	0	0	0	0	11	11	10	14.04	14.05	9.45	0	0	1.04	1.04	0	0	15.07	62.77	23.9	18.96	65.4	24.4	0.7800000000000011	0.7799999999999998	-21.189999999999998	-21.199999999999985	-5.930000000000003	0.6599999999999999	0.67	0.18	0	0	0	-3.039999999999999	-3.0500000000000003	0.55	-1.04	-1.04	3.8900000000000006	2.630000000000001	0.5	398	425.13	-27.12999999999999	4	3.1500000000000004	0.8500000000000001	21	23.5	-2.5	89.80000000000001	86.67	3.130000000000001
"2026"	"HOU"	2	"2026_02_CIN_HOU"	"00-0035685"	"David Montgomery"	"RB"	0	2	6	0	9	0	2	0	1.49	0	14	10	0	13.97	25.24	0	0	0	0	0.02	0.04	0	0	0	0	0	0	0	0	0	0	0.5	1.19	0	0	0	0.02	0	0	0	3	2.75	0	3.4	1	24	39.21	0	0.06	0	1.69	4.4	5.75	0	0.51	0	0.02999999999999936	-15.239999999999998	0	-0.02	-0.04	0	0	0	0	-0.5	-1.19	0	-0.02	0	0.3999999999999999	-1.75	-15.21	-0.06	-1.69	-1.3499999999999996	56	56	18	475	475	30	30	35.92	35.93	353	353	60	410.6	410.61	86.62	0	0	0	1.82	1.81	0.22	0	0	0	0	0	0	15	15	3	20.86	20.86	4.72	0	0	1.36	1.3699999999999999	0	0	20.97	87.88	9.96	14.12	65.3	6	-5.920000000000001	-5.930000000000001	-57.600000000000016	-57.61	-26.620000000000005	-1.82	-1.81	-0.22	0	0	0	-5.86	-5.859999999999999	-1.7199999999999998	-1.36	-1.3699999999999999	-6.849999999999999	-22.58	-3.9600000000000004	413	497.23	-84.23	0	2.0300000000000002	-2.0300000000000002	18	25.58	-7.579999999999999	71.3	97.84	-26.54
"2026"	"HOU"	3	"2026_03_HOU_IND"	"00-0035685"	"David Montgomery"	"RB"	0	2	11	0	11	0	2	0	1.41	0	15	33	0	14.34	46.36	0	0	0	0	0.02	0.07	0	0	0	0	0	0	0	1	1	0	0.92	2.05	0	0	0	0.03	0	0	0	2.95	5.04	0	3.5	3.3	48	60.7	0	0.09000000000000001	2	2.9699999999999998	6.8	7.99	0	0.5900000000000001	0	0.6600000000000001	-13.36	0	-0.02	-0.07	0	0	0	0	0.07999999999999996	-1.0499999999999998	0	-0.03	0	0.5499999999999998	-1.7400000000000002	-12.700000000000003	-0.09000000000000001	-0.9699999999999998	-1.1900000000000004	27	27	21	335	335	16	16	16.11	16.12	167	167	70	210.36	210.38	91.12	1	1	1	1.49	1.49	0.73	0	0	0	0	0	0	8	8	7	10.22	10.22	6.38	0	0	0.84	0.85	0	0	12.68	46.07	13.450000000000001	10.68	38.699999999999996	13	-0.10999999999999943	-0.11999999999999977	-43.360000000000014	-43.38	-21.12	-0.49	-0.49	0.26999999999999996	0	0	0	-2.2200000000000006	-2.2199999999999998	0.6200000000000002	-0.84	-0.85	-2	-7.37	-0.4500000000000004	237	301.5	-64.5	2	2.2199999999999998	-0.22000000000000003	15	16.6	-1.5999999999999996	51.699999999999996	59.52	-7.82
"2026"	"SF"	1	"2026_01_SF_LA"	"00-0035719"	"Deebo Samuel Sr."	"WR"	0	7	1	0	17	0	6	0	5.51	0	48	12	0	39.85	4.75	0	1	0	0	1.13	0	0	0	0	0	0	0	0	3	1	0	3.03	0.07	0	0	0	0.06	0	0	0	16.28	0.49	0	16.8	1.2	60	44.6	1	1.13	4	3.0999999999999996	18	16.77	0	0.4900000000000002	0	8.149999999999999	7.25	0	-0.1299999999999999	0	0	0	0	0	-0.029999999999999805	0.9299999999999999	0	-0.06	0	0.5199999999999996	0.71	15.399999999999999	-0.1299999999999999	0.9000000000000004	1.2300000000000004	34	34	30	149	149	25	25	24.83	24.84	205	205	174	222.71	222.70000000000002	126.32000000000001	3	3	0	3.3	3.29	0.29000000000000004	0	0	0	0	0	0	12	12	10	14.69	14.68	7.15	1	1	0.44	0.43	0	0	21.22	66.87	14.39	18.2	63.5	17.4	0.1700000000000017	0.16000000000000014	-17.710000000000008	-17.700000000000006	47.67999999999999	-0.2999999999999998	-0.2899999999999999	-0.29000000000000004	0	0	0	-2.6899999999999995	-2.6799999999999997	2.8499999999999996	0.56	0.57	-3.0199999999999996	-3.370000000000002	3.01	379	349.02000000000004	29.979999999999986	3	3.58	-0.58	22	21.83	0.16999999999999993	80.9	81.26	-0.3600000000000021
"2026"	"SF"	2	"2026_02_MIA_SF"	"00-0035719"	"Deebo Samuel Sr."	"WR"	0	4	1	0	19	0	3	0	3.13	0	31	4	0	32.17	4.22	0	0	0	0	0.02	0.01	0	0	0	0	0	0	0	1	0	0	1.11	0.1	0	0	0	0.07	0	0	0	6.45	0.46	0	6.1	0.4	35	36.39	0	0.03	1	1.2100000000000002	6.5	6.91	0	-0.1299999999999999	0	-1.1700000000000017	-0.21999999999999975	0	-0.02	-0.01	0	0	0	0	-0.1100000000000001	-0.1	0	-0.07	0	-0.35000000000000053	-0.06	-1.3900000000000006	-0.03	-0.2100000000000002	-0.41000000000000014	22	22	27	180	180	20	20	15.22	15.2	287	287	95	183.95	183.94	99.77	2	2	3	1.51	1.51	3	0	0	0	0	0	0	16	16	6	10.12	10.13	7.4799999999999995	0	0	0.4	0.41000000000000003	0	0	12.61	42.69	28	19.48	60.7	27.5	4.779999999999999	4.800000000000001	103.05000000000001	103.05999999999999	-4.769999999999997	0.49	0.49	8.153200337090993e-17	0	0	0	5.880000000000001	5.87	-1.4799999999999998	-0.4	-0.41000000000000003	6.870000000000001	18.009999999999998	-0.49999999999999883	382	283.71	98.28999999999999	5	4.51	0.49000000000000005	22	17.61	4.390000000000001	88.2	70.69	17.509999999999998
"2026"	"SF"	3	"2026_03_ARI_SF"	"00-0035719"	"Deebo Samuel Sr."	"WR"	0	0	2	0	0	0	0	0	0	0	0	14	0	0	12.8	0	0	0	0	0	0.05	0	0	0	0	0	0	0	0	1	0	0	0.58	0	0	0	0	0	0	0	0	1.56	0	0	1.4	14	12.8	0	0.05	1	0.58	1.4	1.56	0	0	0	0	1.1999999999999993	0	0	-0.05	0	0	0	0	0	0.42000000000000004	0	0	0	0	-0.16000000000000014	1.1999999999999993	-0.05	0.42000000000000004	-0.16000000000000014	27	27	23	294	294	15	15	17.58	17.59	217	217	140	259.75	259.76	102.11	4	4	1	1.56	1.56	0.95	0	0	0	0	0	0	14	14	7	12.25	12.25	5.6899999999999995	0	0	0.61	0.6	0	0	15.42	52.91	15.93	24.68	60.699999999999996	20	-2.5799999999999983	-2.5900000000000003	-42.75	-42.760000000000005	37.89	2.44	2.44	0.05000000000000004	0	0	0	1.75	1.7500000000000004	1.3100000000000005	-0.61	-0.6	9.26	7.789999999999999	4.07	357	361.87	-4.8700000000000045	5	2.51	2.4899999999999998	21	17.939999999999998	3.060000000000001	80.69999999999999	68.84	11.86
"2026"	"NO"	2	"2026_02_NO_BAL"	"00-0036040"	"Juwan Johnson"	"TE"	0	4	0	0	11	0	4	0	3.06	0	66	0	0	21.98	0	0	0	0	0	0.23	0	0	0	0	0	0	0	0	2	0	0	0.64	0	0	0	0	0.05	0	0	0	6.67	0	0	10.6	0	66	21.98	0	0.23	2	0.64	10.6	6.67	0	0.94	0	44.019999999999996	0	0	-0.23	0	0	0	0	0	1.3599999999999999	0	0	-0.05	0	3.9299999999999997	0	44.019999999999996	-0.23	1.3599999999999999	3.9299999999999997	34	34	27	213	213	27	27	23.64	23.64	252	252	65	240.12	240.13	102.53	1	1	1	1.36	1.35	1.1800000000000002	0	0	1	0	0	0.38	11	11	6	12.14	12.14	7.03	0	0	0.74	0.74	0	0	13.57	55.81	18.16	14.08	58.2	14.5	3.3599999999999994	3.36	11.879999999999995	11.869999999999997	-37.53	-0.3600000000000001	-0.35	-0.18000000000000008	0	0	0.62	-1.1400000000000006	-1.1400000000000006	-1.0300000000000002	-0.74	-0.74	0.5099999999999998	2.3900000000000032	-3.6599999999999993	317	342.65999999999997	-25.660000000000004	2	2.5300000000000002	-0.53	17	19.17	-2.170000000000001	72.7	73.97	-1.269999999999996
"2026"	"NO"	3	"2026_03_LV_NO"	"00-0036040"	"Juwan Johnson"	"TE"	0	8	0	0	15	0	8	0	5.85	0	53	0	0	35.91	0	0	2	0	0	1.09	0	0	0	0	0	0	0	0	5	0	0	3.15	0	0	0	0	0.09	1	0	0	16	0	0	23.3	0	53	35.91	2	1.09	5	3.15	23.3	16	0	2.1500000000000004	0	17.090000000000003	0	0	0.9099999999999999	0	0	0	0	0	1.85	0	0	-0.09	0	7.300000000000001	0	17.090000000000003	0.9099999999999999	1.85	7.300000000000001	42	42	28	311	311	29	29	28.01	28	255	255	148	276.2	276.21	119.72	4	4	0	3.44	3.44	1.05	0	0	0	0	0	0	18	18	8	15.73	15.72	8.39	1	1	0.83	0.84	1	0	23.15	76.29	18.31	24.2	76.5	14.8	0.9899999999999984	1	-21.19999999999999	-21.20999999999999	28.28	0.56	0.5599999999999999	-1.05	0	0	0	2.2699999999999996	2.28	-0.39000000000000024	0.17000000000000004	0.16	1.0500000000000007	0.2100000000000002	-3.51	403	395.92999999999995	7.070000000000011	4	4.49	-0.4900000000000001	26	24.11	1.8899999999999997	91.3	94.60000000000001	-3.3
"2026"	"PIT"	1	"2026_01_ATL_PIT"	"00-0036139"	"Rico Dowdle"	"RB"	0	5	8	0	4	0	2	0	3.81	0	6	15	0	28.59	35.28	0	0	0	0	0.07	0.06	0	0	0	0	0	0	0	0	0	0	1.46	0.95	0	0	0	0.05	0	0	0	7.08	3.91	0	2.6	1.5	21	63.870000000000005	0	0.13	0	2.41	4.1	10.99	0	-1.81	0	-22.59	-20.28	0	-0.07	-0.06	0	0	0	0	-1.46	-0.95	0	-0.05	0	-4.48	-2.41	-42.870000000000005	-0.13	-2.41	-6.890000000000001	41	41	21	407	407	24	24	25.78	25.77	221	221	58	305.18	305.19	82.22	1	1	0	2.63	2.62	0.12	0	0	0	0	0	0	10	10	3	14.77	14.76	4.01	0	0	0.98	0.98	1	0	20.77	72.07	8.97	12.84	50.1	5.8	-1.7799999999999996	-1.7699999999999998	-84.17999999999999	-84.19	-24.22	-1.6300000000000001	-1.62	-0.12	0	0	0	-4.77	-4.76	-1.01	-0.98	-0.98	-7.929999999999999	-21.97	-3.170000000000001	279	387.40999999999997	-108.41	1	2.74	-1.7400000000000002	13	18.77	-5.77	55.9	81.03999999999999	-25.14
"2026"	"PIT"	2	"2026_02_PIT_NE"	"00-0036139"	"Rico Dowdle"	"RB"	0	2	7	0	2	0	2	0	1.54	0	22	22	0	11.62	29.97	0	0	0	0	0.01	0.01	0	0	0	0	0	0	0	2	1	0	0.76	1.67	0	0	0	0.02	0	0	0	2.73	3.06	0	4.2	2.2	44	41.589999999999996	0	0.02	3	2.4299999999999997	6.4	5.79	0	0.45999999999999996	0	10.38	-7.969999999999999	0	-0.01	-0.01	0	0	0	0	1.24	-0.6699999999999999	0	-0.02	0	1.4700000000000002	-0.8599999999999999	2.4100000000000037	-0.02	0.5700000000000003	0.6100000000000003	40	40	23	215	215	23	23	27.930000000000003	27.91	187	187	91	259.86	259.88	108.44	0	0	0	0.2	0.21000000000000002	0.04	0	0	0	0	0	0	10	10	4	14.819999999999999	14.83	6.22	1	1	0.83	0.84	0	0	9.56	55.12	11.12	5.48	41.7	9.1	-4.9300000000000015	-4.91	-72.86	-72.88	-17.44	-0.2	-0.21000000000000002	-0.04	0	0	0	-4.819999999999999	-4.83	-2.2199999999999998	0.17000000000000004	0.15999999999999998	-4.08	-13.42	-2.0199999999999996	278	368.32	-90.32	0	0.25	-0.25	14	21.05	-7.05	50.800000000000004	66.24	-15.44
"2026"	"DEN"	1	"2026_01_DEN_KC"	"00-0036158"	"J.K. Dobbins"	"RB"	0	0	8	0	0	0	0	0	0	0	0	36	0	0	37.92	0	0	0	0	0	0.02	0	0	0	0	0	0	0	0	1	0	0	1.31	0	0	0	0	0	0	0	0	3.9	0	0	3.6	36	37.92	0	0.02	1	1.31	3.6	3.9	0	0	0	0	-1.9200000000000017	0	0	-0.02	0	0	0	0	0	-0.31000000000000005	0	0	0	0	-0.2999999999999998	-1.9200000000000017	-0.02	-0.31000000000000005	-0.2999999999999998	28	28	15	92	92	17	17	19.77	19.77	131	131	61	160.79	160.79	65.79	1	1	0	0.49	0.48000000000000004	0.08	0	0	0	0	0	0	6	6	2	8.03	8.02	2.63	1	1	0.51	0.52	0	0	7.35	38.76	7.06	7.24	36.1	6.1000000000000005	-2.7699999999999996	-2.77	-29.789999999999992	-29.790000000000003	-4.790000000000002	0.51	0.5199999999999999	-0.08	0	0	0	-2.0299999999999994	-2.02	-0.63	0.49	0.48	-0.10999999999999943	-2.6600000000000006	-0.9599999999999999	192	226.57999999999998	-34.580000000000005	1	0.56	0.4399999999999999	8	10.649999999999999	-2.65	42.2	45.82	-3.6200000000000006
"2026"	"DEN"	2	"2026_02_JAX_DEN"	"00-0036158"	"J.K. Dobbins"	"RB"	0	0	10	0	0	0	0	0	0	0	0	36	0	0	32.15	0	0	0	0	0	1.9	0	0	0	0	0	0	0	0	1	0	0	2.84	0	0	0	0	0	0	0	0	14.61	0	0	3.6	36	32.15	0	1.9	1	2.84	3.6	14.61	0	0	0	0	3.8500000000000014	0	0	-1.9	0	0	0	0	0	-1.8399999999999999	0	0	0	0	-11.01	3.8500000000000014	-1.9	-1.8399999999999999	-11.01	31	31	28	268	268	22	22	20.05	20.05	288	288	104	229.24	229.23000000000002	95.09	1	1	1	1.67	1.67	2.3899999999999997	0	0	0	0	0	0	13	13	7	10.95	10.95	6.5	1	1	0.73	0.71	0	0	14.38	52.99	23.86	13.52	56.8	16.400000000000002	1.9499999999999993	1.9500000000000002	58.75999999999999	58.769999999999996	8.910000000000004	-0.6699999999999999	-0.6699999999999999	-1.39	0	0	0	2.0500000000000007	2.0500000000000003	0.5000000000000001	0.27	0.29000000000000004	-0.8600000000000012	3.8099999999999987	-7.459999999999999	392	324.32000000000005	67.68	2	4.06	-2.0599999999999996	20	17.45	2.5500000000000003	73.2	76.85	-3.6500000000000004
"2026"	"IND"	1	"2026_01_BAL_IND"	"00-0036223"	"Jonathan Taylor"	"RB"	0	4	19	0	0	0	3	0	3.1	0	23	98	0	23.27	77.64	0	0	2	0	0.02	1.55	0	0	0	0	0	0	0	0	7	0	0.82	4.11	0	0	0	0.04	1	0	0	5.54	17.08	0	3.3	21.8	121	100.91	2	1.57	7	4.930000000000001	25.1	22.619999999999997	0	-0.10000000000000009	0	-0.2699999999999996	20.36	0	-0.02	0.44999999999999996	0	0	0	0	-0.82	2.8899999999999997	0	-0.04	0	-2.24	4.720000000000002	20.090000000000003	0.42999999999999994	2.0699999999999994	2.480000000000004	31	31	20	201	201	19	19	21.29	21.29	166	166	102	218.44	218.44	83.33	1	1	2	0.84	0.8300000000000001	1.56	0	0	0	0	0	0	8	8	8	10.57	10.57	4.86	1	1	0.75	0.76	1	0	10.59	48.160000000000004	17.709999999999997	8.64	39.6	22.2	-2.289999999999999	-2.2900000000000005	-52.44	-52.43999999999999	18.669999999999998	0.16000000000000003	0.16999999999999993	0.43999999999999995	0	0	0	-2.5700000000000003	-2.57	3.1399999999999997	0.25	0.24	-1.9499999999999993	-8.56	4.490000000000002	268	301.77	-33.769999999999996	3	2.39	0.6099999999999999	16	15.43	0.5699999999999998	61.8	65.87	-4.0699999999999985
"2026"	"IND"	2	"2026_02_IND_KC"	"00-0036223"	"Jonathan Taylor"	"RB"	0	4	24	0	-1	0	4	0	3.23	0	40	92	0	24.01	96.94	0	0	2	0	0.02	0.92	0	0	0	0	0	0	0	3	6	0	0.91	5.1	0	0	0	0.03	0	0	0	5.74	15.22	0	8	21.2	132	120.95	2	0.9400000000000001	9	6.01	29.2	20.96	0	0.77	0	15.989999999999998	-4.939999999999998	0	-0.02	1.08	0	0	0	0	2.09	0.9000000000000004	0	-0.03	0	2.26	5.979999999999999	11.049999999999997	1.06	2.99	8.239999999999998	31	31	32	162	162	22	22	21.52	21.52	210	210	119	195.15	195.15	135.3	1	1	2	1.19	1.18	1.04	0	0	0	0	0	0	12	12	9	10.59	10.58	8.35	1	1	0.54	0.56	0	0	11.47	48.17	19.78	10.4	49	23.9	0.4800000000000004	0.4800000000000007	14.849999999999994	14.850000000000001	-16.299999999999997	-0.18999999999999995	-0.18000000000000002	0.9600000000000001	0	0	0	1.4100000000000001	1.4199999999999997	0.6500000000000004	0.45999999999999996	0.44	-1.0700000000000003	0.8299999999999984	4.119999999999998	329	330.45000000000005	-1.4499999999999957	3	2.2199999999999998	0.78	21	18.93	2.0700000000000003	72.9	67.95	4.949999999999997
"2026"	"IND"	3	"2026_03_HOU_IND"	"00-0036223"	"Jonathan Taylor"	"RB"	0	3	23	0	-13	0	2	0	2.57	0	4	68	0	18.27	100.41	0	0	0	0	0.1	0.19	0	0	0	0	0	0	0	0	3	0	0.92	7.58	0	0	0	0.02	0	0	0	5.03	11.19	0	2.4	6.8	72	118.67999999999999	0	0.29000000000000004	3	8.5	9.2	16.22	0	-0.5699999999999998	0	-14.27	-32.41	0	-0.1	-0.19	0	0	0	0	-0.92	-4.58	0	-0.02	0	-2.6300000000000003	-4.39	-46.67999999999999	-0.29000000000000004	-5.5	-7.02	36	36	31	281	281	24	24	24.5	24.49	235	235	89	277.61	277.61	130.14	1	1	0	1.71	1.7	0.45	0	0	0	0	0	0	11	11	8	14.1	14.110000000000001	11.75	1	1	0.76	0.77	0	0	16.44	62.55	15.74	11.4	53.5	8.9	-0.5	-0.4899999999999999	-42.610000000000014	-42.61000000000001	-41.13999999999999	-0.71	-0.7000000000000001	-0.45	0	0	0	-3.0999999999999996	-3.1100000000000003	-3.75	0.24	0.22999999999999993	-5.040000000000001	-9.049999999999999	-6.84	324	407.75	-83.75	1	2.15	-1.1500000000000001	19	25.86	-6.86	62.4	78.28999999999999	-15.889999999999999
"2026"	"PIT"	1	"2026_01_ATL_PIT"	"00-0036252"	"Michael Pittman"	"WR"	0	3	0	0	33	0	3	0	1.91	0	58	0	0	27.21	0	0	0	0	0	0.01	0	0	0	0	0	0	0	0	2	0	0	1.48	0	0	0	0	0.06	0	0	0	4.7	0	0	8.8	0	58	27.21	0	0.01	2	1.48	8.8	4.7	0	1.09	0	30.79	0	0	-0.01	0	0	0	0	0	0.52	0	0	-0.06	0	4.1000000000000005	0	30.79	-0.01	0.52	4.1000000000000005	41	41	21	407	407	24	24	25.78	25.77	221	221	58	305.18	305.19	82.22	1	1	0	2.63	2.62	0.12	0	0	0	0	0	0	10	10	3	14.77	14.76	4.01	0	0	0.98	0.98	1	0	20.77	72.07	8.97	12.84	50.1	5.8	-1.7799999999999996	-1.7699999999999998	-84.17999999999999	-84.19	-24.22	-1.6300000000000001	-1.62	-0.12	0	0	0	-4.77	-4.76	-1.01	-0.98	-0.98	-7.929999999999999	-21.97	-3.170000000000001	279	387.40999999999997	-108.41	1	2.74	-1.7400000000000002	13	18.77	-5.77	55.9	81.03999999999999	-25.14
"2026"	"PIT"	3	"2026_03_CIN_PIT"	"00-0036252"	"Michael Pittman"	"WR"	0	5	0	0	40	0	2	0	3.36	0	16	0	0	39.95	0	0	0	0	0	0.03	0	0	0	0	0	0	0	0	1	0	0	2.41	0	0	0	0	0.11	0	0	0	7.52	0	0	3.6	0	16	39.95	0	0.03	1	2.41	3.6	7.52	0	-1.3599999999999999	0	-23.950000000000003	0	0	-0.03	0	0	0	0	0	-1.4100000000000001	0	0	-0.11	0	-3.9199999999999995	0	-23.950000000000003	-0.03	-1.4100000000000001	-3.9199999999999995	34	34	23	393	393	19	19	19.95	19.96	292	292	138	260.98	260.97	86.55999999999999	3	3	0	1.48	1.5	0.32	0	0	0	0	0	0	13	13	7	11.82	11.82	5.12	1	1	1.06	1.06	0	0	14.26	54.95	10.610000000000001	21.68	66.2	13.799999999999999	-0.9499999999999993	-0.9600000000000003	31.019999999999982	31.02999999999999	51.440000000000005	1.52	1.5	-0.32	0	0	0	1.1799999999999997	1.1800000000000002	1.8800000000000001	-0.06000000000000005	-0.06000000000000003	7.42	11.25	3.189999999999999	430	347.53000000000003	82.47	3	1.82	1.18	20	16.94	3.0600000000000005	80	65.56	14.44
"2026"	"CHI"	1	"2026_01_CHI_CAR"	"00-0036275"	"D'Andre Swift"	"RB"	0	1	18	0	4	0	1	0	0.82	0	10	124	0	8.5	65.84	0	0	3	0	0.01	1.53	0	0	0	0	0	0	0	1	5	0	0.29	3.61	0	0	0	0.01	0	0	0	1.71	15.79	0	2	30.4	134	74.34	3	1.54	6	3.9	32.4	17.5	0	0.18000000000000005	0	1.5	58.16	0	-0.01	1.47	0	0	0	0	0.71	1.3900000000000001	0	-0.01	0	0.29000000000000004	14.61	59.66	1.46	2.1	14.899999999999999	29	29	39	319	319	21	21	18.77	18.78	269	269	291	245.45	245.47	167.04	2	2	6	2.73	2.73	2.8600000000000003	0	0	0	0	0	0	13	13	11	11.32	11.33	11.63	0	0	0.76	0.76	1	0	19.23	59.739999999999995	33.95	18.76	57.9	65.1	2.2300000000000004	2.2200000000000006	23.55000000000001	23.529999999999998	123.96	-0.73	-0.73	3.1399999999999997	0	0	0	1.6799999999999997	1.67	-0.6300000000000001	-0.76	-0.76	-0.46999999999999886	-1.839999999999999	31.15	560	412.51	147.48999999999998	8	5.59	2.4099999999999997	24	22.96	1.0399999999999998	123	93.69	29.31
"2026"	"CHI"	2	"2026_02_MIN_CHI"	"00-0036275"	"D'Andre Swift"	"RB"	0	5	16	0	-15	0	5	0	4.16	0	54	45	0	26.47	69.54	0	0	0	0	0.41	0.67	0	0	0	0	0	0	0	2	3	0	1.46	4.19	0	0	0	0.03	0	1	0	9.27	10.95	0	10.4	2.5	99	96.01	0	1.08	5	5.65	12.9	20.22	0	0.8399999999999999	0	27.53	-24.540000000000006	0	-0.41	-0.67	0	0	0	0	0.54	-1.1900000000000004	0	-0.03	0	1.1300000000000008	-8.45	2.989999999999995	-1.08	-0.6500000000000004	-7.3199999999999985	35	35	31	189	189	20	20	23.05	23.05	192	192	134	228.22	228.21	141.91	0	0	0	2.21	2.2	1.09	0	0	0	0	0	0	7	7	9	10.99	10.99	7.9	1	1	0.8200000000000001	0.8200000000000001	0	1	16.31	59.11	20.74	5.68	39.2	11.4	-3.0500000000000016	-3.05	-36.220000000000006	-36.209999999999994	-7.910000000000007	-2.21	-2.2	-1.09	0	0	0	-3.9899999999999998	-3.9899999999999998	1.0999999999999996	0.18	0.17999999999999997	-10.629999999999999	-19.91	-9.34	326	370.12	-44.120000000000005	0	3.29	-3.29	16	18.89	-2.89	50.6	79.85	-29.25
"2026"	"CHI"	3	"2026_03_PHI_CHI"	"00-0036275"	"D'Andre Swift"	"RB"	0	3	20	0	-1	0	2	0	2.11	0	4	84	0	18.57	74.27	0	0	0	0	0.03	1.23	0	0	0	0	0	0	0	1	2	0	1.19	5.86	0	0	0	0.03	0	0	0	4.16	14.81	0	2.4	8.4	88	92.84	0	1.26	3	7.050000000000001	10.8	18.97	0	-0.10999999999999988	0	-14.57	9.730000000000004	0	-0.03	-1.23	0	0	0	0	-0.18999999999999995	-3.8600000000000003	0	-0.03	0	-1.7600000000000002	-6.41	-4.840000000000003	-1.26	-4.050000000000001	-8.169999999999998	34	34	35	209	209	24	24	23.64	23.64	247	247	128	243.66	243.66	128.2	2	2	1	2.23	2.23	2.27	0	0	0	0	0	0	14	14	6	14.65	14.65	10.06	0	0	0.63	0.62	0	0	17.42	61.4	26.43	17.88	60.7	18.8	0.35999999999999943	0.3600000000000002	3.3400000000000034	3.340000000000006	-0.1999999999999993	-0.22999999999999998	-0.23000000000000007	-1.27	0	0	0	-0.6500000000000004	-0.6500000000000001	-4.0600000000000005	-0.63	-0.62	0.4599999999999973	-0.6999999999999977	-7.63	375	371.86	3.140000000000007	3	4.5	-1.5	20	24.71	-4.710000000000001	79.5	87.83	-8.329999999999998
"2026"	"LAC"	1	"2026_01_ARI_LAC"	"00-0036355"	"Justin Herbert"	"QB"	27	0	5	273	0	17	0	18.76	0	209	0	29	239.94	0	33.26	1	0	0	1.1	0	0.67	0	0	0	0	0	0	9	0	1	8.97	0	1.9	1	0	0.65	0	0	0	12.68	0	7.37	10.36	0	2.9	238	273.2	1	1.77	10	10.870000000000001	13.26	20.05	-1.7600000000000016	0	-30.939999999999998	0	-4.259999999999998	-0.10000000000000009	0	-0.67	0	0	0	0.02999999999999936	0	-0.8999999999999999	0.35	0	-2.3200000000000003	0	-4.470000000000001	-35.19999999999999	-0.77	-0.870000000000001	-6.790000000000001	27	27	21	273	273	17	17	18.76	18.759999999999998	209	209	81	239.94	239.93	103.97999999999999	1	1	1	1.1	1.0799999999999998	1.25	0	0	0	0	0	0	9	9	6	8.97	8.98	5.96	1	1	0.65	0.65	0	1	12.68	49.32	17.95	10.36	43.9	12.100000000000001	-1.7600000000000016	-1.7599999999999993	-30.939999999999998	-30.929999999999996	-22.979999999999997	-0.10000000000000009	-0.07999999999999996	-0.2500000000000001	0	0	0	0.02999999999999936	0.020000000000000018	0.040000000000000036	0.35	0.35	-2.3200000000000003	-5.42	-5.8500000000000005	290	343.90999999999997	-53.91	2	2.33	-0.33000000000000007	15	14.940000000000001	0.06000000000000005	56	67.27	-11.27
"2026"	"LAC"	3	"2026_03_LAC_BUF"	"00-0036355"	"Justin Herbert"	"QB"	34	0	4	292	0	20	0	21.39	0	226	0	17	249.54	0	20.97	1	0	0	2.28	0	0.03	0	0	0	0	0	0	11	0	2	12.36	0	2.2	1	0	0.8	0	0	0	17.48	0	2.3	11.04	0	1.7	243	270.51	1	2.3099999999999996	13	14.559999999999999	12.739999999999998	19.78	-1.3900000000000006	0	-23.539999999999992	0	-3.969999999999999	-1.2799999999999998	0	-0.03	0	0	0	-1.3599999999999994	0	-0.20000000000000018	0.19999999999999996	0	-6.440000000000001	0	-0.5999999999999999	-27.50999999999999	-1.3099999999999996	-1.5599999999999987	-7.040000000000003	34	34	28	292	292	20	20	21.39	21.400000000000002	226	226	131	249.54	249.52	118.52	1	1	0	2.28	2.27	1.05	0	0	0	0	0	0	11	11	6	12.36	12.37	6.21	1	1	0.8	0.8	0	0	17.48	60	18.16	11.04	48.6	13.1	-1.3900000000000006	-1.4000000000000006	-23.539999999999992	-23.520000000000003	12.479999999999999	-1.2799999999999998	-1.27	-1.05	0	0	0	-1.3599999999999994	-1.3699999999999997	-0.2100000000000002	0.19999999999999996	0.2	-6.440000000000001	-11.4	-5.0600000000000005	357	368.04	-11.040000000000004	1	3.3200000000000003	-2.3200000000000003	17	18.58	-1.5799999999999998	61.7	78.16	-16.46
"2026"	"DAL"	1	"2026_01_DAL_NYG"	"00-0036358"	"CeeDee Lamb"	"WR"	0	8	1	0	90	0	5	0	4.84	0	44	0	0	58.16	7.12	0	1	0	0	0.77	0	0	0	0	0	0	0	0	5	0	0	3.4	0.55	0	0	0	0.28	0	0	0	15.28	0.74	0	15.4	0	44	65.28	1	0.77	5	3.95	15.4	16.02	0	0.16000000000000014	0	-14.159999999999997	-7.12	0	0.22999999999999998	0	0	0	0	0	1.6	-0.55	0	-0.28	0	0.120000000000001	-0.74	-21.28	0.22999999999999998	1.0499999999999998	-0.6199999999999992	34	34	18	309	309	22	22	22.01	22	175	175	69	250.51	250.52	75.44	2	2	1	1.62	1.61	1.5	0	0	0	0	0	0	12	12	4	11.57	11.57	5.43	1	1	0.88	0.88	0	0	14.73	56.79	16.58	13	51.5	12.899999999999999	-0.010000000000001563	4.440892098500626e-16	-75.50999999999999	-75.52	-6.439999999999999	0.3799999999999999	0.39	-0.5	0	0	0	0.4299999999999997	0.43000000000000027	-1.43	0.12	0.11999999999999995	-1.7300000000000004	-5.289999999999999	-3.6799999999999997	244	325.96000000000004	-81.96	3	3.1100000000000003	-0.10999999999999999	16	17	-0.9999999999999997	64.4	73.37	-8.969999999999999
"2026"	"DAL"	2	"2026_02_WAS_DAL"	"00-0036358"	"CeeDee Lamb"	"WR"	0	9	0	0	136	0	8	0	5.45	0	153	0	0	92.68	0	0	2	0	0	1.08	0	0	0	0	0	0	0	0	7	0	0	4.64	0	0	0	0	0.28	0	0	0	21.23	0	0	35.3	0	153	92.68	2	1.08	7	4.64	35.3	21.23	0	2.55	0	60.31999999999999	0	0	0.9199999999999999	0	0	0	0	0	2.3600000000000003	0	0	-0.28	0	14.069999999999997	0	60.31999999999999	0.9199999999999999	2.3600000000000003	14.069999999999997	31	31	21	244	244	26	26	21.42	21.42	279	279	66	249.3	249.31	91.11	4	4	0	2.65	2.64	1.02	0	0	0	0	0	0	16	16	3	14.65	14.65	6.98	0	0	0.63	0.62	0	0	19.3	62.239999999999995	15.16	27.16	77.89999999999999	6.6000000000000005	4.579999999999998	4.58	29.69999999999999	29.689999999999994	-25.11	1.35	1.3599999999999999	-1.02	0	0	0	1.3499999999999996	1.3500000000000005	-3.98	-0.63	-0.62	7.859999999999999	15.66	-8.559999999999999	345	340.42	4.579999999999995	4	3.66	0.33999999999999986	19	21.630000000000003	-2.6299999999999994	84.49999999999999	77.39999999999999	7.100000000000001
"2026"	"DAL"	3	"2026_03_BAL_DAL"	"00-0036358"	"CeeDee Lamb"	"WR"	0	8	0	0	85	0	7	0	5.53	0	112	0	0	72.04	0	0	0	0	0	0.06	0	0	1	0	0	0.55	0	0	5	0	0	3.07	0	0	0	0	0.18	0	0	0	14.19	0	0	20.2	0	112	72.04	0	0.06	5	3.07	20.2	14.19	0	1.4699999999999998	0	39.959999999999994	0	0	-0.06	0	0	0.44999999999999996	0	0	1.9300000000000002	0	0	-0.18	0	6.01	0	39.959999999999994	-0.06	1.9300000000000002	6.01	40	40	30	272	272	25	25	26.95	26.96	276	276	148	281.5	281.5	133.2	1	1	2	2.75	2.74	1.27	1	1	0	0.55	0.55	0	14	14	10	15.31	15.32	9.07	0	0	0.89	0.9	1	0	21.61	72.72	20.919999999999998	17.04	58.6	26.8	-1.9499999999999993	-1.9600000000000009	-5.5	-5.5	14.800000000000006	-1.75	-1.74	0.73	0.44999999999999996	0.44999999999999996	0	-1.3100000000000005	-1.3199999999999996	0.9299999999999998	-0.89	-0.9	-4.57	-14.120000000000001	5.880000000000001	424	414.7	9.300000000000006	3	4.01	-1.01	24	24.39	-0.3899999999999998	85.4	93.64	-8.24
"2026"	"PHI"	1	"2026_01_WAS_PHI"	"00-0036389"	"Jalen Hurts"	"QB"	25	0	7	225	0	14	0	16.37	0	203	0	46	196.45	0	35.79	3	0	0	1.04	0	0.02	0	0	0	0	0	0	6	0	2	8.48	0	1.71	0	0	0.52	0	0	0	10.97	0	3.67	20.12	0	4.6	249	232.23999999999998	3	1.06	8	10.190000000000001	24.72	14.64	-2.370000000000001	0	6.550000000000011	0	10.21	1.96	0	-0.02	0	0	0	-2.4800000000000004	0	0.29000000000000004	-0.52	0	9.15	0	0.9299999999999997	16.76000000000002	1.94	-2.1900000000000013	10.079999999999998	25	25	25	225	225	14	14	16.37	16.38	203	203	136	196.45	196.45	120.36	3	3	0	1.04	1.03	0.19999999999999998	0	0	0	0	0	0	6	6	4	8.48	8.47	4.81	0	0	0.52	0.51	0	0	10.97	42.25	13.209999999999999	20.12	52.3	13.6	-2.370000000000001	-2.38	6.550000000000011	6.549999999999998	15.639999999999995	1.96	1.9700000000000002	-0.19999999999999998	0	0	0	-2.4800000000000004	-2.47	-0.8099999999999998	-0.52	-0.51	9.15	10.05	0.3900000000000006	339	316.81	22.189999999999994	3	1.23	1.7700000000000002	10	13.280000000000001	-3.2800000000000002	65.89999999999999	55.46	10.440000000000001
"2026"	"PHI"	2	"2026_02_PHI_TEN"	"00-0036389"	"Jalen Hurts"	"QB"	37	0	5	292	0	26	0	23.19	0	264	0	16	253.97	0	29.61	2	0	0	2.13	0	0.28	0	0	0	0	0	0	16	0	2	12.56	0	2.57	2	0	0.94	0	0	0	16.79	0	4.64	14.56	0	1.6	280	283.58	2	2.41	18	15.13	16.16	21.43	2.8099999999999987	0	10.030000000000001	0	-13.61	-0.1299999999999999	0	-0.28	0	0	0	3.4399999999999995	0	-0.5699999999999998	1.06	0	-2.2299999999999986	0	-3.0399999999999996	-3.579999999999984	-0.41000000000000014	2.869999999999999	-5.27	37	37	32	292	292	26	26	23.19	23.2	264	264	89	253.97	253.96	152.5	2	2	1	2.13	2.12	0.92	0	0	0	0	0	0	16	16	5	12.56	12.56	8.4	2	2	0.94	0.9400000000000001	0	0	16.79	61.35	20.77	14.56	64.4	14.9	2.8099999999999987	2.8000000000000003	10.030000000000001	10.039999999999996	-63.5	-0.1299999999999999	-0.11999999999999993	0.07999999999999999	0	0	0	3.4399999999999995	3.4400000000000004	-3.4	1.06	1.06	-2.2299999999999986	3.0499999999999985	-5.869999999999999	353	406.46000000000004	-53.46000000000001	3	3.04	-0.03999999999999994	21	20.96	0.04000000000000048	79.30000000000001	82.12	-2.8200000000000007
"2026"	"PHI"	3	"2026_03_PHI_CHI"	"00-0036389"	"Jalen Hurts"	"QB"	25	0	4	153	0	16	0	17.04	0	153	0	25	159.96	0	22.55	0	0	1	0.74	0	0.86	0	0	0	0	0	0	6	0	3	7.71	0	2.2	1	0	0.66	0	0	0	8.02	0	7.39	4.12	0	8.5	178	182.51000000000002	1	1.6	9	9.91	12.620000000000001	15.41	-1.0399999999999991	0	-6.960000000000008	0	2.4499999999999993	-0.74	0	0.14	0	0	0	-1.71	0	0.7999999999999998	0.33999999999999997	0	-3.8999999999999995	0	1.1100000000000003	-4.510000000000019	-0.6000000000000001	-0.9100000000000001	-2.789999999999999	26	26	19	155	155	16	16	17.599999999999998	17.6	153	153	107	161	160.99	82.56	0	0	1	1.3	1.29	1.92	0	0	0	0	0	0	6	6	7	8.43	8.44	6.130000000000001	2	2	0.68	0.68	1	0	10.25	41.47	19.759999999999998	2.12	29.3	16.7	-1.5999999999999992	-1.6	-8.000000000000007	-7.990000000000002	24.44	-1.3	-1.29	-0.92	0	0	0	-2.4299999999999997	-2.44	0.8699999999999997	1.3199999999999998	1.32	-8.129999999999999	-12.17	-3.0599999999999996	260	243.55	16.45	1	3.21	-2.21	13	14.57	-1.5700000000000003	46	61.23	-15.23
"2026"	"CIN"	1	"2026_01_TB_CIN"	"00-0036410"	"Tee Higgins"	"WR"	0	6	0	0	117	0	3	0	3.5	0	59	0	0	75.75	0	0	0	0	0	0.19	0	0	0	0	0	0	0	0	3	0	0	2.93	0	0	0	0	0.22	0	0	0	12.24	0	0	8.9	0	59	75.75	0	0.19	3	2.93	8.9	12.24	0	-0.5	0	-16.75	0	0	-0.19	0	0	0	0	0	0.06999999999999984	0	0	-0.22	0	-3.34	0	-16.75	-0.19	0.06999999999999984	-3.34	35	35	27	226	226	25	25	24.65	24.64	254	254	106	268.57	268.58	102.18	1	1	1	2.4	2.41	0.9700000000000001	0	0	0	0	0	0	14	14	10	13.71	13.71	6.91	1	1	0.61	0.62	0	0	19.11	65.9	16.02	12.16	56.4	16.6	0.3500000000000014	0.36	-14.569999999999993	-14.58	3.8199999999999967	-1.4	-1.4100000000000001	0.02999999999999995	0	0	0	0.28999999999999915	0.2899999999999999	3.0900000000000003	0.39	0.37999999999999995	-6.949999999999999	-9.499999999999998	0.5800000000000001	360	370.76	-10.760000000000003	2	3.3800000000000003	-1.3800000000000001	24	20.62	3.3800000000000003	73	81.92	-8.919999999999998
"2026"	"CIN"	2	"2026_02_CIN_HOU"	"00-0036410"	"Tee Higgins"	"WR"	0	10	0	0	93	0	5	0	6.7	0	95	0	0	86.62	0	0	0	0	0	0.06	0	0	0	0	0	0	0	0	5	0	0	4.58	0	0	0	0	0.22	0	0	0	15.72	0	0	14.5	0	95	86.62	0	0.06	5	4.58	14.5	15.72	0	-1.7000000000000002	0	8.379999999999995	0	0	-0.06	0	0	0	0	0	0.41999999999999993	0	0	-0.22	0	-1.2200000000000006	0	8.379999999999995	-0.06	0.41999999999999993	-1.2200000000000006	31	31	23	173	173	20	20	22.06	22.05	207	207	85	227.28	227.28	93.92	2	2	0	0.77	0.77	0.13	0	0	0	0	0	0	9	9	3	10.49	10.48	2.88	0	0	0.53	0.54	0	0	11.1	49.42	10.2	16.28	52.7	8.5	-2.0599999999999987	-2.05	-20.28	-20.28	-8.920000000000003	1.23	1.23	-0.13	0	0	0	-1.4900000000000002	-1.48	0.12000000000000022	-0.53	-0.54	5.1800000000000015	3.2799999999999985	-1.6999999999999993	292	321.2	-29.200000000000003	2	0.9	1.1	12	13.36	-1.3599999999999999	61.2	59.620000000000005	1.5799999999999992
"2026"	"CIN"	3	"2026_03_CIN_PIT"	"00-0036410"	"Tee Higgins"	"WR"	0	7	0	0	92	0	6	0	3.86	0	90	0	0	57.29	0	0	1	0	0	0.23	0	0	0	0	0	0	0	0	4	0	0	2.9	0	0	0	0	0.23	0	0	0	10.96	0	0	21	0	90	57.29	1	0.23	4	2.9	21	10.96	0	2.14	0	32.71	0	0	0.77	0	0	0	0	0	1.1	0	0	-0.23	0	10.04	0	32.71	0.77	1.1	10.04	37	37	18	259	259	28	28	24.86	24.869999999999997	282	282	83	256.62	256.63	80.29	3	3	0	1.28	1.28	0.21000000000000002	0	0	0	0	0	0	14	14	5	14.02	14.02	5.17	0	0	0.77	0.78	0	0	13.82	58.18	9.3	23.28	74.2	8.299999999999999	3.1400000000000006	3.1300000000000012	25.379999999999995	25.37	2.7099999999999973	1.72	1.72	-0.21000000000000002	0	0	0	-0.019999999999999574	-0.019999999999999435	-0.16999999999999993	-0.77	-0.78	9.46	16.02	-1.0000000000000002	365	336.92	28.08	3	1.49	1.51	19	19.189999999999998	-0.18999999999999936	82.5	67.48	15.02
"2026"	"HOU"	1	"2026_01_BUF_HOU"	"00-0036554"	"Nico Collins"	"WR"	0	10	1	0	120	0	7	0	6.09	0	75	7	0	83.88	6.15	0	1	0	0	0.78	0.02	0	0	0	0	0	0	0	3	1	0	3.97	0.42	0	0	0	0.33	0	0	0	19.14	0.71	0	20.5	0.7	82	90.03	1	0.8	4	4.390000000000001	21.2	19.85	0	0.9100000000000001	0	-8.879999999999995	0.8499999999999996	0	0.21999999999999997	-0.02	0	0	0	0	-0.9700000000000002	0.5800000000000001	0	-0.33	0	1.3599999999999994	-0.010000000000000009	-8.030000000000001	0.19999999999999996	-0.39000000000000057	1.3499999999999979	38	38	32	322	322	26	26	25.22	25.22	274	274	124	295.19	295.2	129.93	2	2	2	1.34	1.33	1.82	0	0	0	0	0	0	11	11	10	14.04	14.05	9.45	0	0	1.04	1.04	0	0	15.07	62.77	23.9	18.96	65.4	24.4	0.7800000000000011	0.7799999999999998	-21.189999999999998	-21.199999999999985	-5.930000000000003	0.6599999999999999	0.67	0.18	0	0	0	-3.039999999999999	-3.0500000000000003	0.55	-1.04	-1.04	3.8900000000000006	2.630000000000001	0.5	398	425.13	-27.12999999999999	4	3.1500000000000004	0.8500000000000001	21	23.5	-2.5	89.80000000000001	86.67	3.130000000000001
"2026"	"CAR"	1	"2026_01_CHI_CAR"	"00-0036555"	"Chuba Hubbard"	"RB"	0	3	10	0	0	0	3	0	2.07	0	38	49	0	13.35	39.02	0	1	1	0	0.46	0.81	0	0	0	0	0	0	0	2	2	0	0.86	2.04	0	0	0	0.05	0	0	0	6.15	8.76	0	12.8	10.9	87	52.370000000000005	2	1.27	4	2.9	23.700000000000003	14.91	0	0.9300000000000002	0	24.65	9.979999999999997	0	0.54	0.18999999999999995	0	0	0	0	1.1400000000000001	-0.040000000000000036	0	-0.05	0	6.65	2.1400000000000006	34.629999999999995	0.73	1.1	8.790000000000003	38	38	22	366	366	23	23	24.7	24.7	361	361	125	294.33	294.33	98.84	3	3	2	1.99	1.98	1.1900000000000002	0	0	0	0	0	0	17	17	5	13.94	13.95	4.93	1	1	1.11	1.11	1	0	17.5	66.08	17.02	24.44	75.1	24.5	-1.6999999999999997	-1.7	66.67000000000003	66.66999999999999	26.159999999999997	1.01	1.02	0.8099999999999998	0	0	0	3.06	3.0500000000000003	0.06999999999999984	-0.11000000000000008	-0.11000000000000006	6.940000000000002	9.019999999999994	7.48	486	393.16999999999996	92.82999999999998	5	3.17	1.8299999999999998	22	18.88	3.12	99.6	83.1	16.499999999999993
"2026"	"CAR"	2	"2026_02_CAR_ATL"	"00-0036555"	"Chuba Hubbard"	"RB"	0	2	12	0	-4	0	2	0	1.55	0	11	53	0	7.1	49.88	0	1	0	0	0.53	0.35	0	0	0	0	0	0	0	1	4	0	0.7	3.41	0	0	0	0.02	0	0	0	5.42	7.07	0	9.1	5.3	64	56.980000000000004	1	0.88	5	4.11	14.399999999999999	12.49	0	0.44999999999999996	0	3.9000000000000004	3.1199999999999974	0	0.47	-0.35	0	0	0	0	0.30000000000000004	0.5899999999999999	0	-0.02	0	3.6799999999999997	-1.7700000000000005	7.019999999999996	0.12	0.8899999999999997	1.9099999999999984	36	36	22	311	311	23	23	22.81	22.81	287	287	68	250.21	250.21	89.78	3	3	0	5.85	5.84	0.73	0	0	0	0	0	0	12	12	5	13.1	13.1	5.19	0	0	0.81	0.8	0	0	31.8	82.95	13.33	23.48	69.7	6.8	0.19000000000000128	0.18999999999999972	36.78999999999999	36.78999999999999	-21.78	-2.8499999999999996	-2.84	-0.73	0	0	0	-1.0999999999999996	-1.0999999999999994	-0.19000000000000009	-0.81	-0.8	-8.32	-13.249999999999998	-6.53	355	339.99	15.009999999999991	3	6.57	-3.57	17	18.29	-1.2899999999999996	76.5	96.28	-19.779999999999998
"2026"	"CAR"	3	"2026_03_CAR_CLE"	"00-0036555"	"Chuba Hubbard"	"RB"	0	4	19	0	-14	0	4	0	3.32	0	28	82	0	20.92	86.57	0	0	0	0	0.04	0.05	0	0	0	0	0	0.26	0	1	3	0	0.83	3.33	0	0	0	0.03	0	0	0	5.63	9.55	0	6.8	8.2	110	107.49	0	0.09	4	4.16	15	15.18	0	0.6800000000000002	0	7.079999999999998	-4.569999999999993	0	-0.04	-0.05	0	0	-0.26	0	0.17000000000000004	-0.33000000000000007	0	-0.03	0	1.17	-1.3500000000000014	2.510000000000005	-0.09	-0.16000000000000014	-0.17999999999999972	48	48	23	443	443	26	26	29.35	29.35	291	291	98	342.24	342.24	104.78	1	1	0	2.09	2.11	0.08	0	0	0	0	0	0.26	17	17	4	16.33	16.32	3.97	1	1	1.4	1.41	0	0	19.25	76.12	11.530000000000001	13.64	61.1	9.799999999999999	-3.3500000000000014	-3.3499999999999996	-51.24000000000001	-51.239999999999995	-6.779999999999994	-1.0899999999999999	-1.1099999999999999	-0.08	0	0	-0.26	0.6700000000000017	0.6800000000000003	0.029999999999999916	-0.3999999999999999	-0.41	-5.609999999999999	-15.019999999999998	-1.7300000000000013	389	447.02	-58.01999999999999	1	2.19	-1.19	21	20.29	0.7100000000000002	70.9	87.65	-16.75
"2026"	"DEN"	1	"2026_01_DEN_KC"	"00-0036613"	"Jaylen Waddle"	"WR"	0	3	0	0	13	0	1	0	2.1	0	2	0	0	18.76	0	0	0	0	0	0.01	0	0	0	0	0	0	0	0	0	0	0	1.43	0	0	0	0	0.06	0	0	0	4.04	0	0	1.2	0	2	18.76	0	0.01	0	1.43	1.2	4.04	0	-1.1	0	-16.76	0	0	-0.01	0	0	0	0	0	-1.43	0	0	-0.06	0	-2.84	0	-16.76	-0.01	-1.43	-2.84	28	28	15	92	92	17	17	19.77	19.77	131	131	61	160.79	160.79	65.79	1	1	0	0.49	0.48000000000000004	0.08	0	0	0	0	0	0	6	6	2	8.03	8.02	2.63	1	1	0.51	0.52	0	0	7.35	38.76	7.06	7.24	36.1	6.1000000000000005	-2.7699999999999996	-2.77	-29.789999999999992	-29.790000000000003	-4.790000000000002	0.51	0.5199999999999999	-0.08	0	0	0	-2.0299999999999994	-2.02	-0.63	0.49	0.48	-0.10999999999999943	-2.6600000000000006	-0.9599999999999999	192	226.57999999999998	-34.580000000000005	1	0.56	0.4399999999999999	8	10.649999999999999	-2.65	42.2	45.82	-3.6200000000000006
"2026"	"DEN"	2	"2026_02_JAX_DEN"	"00-0036613"	"Jaylen Waddle"	"WR"	0	10	0	0	153	0	8	0	6.18	0	138	0	0	95.4	0	0	0	0	0	0.39	0	0	0	0	0	0	0	0	6	0	0	4.26	0	0	0	0	0.3	0	0	0	18.05	0	0	21.8	0	138	95.4	0	0.39	6	4.26	21.8	18.05	0	1.8200000000000003	0	42.599999999999994	0	0	-0.39	0	0	0	0	0	1.7400000000000002	0	0	-0.3	0	3.75	0	42.599999999999994	-0.39	1.7400000000000002	3.75	31	31	28	268	268	22	22	20.05	20.05	288	288	104	229.24	229.23000000000002	95.09	1	1	1	1.67	1.67	2.3899999999999997	0	0	0	0	0	0	13	13	7	10.95	10.95	6.5	1	1	0.73	0.71	0	0	14.38	52.99	23.86	13.52	56.8	16.400000000000002	1.9499999999999993	1.9500000000000002	58.75999999999999	58.769999999999996	8.910000000000004	-0.6699999999999999	-0.6699999999999999	-1.39	0	0	0	2.0500000000000007	2.0500000000000003	0.5000000000000001	0.27	0.29000000000000004	-0.8600000000000012	3.8099999999999987	-7.459999999999999	392	324.32000000000005	67.68	2	4.06	-2.0599999999999996	20	17.45	2.5500000000000003	73.2	76.85	-3.6500000000000004
"2026"	"NE"	1	"2026_01_NE_SEA"	"00-0036875"	"Rhamondre Stevenson"	"RB"	0	6	18	0	-6	0	5	0	4.98	0	44	51	0	38.7	80.81	0	0	0	0	0.04	0.06	0	0	0	0	0	0	0	1	2	0	0.86	4.15	0	0	0	0.05	0	0	0	9.07	8.44	0	9.4	5.1	95	119.51	0	0.1	3	5.010000000000001	14.5	17.509999999999998	0	0.019999999999999574	0	5.299999999999997	-29.810000000000002	0	-0.04	-0.06	0	0	0	0	0.14	-2.1500000000000004	0	-0.05	0	0.33000000000000007	-3.34	-24.510000000000005	-0.1	-2.0100000000000007	-3.009999999999998	33	33	31	221	221	23	23	22.74	22.73	178	178	109	240.28	240.27	151.85	1	1	0	1.17	1.17	0.13	0	0	0	0	0	0	9	9	7	11.05	11.05	9.74	3	3	0.77	0.76	0	0	12.77	53.81	15.95	5.12	46.8	10.9	0.26000000000000156	0.27000000000000035	-62.28	-62.27	-42.85	-0.16999999999999993	-0.16999999999999996	-0.13	0	0	0	-2.0500000000000007	-2.05	-2.74	2.23	2.24	-7.6499999999999995	-7.010000000000002	-5.05	287	392.12	-105.12	1	1.2999999999999998	-0.29999999999999993	16	20.79	-4.79	57.699999999999996	69.76	-12.060000000000002
"2026"	"NE"	2	"2026_02_PIT_NE"	"00-0036875"	"Rhamondre Stevenson"	"RB"	0	2	6	0	3	0	1	0	1.32	0	3	43	0	12.32	25.83	0	0	0	0	0.02	0.04	0	0	0	0	0	0	0	0	3	0	0.6	2.02	0	0	0	0.02	1	0	0	2.66	2.83	0	-0.7	4.3	46	38.15	0	0.06	3	2.62	3.5999999999999996	5.49	0	-0.32000000000000006	0	-9.32	17.17	0	-0.02	-0.04	0	0	0	0	-0.6	0.98	0	-0.02	0	-3.3600000000000003	1.4699999999999998	7.850000000000001	-0.06	0.3799999999999999	-1.8900000000000006	22	22	28	196	196	14	14	14.85	14.87	208	208	136	176.57	176.56	117.51	0	0	1	0.42	0.43000000000000005	0.16	0	0	0	0	0	0	6	6	7	7.43	7.42	7.08	1	1	0.42	0.43	1	0	7.89	35.03	12.700000000000001	6.32	32.8	19.599999999999998	-0.8499999999999996	-0.87	31.430000000000007	31.439999999999998	18.490000000000002	-0.42	-0.43000000000000005	0.84	0	0	0	-1.4299999999999997	-1.4199999999999997	-0.08000000000000035	0.5800000000000001	0.5700000000000001	-1.5699999999999994	-2.230000000000001	6.8999999999999995	344	294.07	49.93	1	0.5900000000000001	0.4099999999999999	13	14.5	-1.5	52.39999999999999	47.730000000000004	4.669999999999998
"2026"	"NE"	3	"2026_03_NE_JAX"	"00-0036875"	"Rhamondre Stevenson"	"RB"	0	3	7	0	0	0	3	0	2.44	0	16	22	0	18.73	25.08	0	0	0	0	0.05	0.23	0	0	0	0	0	0	0	0	3	0	0.55	2.13	0	0	0	0.02	0	0	0	4.59	3.89	0	4.6	2.2	38	43.81	0	0.28	3	2.6799999999999997	6.8	8.48	0	0.56	0	-2.7300000000000004	-3.0799999999999983	0	-0.05	-0.23	0	0	0	0	-0.55	0.8700000000000001	0	-0.02	0	0.009999999999999787	-1.69	-5.810000000000002	-0.28	0.3200000000000003	-1.6800000000000006	31	31	26	362	362	18	18	17.99	17.98	245	245	83	244.04	244.04000000000002	110.69	0	0	0	2.11	2.11	0.8200000000000001	0	0	0	0	0	0	8	8	6	11.16	11.15	7.569999999999999	2	2	0.91	0.92	0	0	16.35	55.01	16.01	5.8	42.5	8.3	0.010000000000000675	0.020000000000000018	0.9599999999999937	0.9599999999999893	-27.69	-2.11	-2.11	-0.8200000000000001	0	0	0	-3.1599999999999993	-3.15	-1.5699999999999996	1.09	1.0799999999999998	-10.549999999999999	-12.51	-7.710000000000001	328	354.73	-26.73000000000001	0	2.9299999999999997	-2.9299999999999997	14	18.72	-4.72	50.8	71.02	-20.22
"2026"	"PHI"	1	"2026_01_WAS_PHI"	"00-0036912"	"DeVonta Smith"	"WR"	0	6	0	0	79	0	3	0	3.83	0	53	0	0	59.71	0	0	0	0	0	0.09	0	0	0	0	0	0	0	0	1	0	0	2.13	0	0	0	0	0.16	0	0	0	10.36	0	0	8.3	0	53	59.71	0	0.09	1	2.13	8.3	10.36	0	-0.8300000000000001	0	-6.710000000000001	0	0	-0.09	0	0	0	0	0	-1.13	0	0	-0.16	0	-2.0599999999999987	0	-6.710000000000001	-0.09	-1.13	-2.0599999999999987	25	25	25	225	225	14	14	16.37	16.38	203	203	136	196.45	196.45	120.36	3	3	0	1.04	1.03	0.19999999999999998	0	0	0	0	0	0	6	6	4	8.48	8.47	4.81	0	0	0.52	0.51	0	0	10.97	42.25	13.209999999999999	20.12	52.3	13.6	-2.370000000000001	-2.38	6.550000000000011	6.549999999999998	15.639999999999995	1.96	1.9700000000000002	-0.19999999999999998	0	0	0	-2.4800000000000004	-2.47	-0.8099999999999998	-0.52	-0.51	9.15	10.05	0.3900000000000006	339	316.81	22.189999999999994	3	1.23	1.7700000000000002	10	13.280000000000001	-3.2800000000000002	65.89999999999999	55.46	10.440000000000001
"2026"	"PHI"	2	"2026_02_PHI_TEN"	"00-0036912"	"DeVonta Smith"	"WR"	0	13	0	0	188	0	10	0	6.59	0	117	0	0	96.4	0	0	1	0	0	1.14	0	0	0	0	0	0	0	0	7	0	0	5.25	0	0	2	0	0.44	0	0	0	23.07	0	0	27.7	0	117	96.4	1	1.14	7	5.25	27.7	23.07	0	3.41	0	20.599999999999994	0	0	-0.1399999999999999	0	0	0	0	0	1.75	0	0	1.56	0	4.629999999999999	0	20.599999999999994	-0.1399999999999999	1.75	4.629999999999999	37	37	32	292	292	26	26	23.19	23.2	264	264	89	253.97	253.96	152.5	2	2	1	2.13	2.12	0.92	0	0	0	0	0	0	16	16	5	12.56	12.56	8.4	2	2	0.94	0.9400000000000001	0	0	16.79	61.35	20.77	14.56	64.4	14.9	2.8099999999999987	2.8000000000000003	10.030000000000001	10.039999999999996	-63.5	-0.1299999999999999	-0.11999999999999993	0.07999999999999999	0	0	0	3.4399999999999995	3.4400000000000004	-3.4	1.06	1.06	-2.2299999999999986	3.0499999999999985	-5.869999999999999	353	406.46000000000004	-53.46000000000001	3	3.04	-0.03999999999999994	21	20.96	0.04000000000000048	79.30000000000001	82.12	-2.8200000000000007
"2026"	"PHI"	3	"2026_03_PHI_CHI"	"00-0036912"	"DeVonta Smith"	"WR"	0	8	0	0	56	0	6	0	5.53	0	65	0	0	51.74	0	0	0	0	0	0.14	0	0	0	0	0	0	0	0	2	0	0	2.79	0	0	1	0	0.14	0	0	0	11.55	0	0	12.5	0	65	51.74	0	0.14	2	2.79	12.5	11.55	0	0.46999999999999975	0	13.259999999999998	0	0	-0.14	0	0	0	0	0	-0.79	0	0	0.86	0	0.9499999999999993	0	13.259999999999998	-0.14	-0.79	0.9499999999999993	26	26	19	155	155	16	16	17.599999999999998	17.6	153	153	107	161	160.99	82.56	0	0	1	1.3	1.29	1.92	0	0	0	0	0	0	6	6	7	8.43	8.44	6.130000000000001	2	2	0.68	0.68	1	0	10.25	41.47	19.759999999999998	2.12	29.3	16.7	-1.5999999999999992	-1.6	-8.000000000000007	-7.990000000000002	24.44	-1.3	-1.29	-0.92	0	0	0	-2.4299999999999997	-2.44	0.8699999999999997	1.3199999999999998	1.32	-8.129999999999999	-12.17	-3.0599999999999996	260	243.55	16.45	1	3.21	-2.21	13	14.57	-1.5700000000000003	46	61.23	-15.23
"2026"	"TB"	1	"2026_01_TB_CIN"	"00-0036919"	"Kenny Gainwell"	"RB"	0	1	5	0	-5	0	1	0	0.87	0	3	15	0	4.83	20.45	0	0	0	0	0.01	0.04	0	0	0	0	0	0	0	0	1	0	0.08	1.59	0	0	0	0.01	0	0	0	1.39	2.28	0	1.3	1.5	18	25.28	0	0.05	1	1.6700000000000002	2.8	3.67	0	0.13	0	-1.83	-5.449999999999999	0	-0.01	-0.04	0	0	0	0	-0.08	-0.5900000000000001	0	-0.01	0	-0.08999999999999986	-0.7799999999999998	-7.280000000000001	-0.05	-0.6700000000000002	-0.8700000000000001	28	28	20	143	143	23	23	20.18	20.18	216	216	89	208.33	208.31	90.49	0	0	2	0.93	0.94	0.5	0	0	0	0	0	0	12	12	5	10.35	10.35	4.65	0	0	0.46	0.46	1	1	11.11	46.589999999999996	12.14	8.64	42.6	18.9	2.8200000000000003	2.8200000000000003	7.6699999999999875	7.689999999999998	-1.4899999999999984	-0.93	-0.94	1.5	0	0	0	1.6500000000000004	1.65	0.34999999999999987	-0.46	-0.46	-2.469999999999999	-3.989999999999999	6.76	305	298.8	6.199999999999999	2	1.44	0.56	17	15	1.9999999999999998	61.5	58.73	2.770000000000001
"2026"	"TB"	2	"2026_02_CLE_TB"	"00-0036919"	"Kenny Gainwell"	"RB"	0	4	2	0	-15	0	3	0	3.26	0	5	10	0	18.73	9.76	0	0	0	0	0.18	0.09	0	0	0	0	0	0	0	0	2	0	1.38	0.92	0	0	0	0.03	0	0	0	6.21	1.52	0	3.5	1	15	28.490000000000002	0	0.27	2	2.3	4.5	7.73	0	-0.2599999999999998	0	-13.73	0.2400000000000002	0	-0.18	-0.09	0	0	0	0	-1.38	1.08	0	-0.03	0	-2.71	-0.52	-13.490000000000002	-0.27	-0.2999999999999998	-3.2300000000000004	34	34	25	421	421	21	21	20.54	20.53	182	182	137	274.27	274.24	130.28	1	1	0	2.66	2.67	0.41000000000000003	0	0	0	0	0	0	7	7	9	12.78	12.77	6.63	1	1	0.97	0.9600000000000001	0	0	19.68	63.94	15.43	9.28	45.2	13.700000000000001	0.46000000000000085	0.4700000000000001	-92.26999999999998	-92.24000000000001	6.720000000000008	-1.6600000000000001	-1.67	-0.41000000000000003	0	0	0	-5.779999999999999	-5.77	2.3699999999999997	0.030000000000000027	0.03999999999999998	-10.4	-18.74	-1.73	319	404.52	-85.52	1	3.08	-2.08	16	19.4	-3.4	58.900000000000006	79.37	-20.47
"2026"	"TB"	3	"2026_03_MIN_TB"	"00-0036919"	"Kenny Gainwell"	"RB"	0	5	3	0	15	0	2	0	3.04	0	14	-4	0	26.34	15.21	0	0	0	0	0.25	0.01	0	0	0	0	0	0	0	1	0	0	1.35	0.25	0	1	0	0.12	0	0	0	7.18	1.57	0	3.4	-0.4	10	41.55	0	0.26	1	1.6	3	8.75	0	-1.04	0	-12.34	-19.21	0	-0.25	-0.01	0	0	0	0	-0.3500000000000001	-0.25	0	0.88	0	-3.78	-1.9700000000000002	-31.549999999999997	-0.26	-0.6000000000000001	-5.75	37	37	21	394	394	17	17	23.33	23.330000000000002	217	217	57	293.27	293.28000000000003	105.07	1	1	0	0.6900000000000001	0.7	0.06	0	0	0	0	0	0	7	7	2	12.66	12.66	4.71	2	2	1.3699999999999999	1.3900000000000001	0	0	11.75	56.809999999999995	10.870000000000001	8.68	44.699999999999996	5.699999999999999	-6.329999999999999	-6.330000000000001	-76.27000000000001	-76.28	-48.07	0.30999999999999994	0.30000000000000004	-0.06	0	0	0	-5.66	-5.66	-2.71	0.6300000000000001	0.61	-3.07	-12.11	-5.170000000000001	274	398.35	-124.35	1	0.76	0.24000000000000005	9	17.37	-8.370000000000001	50.39999999999999	67.67999999999999	-17.28
"2026"	"JAX"	1	"2026_01_CLE_JAX"	"00-0036971"	"Trevor Lawrence"	"QB"	23	0	2	242	0	18	0	14.63	0	245	0	3	191.81	0	9.77	4	0	0	1.93	0	0.01	0	0	0	0	0	0	13	0	1	9.85	0	0.85	0	0	0.49	0	0	0	14.42	0	1.03	25.8	0	0.3	248	201.58	4	1.94	14	10.7	26.1	15.45	3.369999999999999	0	53.19	0	-6.77	2.0700000000000003	0	-0.01	0	0	0	3.1500000000000004	0	0.15000000000000002	-0.49	0	11.38	0	-0.73	46.41999999999999	2.06	3.3000000000000007	10.650000000000002	23	23	32	242	242	18	18	14.63	14.620000000000001	245	245	126	191.81	191.81	139.71	4	4	0	1.93	1.9000000000000001	0.33	0	0	0	0	0	0	13	13	8	9.85	9.84	7.87	0	0	0.49	0.51	0	0	14.42	45.42	15.940000000000001	25.8	66.5	12.6	3.369999999999999	3.38	53.19	53.19	-13.709999999999997	2.0700000000000003	2.1	-0.33	0	0	0	3.1500000000000004	3.16	0.13000000000000028	-0.49	-0.51	11.38	21.080000000000002	-3.340000000000001	371	331.52	39.480000000000004	4	2.23	1.77	21	17.71	3.2900000000000005	79.1	61.36	17.740000000000002
"2026"	"JAX"	2	"2026_02_JAX_DEN"	"00-0036971"	"Trevor Lawrence"	"QB"	29	0	2	302	0	17	0	17.87	0	189	0	6	227.19	0	12.62	0	0	0	1.27	0	0.04	0	0	0	0	0	0	8	0	1	11.01	0	1.31	1	0	0.8	0	0	0	12.57	0	1.52	5.56	0	0.6	195	239.81	0	1.31	9	12.32	6.159999999999999	14.09	-0.870000000000001	0	-38.19	0	-6.619999999999999	-1.27	0	-0.04	0	0	0	-3.01	0	-0.31000000000000005	0.19999999999999996	0	-7.010000000000001	0	-0.92	-44.81	-1.31	-3.3200000000000003	-7.930000000000001	29	29	24	302	302	17	17	17.87	17.86	189	189	95	227.19	227.19	104.83	0	0	1	1.27	1.26	1.16	0	0	0	0	0	0	8	8	9	11.01	11.02	7.5600000000000005	1	1	0.8	0.82	0	0	12.57	48.21	17.47	5.56	35.9	15.5	-0.870000000000001	-0.8599999999999998	-38.19	-38.19	-9.830000000000002	-1.27	-1.26	-0.15999999999999998	0	0	0	-3.01	-3.02	1.4399999999999997	0.19999999999999996	0.18	-7.010000000000001	-12.309999999999999	-1.9700000000000002	284	332.02	-48.019999999999996	1	2.42	-1.42	17	18.58	-1.5800000000000003	51.4	65.68	-14.28
"2026"	"JAX"	3	"2026_03_NE_JAX"	"00-0036971"	"Trevor Lawrence"	"QB"	29	0	4	180	0	19	0	18.73	0	182	0	25	199.54	0	24.03	3	0	0	2.43	0	0.06	0	0	0	0	0	0	10	0	2	11.21	0	2.32	1	0	0.63	0	0	0	16.43	0	2.78	17.28	0	2.5	207	223.57	3	2.49	12	13.530000000000001	19.78	19.21	0.2699999999999996	0	-17.539999999999992	0	0.9699999999999989	0.5699999999999998	0	-0.06	0	0	0	-1.2100000000000009	0	-0.31999999999999984	0.37	0	0.8500000000000014	0	-0.2799999999999998	-16.569999999999993	0.5099999999999998	-1.5300000000000011	0.5700000000000003	29	29	30	180	180	19	19	18.73	18.72	182	182	137	199.54	199.54999999999998	132.48	3	3	2	2.43	2.4	1.23	0	0	0	0	0	0	10	10	10	11.21	11.209999999999999	9.33	1	1	0.63	0.62	0	0	16.43	53.25	20.67	17.28	55.199999999999996	25.7	0.2699999999999996	0.2799999999999998	-17.539999999999992	-17.549999999999997	4.520000000000005	0.5699999999999998	0.6	0.77	0	0	0	-1.2100000000000009	-1.2099999999999997	0.6700000000000004	0.37	0.37999999999999995	0.8500000000000014	1.9499999999999975	5.029999999999999	319	332.03	-13.029999999999992	5	3.63	1.37	20	20.54	-0.5399999999999994	80.89999999999999	73.92	6.979999999999997
"2026"	"DAL"	1	"2026_01_DAL_NYG"	"00-0036997"	"Javonte Williams"	"RB"	0	5	12	0	-11	0	5	0	4.13	0	31	41	0	23.39	41.4	0	1	1	0	0.12	1.47	0	0	0	0	0	0	0	2	2	0	1.16	3.27	0	0	0	0.04	0	0	0	7.19	12.94	0	14.1	10.1	72	64.78999999999999	2	1.5899999999999999	4	4.43	24.2	20.13	0	0.8700000000000001	0	7.609999999999999	-0.3999999999999986	0	0.88	-0.47	0	0	0	0	0.8400000000000001	-1.27	0	-0.04	0	6.909999999999999	-2.84	7.210000000000008	0.41000000000000014	-0.4299999999999997	4.07	34	34	18	309	309	22	22	22.01	22	175	175	69	250.51	250.52	75.44	2	2	1	1.62	1.61	1.5	0	0	0	0	0	0	12	12	4	11.57	11.57	5.43	1	1	0.88	0.88	0	0	14.73	56.79	16.58	13	51.5	12.899999999999999	-0.010000000000001563	4.440892098500626e-16	-75.50999999999999	-75.52	-6.439999999999999	0.3799999999999999	0.39	-0.5	0	0	0	0.4299999999999997	0.43000000000000027	-1.43	0.12	0.11999999999999995	-1.7300000000000004	-5.289999999999999	-3.6799999999999997	244	325.96000000000004	-81.96	3	3.1100000000000003	-0.10999999999999999	16	17	-0.9999999999999997	64.4	73.37	-8.969999999999999
"2026"	"DAL"	2	"2026_02_WAS_DAL"	"00-0036997"	"Javonte Williams"	"RB"	0	4	12	0	-12	0	3	0	3.29	0	20	30	0	22.65	48	0	0	0	0	0.14	0.61	0	0	0	0	0	0	0	0	0	0	0.88	3.56	0	0	0	0.02	0	0	0	6.42	8.44	0	5	3	50	70.65	0	0.75	0	4.44	8	14.86	0	-0.29000000000000004	0	-2.6499999999999986	-18	0	-0.14	-0.61	0	0	0	0	-0.88	-3.56	0	-0.02	0	-1.42	-5.4399999999999995	-20.650000000000006	-0.75	-4.44	-6.859999999999999	31	31	21	244	244	26	26	21.42	21.42	279	279	66	249.3	249.31	91.11	4	4	0	2.65	2.64	1.02	0	0	0	0	0	0	16	16	3	14.65	14.65	6.98	0	0	0.63	0.62	0	0	19.3	62.239999999999995	15.16	27.16	77.89999999999999	6.6000000000000005	4.579999999999998	4.58	29.69999999999999	29.689999999999994	-25.11	1.35	1.3599999999999999	-1.02	0	0	0	1.3499999999999996	1.3500000000000005	-3.98	-0.63	-0.62	7.859999999999999	15.66	-8.559999999999999	345	340.42	4.579999999999995	4	3.66	0.33999999999999986	19	21.630000000000003	-2.6299999999999994	84.49999999999999	77.39999999999999	7.100000000000001
"2026"	"DAL"	3	"2026_03_BAL_DAL"	"00-0036997"	"Javonte Williams"	"RB"	0	3	19	0	-9	0	2	0	2.6	0	5	98	0	19.07	74.82	0	0	1	0	0.08	0.74	0	0	0	0	0	0	0	1	7	0	1.06	5.38	0	0	0	0.02	0	0	0	4.98	11.93	0	2.5	15.8	103	93.88999999999999	1	0.82	8	6.4399999999999995	18.3	16.91	0	-0.6000000000000001	0	-14.07	23.180000000000007	0	-0.08	0.26	0	0	0	0	-0.06000000000000005	1.62	0	-0.02	0	-2.4800000000000004	3.870000000000001	9.110000000000014	0.18000000000000005	1.5600000000000005	1.3900000000000006	40	40	30	272	272	25	25	26.95	26.96	276	276	148	281.5	281.5	133.2	1	1	2	2.75	2.74	1.27	1	1	0	0.55	0.55	0	14	14	10	15.31	15.32	9.07	0	0	0.89	0.9	1	0	21.61	72.72	20.919999999999998	17.04	58.6	26.8	-1.9499999999999993	-1.9600000000000009	-5.5	-5.5	14.800000000000006	-1.75	-1.74	0.73	0.44999999999999996	0.44999999999999996	0	-1.3100000000000005	-1.3199999999999996	0.9299999999999998	-0.89	-0.9	-4.57	-14.120000000000001	5.880000000000001	424	414.7	9.300000000000006	3	4.01	-1.01	24	24.39	-0.3899999999999998	85.4	93.64	-8.24
"2026"	"PIT"	1	"2026_01_ATL_PIT"	"00-0037228"	"Jaylen Warren"	"RB"	0	6	10	0	-6	0	5	0	4.69	0	27	46	0	31.55	49.94	0	0	0	0	0.56	0.06	0	0	0	0	0	0	0	1	3	0	1.84	3.06	0	0	0	0.05	1	0	0	11.23	5.36	0	5.7	4.6	73	81.49	0	0.6200000000000001	4	4.9	10.3	16.59	0	0.3099999999999996	0	-4.550000000000001	-3.9399999999999977	0	-0.56	-0.06	0	0	0	0	-0.8400000000000001	-0.06000000000000005	0	-0.05	0	-5.53	-0.7600000000000007	-8.489999999999995	-0.6200000000000001	-0.9000000000000004	-6.289999999999999	41	41	21	407	407	24	24	25.78	25.77	221	221	58	305.18	305.19	82.22	1	1	0	2.63	2.62	0.12	0	0	0	0	0	0	10	10	3	14.77	14.76	4.01	0	0	0.98	0.98	1	0	20.77	72.07	8.97	12.84	50.1	5.8	-1.7799999999999996	-1.7699999999999998	-84.17999999999999	-84.19	-24.22	-1.6300000000000001	-1.62	-0.12	0	0	0	-4.77	-4.76	-1.01	-0.98	-0.98	-7.929999999999999	-21.97	-3.170000000000001	279	387.40999999999997	-108.41	1	2.74	-1.7400000000000002	13	18.77	-5.77	55.9	81.03999999999999	-25.14
"2026"	"PIT"	2	"2026_02_PIT_NE"	"00-0037228"	"Jaylen Warren"	"RB"	0	4	11	0	-11	0	2	0	3.06	0	34	43	0	18.93	52.39	0	0	0	0	0.03	0.03	0	0	0	0	0	0	0	1	1	0	0.99	2.46	0	0	0	0.04	0	0	0	5.1	5.39	0	5.4	4.3	77	71.32	0	0.06	2	3.45	9.7	10.489999999999998	0	-1.06	0	15.07	-9.39	0	-0.03	-0.03	0	0	0	0	0.010000000000000009	-1.46	0	-0.04	0	0.3000000000000007	-1.0899999999999999	5.680000000000007	-0.06	-1.4500000000000002	-0.7899999999999991	40	40	23	215	215	23	23	27.930000000000003	27.91	187	187	91	259.86	259.88	108.44	0	0	0	0.2	0.21000000000000002	0.04	0	0	0	0	0	0	10	10	4	14.819999999999999	14.83	6.22	1	1	0.83	0.84	0	0	9.56	55.12	11.12	5.48	41.7	9.1	-4.9300000000000015	-4.91	-72.86	-72.88	-17.44	-0.2	-0.21000000000000002	-0.04	0	0	0	-4.819999999999999	-4.83	-2.2199999999999998	0.17000000000000004	0.15999999999999998	-4.08	-13.42	-2.0199999999999996	278	368.32	-90.32	0	0.25	-0.25	14	21.05	-7.05	50.800000000000004	66.24	-15.44
"2026"	"PIT"	3	"2026_03_CIN_PIT"	"00-0037228"	"Jaylen Warren"	"RB"	0	4	17	0	-2	0	3	0	3.24	0	49	127	0	23.44	71.21	0	0	0	0	0.09	0.14	0	0	0	0	0	0	0	2	5	0	1.33	3.75	0	0	0	0.04	0	0	0	6.09	7.98	0	7.9	12.7	176	94.64999999999999	0	0.23	7	5.08	20.6	14.07	0	-0.2400000000000002	0	25.56	55.790000000000006	0	-0.09	-0.14	0	0	0	0	0.6699999999999999	1.25	0	-0.04	0	1.8100000000000005	4.719999999999999	81.35000000000001	-0.23	1.92	6.530000000000001	34	34	23	393	393	19	19	19.95	19.96	292	292	138	260.98	260.97	86.55999999999999	3	3	0	1.48	1.5	0.32	0	0	0	0	0	0	13	13	7	11.82	11.82	5.12	1	1	1.06	1.06	0	0	14.26	54.95	10.610000000000001	21.68	66.2	13.799999999999999	-0.9499999999999993	-0.9600000000000003	31.019999999999982	31.02999999999999	51.440000000000005	1.52	1.5	-0.32	0	0	0	1.1799999999999997	1.1800000000000002	1.8800000000000001	-0.06000000000000005	-0.06000000000000003	7.42	11.25	3.189999999999999	430	347.53000000000003	82.47	3	1.82	1.18	20	16.94	3.0600000000000005	80	65.56	14.44
"2026"	"ATL"	1	"2026_01_ATL_PIT"	"00-0037238"	"Drake London"	"WR"	0	4	1	0	22	0	2	0	2.81	0	29	6	0	26.04	5.81	0	0	0	0	0.03	0.02	0	0	0	0	0	0	0	1	0	0	0.97	0.29	0	0	0	0.08	0	0	0	5.58	0.69	0	4.9	0.6	35	31.849999999999998	0	0.05	1	1.26	5.5	6.27	0	-0.81	0	2.960000000000001	0.1900000000000004	0	-0.03	-0.02	0	0	0	0	0.030000000000000027	-0.29	0	-0.08	0	-0.6799999999999997	-0.08999999999999997	3.150000000000002	-0.05	-0.26	-0.7699999999999996	22	22	31	77	77	12	12	15.95	15.950000000000001	143	143	120	143.93	143.93	134.34	1	1	0	0.14	0.14	0.14	0	0	0	0	0	0	4	4	9	4.74	4.75	6.5	2	2	0.42	0.42	0	0	5.48	31.2	14.26	5.72	32.3	12	-3.9499999999999993	-3.95	-0.9300000000000068	-0.9300000000000068	-14.340000000000007	0.86	0.86	-0.14	0	0	0	-0.7400000000000002	-0.75	2.5	1.58	1.58	0.23999999999999932	1.0999999999999999	-2.2599999999999993	263	278.27	-15.270000000000014	1	0.28	0.72	13	11.25	1.75	44.3	45.46	-1.1599999999999995
"2026"	"ATL"	2	"2026_02_CAR_ATL"	"00-0037238"	"Drake London"	"WR"	0	5	1	0	23	0	4	0	3.87	0	51	-2	0	34.29	6.28	0	0	0	0	0.01	0.03	0	0	0	0	0	0	0	4	0	0	2.9	0.76	0	0	0	0.05	0	0	0	7.35	0.82	0	9.1	-0.2	49	40.57	0	0.04	4	3.66	8.9	8.17	0	0.1299999999999999	0	16.71	-8.280000000000001	0	-0.01	-0.03	0	0	0	0	1.1	-0.76	0	-0.05	0	1.75	-1.02	8.43	-0.04	0.33999999999999986	0.7300000000000004	32	32	32	159	159	18	18	23.54	23.54	145	145	157	209.59	209.61	159.15	0	0	0	0.17	0.16	0.14	0	0	0	0	0	0	10	10	7	12.34	12.35	8.08	3	3	0.63	0.63	0	1	7.799999999999999	45.5	16.77	-0.20000000000000007	32.5	13.7	-5.539999999999999	-5.54	-64.59	-64.61	-2.1500000000000075	-0.17	-0.16	-0.14	0	0	0	-2.34	-2.3499999999999996	-1.08	2.37	2.37	-8	-13	-3.0700000000000003	302	368.76	-66.76	0	0.30000000000000004	-0.30000000000000004	17	20.43	-3.4299999999999997	46.2	62.269999999999996	-16.07
"2026"	"ATL"	3	"2026_03_ATL_GB"	"00-0037238"	"Drake London"	"WR"	0	10	0	0	97	0	9	0	6.99	0	194	0	0	95.54	0	0	0	0	0	0.13	0	0	0	0	0	0	0	0	5	0	0	4.15	0	0	0	0	0.19	0	0	0	17.34	0	0	28.4	0	194	95.54	0	0.13	5	4.15	28.4	17.34	0	2.01	0	98.46	0	0	-0.13	0	0	0	0	0	0.8499999999999996	0	0	-0.19	0	11.059999999999999	0	98.46	-0.13	0.8499999999999996	11.059999999999999	25	25	41	149	149	18	18	17.98	17.990000000000002	256	256	242	187.6	187.6	152.84	1	1	3	0.69	0.69	2.23	1	1	0	0.59	0.59	0	8	8	15	8.85	8.860000000000001	9.52	1	1	0.4	0.4	0	0	10.64	42.07	28.669999999999998	14.24	51.6	42.199999999999996	0.019999999999999574	0.009999999999999565	68.4	68.39999999999999	89.16	0.31000000000000005	0.31	0.7700000000000001	0.41000000000000003	0.41000000000000003	0	-0.8499999999999996	-0.8600000000000003	5.48	0.6	0.6	3.5999999999999996	9.529999999999998	13.53	498	340.44	157.56	4	2.92	1.08	23	18.380000000000003	4.62	93.8	70.74	23.059999999999995
"2026"	"NO"	2	"2026_02_NO_BAL"	"00-0037239"	"Chris Olave"	"WR"	0	10	0	0	104	0	8	0	6.34	0	86	0	0	80.58	0	0	1	0	0	0.45	0	0	0	0	0	0	0	0	6	0	0	4.61	0	0	0	0	0.3	0	0	0	17.11	0	0	22.6	0	86	80.58	1	0.45	6	4.61	22.6	17.11	0	1.6600000000000001	0	5.420000000000002	0	0	0.55	0	0	0	0	0	1.3899999999999997	0	0	-0.3	0	5.490000000000002	0	5.420000000000002	0.55	1.3899999999999997	5.490000000000002	34	34	27	213	213	27	27	23.64	23.64	252	252	65	240.12	240.13	102.53	1	1	1	1.36	1.35	1.1800000000000002	0	0	1	0	0	0.38	11	11	6	12.14	12.14	7.03	0	0	0.74	0.74	0	0	13.57	55.81	18.16	14.08	58.2	14.5	3.3599999999999994	3.36	11.879999999999995	11.869999999999997	-37.53	-0.3600000000000001	-0.35	-0.18000000000000008	0	0	0.62	-1.1400000000000006	-1.1400000000000006	-1.0300000000000002	-0.74	-0.74	0.5099999999999998	2.3900000000000032	-3.6599999999999993	317	342.65999999999997	-25.660000000000004	2	2.5300000000000002	-0.53	17	19.17	-2.170000000000001	72.7	73.97	-1.269999999999996
"2026"	"NO"	3	"2026_03_LV_NO"	"00-0037239"	"Chris Olave"	"WR"	0	13	0	0	134	0	9	0	8.25	0	107	0	0	98.77	0	0	0	0	0	1.2	0	0	0	0	0	0	0	0	7	0	0	5.46	0	0	0	0	0.32	0	0	0	25.32	0	0	19.7	0	107	98.77	0	1.2	7	5.46	19.7	25.32	0	0.75	0	8.230000000000004	0	0	-1.2	0	0	0	0	0	1.54	0	0	-0.32	0	-5.620000000000001	0	8.230000000000004	-1.2	1.54	-5.620000000000001	42	42	28	311	311	29	29	28.01	28	255	255	148	276.2	276.21	119.72	4	4	0	3.44	3.44	1.05	0	0	0	0	0	0	18	18	8	15.73	15.72	8.39	1	1	0.83	0.84	1	0	23.15	76.29	18.31	24.2	76.5	14.8	0.9899999999999984	1	-21.19999999999999	-21.20999999999999	28.28	0.56	0.5599999999999999	-1.05	0	0	0	2.2699999999999996	2.28	-0.39000000000000024	0.17000000000000004	0.16	1.0500000000000007	0.2100000000000002	-3.51	403	395.92999999999995	7.070000000000011	4	4.49	-0.4900000000000001	26	24.11	1.8899999999999997	91.3	94.60000000000001	-3.3
"2026"	"DET"	2	"2026_02_DET_BUF"	"00-0037240"	"Jameson Williams"	"WR"	0	4	0	0	50	0	2	0	2.18	0	33	0	0	34.87	0	0	0	0	0	0.02	0	0	0	0	0	0	0	0	2	0	0	1.88	0	0	0	0	0.15	0	0	0	5.81	0	0	5.3	0	33	34.87	0	0.02	2	1.88	5.3	5.81	0	-0.18000000000000016	0	-1.8699999999999974	0	0	-0.02	0	0	0	0	0	0.1200000000000001	0	0	-0.15	0	-0.5099999999999998	0	-1.8699999999999974	-0.02	0.1200000000000001	-0.5099999999999998	38	38	20	337	337	26	26	24.58	24.59	327	327	66	300.5	300.5	90.84	4	4	0	2.32	2.31	0.35	0	0	0	0	0	0	19	19	2	15.87	15.87	3.5500000000000003	0	0	1.13	1.13	0	0	19.03	68.53	11.17	29.08	82.7	6.6	1.4200000000000017	1.4099999999999988	26.5	26.499999999999996	-24.839999999999996	1.6800000000000002	1.69	-0.35	0	0	0	3.130000000000001	3.130000000000001	-1.5500000000000003	-1.13	-1.13	10.049999999999997	14.170000000000005	-4.569999999999999	393	391.34000000000003	1.6600000000000001	4	2.66	1.3399999999999999	21	19.419999999999998	1.5800000000000005	89.3	79.7	9.600000000000005
"2026"	"DET"	3	"2026_03_NYJ_DET"	"00-0037240"	"Jameson Williams"	"WR"	0	4	0	0	48	0	4	0	2.79	0	49	0	0	42.76	0	0	0	0	0	0.07	0	0	0	0	0	0	0	0	2	0	0	2.16	0	0	0	0	0.06	0	0	0	7.48	0	0	8.9	0	49	42.76	0	0.07	2	2.16	8.9	7.48	0	1.21	0	6.240000000000002	0	0	-0.07	0	0	0	0	0	-0.16000000000000014	0	0	-0.06	0	1.42	0	6.240000000000002	-0.07	-0.16000000000000014	1.42	32	32	30	193	193	25	25	23.67	23.67	269	269	131	256.85	256.84	122.33	2	2	2	2.07	2.06	1.73	0	0	0	0	0	0	14	14	9	14.08	14.08	10.58	0	0	0.42	0.41	0	0	17.69	61.75	22.58	18.76	63.9	25.099999999999998	1.3299999999999983	1.3299999999999998	12.149999999999977	12.16	8.67	-0.06999999999999984	-0.06000000000000008	0.26999999999999996	0	0	0	-0.08000000000000007	-0.08000000000000018	-1.5800000000000003	-0.42	-0.41	1.0700000000000003	2.1499999999999995	2.519999999999999	400	379.16999999999996	20.83	4	3.79	0.20999999999999988	23	24.66	-1.6600000000000006	89	84.33	4.669999999999998
"2026"	"DAL"	1	"2026_01_DAL_NYG"	"00-0037247"	"George Pickens"	"WR"	0	6	0	0	104	0	3	0	3.03	0	28	0	0	54.6	0	0	0	0	0	0.07	0	0	0	0	0	0	0	0	2	0	0	2	0	0	0	0	0.22	0	0	0	8.92	0	0	5.8	0	28	54.6	0	0.07	2	2	5.8	8.92	0	-0.029999999999999805	0	-26.6	0	0	-0.07	0	0	0	0	0	0	0	0	-0.22	0	-3.12	0	-26.6	-0.07	0	-3.12	34	34	18	309	309	22	22	22.01	22	175	175	69	250.51	250.52	75.44	2	2	1	1.62	1.61	1.5	0	0	0	0	0	0	12	12	4	11.57	11.57	5.43	1	1	0.88	0.88	0	0	14.73	56.79	16.58	13	51.5	12.899999999999999	-0.010000000000001563	4.440892098500626e-16	-75.50999999999999	-75.52	-6.439999999999999	0.3799999999999999	0.39	-0.5	0	0	0	0.4299999999999997	0.43000000000000027	-1.43	0.12	0.11999999999999995	-1.7300000000000004	-5.289999999999999	-3.6799999999999997	244	325.96000000000004	-81.96	3	3.1100000000000003	-0.10999999999999999	16	17	-0.9999999999999997	64.4	73.37	-8.969999999999999
"2026"	"DAL"	2	"2026_02_WAS_DAL"	"00-0037247"	"George Pickens"	"WR"	0	8	0	0	83	0	6	0	5.17	0	40	0	0	67.97	0	0	0	0	0	0.37	0	0	0	0	0	0	0	0	4	0	0	4.21	0	0	0	0	0.15	0	0	0	14.19	0	0	10	0	40	67.97	0	0.37	4	4.21	10	14.19	0	0.8300000000000001	0	-27.97	0	0	-0.37	0	0	0	0	0	-0.20999999999999996	0	0	-0.15	0	-4.1899999999999995	0	-27.97	-0.37	-0.20999999999999996	-4.1899999999999995	31	31	21	244	244	26	26	21.42	21.42	279	279	66	249.3	249.31	91.11	4	4	0	2.65	2.64	1.02	0	0	0	0	0	0	16	16	3	14.65	14.65	6.98	0	0	0.63	0.62	0	0	19.3	62.239999999999995	15.16	27.16	77.89999999999999	6.6000000000000005	4.579999999999998	4.58	29.69999999999999	29.689999999999994	-25.11	1.35	1.3599999999999999	-1.02	0	0	0	1.3499999999999996	1.3500000000000005	-3.98	-0.63	-0.62	7.859999999999999	15.66	-8.559999999999999	345	340.42	4.579999999999995	4	3.66	0.33999999999999986	19	21.630000000000003	-2.6299999999999994	84.49999999999999	77.39999999999999	7.100000000000001
"2026"	"DAL"	3	"2026_03_BAL_DAL"	"00-0037247"	"George Pickens"	"WR"	0	11	0	0	80	0	7	0	7.28	0	82	0	0	78.38	0	0	0	0	0	1.08	0	0	0	0	0	0	0	0	4	0	0	5.09	0	0	0	0	0.27	0	0	0	21.59	0	0	15.2	0	82	78.38	0	1.08	4	5.09	15.2	21.59	0	-0.28000000000000025	0	3.6200000000000045	0	0	-1.08	0	0	0	0	0	-1.0899999999999999	0	0	-0.27	0	-6.390000000000001	0	3.6200000000000045	-1.08	-1.0899999999999999	-6.390000000000001	40	40	30	272	272	25	25	26.95	26.96	276	276	148	281.5	281.5	133.2	1	1	2	2.75	2.74	1.27	1	1	0	0.55	0.55	0	14	14	10	15.31	15.32	9.07	0	0	0.89	0.9	1	0	21.61	72.72	20.919999999999998	17.04	58.6	26.8	-1.9499999999999993	-1.9600000000000009	-5.5	-5.5	14.800000000000006	-1.75	-1.74	0.73	0.44999999999999996	0.44999999999999996	0	-1.3100000000000005	-1.3199999999999996	0.9299999999999998	-0.89	-0.9	-4.57	-14.120000000000001	5.880000000000001	424	414.7	9.300000000000006	3	4.01	-1.01	24	24.39	-0.3899999999999998	85.4	93.64	-8.24
"2026"	"WAS"	1	"2026_01_WAS_PHI"	"00-0037256"	"Rachaad White"	"RB"	0	2	7	0	-10	0	2	0	1.68	0	5	22	0	8.36	30.09	0	0	0	0	0.1	0.03	0	0	0	0	0	0	0	0	1	0	0.47	1.7	0	0	0	0.01	0	0	0	3.1	3.21	0	2.5	2.2	27	38.45	0	0.13	1	2.17	4.7	6.3100000000000005	0	0.32000000000000006	0	-3.3599999999999994	-8.09	0	-0.1	-0.03	0	0	0	0	-0.47	-0.7	0	-0.01	0	-0.6000000000000001	-1.0099999999999998	-11.450000000000003	-0.13	-1.17	-1.6100000000000003	34	34	32	317	317	18	18	21.55	21.54	164	164	132	248.12	248.13	139.81	2	2	1	2.13	2.12	1.09	0	0	0	0.52	0.52	0	10	10	9	14.01	14.01	7.7	0	0	0.99	1	0	0	17.5	60.19	20.56	14.56	46.4	19.200000000000003	-3.5500000000000007	-3.54	-84.12	-84.13000000000001	-7.8100000000000005	-0.1299999999999999	-0.12	-0.09000000000000008	-0.52	-0.52	0	-4.01	-4.01	1.3000000000000003	-0.99	-1	-2.9399999999999995	-13.79	-1.359999999999999	296	387.94	-91.94000000000001	3	3.21	-0.21000000000000008	19	21.71	-2.7099999999999995	65.6	80.75	-15.149999999999999
"2026"	"WAS"	2	"2026_02_WAS_DAL"	"00-0037256"	"Rachaad White"	"RB"	0	6	7	0	8	0	6	0	4.56	0	40	43	0	39.66	24.52	0	0	0	0	0.05	0.37	0	0	0	0	0	0	0	1	4	0	1.7	2.47	0	0	0	0.07	0	0	0	8.84	4.7	0	10	4.3	83	64.17999999999999	0	0.42	5	4.17	14.3	13.54	0	1.4400000000000004	0	0.3400000000000034	18.48	0	-0.05	-0.37	0	0	0	0	-0.7	1.5299999999999998	0	-0.07	0	1.1600000000000001	-0.40000000000000036	18.820000000000007	-0.42	0.8300000000000001	0.7600000000000016	35	35	32	359	359	23	23	22.02	22.02	207	207	182	248.16	248.15	147.27	2	2	0	3.97	3.97	0.63	0	0	0	0	0	0	11	11	11	13.33	13.34	9.290000000000001	0	0	0.79	0.78	1	0	24.259999999999998	70.69	18.51	16.28	53.7	18.2	0.9800000000000006	0.9800000000000009	-41.16	-41.15	34.730000000000004	-1.97	-1.97	-0.63	0	0	0	-2.3299999999999996	-2.34	1.71	-0.79	-0.78	-7.98	-16.990000000000002	-0.31000000000000055	389	395.42	-6.419999999999995	2	4.6000000000000005	-2.6	22	22.630000000000003	-0.6299999999999999	71.9	89.2	-17.300000000000004
"2026"	"WAS"	3	"2026_03_SEA_WAS"	"00-0037256"	"Rachaad White"	"RB"	0	1	8	0	6	0	1	0	0.41	0	6	35	0	2.54	36.19	0	1	0	0	0.41	0.04	0	0	0	0	0	0	0	1	1	0	0.38	1.09	0	0	0	0.04	0	0	0	3.14	3.85	0	7.6	3.5	41	38.73	1	0.44999999999999996	2	1.4700000000000002	11.1	6.99	0	0.5900000000000001	0	3.46	-1.1899999999999977	0	0.5900000000000001	-0.04	0	0	0	0	0.62	-0.09000000000000008	0	-0.04	0	4.459999999999999	-0.3500000000000001	2.270000000000003	0.55	0.5299999999999998	4.109999999999999	31	31	32	248	248	19	19	18.91	18.91	183	183	82	200.24	200.25	129.53	3	3	0	1.13	1.1199999999999999	0.37	0	0	0	0	0	0	10	10	5	8.76	8.77	6.9	0	0	0.83	0.83	0	0	10.89	45.73	15.23	19.32	55.3	8.2	0.08999999999999986	0.0900000000000008	-17.24000000000001	-17.25	-47.53	1.87	1.88	-0.37	0	0	0	1.2400000000000002	1.2300000000000002	-1.9000000000000004	-0.83	-0.83	8.43	9.57	-7.029999999999999	265	329.78	-64.78	3	1.4899999999999998	1.5099999999999998	15	15.67	-0.6700000000000002	63.5	60.959999999999994	2.540000000000001
"2026"	"MIN"	1	"2026_01_GB_MIN"	"00-0037525"	"Jordan Mason"	"RB"	0	0	15	0	0	0	0	0	0	0	0	59	0	0	57.05	0	0	1	0	0	0.71	0	0	0	0	0	0	0	0	2	0	0	3.58	0	0	0	0	0	0	0	0	9.98	0	0	11.9	59	57.05	1	0.71	2	3.58	11.9	9.98	0	0	0	0	1.9500000000000028	0	0	0.29000000000000004	0	0	0	0	0	-1.58	0	0	0	0	1.92	1.9500000000000028	0.29000000000000004	-1.58	1.92	24	24	34	176	176	15	15	16.46	16.47	151	151	107	172.64000000000001	172.64	124	3	3	2	1.07	1.07	1.3299999999999998	1	1	0	0.58	0.58	0	8	8	6	8.83	8.84	9.05	1	1	0.5	0.52	0	0	11.35	41.34	20.44	18.04	50.1	22.7	-1.4600000000000004	-1.4699999999999998	-21.640000000000015	-21.64	-16.999999999999996	1.93	1.9300000000000002	0.67	0.42000000000000004	0.42000000000000004	0	-0.8299999999999998	-0.8400000000000001	-3.05	0.5	0.4799999999999999	6.690000000000001	8.759999999999998	2.2599999999999993	258	296.64	-38.64	5	2.4	2.6	14	17.89	-3.8899999999999997	72.8	61.78	11.019999999999998
"2026"	"SEA"	1	"2026_01_NE_SEA"	"00-0037545"	"Rashid Shaheed"	"WR"	0	3	0	0	19	0	1	0	2	0	4	0	0	21.59	0	0	0	0	0	0.01	0	0	0	0	0	0	0	0	0	0	0	1.34	0	0	0	0	0.09	0	0	0	4.23	0	0	1.4	0	4	21.59	0	0.01	0	1.34	1.4	4.23	0	-1	0	-17.59	0	0	-0.01	0	0	0	0	0	-1.34	0	0	-0.09	0	-2.8300000000000005	0	-17.59	-0.01	-1.34	-2.8300000000000005	24	24	22	154	154	17	17	16.55	16.55	200	200	97	168.28	168.29	99.57000000000001	1	1	0	0.7	0.69	0.26	0	0	0	0	0	0	9	9	4	9.26	9.25	5.81	0	0	0.56	0.55	0	0	8.4	37.56	11.48	12	43	9.7	0.44999999999999996	0.44999999999999996	31.71999999999999	31.709999999999997	-2.570000000000004	0.30000000000000004	0.31000000000000005	-0.26	0	0	0	-0.25999999999999934	-0.25000000000000044	-1.8099999999999998	-0.56	-0.55	3.6000000000000005	5.439999999999998	-1.7799999999999994	297	267.86	29.139999999999993	1	0.95	0.050000000000000044	13	15.059999999999999	-2.0600000000000005	52.7	49.040000000000006	3.6599999999999984
"2026"	"SEA"	2	"2026_02_SEA_ARI"	"00-0037545"	"Rashid Shaheed"	"WR"	0	6	1	0	67	0	3	0	4.02	0	35	4	0	56.58	5.76	0	0	0	0	0.06	0.12	0	0	0	0	0	0	0	1	0	0	2.04	0.46	0	0	0	0.21	0	0	0	10.07	1.28	0	6.5	0.4	39	62.339999999999996	0	0.18	1	2.5	6.9	11.35	0	-1.0199999999999996	0	-21.58	-1.7599999999999998	0	-0.06	-0.12	0	0	0	0	-1.04	-0.46	0	-0.21	0	-3.5700000000000003	-0.88	-23.339999999999996	-0.18	-1.5	-4.449999999999999	26	26	40	227	227	19	19	16.81	16.81	235	235	162	197.25	197.23999999999998	140.79	3	3	1	1.63	1.62	4.32	0	0	0	0	0	0	12	12	9	10.24	10.24	9.79	0	0	0.7	0.71	0	1	13.01	46.31	39.980000000000004	21.4	60.5	20.2	2.1900000000000013	2.1900000000000004	37.75	37.760000000000005	21.210000000000004	1.37	1.38	-3.32	0	0	0	1.7599999999999998	1.7600000000000002	-0.7899999999999996	-0.7	-0.71	8.389999999999999	14.189999999999998	-19.78	397	338.03	58.97000000000001	4	5.94	-1.94	21	20.03	0.9700000000000006	80.7	86.29	-5.590000000000003
"2026"	"SEA"	3	"2026_03_SEA_WAS"	"00-0037545"	"Rashid Shaheed"	"WR"	0	3	0	0	15	0	2	0	2	0	14	0	0	18.16	0	0	0	0	0	0.01	0	0	0	0	0	0	0	0	0	0	0	0.71	0	0	0	0	0.07	0	0	0	3.88	0	0	3.4	0	14	18.16	0	0.01	0	0.71	3.4	3.88	0	0	0	-4.16	0	0	-0.01	0	0	0	0	0	-0.71	0	0	-0.07	0	-0.48	0	-4.16	-0.01	-0.71	-0.48	46	46	18	290	290	32	32	28.81	28.82	393	393	44	288.55	288.56	73.57	4	4	0	2.9899999999999998	2.98	1.67	0	0	0	0	0	0	22	22	3	16.11	16.11	4.44	2	2	1.07	1.07	0	1	21.349999999999998	75.59	17.41	27.72	95.3	2.4	3.19	3.1799999999999997	104.45000000000002	104.44	-29.57	1.01	1.02	-1.67	0	0	0	5.889999999999999	5.890000000000001	-1.44	0.9299999999999999	0.93	6.370000000000001	19.71	-15.01	437	362.13	74.87	4	4.65	-0.6499999999999999	25	20.55	4.450000000000001	97.7	93	4.700000000000001
"2026"	"IND"	1	"2026_01_BAL_IND"	"00-0037664"	"Alec Pierce"	"WR"	0	6	0	0	103	0	4	0	3.4	0	61	0	0	66.88	0	0	0	0	0	0.27	0	0	0	0	0	0	0	0	4	0	0	3.5	0	0	0	0	0.3	0	0	0	11.68	0	0	10.1	0	61	66.88	0	0.27	4	3.5	10.1	11.68	0	0.6000000000000001	0	-5.8799999999999955	0	0	-0.27	0	0	0	0	0	0.5	0	0	-0.3	0	-1.58	0	-5.8799999999999955	-0.27	0.5	-1.58	31	31	20	201	201	19	19	21.29	21.29	166	166	102	218.44	218.44	83.33	1	1	2	0.84	0.8300000000000001	1.56	0	0	0	0	0	0	8	8	8	10.57	10.57	4.86	1	1	0.75	0.76	1	0	10.59	48.160000000000004	17.709999999999997	8.64	39.6	22.2	-2.289999999999999	-2.2900000000000005	-52.44	-52.43999999999999	18.669999999999998	0.16000000000000003	0.16999999999999993	0.43999999999999995	0	0	0	-2.5700000000000003	-2.57	3.1399999999999997	0.25	0.24	-1.9499999999999993	-8.56	4.490000000000002	268	301.77	-33.769999999999996	3	2.39	0.6099999999999999	16	15.43	0.5699999999999998	61.8	65.87	-4.0699999999999985
"2026"	"IND"	2	"2026_02_IND_KC"	"00-0037664"	"Alec Pierce"	"WR"	0	1	0	0	10	0	1	0	0.65	0	11	0	0	9.21	0	0	0	0	0	0	0	0	0	0	0	0	0	0	1	0	0	0.61	0	0	0	0	0.02	0	0	0	1.6	0	0	2.1	0	11	9.21	0	0	1	0.61	2.1	1.6	0	0.35	0	1.7899999999999991	0	0	0	0	0	0	0	0	0.39	0	0	-0.02	0	0.5	0	1.7899999999999991	0	0.39	0.5	31	31	32	162	162	22	22	21.52	21.52	210	210	119	195.15	195.15	135.3	1	1	2	1.19	1.18	1.04	0	0	0	0	0	0	12	12	9	10.59	10.58	8.35	1	1	0.54	0.56	0	0	11.47	48.17	19.78	10.4	49	23.9	0.4800000000000004	0.4800000000000007	14.849999999999994	14.850000000000001	-16.299999999999997	-0.18999999999999995	-0.18000000000000002	0.9600000000000001	0	0	0	1.4100000000000001	1.4199999999999997	0.6500000000000004	0.45999999999999996	0.44	-1.0700000000000003	0.8299999999999984	4.119999999999998	329	330.45000000000005	-1.4499999999999957	3	2.2199999999999998	0.78	21	18.93	2.0700000000000003	72.9	67.95	4.949999999999997
"2026"	"NYJ"	1	"2026_01_NYJ_TEN"	"00-0037740"	"Garrett Wilson"	"WR"	0	7	0	0	77	0	6	0	4.71	0	79	0	0	69.29	0	0	0	0	0	0.14	0	0	0	0	0	0	0	0	3	0	0	3.37	0	0	0	0	0.13	0	0	0	12.46	0	0	13.9	0	79	69.29	0	0.14	3	3.37	13.9	12.46	0	1.29	0	9.709999999999994	0	0	-0.14	0	0	0	0	0	-0.3700000000000001	0	0	-0.13	0	1.4399999999999995	0	9.709999999999994	-0.14	-0.3700000000000001	1.4399999999999995	24	24	39	168	168	19	19	17	17.01	215	215	152	191.39	191.39000000000001	141.01	0	0	2	0.4	0.4	1.54	0	0	0	0	0	0	7	7	11	8.26	8.25	9.1	0	0	0.4	0.4	0	0	8.43	38.52	23.42	8.6	40.5	27.2	2	1.9900000000000002	23.610000000000014	23.609999999999992	10.989999999999998	-0.4	-0.4	0.45999999999999996	0	0	0	-1.2599999999999998	-1.2500000000000002	1.9	-0.4	-0.4	0.16999999999999993	1.9799999999999989	3.7799999999999994	367	332.4	34.599999999999994	2	1.94	0.05999999999999994	18	17.35	0.6499999999999997	67.7	61.940000000000005	5.759999999999998
"2026"	"NYJ"	2	"2026_02_GB_NYJ"	"00-0037740"	"Garrett Wilson"	"WR"	0	7	0	0	75	0	5	0	4.37	0	57	0	0	59.96	0	0	1	0	0	0.29	0	0	0	0	0	0	0	0	4	0	0	2.95	0	0	0	0	0.18	0	0	0	12.08	0	0	16.7	0	57	59.96	1	0.29	4	2.95	16.7	12.08	0	0.6299999999999999	0	-2.960000000000001	0	0	0.71	0	0	0	0	0	1.0499999999999998	0	0	-0.18	0	4.619999999999999	0	-2.960000000000001	0.71	1.0499999999999998	4.619999999999999	41	41	27	251	251	27	27	28.18	28.18	247	247	67	279.22	279.22	126.83	1	1	1	0.68	0.69	0.34	0	0	0	0	0	0	11	11	6	11.15	11.14	8.17	0	0	0.76	0.76	0	0	12.39	60.190000000000005	14.69	13.88	57.7	12.7	-1.1799999999999997	-1.1800000000000002	-32.22000000000003	-32.22	-59.83	0.31999999999999995	0.30999999999999994	0.66	0	0	0	-0.15000000000000036	-0.13999999999999976	-2.17	-0.76	-0.76	1.4900000000000002	-2.4900000000000007	-1.9900000000000002	314	406.05	-92.05	2	1.03	0.97	17	19.310000000000002	-2.3099999999999996	70.4	74.88000000000001	-4.48
"2026"	"NYJ"	3	"2026_03_NYJ_DET"	"00-0037740"	"Garrett Wilson"	"WR"	0	13	0	0	132	0	10	0	8.64	0	107	0	0	109.46	0	0	1	0	0	0.35	0	0	0	0	0	0.55	0	0	6	0	0	5.61	0	0	0	0	0.38	0	0	0	22.79	0	0	26.7	0	107	109.46	1	0.35	6	5.61	26.7	22.79	0	1.3599999999999994	0	-2.4599999999999937	0	0	0.65	0	0	-0.55	0	0	0.3899999999999997	0	0	-0.38	0	3.91	0	-2.4599999999999937	0.65	0.3899999999999997	3.91	37	37	19	322	322	31	31	25.6	25.6	321	321	58	287.18	287.18	78.59	3	3	0	1.47	1.46	0.99	1	1	0	1.13	1.12	0	16	16	5	14	13.98	5.91	0	0	0.93	0.9500000000000001	0	0	17.77	65.4	13.76	26.84	83.1	5.8	5.399999999999999	5.3999999999999995	33.81999999999999	33.82000000000001	-20.589999999999996	1.53	1.54	-0.99	-0.1299999999999999	-0.12	0	2	2.02	-0.9100000000000005	-0.93	-0.9500000000000001	9.07	17.7	-7.960000000000001	379	365.77	13.230000000000011	3	2.45	0.55	21	19.89	1.1099999999999994	88.89999999999999	79.16000000000001	9.739999999999998
"2026"	"NE"	1	"2026_01_NE_SEA"	"00-0037816"	"Romeo Doubs"	"WR"	0	3	0	0	75	0	0	0	1.42	0	0	0	0	35.49	0	0	0	0	0	0.22	0	0	0	0	0	0	0	0	0	0	0	1.44	0	0	1	0	0.11	0	0	0	6.29	0	0	0	0	0	35.49	0	0.22	0	1.44	0	6.29	0	-1.42	0	-35.49	0	0	-0.22	0	0	0	0	0	-1.44	0	0	0.89	0	-6.29	0	-35.49	-0.22	-1.44	-6.29	33	33	31	221	221	23	23	22.74	22.73	178	178	109	240.28	240.27	151.85	1	1	0	1.17	1.17	0.13	0	0	0	0	0	0	9	9	7	11.05	11.05	9.74	3	3	0.77	0.76	0	0	12.77	53.81	15.95	5.12	46.8	10.9	0.26000000000000156	0.27000000000000035	-62.28	-62.27	-42.85	-0.16999999999999993	-0.16999999999999996	-0.13	0	0	0	-2.0500000000000007	-2.05	-2.74	2.23	2.24	-7.6499999999999995	-7.010000000000002	-5.05	287	392.12	-105.12	1	1.2999999999999998	-0.29999999999999993	16	20.79	-4.79	57.699999999999996	69.76	-12.060000000000002
"2026"	"NE"	2	"2026_02_PIT_NE"	"00-0037816"	"Romeo Doubs"	"WR"	0	4	0	0	76	0	3	0	2.28	0	96	0	0	39.27	0	0	0	0	0	0.07	0	0	0	0	0	0	0	0	2	0	0	1.39	0	0	0	0	0.12	0	0	0	6.62	0	0	12.6	0	96	39.27	0	0.07	2	1.39	12.6	6.62	0	0.7200000000000002	0	56.73	0	0	-0.07	0	0	0	0	0	0.6100000000000001	0	0	-0.12	0	5.9799999999999995	0	56.73	-0.07	0.6100000000000001	5.9799999999999995	22	22	28	196	196	14	14	14.85	14.87	208	208	136	176.57	176.56	117.51	0	0	1	0.42	0.43000000000000005	0.16	0	0	0	0	0	0	6	6	7	7.43	7.42	7.08	1	1	0.42	0.43	1	0	7.89	35.03	12.700000000000001	6.32	32.8	19.599999999999998	-0.8499999999999996	-0.87	31.430000000000007	31.439999999999998	18.490000000000002	-0.42	-0.43000000000000005	0.84	0	0	0	-1.4299999999999997	-1.4199999999999997	-0.08000000000000035	0.5800000000000001	0.5700000000000001	-1.5699999999999994	-2.230000000000001	6.8999999999999995	344	294.07	49.93	1	0.5900000000000001	0.4099999999999999	13	14.5	-1.5	52.39999999999999	47.730000000000004	4.669999999999998
"2026"	"NE"	3	"2026_03_NE_JAX"	"00-0037816"	"Romeo Doubs"	"WR"	0	4	0	0	51	0	3	0	2.47	0	49	0	0	38.06	0	0	0	0	0	0.14	0	0	0	0	0	0	0	0	2	0	0	1.84	0	0	0	0	0.14	0	0	0	7.09	0	0	7.9	0	49	38.06	0	0.14	2	1.84	7.9	7.09	0	0.5299999999999998	0	10.939999999999998	0	0	-0.14	0	0	0	0	0	0.15999999999999992	0	0	-0.14	0	0.8100000000000005	0	10.939999999999998	-0.14	0.15999999999999992	0.8100000000000005	31	31	26	362	362	18	18	17.99	17.98	245	245	83	244.04	244.04000000000002	110.69	0	0	0	2.11	2.11	0.8200000000000001	0	0	0	0	0	0	8	8	6	11.16	11.15	7.569999999999999	2	2	0.91	0.92	0	0	16.35	55.01	16.01	5.8	42.5	8.3	0.010000000000000675	0.020000000000000018	0.9599999999999937	0.9599999999999893	-27.69	-2.11	-2.11	-0.8200000000000001	0	0	0	-3.1599999999999993	-3.15	-1.5699999999999996	1.09	1.0799999999999998	-10.549999999999999	-12.51	-7.710000000000001	328	354.73	-26.73000000000001	0	2.9299999999999997	-2.9299999999999997	14	18.72	-4.72	50.8	71.02	-20.22
"2026"	"SF"	1	"2026_01_SF_LA"	"00-0037834"	"Brock Purdy"	"QB"	34	0	5	149	0	25	0	24.83	0	205	0	29	222.71	0	20.34	3	0	0	3.3	0	0.04	0	0	0	0	0	0	12	0	4	14.69	0	2.72	1	0	0.44	0	0	0	21.22	0	2.28	18.2	0	2.9	234	243.05	3	3.34	16	17.41	21.099999999999998	23.5	0.1700000000000017	0	-17.710000000000008	0	8.66	-0.2999999999999998	0	-0.04	0	0	0	-2.6899999999999995	0	1.2799999999999998	0.56	0	-3.0199999999999996	0	0.6200000000000001	-9.050000000000011	-0.33999999999999986	-1.4100000000000001	-2.400000000000002	34	34	30	149	149	25	25	24.83	24.84	205	205	174	222.71	222.70000000000002	126.32000000000001	3	3	0	3.3	3.29	0.29000000000000004	0	0	0	0	0	0	12	12	10	14.69	14.68	7.15	1	1	0.44	0.43	0	0	21.22	66.87	14.39	18.2	63.5	17.4	0.1700000000000017	0.16000000000000014	-17.710000000000008	-17.700000000000006	47.67999999999999	-0.2999999999999998	-0.2899999999999999	-0.29000000000000004	0	0	0	-2.6899999999999995	-2.6799999999999997	2.8499999999999996	0.56	0.57	-3.0199999999999996	-3.370000000000002	3.01	379	349.02000000000004	29.979999999999986	3	3.58	-0.58	22	21.83	0.16999999999999993	80.9	81.26	-0.3600000000000021
"2026"	"SF"	2	"2026_02_MIA_SF"	"00-0037834"	"Brock Purdy"	"QB"	22	0	3	180	0	20	0	15.22	0	287	0	30	183.95	0	15.7	2	0	1	1.51	0	0.66	0	0	0	0	0	0	16	0	3	10.12	0	1.38	0	0	0.4	0	0	0	12.61	0	5.54	19.48	0	9	317	199.64999999999998	3	2.17	19	11.5	28.48	18.15	4.779999999999999	0	103.05000000000001	0	14.3	0.49	0	0.33999999999999997	0	0	0	5.880000000000001	0	1.62	-0.4	0	6.870000000000001	0	3.46	117.35000000000002	0.8300000000000001	7.5	10.330000000000002	22	22	27	180	180	20	20	15.22	15.2	287	287	95	183.95	183.94	99.77	2	2	3	1.51	1.51	3	0	0	0	0	0	0	16	16	6	10.12	10.13	7.4799999999999995	0	0	0.4	0.41000000000000003	0	0	12.61	42.69	28	19.48	60.7	27.5	4.779999999999999	4.800000000000001	103.05000000000001	103.05999999999999	-4.769999999999997	0.49	0.49	8.153200337090993e-17	0	0	0	5.880000000000001	5.87	-1.4799999999999998	-0.4	-0.41000000000000003	6.870000000000001	18.009999999999998	-0.49999999999999883	382	283.71	98.28999999999999	5	4.51	0.49000000000000005	22	17.61	4.390000000000001	88.2	70.69	17.509999999999998
"2026"	"SF"	3	"2026_03_ARI_SF"	"00-0037834"	"Brock Purdy"	"QB"	27	0	2	294	0	15	0	17.58	0	217	0	34	259.75	0	5.95	4	0	0	1.56	0	0.01	0	0	0	0	0	0	14	0	1	12.25	0	0.21	0	0	0.61	0	0	0	15.42	0	0.65	24.68	0	3.4	251	265.7	4	1.57	15	12.46	28.08	16.07	-2.5799999999999983	0	-42.75	0	28.05	2.44	0	-0.01	0	0	0	1.75	0	0.79	-0.61	0	9.26	0	2.75	-14.699999999999989	2.4299999999999997	2.539999999999999	12.009999999999998	27	27	23	294	294	15	15	17.58	17.59	217	217	140	259.75	259.76	102.11	4	4	1	1.56	1.56	0.95	0	0	0	0	0	0	14	14	7	12.25	12.25	5.6899999999999995	0	0	0.61	0.6	0	0	15.42	52.91	15.93	24.68	60.699999999999996	20	-2.5799999999999983	-2.5900000000000003	-42.75	-42.760000000000005	37.89	2.44	2.44	0.05000000000000004	0	0	0	1.75	1.7500000000000004	1.3100000000000005	-0.61	-0.6	9.26	7.789999999999999	4.07	357	361.87	-4.8700000000000045	5	2.51	2.4899999999999998	21	17.939999999999998	3.060000000000001	80.69999999999999	68.84	11.86
"2026"	"NYG"	1	"2026_01_DAL_NYG"	"00-0037838"	"Isaiah Likely"	"TE"	0	8	0	0	64	0	8	0	5.25	0	78	0	0	57.01	0	0	2	0	0	1.12	0	0	0	0	0	0	0	0	6	0	0	3.85	0	0	0	0	0.19	0	0	0	17.69	0	0	27.8	0	78	57.01	2	1.12	6	3.85	27.8	17.69	0	2.75	0	20.990000000000002	0	0	0.8799999999999999	0	0	0	0	0	2.15	0	0	-0.19	0	10.11	0	20.990000000000002	0.8799999999999999	2.15	10.11	29	29	37	245	245	23	23	19.96	19.95	230	230	165	237.9	237.9	148.23	3	3	1	1.91	1.9000000000000001	0.87	0	0	0	0	0	0	14	14	11	11.84	11.84	8.58	0	0	0.65	0.65	0	1	15.86	55.2	20.03	21.2	64	20.5	3.039999999999999	3.05	-7.900000000000006	-7.900000000000007	16.770000000000003	1.09	1.0999999999999999	0.13	0	0	0	2.16	2.1599999999999997	2.4199999999999995	-0.65	-0.65	5.34	8.799999999999999	0.4699999999999993	395	386.13	8.869999999999997	4	2.77	1.23	25	20.42	4.579999999999999	84.5	75.23	9.269999999999998
"2026"	"NYG"	2	"2026_02_NYG_LA"	"00-0037838"	"Isaiah Likely"	"TE"	0	10	0	0	48	0	5	0	7.44	0	33	0	0	67.05	0	0	0	0	0	0.04	0	0	0	0	0	0	0	0	3	0	0	4.14	0	0	0	0	0.12	0	0	0	14.39	0	0	8.3	0	33	67.05	0	0.04	3	4.14	8.3	14.39	0	-2.4400000000000004	0	-34.05	0	0	-0.04	0	0	0	0	0	-1.1399999999999997	0	0	-0.12	0	-6.09	0	-34.05	-0.04	-1.1399999999999997	-6.09	32	32	21	341	341	14	14	20.849999999999998	20.86	131	131	52	254.28	254.26999999999998	79.38	0	0	0	1.03	1.03	0.61	0	0	0	0	0	0	8	8	2	11.98	11.99	4.87	1	1	0.94	0.94	0	0	12.43	52.47	11.66	3.24	27.1	5.2	-6.849999999999999	-6.86	-123.28	-123.27	-27.380000000000003	-1.03	-1.03	-0.61	0	0	0	-3.980000000000001	-3.9899999999999998	-2.87	0.06	0.06000000000000004	-9.19	-25.37	-6.459999999999999	183	333.65	-150.65	0	1.6400000000000001	-1.6400000000000001	10	16.86	-6.859999999999999	32.300000000000004	64.13	-31.83
"2026"	"NYG"	3	"2026_03_TEN_NYG"	"00-0037838"	"Isaiah Likely"	"TE"	0	5	0	0	21	0	2	0	3.79	0	13	0	0	31.04	0	0	0	0	0	0.02	0	0	0	0	0	0	0	0	1	0	0	0.84	0	0	0	0	0.05	0	0	0	6.99	0	0	3.3	0	13	31.04	0	0.02	1	0.84	3.3	6.99	0	-1.79	0	-18.04	0	0	-0.02	0	0	0	0	0	0.16000000000000003	0	0	-0.05	0	-3.6900000000000004	0	-18.04	-0.02	0.16000000000000003	-3.6900000000000004	22	22	33	136	136	14	14	14.82	14.84	118	118	138	135.11	135.10999999999999	150.83	0	0	0	0.55	0.56	0.8200000000000001	0	0	0	0	0	0	6	6	9	4.65	4.65	6.239999999999999	0	0	0.35	0.36	0	0	6.91	31.64	20.060000000000002	4.72	25.8	13.8	-0.8200000000000003	-0.8400000000000001	-17.110000000000014	-17.109999999999996	-12.830000000000005	-0.55	-0.56	-0.8200000000000001	0	0	0	1.3499999999999996	1.35	2.7600000000000002	-0.35	-0.36	-2.1900000000000004	-5.840000000000002	-6.260000000000001	256	285.94	-29.94	0	1.3800000000000001	-1.3800000000000001	15	10.89	4.11	39.6	51.7	-12.100000000000001
"2026"	"LA"	1	"2026_01_SF_LA"	"00-0037840"	"Kyren Williams"	"RB"	0	3	11	0	7	0	3	0	2.14	0	24	41	0	17.73	42.1	0	0	1	0	0	0.74	0	0	0	0	0	0	0	1	3	0	0.64	2.42	0	0	0	0.03	0	0	0	3.93	8.62	0	5.4	10.1	65	59.83	1	0.74	4	3.06	15.5	12.549999999999999	0	0.8599999999999999	0	6.27	-1.1000000000000014	0	0	0.26	0	0	0	0	0.36	0.5800000000000001	0	-0.03	0	1.4700000000000002	1.4800000000000004	5.170000000000002	0.26	0.94	2.950000000000001	28	28	29	255	255	17	17	18.13	18.12	168	168	122	212.42	212.42000000000002	121.7	0	0	1	1.05	1.04	1.56	0	0	0	0	0	0	6	6	7	11.28	11.290000000000001	8.81	1	1	0.71	0.73	1	0	11.290000000000001	45.68	21.48	4.720000000000001	31.8	18.2	-1.13	-1.1199999999999997	-44.419999999999995	-44.42000000000001	0.3000000000000016	-1.05	-1.04	-0.5599999999999999	0	0	0	-5.279999999999999	-5.29	-1.8099999999999998	0.29000000000000004	0.27	-6.57	-13.879999999999999	-3.2799999999999994	290	334.12	-44.120000000000005	1	2.6	-1.6	13	20.1	-7.1	50	67.16	-17.159999999999997
"2026"	"LA"	2	"2026_02_NYG_LA"	"00-0037840"	"Kyren Williams"	"RB"	0	2	12	0	5	0	2	0	1.34	0	12	85	0	10.47	50.88	0	1	0	0	0.44	0.38	0	0	0	0	0	0	0	1	3	0	0.78	2.95	0	0	0	0.03	0	1	0	5.02	7.38	0	9.2	6.5	97	61.35	1	0.8200000000000001	4	3.7300000000000004	15.7	12.399999999999999	0	0.6599999999999999	0	1.5299999999999994	34.12	0	0.56	-0.38	0	0	0	0	0.21999999999999997	0.04999999999999982	0	-0.03	0	4.18	-0.8799999999999999	35.65	0.17999999999999994	0.2699999999999996	3.3000000000000007	31	31	28	331	331	22	22	20.1	20.11	327	327	163	276.95	276.93	108.61	4	4	0	2.03	2.04	0.5	0	0	0	0	0	0	15	15	8	12.31	12.33	6.23	1	1	0.56	0.55	0	1	18.1	59.99	13.83	27.08	78.7	14.3	1.8999999999999986	1.8900000000000006	50.05000000000001	50.06999999999999	54.39	1.9700000000000002	1.96	-0.5	0	0	0	2.6899999999999995	2.67	1.7699999999999998	0.43999999999999995	0.44999999999999996	8.979999999999997	18.709999999999997	0.4700000000000004	490	385.54	104.46	4	2.54	1.46	23	18.560000000000002	4.4399999999999995	93	73.82000000000001	19.179999999999996
"2026"	"TEN"	1	"2026_01_NYJ_TEN"	"00-0038117"	"Wan'Dale Robinson"	"WR"	0	6	0	0	23	0	5	0	4.38	0	38	0	0	37.53	0	0	0	0	0	0.02	0	0	0	0	0	0	0	0	3	0	0	2.66	0	0	0	0	0.11	0	0	0	8.27	0	0	8.8	0	38	37.53	0	0.02	3	2.66	8.8	8.27	0	0.6200000000000001	0	0.46999999999999886	0	0	-0.02	0	0	0	0	0	0.33999999999999986	0	0	-0.11	0	0.5300000000000011	0	0.46999999999999886	-0.02	0.33999999999999986	0.5300000000000011	32	32	14	190	190	19	19	20.9	20.91	140	140	68	204.51	204.51	74.13	1	1	0	1.2	1.19	0.09	0	0	0	0	0	0	6	6	4	11.67	11.66	3.95	0	0	0.82	0.82	0	0	11.34	48.57	7.93	9.6	39	6.8	-1.8999999999999986	-1.91	-64.50999999999999	-64.51	-6.1299999999999955	-0.19999999999999996	-0.19000000000000003	-0.09	0	0	0	-5.67	-5.66	0.050000000000000044	-0.82	-0.82	-1.7400000000000002	-9.569999999999999	-1.13	208	278.64	-70.64	1	1.28	-0.28	10	15.61	-5.61	45.8	56.5	-10.7
"2026"	"TEN"	2	"2026_02_PHI_TEN"	"00-0038117"	"Wan'Dale Robinson"	"WR"	0	1	0	0	6	0	1	0	0.66	0	9	0	0	6.33	0	0	0	0	0	0	0	0	0	0	0	0	0	0	1	0	0	0.66	0	0	0	0	0.02	0	0	0	1.3	0	0	1.9	0	9	6.33	0	0	1	0.66	1.9	1.3	0	0.33999999999999997	0	2.67	0	0	0	0	0	0	0	0	0.33999999999999997	0	0	-0.02	0	0.5999999999999999	0	2.67	0	0.33999999999999997	0.5999999999999999	20	20	29	140	140	13	13	13.46	13.46	183	183	122	148.98	148.98000000000002	116.4	0	0	2	0.67	0.66	2.83	0	0	0	0	0	0	7	7	7	6.68	6.68	7.07	0	0	0.69	0.69	0	0	7.26	32.39	28.63	7.32	31.3	24.2	-0.46000000000000085	-0.45999999999999996	34.02000000000001	34.019999999999996	5.6000000000000005	-0.67	-0.66	-0.8300000000000001	0	0	0	0.3200000000000003	0.31999999999999995	-0.07000000000000017	-0.69	-0.69	0.0600000000000005	-1.0899999999999987	-4.43	305	265.38	39.62	2	3.49	-1.4900000000000002	14	13.75	0.24999999999999978	55.5	61.019999999999996	-5.519999999999999
"2026"	"TEN"	3	"2026_03_TEN_NYG"	"00-0038117"	"Wan'Dale Robinson"	"WR"	0	11	0	0	62	0	7	0	6.97	0	57	0	0	50.58	0	0	1	0	0	0.54	0	0	0	0	0	0	0	0	4	0	0	2.58	0	0	0	0	0.19	0	0	0	15.25	0	0	18.7	0	57	50.58	1	0.54	4	2.58	18.7	15.25	0	0.03000000000000025	0	6.420000000000002	0	0	0.45999999999999996	0	0	0	0	0	1.42	0	0	-0.19	0	3.4499999999999993	0	6.420000000000002	0.45999999999999996	1.42	3.4499999999999993	36	36	21	228	228	23	23	21.86	21.87	181	181	81	186.4	186.39	89.85	1	1	0	1.7	1.7	0.44	0	0	0	0	0	0	11	11	4	9.9	9.9	4.6000000000000005	1	1	0.75	0.75	0	0	12.77	50.71	11.62	9.24	47.1	8.1	1.1400000000000006	1.1300000000000003	-5.400000000000006	-5.389999999999995	-8.849999999999996	-0.7	-0.7000000000000001	-0.44	0	0	0	1.0999999999999996	1.0999999999999999	-0.6000000000000003	0.25	0.24999999999999992	-3.5299999999999994	-3.6099999999999985	-3.519999999999999	262	276.24	-14.239999999999991	1	2.14	-1.1400000000000001	15	14.5	0.49999999999999956	55.2	62.33	-7.129999999999997
"2026"	"NYJ"	1	"2026_01_NYJ_TEN"	"00-0038120"	"Breece Hall"	"RB"	0	2	22	0	3	0	2	0	1.55	0	16	102	0	13.57	88.09	0	0	1	0	0.02	0.72	0	0	0	0	0	0	0	0	7	0	0.43	4.79	0	0	0	0.01	0	0	0	3.03	13.15	0	3.6	16.2	118	101.66	1	0.74	7	5.22	19.8	16.18	0	0.44999999999999996	0	2.4299999999999997	13.909999999999997	0	-0.02	0.28	0	0	0	0	-0.43	2.21	0	-0.01	0	0.5700000000000003	3.049999999999999	16.340000000000003	0.26	1.7800000000000002	3.620000000000001	24	24	39	168	168	19	19	17	17.01	215	215	152	191.39	191.39000000000001	141.01	0	0	2	0.4	0.4	1.54	0	0	0	0	0	0	7	7	11	8.26	8.25	9.1	0	0	0.4	0.4	0	0	8.43	38.52	23.42	8.6	40.5	27.2	2	1.9900000000000002	23.610000000000014	23.609999999999992	10.989999999999998	-0.4	-0.4	0.45999999999999996	0	0	0	-1.2599999999999998	-1.2500000000000002	1.9	-0.4	-0.4	0.16999999999999993	1.9799999999999989	3.7799999999999994	367	332.4	34.599999999999994	2	1.94	0.05999999999999994	18	17.35	0.6499999999999997	67.7	61.940000000000005	5.759999999999998
"2026"	"NYJ"	2	"2026_02_GB_NYJ"	"00-0038120"	"Breece Hall"	"RB"	0	5	16	0	-1	0	5	0	3.83	0	63	29	0	29.94	73.08	0	0	0	0	0.01	0.07	0	0	0	0	0	0	0	2	2	0	1.02	4.01	0	0	0	0.04	0	0	0	6.88	7.71	0	11.3	2.9	92	103.02	0	0.08	4	5.029999999999999	14.200000000000001	14.59	0	1.17	0	33.06	-44.08	0	-0.01	-0.07	0	0	0	0	0.98	-2.01	0	-0.04	0	4.420000000000001	-4.8100000000000005	-11.019999999999996	-0.08	-1.0299999999999994	-0.3899999999999988	41	41	27	251	251	27	27	28.18	28.18	247	247	67	279.22	279.22	126.83	1	1	1	0.68	0.69	0.34	0	0	0	0	0	0	11	11	6	11.15	11.14	8.17	0	0	0.76	0.76	0	0	12.39	60.190000000000005	14.69	13.88	57.7	12.7	-1.1799999999999997	-1.1800000000000002	-32.22000000000003	-32.22	-59.83	0.31999999999999995	0.30999999999999994	0.66	0	0	0	-0.15000000000000036	-0.13999999999999976	-2.17	-0.76	-0.76	1.4900000000000002	-2.4900000000000007	-1.9900000000000002	314	406.05	-92.05	2	1.03	0.97	17	19.310000000000002	-2.3099999999999996	70.4	74.88000000000001	-4.48
"2026"	"NYJ"	3	"2026_03_NYJ_DET"	"00-0038120"	"Breece Hall"	"RB"	0	3	13	0	-2	0	3	0	2.49	0	23	32	0	20.25	51.29	0	0	0	0	0.01	0.91	0	0	0	0	0	0	0	1	4	0	1.41	4.19	0	0	0	0.02	0	0	0	4.56	10.56	0	5.3	3.2	55	71.53999999999999	0	0.92	5	5.6000000000000005	8.5	15.120000000000001	0	0.5099999999999998	0	2.75	-19.29	0	-0.01	-0.91	0	0	0	0	-0.4099999999999999	-0.1900000000000004	0	-0.02	0	0.7400000000000002	-7.36	-16.539999999999992	-0.92	-0.6000000000000005	-6.620000000000001	37	37	19	322	322	31	31	25.6	25.6	321	321	58	287.18	287.18	78.59	3	3	0	1.47	1.46	0.99	1	1	0	1.13	1.12	0	16	16	5	14	13.98	5.91	0	0	0.93	0.9500000000000001	0	0	17.77	65.4	13.76	26.84	83.1	5.8	5.399999999999999	5.3999999999999995	33.81999999999999	33.82000000000001	-20.589999999999996	1.53	1.54	-0.99	-0.1299999999999999	-0.12	0	2	2.02	-0.9100000000000005	-0.93	-0.9500000000000001	9.07	17.7	-7.960000000000001	379	365.77	13.230000000000011	3	2.45	0.55	21	19.89	1.1099999999999994	88.89999999999999	79.16000000000001	9.739999999999998
"2026"	"GB"	1	"2026_01_GB_MIN"	"00-0038124"	"Christian Watson"	"WR"	0	8	0	0	127	0	6	0	4.6	0	147	0	0	71.59	0	0	2	0	0	0.8	0	0	0	0	0	0	0	0	5	0	0	4.06	0	0	1	0	0.22	0	0	0	16.57	0	0	32.7	0	147	71.59	2	0.8	5	4.06	32.7	16.57	0	1.4000000000000004	0	75.41	0	0	1.2	0	0	0	0	0	0.9400000000000004	0	0	0.78	0	16.130000000000003	0	75.41	1.2	0.9400000000000004	16.130000000000003	42	42	21	469	469	21	21	25.38	25.39	387	387	66	342.28	342.28000000000003	94.52	2	2	0	2.66	2.65	0.38	0	0	0	0	0	0	16	16	3	18.35	18.369999999999997	4.27	1	1	1.19	1.18	0	0	21.93	75.55	11.75	21.48	71.7	6.6	-4.379999999999999	-4.39	44.72000000000003	44.719999999999985	-28.52	-0.6600000000000001	-0.65	-0.38	0	0	0	-2.3500000000000014	-2.3699999999999988	-1.2699999999999998	-0.18999999999999995	-0.17999999999999997	-0.4499999999999993	-3.849999999999996	-5.15	453	436.8	16.199999999999985	2	3.03	-1.03	19	22.639999999999997	-3.639999999999999	78.3	87.3	-8.999999999999996
"2026"	"GB"	2	"2026_02_GB_NYJ"	"00-0038124"	"Christian Watson"	"WR"	0	11	0	0	86	0	4	0	7.19	0	41	0	0	82.5	0	0	1	0	0	0.54	0	0	0	0	0	0	0	0	2	0	0	4.64	0	0	0	0	0.26	0	0	0	18.7	0	0	14.1	0	41	82.5	1	0.54	2	4.64	14.1	18.7	0	-3.1900000000000004	0	-41.5	0	0	0.45999999999999996	0	0	0	0	0	-2.6399999999999997	0	0	-0.26	0	-4.6	0	-41.5	0.45999999999999996	-2.6399999999999997	-4.6	29	29	18	216	216	16	16	20.1	20.1	145	145	63	208.63	208.63	75.59	2	2	0	1.03	1.02	0.25	0	0	0	0	0	0	8	8	4	9.35	9.35	2.09	0	0	0.64	0.65	0	1	11.17	47.13	9.07	13.8	42.5	4.300000000000001	-4.100000000000001	-4.1000000000000005	-63.629999999999995	-63.63000000000001	-12.59	0.97	0.9799999999999999	-0.25	0	0	0	-1.3499999999999996	-1.3499999999999996	1.91	-0.64	-0.65	2.630000000000001	-4.630000000000001	-4.77	208	284.22	-76.22000000000001	2	1.27	0.7299999999999999	12	11.44	0.5600000000000003	46.8	56.2	-9.4
"2026"	"GB"	3	"2026_03_ATL_GB"	"00-0038124"	"Christian Watson"	"WR"	0	10	0	0	91	0	7	0	6.19	0	96	0	0	72.71	0	0	1	0	0	1.15	0	0	0	0	0	0	0	0	5	0	0	5.75	0	0	0	0	0.29	0	0	0	20.33	0	0	22.6	0	96	72.71	1	1.15	5	5.75	22.6	20.33	0	0.8099999999999996	0	23.290000000000006	0	0	-0.1499999999999999	0	0	0	0	0	-0.75	0	0	-0.29	0	2.270000000000003	0	23.290000000000006	-0.1499999999999999	-0.75	2.270000000000003	53	53	9	392	392	28	28	33.71	33.72	312	312	17	343.28	343.28999999999996	32.9	2	2	0	2.43	2.43	0.3	0	0	0	0	0	0	15	15	1	19.16	19.16	1.51	1	1	1.45	1.46	0	0	20.56	82.64999999999999	5.1	18.48	71.2	1.7000000000000002	-5.710000000000001	-5.720000000000001	-31.279999999999973	-31.28999999999999	-15.9	-0.43000000000000016	-0.42999999999999994	-0.3	0	0	0	-4.16	-4.16	-0.51	-0.44999999999999996	-0.46	-2.0799999999999983	-11.449999999999996	-3.4	329	376.18999999999994	-47.18999999999999	2	2.73	-0.73	16	20.67	-4.67	72.9	87.74999999999999	-14.849999999999996
"2026"	"KC"	1	"2026_01_DEN_KC"	"00-0038134"	"Kenneth Walker III"	"RB"	0	6	23	0	-2	0	3	0	4.88	0	18	173	0	36.59	96.87	0	1	1	0	0.65	0.67	0	0	0	0	0	0	0	2	8	0	1.89	6.63	0	0	0	0.06	0	0	0	12.46	13.69	0	10.8	23.3	191	133.46	2	1.32	10	8.52	34.1	26.15	0	-1.88	0	-18.590000000000003	76.13	0	0.35	0.32999999999999996	0	0	0	0	0.1100000000000001	1.37	0	-0.06	0	-1.6600000000000001	9.610000000000001	57.53999999999999	0.6799999999999999	1.4800000000000004	7.950000000000003	27	27	38	133	133	15	15	19.57	19.57	184	184	220	202.03	202.03	151.17000000000002	2	2	2	0.96	0.9500000000000001	1.1800000000000002	0	0	0	0	0	0	7	7	11	10.5	10.5	9.65	1	1	0.47	0.47000000000000003	0	0	10.99	45.54	22.14	13.36	45.4	34	-4.57	-4.569999999999999	-18.03	-18.029999999999998	68.83	1.04	1.0499999999999998	0.8200000000000001	0	0	0	-3.5	-3.5	1.35	0.53	0.53	2.369999999999999	-0.1399999999999999	11.860000000000003	404	353.20000000000005	50.8	4	2.1300000000000003	1.8699999999999999	18	20.15	-2.15	79.4	67.68	11.720000000000002
"2026"	"KC"	2	"2026_02_IND_KC"	"00-0038134"	"Kenneth Walker III"	"RB"	0	10	24	0	13	0	6	0	7.23	0	61	117	0	57.36	99.19	0	0	0	0	0.38	1.86	0	0	0	0	0	0	0	2	7	0	2.55	7.16	0	0	0	0.14	0	0	0	15.22	21.09	0	12.1	11.7	178	156.55	0	2.24	9	9.71	23.799999999999997	36.31	0	-1.2300000000000004	0	3.6400000000000006	17.810000000000002	0	-0.38	-1.86	0	0	0	0	-0.5499999999999998	-0.16000000000000014	0	-0.14	0	-3.120000000000001	-9.39	21.44999999999999	-2.24	-0.7100000000000009	-12.510000000000005	47	47	29	262	262	32	32	33.61	33.6	382	382	152	325.36	325.37	125.81	3	3	0	2.84	2.85	1.8900000000000001	0	0	0	0	0	0	19	19	10	17.9	17.9	10.04	0	0	0.8	0.79	0	0	22.77	83.16	23.919999999999998	27.28	88.2	15.2	-1.6099999999999994	-1.6000000000000019	56.639999999999986	56.629999999999995	26.19	0.16000000000000014	0.14999999999999988	-1.8900000000000001	0	0	0	1.1000000000000014	1.100000000000001	-0.040000000000000036	-0.8	-0.79	4.510000000000002	5.039999999999997	-8.72	534	451.18	82.82	3	4.74	-1.7400000000000002	29	27.939999999999998	1.060000000000001	103.4	107.08	-3.6800000000000033
"2026"	"KC"	3	"2026_03_KC_MIA"	"00-0038134"	"Kenneth Walker III"	"RB"	0	2	18	0	-7	0	2	0	1.69	0	3	70	0	7.92	74.94	0	1	1	0	0.62	0.62	0	0	0	0	0	0	0	1	4	0	0.49	5.58	0	0	0	0.01	0	0	0	6.2	11.22	0	8.3	13	73	82.86	2	1.24	5	6.07	21.3	17.42	0	0.31000000000000005	0	-4.92	-4.939999999999998	0	0.38	0.38	0	0	0	0	0.51	-1.58	0	-0.01	0	2.1000000000000005	1.7799999999999994	-9.86	0.76	-1.0700000000000003	3.879999999999999	24	24	25	161	161	20	20	17.03	17.03	246	246	88	192.01	192.02	111.06	2	2	1	1.62	1.62	0.72	0	0	0	0	0	0	11	11	5	8.16	8.18	7.43	1	1	0.53	0.54	0	0	13.09	45.93	15.47	15.84	56.6	14.8	2.969999999999999	2.9699999999999993	53.99000000000001	53.980000000000004	-23.06	0.3799999999999999	0.3799999999999999	0.28	0	0	0	2.84	2.8200000000000003	-2.43	0.47	0.45999999999999996	2.75	10.670000000000003	-0.6700000000000007	334	303.08000000000004	30.920000000000005	3	2.34	0.6599999999999999	16	15.61	0.3900000000000001	71.4	61.4	10.000000000000004
"2026"	"LAC"	1	"2026_01_ARI_LAC"	"00-0038454"	"Keaton Mitchell"	"RB"	0	0	4	0	0	0	0	0	0	0	0	9	0	0	16.42	0	0	0	0	0	0.28	0	0	0	0	0	0	0	0	0	0	0	0.69	0	0	0	0	0	0	0	0	3.35	0	0	0.9	9	16.42	0	0.28	0	0.69	0.9	3.35	0	0	0	0	-7.420000000000002	0	0	-0.28	0	0	0	0	0	-0.69	0	0	0	0	-2.45	-7.420000000000002	-0.28	-0.69	-2.45	27	27	21	273	273	17	17	18.76	18.759999999999998	209	209	81	239.94	239.93	103.97999999999999	1	1	1	1.1	1.0799999999999998	1.25	0	0	0	0	0	0	9	9	6	8.97	8.98	5.96	1	1	0.65	0.65	0	1	12.68	49.32	17.95	10.36	43.9	12.100000000000001	-1.7600000000000016	-1.7599999999999993	-30.939999999999998	-30.929999999999996	-22.979999999999997	-0.10000000000000009	-0.07999999999999996	-0.2500000000000001	0	0	0	0.02999999999999936	0.020000000000000018	0.040000000000000036	0.35	0.35	-2.3200000000000003	-5.42	-5.8500000000000005	290	343.90999999999997	-53.91	2	2.33	-0.33000000000000007	15	14.940000000000001	0.06000000000000005	56	67.27	-11.27
"2026"	"LAC"	3	"2026_03_LAC_BUF"	"00-0038454"	"Keaton Mitchell"	"RB"	0	3	8	0	-11	0	3	0	2.54	0	-5	52	0	15.17	38.77	0	1	0	0	0.62	0.07	0	0	0	0	0	0	0	1	1	0	1.29	1.45	0	0	0	0.02	0	0	0	7.79	4.3	0	8.5	5.2	47	53.940000000000005	1	0.69	2	2.74	13.7	12.09	0	0.45999999999999996	0	-20.17	13.229999999999997	0	0.38	-0.07	0	0	0	0	-0.29000000000000004	-0.44999999999999996	0	-0.02	0	0.71	0.9000000000000004	-6.940000000000005	0.31000000000000005	-0.7400000000000002	1.6099999999999994	34	34	28	292	292	20	20	21.39	21.400000000000002	226	226	131	249.54	249.52	118.52	1	1	0	2.28	2.27	1.05	0	0	0	0	0	0	11	11	6	12.36	12.37	6.21	1	1	0.8	0.8	0	0	17.48	60	18.16	11.04	48.6	13.1	-1.3900000000000006	-1.4000000000000006	-23.539999999999992	-23.520000000000003	12.479999999999999	-1.2799999999999998	-1.27	-1.05	0	0	0	-1.3599999999999994	-1.3699999999999997	-0.2100000000000002	0.19999999999999996	0.2	-6.440000000000001	-11.4	-5.0600000000000005	357	368.04	-11.040000000000004	1	3.3200000000000003	-2.3200000000000003	17	18.58	-1.5799999999999998	61.7	78.16	-16.46
"2026"	"LAC"	1	"2026_01_ARI_LAC"	"00-0038544"	"Quentin Johnston"	"WR"	0	6	0	0	39	0	2	0	4.5	0	17	0	0	46.19	0	0	0	0	0	0.02	0	0	0	0	0	0	0	0	0	0	0	1.46	0	0	0	0	0.11	0	0	0	9.26	0	0	3.7	0	17	46.19	0	0.02	0	1.46	3.7	9.26	0	-2.5	0	-29.189999999999998	0	0	-0.02	0	0	0	0	0	-1.46	0	0	-0.11	0	-5.56	0	-29.189999999999998	-0.02	-1.46	-5.56	27	27	21	273	273	17	17	18.76	18.759999999999998	209	209	81	239.94	239.93	103.97999999999999	1	1	1	1.1	1.0799999999999998	1.25	0	0	0	0	0	0	9	9	6	8.97	8.98	5.96	1	1	0.65	0.65	0	1	12.68	49.32	17.95	10.36	43.9	12.100000000000001	-1.7600000000000016	-1.7599999999999993	-30.939999999999998	-30.929999999999996	-22.979999999999997	-0.10000000000000009	-0.07999999999999996	-0.2500000000000001	0	0	0	0.02999999999999936	0.020000000000000018	0.040000000000000036	0.35	0.35	-2.3200000000000003	-5.42	-5.8500000000000005	290	343.90999999999997	-53.91	2	2.33	-0.33000000000000007	15	14.940000000000001	0.06000000000000005	56	67.27	-11.27
"2026"	"LAC"	3	"2026_03_LAC_BUF"	"00-0038544"	"Quentin Johnston"	"WR"	0	6	0	0	68	0	3	0	3.87	0	40	0	0	56.42	0	0	0	0	0	0.05	0	0	0	0	0	0	0	0	2	0	0	2.98	0	0	0	0	0.14	0	0	0	9.82	0	0	7	0	40	56.42	0	0.05	2	2.98	7	9.82	0	-0.8700000000000001	0	-16.42	0	0	-0.05	0	0	0	0	0	-0.98	0	0	-0.14	0	-2.8200000000000003	0	-16.42	-0.05	-0.98	-2.8200000000000003	34	34	28	292	292	20	20	21.39	21.400000000000002	226	226	131	249.54	249.52	118.52	1	1	0	2.28	2.27	1.05	0	0	0	0	0	0	11	11	6	12.36	12.37	6.21	1	1	0.8	0.8	0	0	17.48	60	18.16	11.04	48.6	13.1	-1.3900000000000006	-1.4000000000000006	-23.539999999999992	-23.520000000000003	12.479999999999999	-1.2799999999999998	-1.27	-1.05	0	0	0	-1.3599999999999994	-1.3699999999999997	-0.2100000000000002	0.19999999999999996	0.2	-6.440000000000001	-11.4	-5.0600000000000005	357	368.04	-11.040000000000004	1	3.3200000000000003	-2.3200000000000003	17	18.58	-1.5799999999999998	61.7	78.16	-16.46
"2026"	"ARI"	1	"2026_01_ARI_LAC"	"00-0038559"	"Michael Wilson"	"WR"	0	7	0	0	83	0	5	0	4.34	0	56	0	0	60.4	0	0	0	0	0	0.12	0	0	0	0	0	0	0	0	3	0	0	2.57	0	0	0	0	0.14	0	0	0	11.13	0	0	10.6	0	56	60.4	0	0.12	3	2.57	10.6	11.13	0	0.6600000000000001	0	-4.399999999999999	0	0	-0.12	0	0	0	0	0	0.43000000000000016	0	0	-0.14	0	-0.5300000000000011	0	-4.399999999999999	-0.12	0.43000000000000016	-0.5300000000000011	37	37	34	283	283	27	27	25.35	25.34	277	277	116	270.27	270.27	121.25	1	1	1	1.47	1.45	0.99	0	0	0	0	0	0	15	15	7	12.89	12.89	6.84	0	0	0.62	0.63	0	0	15.44	61.19	18.06	15.08	60.7	17.599999999999998	1.6499999999999986	1.6599999999999993	6.730000000000018	6.730000000000004	-5.250000000000005	-0.47	-0.45000000000000007	0.010000000000000026	0	0	0	2.1099999999999994	2.11	0.16000000000000014	-0.62	-0.63	-0.35999999999999943	-0.4900000000000002	-0.4600000000000004	393	391.52	1.4799999999999986	2	2.44	-0.44000000000000006	22	19.73	2.27	78.3	79.25	-0.9500000000000006
"2026"	"ARI"	2	"2026_02_SEA_ARI"	"00-0038559"	"Michael Wilson"	"WR"	0	7	0	0	50	0	2	0	4.29	0	18	0	0	44.76	0	0	0	0	0	0.03	0	0	0	0	0	0	0	0	1	0	0	2.94	0	0	1	0	0.25	0	0	0	8.92	0	0	3.8	0	18	44.76	0	0.03	1	2.94	3.8	8.92	0	-2.29	0	-26.759999999999998	0	0	-0.03	0	0	0	0	0	-1.94	0	0	0.75	0	-5.12	0	-26.759999999999998	-0.03	-1.94	-5.12	28	28	17	109	109	17	17	19.35	19.35	95	95	70	160.58	160.59	70.39	1	1	0	1	1.01	0.36	0	0	0	0	0	0	4	4	4	9.65	9.64	5.54	1	1	0.6	0.59	0	0	9.23	41.4	9.23	5.8	32.5	7	-2.3500000000000014	-2.3499999999999996	-65.58000000000001	-65.59	-0.39000000000000057	0	-0.009999999999999946	-0.36	0	0	0	-5.65	-5.64	-1.54	0.4	0.41	-3.4300000000000006	-8.899999999999997	-2.23	165	230.98000000000002	-65.98	1	1.37	-0.36999999999999994	8	15.18	-7.18	39.5	50.629999999999995	-11.129999999999997
"2026"	"ARI"	3	"2026_03_ARI_SF"	"00-0038559"	"Michael Wilson"	"WR"	0	17	0	0	162	0	11	0	10.49	0	89	0	0	114.24	0	0	1	0	0	1.84	0	0	0	0	0	0	0	0	7	0	0	7.94	0	0	0	0	0.42	0	0	0	32.95	0	0	25.9	0	89	114.24	1	1.84	7	7.94	25.9	32.95	0	0.5099999999999998	0	-25.239999999999995	0	0	-0.8400000000000001	0	0	0	0	0	-0.9400000000000004	0	0	-0.42	0	-7.050000000000004	0	-25.239999999999995	-0.8400000000000001	-0.9400000000000004	-7.050000000000004	52	52	27	318	318	38	38	35.13	35.13	280	280	93	334.08	334.08	101.56	2	2	1	3.31	3.3000000000000003	1.7	0	0	0	0	0	0	18	18	6	20.35	20.35	8.82	0	0	0.95	0.96	0	0	24.69	88.38000000000001	20.35	19.2	78	15.3	2.8699999999999974	2.869999999999999	-54.079999999999984	-54.07999999999999	-8.559999999999999	-1.31	-1.3	-0.7000000000000001	0	0	0	-2.3500000000000014	-2.35	-2.8200000000000003	-0.95	-0.96	-5.490000000000002	-10.380000000000004	-5.05	373	435.64	-62.639999999999986	3	5	-2	24	29.17	-5.17	93.3	108.73000000000002	-15.430000000000003
"2026"	"CIN"	1	"2026_01_TB_CIN"	"00-0038597"	"Chase Brown"	"RB"	0	6	16	0	-12	0	5	0	5.06	0	22	56	0	35.74	58.99	0	0	1	0	0.16	0.8	0	0	0	0	0	0	0	0	4	0	1.58	3.26	0	0	0	0.04	0	0	0	9.57	10.69	0	7.2	11.6	78	94.73	1	0.9600000000000001	4	4.84	18.8	20.259999999999998	0	-0.05999999999999961	0	-13.740000000000002	-2.990000000000002	0	-0.16	0.19999999999999996	0	0	0	0	-1.58	0.7400000000000002	0	-0.04	0	-2.37	0.9100000000000001	-16.730000000000004	0.039999999999999925	-0.8399999999999999	-1.4599999999999973	35	35	27	226	226	25	25	24.65	24.64	254	254	106	268.57	268.58	102.18	1	1	1	2.4	2.41	0.9700000000000001	0	0	0	0	0	0	14	14	10	13.71	13.71	6.91	1	1	0.61	0.62	0	0	19.11	65.9	16.02	12.16	56.4	16.6	0.3500000000000014	0.36	-14.569999999999993	-14.58	3.8199999999999967	-1.4	-1.4100000000000001	0.02999999999999995	0	0	0	0.28999999999999915	0.2899999999999999	3.0900000000000003	0.39	0.37999999999999995	-6.949999999999999	-9.499999999999998	0.5800000000000001	360	370.76	-10.760000000000003	2	3.3800000000000003	-1.3800000000000001	24	20.62	3.3800000000000003	73	81.92	-8.919999999999998
"2026"	"CIN"	2	"2026_02_CIN_HOU"	"00-0038597"	"Chase Brown"	"RB"	0	5	20	0	-15	0	3	0	3.86	0	2	80	0	26.14	85.84	0	0	0	0	0.02	0.13	0	0	0	0	0	0	0	0	3	0	0.9	2.76	0	0	0	0.04	0	0	0	6.59	9.37	0	3.2	8	82	111.98	0	0.15	3	3.6599999999999997	11.2	15.959999999999999	0	-0.8599999999999999	0	-24.14	-5.840000000000003	0	-0.02	-0.13	0	0	0	0	-0.9	0.2400000000000002	0	-0.04	0	-3.3899999999999997	-1.3699999999999992	-29.980000000000004	-0.15	-0.6599999999999997	-4.76	31	31	23	173	173	20	20	22.06	22.05	207	207	85	227.28	227.28	93.92	2	2	0	0.77	0.77	0.13	0	0	0	0	0	0	9	9	3	10.49	10.48	2.88	0	0	0.53	0.54	0	0	11.1	49.42	10.2	16.28	52.7	8.5	-2.0599999999999987	-2.05	-20.28	-20.28	-8.920000000000003	1.23	1.23	-0.13	0	0	0	-1.4900000000000002	-1.48	0.12000000000000022	-0.53	-0.54	5.1800000000000015	3.2799999999999985	-1.6999999999999993	292	321.2	-29.200000000000003	2	0.9	1.1	12	13.36	-1.3599999999999999	61.2	59.620000000000005	1.5799999999999992
"2026"	"CIN"	3	"2026_03_CIN_PIT"	"00-0038597"	"Chase Brown"	"RB"	0	2	13	0	-1	0	2	0	1.38	0	8	61	0	9.71	56.45	0	0	0	0	0.01	0.07	0	0	0	0	0	0	0	1	3	0	0.38	2.37	0	0	0	0.02	0	0	0	2.38	6.04	0	2.8	6.1	69	66.16	0	0.08	4	2.75	8.899999999999999	8.42	0	0.6200000000000001	0	-1.7100000000000009	4.549999999999997	0	-0.01	-0.07	0	0	0	0	0.62	0.6299999999999999	0	-0.02	0	0.41999999999999993	0.05999999999999961	2.8400000000000034	-0.08	1.25	0.47999999999999865	37	37	18	259	259	28	28	24.86	24.869999999999997	282	282	83	256.62	256.63	80.29	3	3	0	1.28	1.28	0.21000000000000002	0	0	0	0	0	0	14	14	5	14.02	14.02	5.17	0	0	0.77	0.78	0	0	13.82	58.18	9.3	23.28	74.2	8.299999999999999	3.1400000000000006	3.1300000000000012	25.379999999999995	25.37	2.7099999999999973	1.72	1.72	-0.21000000000000002	0	0	0	-0.019999999999999574	-0.019999999999999435	-0.16999999999999993	-0.77	-0.78	9.46	16.02	-1.0000000000000002	365	336.92	28.08	3	1.49	1.51	19	19.189999999999998	-0.18999999999999936	82.5	67.48	15.02
"2026"	"JAX"	1	"2026_01_CLE_JAX"	"00-0038606"	"Parker Washington"	"WR"	0	6	0	0	102	0	5	0	3.33	0	83	0	0	61.69	0	0	1	0	0	0.39	0	0	0	0	0	0	0	0	4	0	0	2.97	0	0	0	0	0.14	0	0	0	11.87	0	0	19.3	0	83	61.69	1	0.39	4	2.97	19.3	11.87	0	1.67	0	21.310000000000002	0	0	0.61	0	0	0	0	0	1.0299999999999998	0	0	-0.14	0	7.4300000000000015	0	21.310000000000002	0.61	1.0299999999999998	7.4300000000000015	23	23	32	242	242	18	18	14.63	14.620000000000001	245	245	126	191.81	191.81	139.71	4	4	0	1.93	1.9000000000000001	0.33	0	0	0	0	0	0	13	13	8	9.85	9.84	7.87	0	0	0.49	0.51	0	0	14.42	45.42	15.940000000000001	25.8	66.5	12.6	3.369999999999999	3.38	53.19	53.19	-13.709999999999997	2.0700000000000003	2.1	-0.33	0	0	0	3.1500000000000004	3.16	0.13000000000000028	-0.49	-0.51	11.38	21.080000000000002	-3.340000000000001	371	331.52	39.480000000000004	4	2.23	1.77	21	17.71	3.2900000000000005	79.1	61.36	17.740000000000002
"2026"	"JAX"	2	"2026_02_JAX_DEN"	"00-0038606"	"Parker Washington"	"WR"	0	12	0	0	177	0	7	0	6.7	0	98	0	0	110.63	0	0	0	0	0	0.23	0	0	0	0	0	0	0	0	3	0	0	4.49	0	0	1	0	0.39	0	0	0	19.13	0	0	16.8	0	98	110.63	0	0.23	3	4.49	16.8	19.13	0	0.2999999999999998	0	-12.629999999999995	0	0	-0.23	0	0	0	0	0	-1.4900000000000002	0	0	0.61	0	-2.3299999999999983	0	-12.629999999999995	-0.23	-1.4900000000000002	-2.3299999999999983	29	29	24	302	302	17	17	17.87	17.86	189	189	95	227.19	227.19	104.83	0	0	1	1.27	1.26	1.16	0	0	0	0	0	0	8	8	9	11.01	11.02	7.5600000000000005	1	1	0.8	0.82	0	0	12.57	48.21	17.47	5.56	35.9	15.5	-0.870000000000001	-0.8599999999999998	-38.19	-38.19	-9.830000000000002	-1.27	-1.26	-0.15999999999999998	0	0	0	-3.01	-3.02	1.4399999999999997	0.19999999999999996	0.18	-7.010000000000001	-12.309999999999999	-1.9700000000000002	284	332.02	-48.019999999999996	1	2.42	-1.42	17	18.58	-1.5800000000000003	51.4	65.68	-14.28
"2026"	"JAX"	3	"2026_03_NE_JAX"	"00-0038606"	"Parker Washington"	"WR"	0	5	0	0	50	0	3	0	2.7	0	40	0	0	31.69	0	0	1	0	0	1.25	0	0	0	0	0	0	0	0	2	0	0	2.18	0	0	0	0	0.15	0	0	0	13.39	0	0	13	0	40	31.69	1	1.25	2	2.18	13	13.39	0	0.2999999999999998	0	8.309999999999999	0	0	-0.25	0	0	0	0	0	-0.18000000000000016	0	0	-0.15	0	-0.39000000000000057	0	8.309999999999999	-0.25	-0.18000000000000016	-0.39000000000000057	29	29	30	180	180	19	19	18.73	18.72	182	182	137	199.54	199.54999999999998	132.48	3	3	2	2.43	2.4	1.23	0	0	0	0	0	0	10	10	10	11.21	11.209999999999999	9.33	1	1	0.63	0.62	0	0	16.43	53.25	20.67	17.28	55.199999999999996	25.7	0.2699999999999996	0.2799999999999998	-17.539999999999992	-17.549999999999997	4.520000000000005	0.5699999999999998	0.6	0.77	0	0	0	-1.2100000000000009	-1.2099999999999997	0.6700000000000004	0.37	0.37999999999999995	0.8500000000000014	1.9499999999999975	5.029999999999999	319	332.03	-13.029999999999992	5	3.63	1.37	20	20.54	-0.5399999999999994	80.89999999999999	73.92	6.979999999999997
"2026"	"JAX"	1	"2026_01_CLE_JAX"	"00-0038611"	"Chris Rodriguez Jr."	"RB"	0	0	6	0	0	0	0	0	0	0	0	23	0	0	25.64	0	0	0	0	0	0.11	0	0	0	0	0	0	0	0	1	0	0	1.66	0	0	0	0	0	0	0	0	3.22	0	0	2.3	23	25.64	0	0.11	1	1.66	2.3	3.22	0	0	0	0	-2.6400000000000006	0	0	-0.11	0	0	0	0	0	-0.6599999999999999	0	0	0	0	-0.9200000000000004	-2.6400000000000006	-0.11	-0.6599999999999999	-0.9200000000000004	23	23	32	242	242	18	18	14.63	14.620000000000001	245	245	126	191.81	191.81	139.71	4	4	0	1.93	1.9000000000000001	0.33	0	0	0	0	0	0	13	13	8	9.85	9.84	7.87	0	0	0.49	0.51	0	0	14.42	45.42	15.940000000000001	25.8	66.5	12.6	3.369999999999999	3.38	53.19	53.19	-13.709999999999997	2.0700000000000003	2.1	-0.33	0	0	0	3.1500000000000004	3.16	0.13000000000000028	-0.49	-0.51	11.38	21.080000000000002	-3.340000000000001	371	331.52	39.480000000000004	4	2.23	1.77	21	17.71	3.2900000000000005	79.1	61.36	17.740000000000002
"2026"	"JAX"	2	"2026_02_JAX_DEN"	"00-0038611"	"Chris Rodriguez Jr."	"RB"	0	0	6	0	0	0	0	0	0	0	0	13	0	0	22.11	0	0	0	0	0	0.36	0	0	0	0	0	0	0	0	2	0	0	1.85	0	0	0	0	0	0	0	0	4.39	0	0	1.3	13	22.11	0	0.36	2	1.85	1.3	4.39	0	0	0	0	-9.11	0	0	-0.36	0	0	0	0	0	0.1499999999999999	0	0	0	0	-3.09	-9.11	-0.36	0.1499999999999999	-3.09	29	29	24	302	302	17	17	17.87	17.86	189	189	95	227.19	227.19	104.83	0	0	1	1.27	1.26	1.16	0	0	0	0	0	0	8	8	9	11.01	11.02	7.5600000000000005	1	1	0.8	0.82	0	0	12.57	48.21	17.47	5.56	35.9	15.5	-0.870000000000001	-0.8599999999999998	-38.19	-38.19	-9.830000000000002	-1.27	-1.26	-0.15999999999999998	0	0	0	-3.01	-3.02	1.4399999999999997	0.19999999999999996	0.18	-7.010000000000001	-12.309999999999999	-1.9700000000000002	284	332.02	-48.019999999999996	1	2.42	-1.42	17	18.58	-1.5800000000000003	51.4	65.68	-14.28
"2026"	"JAX"	3	"2026_03_NE_JAX"	"00-0038611"	"Chris Rodriguez Jr."	"RB"	0	0	8	0	0	0	0	0	0	0	0	37	0	0	33.41	0	0	1	0	0	0.33	0	0	0	0	0	0	0	0	3	0	0	2.27	0	0	0	0	0	0	0	0	5.32	0	0	9.7	37	33.41	1	0.33	3	2.27	9.7	5.32	0	0	0	0	3.5900000000000034	0	0	0.6699999999999999	0	0	0	0	0	0.73	0	0	0	0	4.379999999999999	3.5900000000000034	0.6699999999999999	0.73	4.379999999999999	29	29	30	180	180	19	19	18.73	18.72	182	182	137	199.54	199.54999999999998	132.48	3	3	2	2.43	2.4	1.23	0	0	0	0	0	0	10	10	10	11.21	11.209999999999999	9.33	1	1	0.63	0.62	0	0	16.43	53.25	20.67	17.28	55.199999999999996	25.7	0.2699999999999996	0.2799999999999998	-17.539999999999992	-17.549999999999997	4.520000000000005	0.5699999999999998	0.6	0.77	0	0	0	-1.2100000000000009	-1.2099999999999997	0.6700000000000004	0.37	0.37999999999999995	0.8500000000000014	1.9499999999999975	5.029999999999999	319	332.03	-13.029999999999992	5	3.63	1.37	20	20.54	-0.5399999999999994	80.89999999999999	73.92	6.979999999999997
"2026"	"SEA"	1	"2026_01_NE_SEA"	"00-0038797"	"Emanuel Wilson"	"RB"	0	0	2	0	0	0	0	0	0	0	0	3	0	0	7.35	0	0	0	0	0	0	0	0	0	0	0	0	0	0	0	0	0	0.76	0	0	0	0	0	0	0	0	0.75	0	0	0.3	3	7.35	0	0	0	0.76	0.3	0.75	0	0	0	0	-4.35	0	0	0	0	0	0	0	0	-0.76	0	0	0	0	-0.45	-4.35	0	-0.76	-0.45	24	24	22	154	154	17	17	16.55	16.55	200	200	97	168.28	168.29	99.57000000000001	1	1	0	0.7	0.69	0.26	0	0	0	0	0	0	9	9	4	9.26	9.25	5.81	0	0	0.56	0.55	0	0	8.4	37.56	11.48	12	43	9.7	0.44999999999999996	0.44999999999999996	31.71999999999999	31.709999999999997	-2.570000000000004	0.30000000000000004	0.31000000000000005	-0.26	0	0	0	-0.25999999999999934	-0.25000000000000044	-1.8099999999999998	-0.56	-0.55	3.6000000000000005	5.439999999999998	-1.7799999999999994	297	267.86	29.139999999999993	1	0.95	0.050000000000000044	13	15.059999999999999	-2.0600000000000005	52.7	49.040000000000006	3.6599999999999984
"2026"	"SEA"	2	"2026_02_SEA_ARI"	"00-0038797"	"Emanuel Wilson"	"RB"	0	1	21	0	1	0	0	0	0.78	0	0	92	0	4.74	72.22	0	0	0	0	0.05	2.13	0	0	0	0	0	0	0	0	6	0	0.18	5.42	0	0	0	0.01	0	0	0	1.56	20.01	0	0	9.2	92	76.96	0	2.1799999999999997	6	5.6	9.2	21.57	0	-0.78	0	-4.74	19.78	0	-0.05	-2.13	0	0	0	0	-0.18	0.5800000000000001	0	-0.01	0	-1.56	-10.810000000000002	15.040000000000006	-2.1799999999999997	0.40000000000000036	-12.370000000000001	26	26	40	227	227	19	19	16.81	16.81	235	235	162	197.25	197.23999999999998	140.79	3	3	1	1.63	1.62	4.32	0	0	0	0	0	0	12	12	9	10.24	10.24	9.79	0	0	0.7	0.71	0	1	13.01	46.31	39.980000000000004	21.4	60.5	20.2	2.1900000000000013	2.1900000000000004	37.75	37.760000000000005	21.210000000000004	1.37	1.38	-3.32	0	0	0	1.7599999999999998	1.7600000000000002	-0.7899999999999996	-0.7	-0.71	8.389999999999999	14.189999999999998	-19.78	397	338.03	58.97000000000001	4	5.94	-1.94	21	20.03	0.9700000000000006	80.7	86.29	-5.590000000000003
"2026"	"SEA"	3	"2026_03_SEA_WAS"	"00-0038797"	"Emanuel Wilson"	"RB"	0	0	9	0	0	0	0	0	0	0	0	14	0	0	33.98	0	0	0	0	0	1.04	0	0	0	0	0	0	0	0	0	0	0	1.8	0	0	0	0	0	0	0	0	9.63	0	0	1.4	14	33.98	0	1.04	0	1.8	1.4	9.63	0	0	0	0	-19.979999999999997	0	0	-1.04	0	0	0	0	0	-1.8	0	0	0	0	-8.23	-19.979999999999997	-1.04	-1.8	-8.23	46	46	18	290	290	32	32	28.81	28.82	393	393	44	288.55	288.56	73.57	4	4	0	2.9899999999999998	2.98	1.67	0	0	0	0	0	0	22	22	3	16.11	16.11	4.44	2	2	1.07	1.07	0	1	21.349999999999998	75.59	17.41	27.72	95.3	2.4	3.19	3.1799999999999997	104.45000000000002	104.44	-29.57	1.01	1.02	-1.67	0	0	0	5.889999999999999	5.890000000000001	-1.44	0.9299999999999999	0.93	6.370000000000001	19.71	-15.01	437	362.13	74.87	4	4.65	-0.6499999999999999	25	20.55	4.450000000000001	97.7	93	4.700000000000001
"2026"	"BUF"	1	"2026_01_BUF_HOU"	"00-0038933"	"Dalton Kincaid"	"TE"	0	6	0	0	98	0	5	0	3.75	0	130	0	0	66.1	0	0	0	0	0	0.06	0	0	0	0	0	0	0	0	4	0	0	2.38	0	0	0	0	0.14	0	0	0	10.73	0	0	18	0	130	66.1	0	0.06	4	2.38	18	10.73	0	1.25	0	63.900000000000006	0	0	-0.06	0	0	0	0	0	1.62	0	0	-0.14	0	7.27	0	63.900000000000006	-0.06	1.62	7.27	29	29	21	383	383	20	20	18.37	18.38	324	324	86	272.23	272.23	81.88	2	2	2	1.62	1.62	0.86	0	0	0	0.59	0.59	0	13	13	5	11.14	11.13	4.55	0	0	0.84	0.85	0	0	16.86	56.480000000000004	13.36	20.96	64.4	20.6	1.629999999999999	1.6199999999999999	51.76999999999998	51.77	4.120000000000002	0.3799999999999999	0.3799999999999999	1.14	-0.59	-0.59	0	1.8599999999999994	1.8699999999999999	0.4499999999999998	-0.84	-0.85	4.100000000000001	7.92	7.240000000000001	410	354.11	55.89000000000001	4	2.48	1.5199999999999998	18	15.68	2.32	85	69.84	15.16
"2026"	"BUF"	2	"2026_02_DET_BUF"	"00-0038933"	"Dalton Kincaid"	"TE"	0	8	0	0	84	0	7	0	5.57	0	95	0	0	77.66	0	0	1	0	0	0.57	0	0	0	0	0	0	0	0	5	0	0	3.81	0	0	0	0	0.16	0	0	0	16.74	0	0	22.5	0	95	77.66	1	0.57	5	3.81	22.5	16.74	0	1.4299999999999997	0	17.340000000000003	0	0	0.43000000000000005	0	0	0	0	0	1.19	0	0	-0.16	0	5.760000000000002	0	17.340000000000003	0.43000000000000005	1.19	5.760000000000002	31	31	36	235	235	20	20	21.97	21.97	248	248	203	257.94	257.94	130.83	3	3	3	1.96	1.96	2.79	0	0	0	0	0	0	14	14	15	14.4	14.4	10.809999999999999	0	0	0.59	0.6	0	0	16.99	59.55	29.83	21.92	62.800000000000004	38.3	-1.9699999999999989	-1.9699999999999998	-9.939999999999998	-9.939999999999994	72.17	1.04	1.04	0.20999999999999996	0	0	0	-0.40000000000000036	-0.4	4.19	-0.59	-0.6	4.930000000000003	3.250000000000001	8.47	451	388.77	62.230000000000004	6	4.75	1.25	29	25.21	3.7900000000000005	101.1	89.38	11.720000000000002
"2026"	"BUF"	3	"2026_03_LAC_BUF"	"00-0038933"	"Dalton Kincaid"	"TE"	0	3	0	0	36	0	2	0	2.05	0	38	0	0	34.28	0	0	0	0	0	0.02	0	0	0	0	0	0	0	0	1	0	0	2.12	0	0	0	0	0.09	1	0	0	5.57	0	0	3.8	0	38	34.28	0	0.02	1	2.12	3.8	5.57	0	-0.04999999999999982	0	3.719999999999999	0	0	-0.02	0	0	0	0	0	-1.12	0	0	-0.09	0	-1.7700000000000005	0	3.719999999999999	-0.02	-1.12	-1.7700000000000005	26	26	33	266	266	16	16	17.01	17	204	204	176	218.94	218.93	122.34	0	0	3	0.9	0.89	2.09	0	0	0	0	0	0	10	10	11	11.4	11.41	6.85	2	2	0.58	0.58	1	1	11.21	44.33	24.8	4.16	34.4	33.599999999999994	-1.0100000000000016	-1	-14.939999999999998	-14.929999999999996	53.66	-0.9	-0.89	0.91	0	0	0	-1.4000000000000004	-1.4100000000000001	4.15	1.42	1.42	-7.050000000000001	-9.93	8.799999999999997	380	341.27	38.730000000000004	3	2.98	0.020000000000000018	21	18.259999999999998	2.74	68	69.13	-1.1300000000000026
"2026"	"MIN"	1	"2026_01_GB_MIN"	"00-0038994"	"Jordan Addison"	"WR"	0	2	0	0	27	0	0	0	1.05	0	0	0	0	17.79	0	0	0	0	0	0.06	0	0	0	0	0	0	0	0	0	0	0	1.06	0	0	0	0	0.07	0	0	0	3.22	0	0	0	0	0	17.79	0	0.06	0	1.06	0	3.22	0	-1.05	0	-17.79	0	0	-0.06	0	0	0	0	0	-1.06	0	0	-0.07	0	-3.22	0	-17.79	-0.06	-1.06	-3.22	24	24	34	176	176	15	15	16.46	16.47	151	151	107	172.64000000000001	172.64	124	3	3	2	1.07	1.07	1.3299999999999998	1	1	0	0.58	0.58	0	8	8	6	8.83	8.84	9.05	1	1	0.5	0.52	0	0	11.35	41.34	20.44	18.04	50.1	22.7	-1.4600000000000004	-1.4699999999999998	-21.640000000000015	-21.64	-16.999999999999996	1.93	1.9300000000000002	0.67	0.42000000000000004	0.42000000000000004	0	-0.8299999999999998	-0.8400000000000001	-3.05	0.5	0.4799999999999999	6.690000000000001	8.759999999999998	2.2599999999999993	258	296.64	-38.64	5	2.4	2.6	14	17.89	-3.8899999999999997	72.8	61.78	11.019999999999998
"2026"	"MIN"	2	"2026_02_MIN_CHI"	"00-0038994"	"Jordan Addison"	"WR"	0	5	0	0	43	0	2	0	3.41	0	21	0	0	42.11	0	0	0	0	0	0.08	0	0	0	0	0	0	0	0	1	0	0	2.04	0	0	0	0	0.1	0	0	0	8.07	0	0	4.1	0	21	42.11	0	0.08	1	2.04	4.1	8.07	0	-1.4100000000000001	0	-21.11	0	0	-0.08	0	0	0	0	0	-1.04	0	0	-0.1	0	-3.9700000000000006	0	-21.11	-0.08	-1.04	-3.9700000000000006	20	20	28	157	157	11	11	13.66	13.66	143	143	119	157.38	157.39	113.87	0	0	0	0.55	0.54	0.11000000000000001	0	0	0	0	0	0	6	6	4	6.71	6.720000000000001	5.5	0	0	0.41	0.42	0	0	7.68	32.69	12.06	5.72	25.3	11.9	-2.66	-2.66	-14.379999999999995	-14.39	5.1299999999999955	-0.55	-0.54	-0.11000000000000001	0	0	0	-0.71	-0.7200000000000002	-1.4999999999999996	-0.41	-0.42	-1.96	-7.390000000000001	-0.16000000000000036	262	271.26	-9.260000000000005	0	0.65	-0.65	10	12.22	-2.2199999999999998	37.2	44.75	-7.550000000000001
"2026"	"MIN"	3	"2026_03_MIN_TB"	"00-0038994"	"Jordan Addison"	"WR"	0	9	0	0	151	0	5	0	5.11	0	90	0	0	83.73	0	0	1	0	0	0.36	0	0	0	0	0	0	0	0	3	0	0	3.05	0	0	1	0	0.3	0	0	0	15.65	0	0	20	0	90	83.73	1	0.36	3	3.05	20	15.65	0	-0.11000000000000032	0	6.269999999999996	0	0	0.64	0	0	0	0	0	-0.04999999999999982	0	0	0.7	0	4.35	0	6.269999999999996	0.64	-0.04999999999999982	4.35	29	29	23	252	252	15	15	19.61	19.6	168	168	78	240.22	240.22	105.38	1	1	0	0.51	0.51	0.08	0	0	0	0	0	0	5	5	4	9.51	9.49	4.569999999999999	1	1	0.68	0.67	0	0	10.29	46.69	10.99	8.72	37.8	7.8	-4.609999999999999	-4.6000000000000005	-72.22	-72.22	-27.380000000000003	0.49	0.49	-0.08	0	0	0	-4.51	-4.49	-0.5699999999999998	0.31999999999999995	0.32999999999999996	-1.5699999999999985	-8.89	-3.19	246	345.6	-99.6	1	0.59	0.41	9	14.059999999999999	-5.0600000000000005	45.599999999999994	57.68	-12.08
"2026"	"GB"	1	"2026_01_GB_MIN"	"00-0038996"	"Tucker Kraft"	"TE"	0	6	0	0	82	0	3	0	3.7	0	65	0	0	64.83	0	0	0	0	0	0.09	0	0	0	0	0	0	0	0	3	0	0	3.44	0	0	0	0	0.18	0	0	0	10.69	0	0	9.5	0	65	64.83	0	0.09	3	3.44	9.5	10.69	0	-0.7000000000000002	0	0.1700000000000017	0	0	-0.09	0	0	0	0	0	-0.43999999999999995	0	0	-0.18	0	-1.1899999999999995	0	0.1700000000000017	-0.09	-0.43999999999999995	-1.1899999999999995	42	42	21	469	469	21	21	25.38	25.39	387	387	66	342.28	342.28000000000003	94.52	2	2	0	2.66	2.65	0.38	0	0	0	0	0	0	16	16	3	18.35	18.369999999999997	4.27	1	1	1.19	1.18	0	0	21.93	75.55	11.75	21.48	71.7	6.6	-4.379999999999999	-4.39	44.72000000000003	44.719999999999985	-28.52	-0.6600000000000001	-0.65	-0.38	0	0	0	-2.3500000000000014	-2.3699999999999988	-1.2699999999999998	-0.18999999999999995	-0.17999999999999997	-0.4499999999999993	-3.849999999999996	-5.15	453	436.8	16.199999999999985	2	3.03	-1.03	19	22.639999999999997	-3.639999999999999	78.3	87.3	-8.999999999999996
"2026"	"GB"	2	"2026_02_GB_NYJ"	"00-0038996"	"Tucker Kraft"	"TE"	0	3	0	0	10	0	2	0	2.46	0	15	0	0	22.67	0	0	0	0	0	0.02	0	0	0	0	0	0	0	0	0	0	0	0.59	0	0	0	0	0.04	0	0	0	4.87	0	0	3.5	0	15	22.67	0	0.02	0	0.59	3.5	4.87	0	-0.45999999999999996	0	-7.670000000000002	0	0	-0.02	0	0	0	0	0	-0.59	0	0	-0.04	0	-1.37	0	-7.670000000000002	-0.02	-0.59	-1.37	29	29	18	216	216	16	16	20.1	20.1	145	145	63	208.63	208.63	75.59	2	2	0	1.03	1.02	0.25	0	0	0	0	0	0	8	8	4	9.35	9.35	2.09	0	0	0.64	0.65	0	1	11.17	47.13	9.07	13.8	42.5	4.300000000000001	-4.100000000000001	-4.1000000000000005	-63.629999999999995	-63.63000000000001	-12.59	0.97	0.9799999999999999	-0.25	0	0	0	-1.3499999999999996	-1.3499999999999996	1.91	-0.64	-0.65	2.630000000000001	-4.630000000000001	-4.77	208	284.22	-76.22000000000001	2	1.27	0.7299999999999999	12	11.44	0.5600000000000003	46.8	56.2	-9.4
"2026"	"GB"	3	"2026_03_ATL_GB"	"00-0038996"	"Tucker Kraft"	"TE"	0	8	0	0	36	0	4	0	5.55	0	26	0	0	48.91	0	0	0	0	0	0.07	0	0	0	0	0	0	0	0	1	0	0	2.6	0	0	0	0	0.11	0	0	0	10.87	0	0	6.6	0	26	48.91	0	0.07	1	2.6	6.6	10.87	0	-1.5499999999999998	0	-22.909999999999997	0	0	-0.07	0	0	0	0	0	-1.6	0	0	-0.11	0	-4.27	0	-22.909999999999997	-0.07	-1.6	-4.27	53	53	9	392	392	28	28	33.71	33.72	312	312	17	343.28	343.28999999999996	32.9	2	2	0	2.43	2.43	0.3	0	0	0	0	0	0	15	15	1	19.16	19.16	1.51	1	1	1.45	1.46	0	0	20.56	82.64999999999999	5.1	18.48	71.2	1.7000000000000002	-5.710000000000001	-5.720000000000001	-31.279999999999973	-31.28999999999999	-15.9	-0.43000000000000016	-0.42999999999999994	-0.3	0	0	0	-4.16	-4.16	-0.51	-0.44999999999999996	-0.46	-2.0799999999999983	-11.449999999999996	-3.4	329	376.18999999999994	-47.18999999999999	2	2.73	-0.73	16	20.67	-4.67	72.9	87.74999999999999	-14.849999999999996
"2026"	"IND"	1	"2026_01_BAL_IND"	"00-0038997"	"Josh Downs"	"WR"	0	4	0	0	36	0	2	0	2.52	0	37	0	0	31.71	0	0	0	0	0	0.07	0	0	0	0	0	0	0	0	2	0	0	1.73	0	0	0	0	0.13	0	0	0	6.13	0	0	5.7	0	37	31.71	0	0.07	2	1.73	5.7	6.13	0	-0.52	0	5.289999999999999	0	0	-0.07	0	0	0	0	0	0.27	0	0	-0.13	0	-0.4299999999999997	0	5.289999999999999	-0.07	0.27	-0.4299999999999997	31	31	20	201	201	19	19	21.29	21.29	166	166	102	218.44	218.44	83.33	1	1	2	0.84	0.8300000000000001	1.56	0	0	0	0	0	0	8	8	8	10.57	10.57	4.86	1	1	0.75	0.76	1	0	10.59	48.160000000000004	17.709999999999997	8.64	39.6	22.2	-2.289999999999999	-2.2900000000000005	-52.44	-52.43999999999999	18.669999999999998	0.16000000000000003	0.16999999999999993	0.43999999999999995	0	0	0	-2.5700000000000003	-2.57	3.1399999999999997	0.25	0.24	-1.9499999999999993	-8.56	4.490000000000002	268	301.77	-33.769999999999996	3	2.39	0.6099999999999999	16	15.43	0.5699999999999998	61.8	65.87	-4.0699999999999985
"2026"	"IND"	2	"2026_02_IND_KC"	"00-0038997"	"Josh Downs"	"WR"	0	9	0	0	73	0	7	0	5.76	0	72	0	0	60.76	0	0	0	0	0	0.23	0	0	0	0	0	0	0	0	6	0	0	3.91	0	0	0	0	0.18	0	0	0	13.24	0	0	14.2	0	72	60.76	0	0.23	6	3.91	14.2	13.24	0	1.2400000000000002	0	11.240000000000002	0	0	-0.23	0	0	0	0	0	2.09	0	0	-0.18	0	0.9599999999999991	0	11.240000000000002	-0.23	2.09	0.9599999999999991	31	31	32	162	162	22	22	21.52	21.52	210	210	119	195.15	195.15	135.3	1	1	2	1.19	1.18	1.04	0	0	0	0	0	0	12	12	9	10.59	10.58	8.35	1	1	0.54	0.56	0	0	11.47	48.17	19.78	10.4	49	23.9	0.4800000000000004	0.4800000000000007	14.849999999999994	14.850000000000001	-16.299999999999997	-0.18999999999999995	-0.18000000000000002	0.9600000000000001	0	0	0	1.4100000000000001	1.4199999999999997	0.6500000000000004	0.45999999999999996	0.44	-1.0700000000000003	0.8299999999999984	4.119999999999998	329	330.45000000000005	-1.4499999999999957	3	2.2199999999999998	0.78	21	18.93	2.0700000000000003	72.9	67.95	4.949999999999997
"2026"	"IND"	3	"2026_03_HOU_IND"	"00-0038997"	"Josh Downs"	"WR"	0	11	0	0	172	0	5	0	6.09	0	77	0	0	102.51	0	0	0	0	0	0.9	0	0	0	0	0	0	0	0	4	0	0	4.94	0	0	1	0	0.31	0	0	0	21.75	0	0	12.7	0	77	102.51	0	0.9	4	4.94	12.7	21.75	0	-1.0899999999999999	0	-25.510000000000005	0	0	-0.9	0	0	0	0	0	-0.9400000000000004	0	0	0.69	0	-9.05	0	-25.510000000000005	-0.9	-0.9400000000000004	-9.05	36	36	31	281	281	24	24	24.5	24.49	235	235	89	277.61	277.61	130.14	1	1	0	1.71	1.7	0.45	0	0	0	0	0	0	11	11	8	14.1	14.110000000000001	11.75	1	1	0.76	0.77	0	0	16.44	62.55	15.74	11.4	53.5	8.9	-0.5	-0.4899999999999999	-42.610000000000014	-42.61000000000001	-41.13999999999999	-0.71	-0.7000000000000001	-0.45	0	0	0	-3.0999999999999996	-3.1100000000000003	-3.75	0.24	0.22999999999999993	-5.040000000000001	-9.049999999999999	-6.84	324	407.75	-83.75	1	2.15	-1.1500000000000001	19	25.86	-6.86	62.4	78.28999999999999	-15.889999999999999
"2026"	"MIA"	1	"2026_01_MIA_LV"	"00-0039040"	"De'Von Achane"	"RB"	0	5	11	0	4	0	4	0	3.53	0	30	36	0	27.03	46.67	0	0	0	0	0.02	0.1	0	0	0	0	0	0	0	1	2	0	0.98	2.15	0	0	0	0.07	0	0	0	6.34	5.29	0	7	3.6	66	73.7	0	0.12000000000000001	3	3.13	10.6	11.629999999999999	0	0.4700000000000002	0	2.969999999999999	-10.670000000000002	0	-0.02	-0.1	0	0	0	0	0.020000000000000018	-0.1499999999999999	0	-0.07	0	0.6600000000000001	-1.69	-7.700000000000003	-0.12000000000000001	-0.1299999999999999	-1.0299999999999994	27	27	18	309	309	15	15	16.41	16.41	220	220	74	226.97	226.97	96.65	0	0	1	0.24	0.24	0.23	0	0	0	0	0	0	7	7	4	9.23	9.219999999999999	4.12	1	1	1.14	1.1400000000000001	1	0	7.76	40.55	11.08	6.8	35	13.4	-1.4100000000000001	-1.4100000000000001	-6.969999999999999	-6.970000000000005	-22.65	-0.24	-0.24	0.77	0	0	0	-2.2300000000000004	-2.2199999999999998	-0.12	-0.1399999999999999	-0.1400000000000001	-0.96	-5.549999999999999	2.3200000000000003	294	323.62	-29.620000000000005	1	0.47	0.53	11	13.34	-2.34	48.4	51.629999999999995	-3.2299999999999986
"2026"	"MIA"	2	"2026_02_MIA_SF"	"00-0039040"	"De'Von Achane"	"RB"	0	6	20	0	24	0	3	0	4.22	0	19	74	0	37.16	78.88	0	0	0	0	0.05	0.66	0	0	0	0	0	0	0	1	2	0	1.35	2.9	0	0	0	0.11	0	0	0	8.26	11.84	0	4.9	7.4	93	116.03999999999999	0	0.7100000000000001	3	4.25	12.3	20.1	0	-1.2199999999999998	0	-18.159999999999997	-4.8799999999999955	0	-0.05	-0.66	0	0	0	0	-0.3500000000000001	-0.8999999999999999	0	-0.11	0	-3.3599999999999994	-4.4399999999999995	-23.039999999999992	-0.7100000000000001	-1.25	-7.800000000000001	23	23	29	169	169	14	14	15.49	15.49	197	197	102	155.42	155.42	109.03999999999999	1	1	0	0.28	0.28	0.79	0	0	0	0	0	0	8	8	4	5.25	5.25	4.75	0	0	0.53	0.52	0	0	6.29	32.72	15.61	11.88	39.7	10.200000000000001	-1.4900000000000002	-1.4899999999999998	41.58000000000001	41.580000000000005	-7.039999999999996	0.72	0.72	-0.79	0	0	0	2.75	2.75	-0.75	-0.53	-0.52	5.590000000000001	6.98	-5.409999999999999	299	264.46	34.540000000000006	1	1.07	-0.07000000000000006	12	10	2	49.900000000000006	48.33	1.5700000000000012
"2026"	"MIA"	3	"2026_03_KC_MIA"	"00-0039040"	"De'Von Achane"	"RB"	0	1	3	0	10	0	0	0	0.56	0	0	17	0	8.47	13.88	0	0	0	0	0	0.01	0	0	0	0	0	0	0	0	1	0	0.46	0.38	0	0	0	0.03	0	0	0	1.42	1.42	0	0	1.7	17	22.35	0	0.01	1	0.8400000000000001	1.7	2.84	0	-0.56	0	-8.47	3.119999999999999	0	0	-0.01	0	0	0	0	-0.46	0.62	0	-0.03	0	-1.42	0.28	-5.350000000000001	-0.01	0.15999999999999992	-1.14	36	36	31	393	393	20	20	23.16	23.16	210	210	119	283.47	283.47	166.45000000000002	0	0	1	1.89	1.8800000000000001	0.6000000000000001	0	0	0	0	0	0	9	9	7	12.99	12.99	7.48	1	1	1.32	1.3299999999999998	0	1	16.25	62.82	20.24	6.4	41	15.9	-3.16	-3.16	-73.47000000000003	-73.47	-47.45000000000001	-1.89	-1.8800000000000001	0.39999999999999997	0	0	0	-3.99	-3.99	-0.48000000000000026	-0.32000000000000006	-0.33	-9.85	-21.82	-4.34	329	449.9200000000001	-120.92000000000002	1	2.4800000000000004	-1.4800000000000002	16	20.47	-4.470000000000001	56.9	83.06	-26.16
"2026"	"BAL"	1	"2026_01_BAL_IND"	"00-0039064"	"Zay Flowers"	"WR"	0	6	0	0	91	0	5	0	3.85	0	150	0	0	73.07	0	0	1	0	0	0.13	0	0	0	0	0	0	0	0	5	0	0	3.59	0	0	0	0	0.16	0	0	0	11.91	0	0	26	0	150	73.07	1	0.13	5	3.59	26	11.91	0	1.15	0	76.93	0	0	0.87	0	0	0	0	0	1.4100000000000001	0	0	-0.16	0	14.09	0	76.93	0.87	1.4100000000000001	14.09	25	25	37	269	269	17	17	16.22	16.22	324	324	202	231.67	231.68	150.07999999999998	1	1	4	1.44	1.45	1.97	0	0	0	0	0	0	11	11	12	9.92	9.92	8.01	0	0	0.48	0.47000000000000003	0	0	14.08	48.05	26.84	16.96	55.4	44.199999999999996	0.7800000000000011	0.7799999999999999	92.33000000000001	92.32	51.92	-0.43999999999999995	-0.45000000000000007	2.0300000000000002	0	0	0	1.08	1.0800000000000003	3.9899999999999998	-0.48	-0.47000000000000003	2.880000000000001	7.35	17.36	526	381.76	144.24	5	3.42	1.58	23	17.93	5.07	99.6	74.89	24.71
"2026"	"BAL"	3	"2026_03_BAL_DAL"	"00-0039064"	"Zay Flowers"	"WR"	0	6	1	0	55	0	5	0	4.33	0	84	20	0	49.89	6.03	0	0	0	0	0.26	0.06	0	0	0	0	0	0	0	5	1	0	2.93	0.32	0	0	0	0.16	0	0	0	10.85	0.98	0	13.4	2	104	55.92	0	0.32	6	3.25	15.4	11.83	0	0.6699999999999999	0	34.11	13.969999999999999	0	-0.26	-0.06	0	0	0	0	2.07	0.6799999999999999	0	-0.16	0	2.5500000000000007	1.02	48.08	-0.32	2.75	3.5700000000000003	20	20	38	181	181	15	15	13.55	13.55	186	186	192	149.66	149.66	166.09	2	2	2	2.07	2.07	3.1	0	0	0	0	0	0	11	11	9	8.54	8.55	10.81	0	0	0.46	0.45	0	0	13.36	40.94	35.22	15.44	45.6	31.2	1.4499999999999993	1.45	36.34	36.34	25.909999999999997	-0.06999999999999984	-0.06999999999999999	-1.1	0	0	0	2.460000000000001	2.45	-1.81	-0.46	-0.45	2.08	4.660000000000002	-4.020000000000003	378	315.75	62.25	4	5.17	-1.1700000000000002	20	19.36	0.6400000000000001	76.8	76.16	0.6399999999999988
"2026"	"DET"	2	"2026_02_DET_BUF"	"00-0039065"	"Sam LaPorta"	"TE"	0	7	0	0	23	0	6	0	5.24	0	52	0	0	45.84	0	0	1	0	0	0.66	0	0	0	0	0	0	0	0	4	0	0	2.8	0	0	0	0	0.13	0	0	0	13.75	0	0	17.2	0	52	45.84	1	0.66	4	2.8	17.2	13.75	0	0.7599999999999998	0	6.159999999999997	0	0	0.33999999999999997	0	0	0	0	0	1.2000000000000002	0	0	-0.13	0	3.4499999999999993	0	6.159999999999997	0.33999999999999997	1.2000000000000002	3.4499999999999993	38	38	20	337	337	26	26	24.58	24.59	327	327	66	300.5	300.5	90.84	4	4	0	2.32	2.31	0.35	0	0	0	0	0	0	19	19	2	15.87	15.87	3.5500000000000003	0	0	1.13	1.13	0	0	19.03	68.53	11.17	29.08	82.7	6.6	1.4200000000000017	1.4099999999999988	26.5	26.499999999999996	-24.839999999999996	1.6800000000000002	1.69	-0.35	0	0	0	3.130000000000001	3.130000000000001	-1.5500000000000003	-1.13	-1.13	10.049999999999997	14.170000000000005	-4.569999999999999	393	391.34000000000003	1.6600000000000001	4	2.66	1.3399999999999999	21	19.419999999999998	1.5800000000000005	89.3	79.7	9.600000000000005
"2026"	"DET"	3	"2026_03_NYJ_DET"	"00-0039065"	"Sam LaPorta"	"TE"	0	4	0	0	39	0	3	0	2.79	0	44	0	0	38.95	0	0	0	0	0	0.48	0	0	0	0	0	0	0	0	1	0	0	1.85	0	0	0	0	0.09	0	0	0	9.55	0	0	7.4	0	44	38.95	0	0.48	1	1.85	7.4	9.55	0	0.20999999999999996	0	5.049999999999997	0	0	-0.48	0	0	0	0	0	-0.8500000000000001	0	0	-0.09	0	-2.1500000000000004	0	5.049999999999997	-0.48	-0.8500000000000001	-2.1500000000000004	32	32	30	193	193	25	25	23.67	23.67	269	269	131	256.85	256.84	122.33	2	2	2	2.07	2.06	1.73	0	0	0	0	0	0	14	14	9	14.08	14.08	10.58	0	0	0.42	0.41	0	0	17.69	61.75	22.58	18.76	63.9	25.099999999999998	1.3299999999999983	1.3299999999999998	12.149999999999977	12.16	8.67	-0.06999999999999984	-0.06000000000000008	0.26999999999999996	0	0	0	-0.08000000000000007	-0.08000000000000018	-1.5800000000000003	-0.42	-0.41	1.0700000000000003	2.1499999999999995	2.519999999999999	400	379.16999999999996	20.83	4	3.79	0.20999999999999988	23	24.66	-1.6600000000000006	89	84.33	4.669999999999998
"2026"	"KC"	1	"2026_01_DEN_KC"	"00-0039067"	"Rashee Rice"	"WR"	0	2	0	0	6	0	2	0	1.45	0	19	0	0	11.62	0	0	1	0	0	0.06	0	0	0	0	0	0	0	0	1	0	0	0.53	0	0	0	0	0.03	0	0	0	2.99	0	0	9.9	0	19	11.62	1	0.06	1	0.53	9.9	2.99	0	0.55	0	7.380000000000001	0	0	0.94	0	0	0	0	0	0.47	0	0	-0.03	0	6.91	0	7.380000000000001	0.94	0.47	6.91	27	27	38	133	133	15	15	19.57	19.57	184	184	220	202.03	202.03	151.17000000000002	2	2	2	0.96	0.9500000000000001	1.1800000000000002	0	0	0	0	0	0	7	7	11	10.5	10.5	9.65	1	1	0.47	0.47000000000000003	0	0	10.99	45.54	22.14	13.36	45.4	34	-4.57	-4.569999999999999	-18.03	-18.029999999999998	68.83	1.04	1.0499999999999998	0.8200000000000001	0	0	0	-3.5	-3.5	1.35	0.53	0.53	2.369999999999999	-0.1399999999999999	11.860000000000003	404	353.20000000000005	50.8	4	2.1300000000000003	1.8699999999999999	18	20.15	-2.15	79.4	67.68	11.720000000000002
"2026"	"KC"	2	"2026_02_IND_KC"	"00-0039067"	"Rashee Rice"	"WR"	0	6	0	0	45	0	4	0	4.36	0	83	0	0	51.79	0	0	0	0	0	0.06	0	0	0	0	0	0	0	0	3	0	0	3.3	0	0	0	0	0.11	0	0	0	9.92	0	0	12.3	0	83	51.79	0	0.06	3	3.3	12.3	9.92	0	-0.3600000000000003	0	31.21	0	0	-0.06	0	0	0	0	0	-0.2999999999999998	0	0	-0.11	0	2.380000000000001	0	31.21	-0.06	-0.2999999999999998	2.380000000000001	47	47	29	262	262	32	32	33.61	33.6	382	382	152	325.36	325.37	125.81	3	3	0	2.84	2.85	1.8900000000000001	0	0	0	0	0	0	19	19	10	17.9	17.9	10.04	0	0	0.8	0.79	0	0	22.77	83.16	23.919999999999998	27.28	88.2	15.2	-1.6099999999999994	-1.6000000000000019	56.639999999999986	56.629999999999995	26.19	0.16000000000000014	0.14999999999999988	-1.8900000000000001	0	0	0	1.1000000000000014	1.100000000000001	-0.040000000000000036	-0.8	-0.79	4.510000000000002	5.039999999999997	-8.72	534	451.18	82.82	3	4.74	-1.7400000000000002	29	27.939999999999998	1.060000000000001	103.4	107.08	-3.6800000000000033
"2026"	"KC"	3	"2026_03_KC_MIA"	"00-0039067"	"Rashee Rice"	"WR"	0	9	0	0	75	0	7	0	6.23	0	88	0	0	74.11	0	0	0	0	0	0.28	0	0	0	0	0	0	0	0	2	0	0	2.65	0	0	1	0	0.27	0	0	0	15.29	0	0	15.8	0	88	74.11	0	0.28	2	2.65	15.8	15.29	0	0.7699999999999996	0	13.89	0	0	-0.28	0	0	0	0	0	-0.6499999999999999	0	0	0.73	0	0.5100000000000016	0	13.89	-0.28	-0.6499999999999999	0.5100000000000016	24	24	25	161	161	20	20	17.03	17.03	246	246	88	192.01	192.02	111.06	2	2	1	1.62	1.62	0.72	0	0	0	0	0	0	11	11	5	8.16	8.18	7.43	1	1	0.53	0.54	0	0	13.09	45.93	15.47	15.84	56.6	14.8	2.969999999999999	2.9699999999999993	53.99000000000001	53.980000000000004	-23.06	0.3799999999999999	0.3799999999999999	0.28	0	0	0	2.84	2.8200000000000003	-2.43	0.47	0.45999999999999996	2.75	10.670000000000003	-0.6700000000000007	334	303.08000000000004	30.920000000000005	3	2.34	0.6599999999999999	16	15.61	0.3900000000000001	71.4	61.4	10.000000000000004
"2026"	"LA"	1	"2026_01_SF_LA"	"00-0039075"	"Puka Nacua"	"WR"	0	9	0	0	115	0	5	0	5.52	0	74	0	0	80.42	0	0	0	0	0	0.71	0	0	0	0	0	0	0	0	2	0	0	4.23	0	0	1	0	0.26	0	0	0	17.84	0	0	12.4	0	74	80.42	0	0.71	2	4.23	12.4	17.84	0	-0.5199999999999996	0	-6.420000000000002	0	0	-0.71	0	0	0	0	0	-2.2300000000000004	0	0	0.74	0	-5.4399999999999995	0	-6.420000000000002	-0.71	-2.2300000000000004	-5.4399999999999995	28	28	29	255	255	17	17	18.13	18.12	168	168	122	212.42	212.42000000000002	121.7	0	0	1	1.05	1.04	1.56	0	0	0	0	0	0	6	6	7	11.28	11.290000000000001	8.81	1	1	0.71	0.73	1	0	11.290000000000001	45.68	21.48	4.720000000000001	31.8	18.2	-1.13	-1.1199999999999997	-44.419999999999995	-44.42000000000001	0.3000000000000016	-1.05	-1.04	-0.5599999999999999	0	0	0	-5.279999999999999	-5.29	-1.8099999999999998	0.29000000000000004	0.27	-6.57	-13.879999999999999	-3.2799999999999994	290	334.12	-44.120000000000005	1	2.6	-1.6	13	20.1	-7.1	50	67.16	-17.159999999999997
"2026"	"DET"	2	"2026_02_DET_BUF"	"00-0039139"	"Jahmyr Gibbs"	"RB"	0	8	16	0	34	0	6	0	5.66	0	61	52	0	52.66	74.8	0	1	0	0	0.36	0.22	0	0	0	0	0	0	0	5	2	0	2.89	2.99	0	0	0	0.12	0	0	0	13.11	8.79	0	18.1	5.2	113	127.46	1	0.58	7	5.880000000000001	23.3	21.9	0	0.33999999999999986	0	8.340000000000003	-22.799999999999997	0	0.64	-0.22	0	0	0	0	2.11	-0.9900000000000002	0	-0.12	0	4.990000000000002	-3.589999999999999	-14.459999999999994	0.42000000000000004	1.1199999999999992	1.4000000000000021	38	38	20	337	337	26	26	24.58	24.59	327	327	66	300.5	300.5	90.84	4	4	0	2.32	2.31	0.35	0	0	0	0	0	0	19	19	2	15.87	15.87	3.5500000000000003	0	0	1.13	1.13	0	0	19.03	68.53	11.17	29.08	82.7	6.6	1.4200000000000017	1.4099999999999988	26.5	26.499999999999996	-24.839999999999996	1.6800000000000002	1.69	-0.35	0	0	0	3.130000000000001	3.130000000000001	-1.5500000000000003	-1.13	-1.13	10.049999999999997	14.170000000000005	-4.569999999999999	393	391.34000000000003	1.6600000000000001	4	2.66	1.3399999999999999	21	19.419999999999998	1.5800000000000005	89.3	79.7	9.600000000000005
"2026"	"DET"	3	"2026_03_NYJ_DET"	"00-0039139"	"Jahmyr Gibbs"	"RB"	0	8	20	0	4	0	7	0	6.59	0	65	99	0	51.24	81.67	0	1	2	0	0.28	1.54	0	0	0	0	0	0	0	4	7	0	3.14	7.48	0	0	0	0.04	0	0	0	13.41	17.43	0	19.5	21.9	164	132.91	3	1.82	11	10.620000000000001	41.4	30.84	0	0.41000000000000014	0	13.759999999999998	17.33	0	0.72	0.45999999999999996	0	0	0	0	0.8599999999999999	-0.4800000000000004	0	-0.04	0	6.09	4.469999999999999	31.090000000000003	1.18	0.379999999999999	10.559999999999999	32	32	30	193	193	25	25	23.67	23.67	269	269	131	256.85	256.84	122.33	2	2	2	2.07	2.06	1.73	0	0	0	0	0	0	14	14	9	14.08	14.08	10.58	0	0	0.42	0.41	0	0	17.69	61.75	22.58	18.76	63.9	25.099999999999998	1.3299999999999983	1.3299999999999998	12.149999999999977	12.16	8.67	-0.06999999999999984	-0.06000000000000008	0.26999999999999996	0	0	0	-0.08000000000000007	-0.08000000000000018	-1.5800000000000003	-0.42	-0.41	1.0700000000000003	2.1499999999999995	2.519999999999999	400	379.16999999999996	20.83	4	3.79	0.20999999999999988	23	24.66	-1.6600000000000006	89	84.33	4.669999999999998
"2026"	"GB"	1	"2026_01_GB_MIN"	"00-0039146"	"Jayden Reed"	"WR"	0	7	0	0	50	0	3	0	4.97	0	20	0	0	53.95	0	0	0	0	0	0.17	0	0	0	0	0	0	0	0	1	0	0	2.34	0	0	0	0	0.12	0	0	0	11.4	0	0	5	0	20	53.95	0	0.17	1	2.34	5	11.4	0	-1.9699999999999998	0	-33.95	0	0	-0.17	0	0	0	0	0	-1.3399999999999999	0	0	-0.12	0	-6.4	0	-33.95	-0.17	-1.3399999999999999	-6.4	42	42	21	469	469	21	21	25.38	25.39	387	387	66	342.28	342.28000000000003	94.52	2	2	0	2.66	2.65	0.38	0	0	0	0	0	0	16	16	3	18.35	18.369999999999997	4.27	1	1	1.19	1.18	0	0	21.93	75.55	11.75	21.48	71.7	6.6	-4.379999999999999	-4.39	44.72000000000003	44.719999999999985	-28.52	-0.6600000000000001	-0.65	-0.38	0	0	0	-2.3500000000000014	-2.3699999999999988	-1.2699999999999998	-0.18999999999999995	-0.17999999999999997	-0.4499999999999993	-3.849999999999996	-5.15	453	436.8	16.199999999999985	2	3.03	-1.03	19	22.639999999999997	-3.639999999999999	78.3	87.3	-8.999999999999996
"2026"	"GB"	2	"2026_02_GB_NYJ"	"00-0039146"	"Jayden Reed"	"WR"	0	1	0	0	-5	0	1	0	0.89	0	4	0	0	3.74	0	0	0	0	0	0	0	0	0	0	0	0	0	0	0	0	0	0.12	0	0	0	0	0.01	0	0	0	1.28	0	0	1.4	0	4	3.74	0	0	0	0.12	1.4	1.28	0	0.10999999999999999	0	0.2599999999999998	0	0	0	0	0	0	0	0	-0.12	0	0	-0.01	0	0.11999999999999988	0	0.2599999999999998	0	-0.12	0.11999999999999988	29	29	18	216	216	16	16	20.1	20.1	145	145	63	208.63	208.63	75.59	2	2	0	1.03	1.02	0.25	0	0	0	0	0	0	8	8	4	9.35	9.35	2.09	0	0	0.64	0.65	0	1	11.17	47.13	9.07	13.8	42.5	4.300000000000001	-4.100000000000001	-4.1000000000000005	-63.629999999999995	-63.63000000000001	-12.59	0.97	0.9799999999999999	-0.25	0	0	0	-1.3499999999999996	-1.3499999999999996	1.91	-0.64	-0.65	2.630000000000001	-4.630000000000001	-4.77	208	284.22	-76.22000000000001	2	1.27	0.7299999999999999	12	11.44	0.5600000000000003	46.8	56.2	-9.4
"2026"	"CAR"	1	"2026_01_CHI_CAR"	"00-0039150"	"Bryce Young"	"QB"	37	0	2	363	0	23	0	23.93	0	361	0	10	289.34	0	8.87	3	0	1	1.99	0	0.33	0	0	0	0	0	0	17	0	1	13.42	0	0.31	1	0	1.1	0	0	0	17.31	0	2.86	24.44	0	7	371	298.21	4	2.32	18	13.73	31.44	20.169999999999998	-0.9299999999999997	0	71.66000000000003	0	1.1300000000000008	1.01	0	0.6699999999999999	0	0	0	3.58	0	0.69	-0.10000000000000009	0	7.130000000000003	0	4.140000000000001	72.79000000000002	1.6800000000000002	4.27	11.270000000000003	38	38	22	366	366	23	23	24.7	24.7	361	361	125	294.33	294.33	98.84	3	3	2	1.99	1.98	1.1900000000000002	0	0	0	0	0	0	17	17	5	13.94	13.95	4.93	1	1	1.11	1.11	1	0	17.5	66.08	17.02	24.44	75.1	24.5	-1.6999999999999997	-1.7	66.67000000000003	66.66999999999999	26.159999999999997	1.01	1.02	0.8099999999999998	0	0	0	3.06	3.0500000000000003	0.06999999999999984	-0.11000000000000008	-0.11000000000000006	6.940000000000002	9.019999999999994	7.48	486	393.16999999999996	92.82999999999998	5	3.17	1.8299999999999998	22	18.88	3.12	99.6	83.1	16.499999999999993
"2026"	"CAR"	2	"2026_02_CAR_ATL"	"00-0039150"	"Bryce Young"	"QB"	36	0	1	311	0	23	0	22.81	0	287	0	6	250.21	0	6.49	3	0	0	5.85	0	0.09	0	0	0	0	0	0	12	0	1	13.1	0	0.74	0	0	0.81	0	0	0	31.8	0	1.17	23.48	0	0.6	293	256.7	3	5.9399999999999995	13	13.84	24.080000000000002	32.97	0.19000000000000128	0	36.78999999999999	0	-0.4900000000000002	-2.8499999999999996	0	-0.09	0	0	0	-1.0999999999999996	0	0.26	-0.81	0	-8.32	0	-0.57	36.30000000000001	-2.9399999999999995	-0.8399999999999999	-8.889999999999997	36	36	22	311	311	23	23	22.81	22.81	287	287	68	250.21	250.21	89.78	3	3	0	5.85	5.84	0.73	0	0	0	0	0	0	12	12	5	13.1	13.1	5.19	0	0	0.81	0.8	0	0	31.8	82.95	13.33	23.48	69.7	6.8	0.19000000000000128	0.18999999999999972	36.78999999999999	36.78999999999999	-21.78	-2.8499999999999996	-2.84	-0.73	0	0	0	-1.0999999999999996	-1.0999999999999994	-0.19000000000000009	-0.81	-0.8	-8.32	-13.249999999999998	-6.53	355	339.99	15.009999999999991	3	6.57	-3.57	17	18.29	-1.2899999999999996	76.5	96.28	-19.779999999999998
"2026"	"CAR"	3	"2026_03_CAR_CLE"	"00-0039150"	"Bryce Young"	"QB"	48	0	0	443	0	26	0	29.35	0	291	0	0	342.24	0	0	1	0	0	2.09	0	0	0	0	0	0	0	0	17	0	0	16.33	0	0	1	0	1.4	0	0	0	19.25	0	0	13.64	0	0	291	342.24	1	2.09	17	16.33	13.64	19.25	-3.3500000000000014	0	-51.24000000000001	0	0	-1.0899999999999999	0	0	0	0	0	0.6700000000000017	0	0	-0.3999999999999999	0	-5.609999999999999	0	0	-51.24000000000001	-1.0899999999999999	0.6700000000000017	-5.609999999999999	48	48	23	443	443	26	26	29.35	29.35	291	291	98	342.24	342.24	104.78	1	1	0	2.09	2.11	0.08	0	0	0	0	0	0.26	17	17	4	16.33	16.32	3.97	1	1	1.4	1.41	0	0	19.25	76.12	11.530000000000001	13.64	61.1	9.799999999999999	-3.3500000000000014	-3.3499999999999996	-51.24000000000001	-51.239999999999995	-6.779999999999994	-1.0899999999999999	-1.1099999999999999	-0.08	0	0	-0.26	0.6700000000000017	0.6800000000000003	0.029999999999999916	-0.3999999999999999	-0.41	-5.609999999999999	-15.019999999999998	-1.7300000000000013	389	447.02	-58.01999999999999	1	2.19	-1.19	21	20.29	0.7100000000000002	70.9	87.65	-16.75
"2026"	"NYG"	1	"2026_01_DAL_NYG"	"00-0039337"	"Malik Nabers"	"WR"	0	9	0	0	103	0	6	0	6.03	0	69	0	0	89.95	0	0	0	0	0	0.1	0	0	0	0	0	0	0	0	3	0	0	4.07	0	0	0	0	0.23	0	0	0	15.64	0	0	12.9	0	69	89.95	0	0.1	3	4.07	12.9	15.64	0	-0.03000000000000025	0	-20.950000000000003	0	0	-0.1	0	0	0	0	0	-1.0700000000000003	0	0	-0.23	0	-2.74	0	-20.950000000000003	-0.1	-1.0700000000000003	-2.74	29	29	37	245	245	23	23	19.96	19.95	230	230	165	237.9	237.9	148.23	3	3	1	1.91	1.9000000000000001	0.87	0	0	0	0	0	0	14	14	11	11.84	11.84	8.58	0	0	0.65	0.65	0	1	15.86	55.2	20.03	21.2	64	20.5	3.039999999999999	3.05	-7.900000000000006	-7.900000000000007	16.770000000000003	1.09	1.0999999999999999	0.13	0	0	0	2.16	2.1599999999999997	2.4199999999999995	-0.65	-0.65	5.34	8.799999999999999	0.4699999999999993	395	386.13	8.869999999999997	4	2.77	1.23	25	20.42	4.579999999999999	84.5	75.23	9.269999999999998
"2026"	"NYG"	2	"2026_02_NYG_LA"	"00-0039337"	"Malik Nabers"	"WR"	0	4	0	0	77	0	1	0	2.11	0	1	0	0	34.48	0	0	0	0	0	0.35	0	0	0	0	0	0	0	0	0	0	0	1.28	0	0	1	0	0.21	0	0	0	7.66	0	0	1.1	0	1	34.48	0	0.35	0	1.28	1.1	7.66	0	-1.1099999999999999	0	-33.48	0	0	-0.35	0	0	0	0	0	-1.28	0	0	0.79	0	-6.5600000000000005	0	-33.48	-0.35	-1.28	-6.5600000000000005	32	32	21	341	341	14	14	20.849999999999998	20.86	131	131	52	254.28	254.26999999999998	79.38	0	0	0	1.03	1.03	0.61	0	0	0	0	0	0	8	8	2	11.98	11.99	4.87	1	1	0.94	0.94	0	0	12.43	52.47	11.66	3.24	27.1	5.2	-6.849999999999999	-6.86	-123.28	-123.27	-27.380000000000003	-1.03	-1.03	-0.61	0	0	0	-3.980000000000001	-3.9899999999999998	-2.87	0.06	0.06000000000000004	-9.19	-25.37	-6.459999999999999	183	333.65	-150.65	0	1.6400000000000001	-1.6400000000000001	10	16.86	-6.859999999999999	32.300000000000004	64.13	-31.83
"2026"	"NYG"	3	"2026_03_TEN_NYG"	"00-0039337"	"Malik Nabers"	"WR"	0	6	0	0	5	0	5	0	4.58	0	26	0	0	27.06	0	0	0	0	0	0.17	0	0	0	0	0	0	0	0	2	0	0	1.19	0	0	0	0	0.06	0	0	0	8.32	0	0	7.6	0	26	27.06	0	0.17	2	1.19	7.6	8.32	0	0.41999999999999993	0	-1.0599999999999987	0	0	-0.17	0	0	0	0	0	0.81	0	0	-0.06	0	-0.7200000000000006	0	-1.0599999999999987	-0.17	0.81	-0.7200000000000006	22	22	33	136	136	14	14	14.82	14.84	118	118	138	135.11	135.10999999999999	150.83	0	0	0	0.55	0.56	0.8200000000000001	0	0	0	0	0	0	6	6	9	4.65	4.65	6.239999999999999	0	0	0.35	0.36	0	0	6.91	31.64	20.060000000000002	4.72	25.8	13.8	-0.8200000000000003	-0.8400000000000001	-17.110000000000014	-17.109999999999996	-12.830000000000005	-0.55	-0.56	-0.8200000000000001	0	0	0	1.3499999999999996	1.35	2.7600000000000002	-0.35	-0.36	-2.1900000000000004	-5.840000000000002	-6.260000000000001	256	285.94	-29.94	0	1.3800000000000001	-1.3800000000000001	15	10.89	4.11	39.6	51.7	-12.100000000000001
"2026"	"LV"	3	"2026_03_LV_NO"	"00-0039338"	"Brock Bowers"	"TE"	0	13	0	0	106	0	10	0	8.16	0	116	0	0	90.87	0	0	1	0	0	1.09	0	0	0	0	0	0	0	0	7	0	0	5.89	0	0	0	0	0.29	0	0	0	23.81	0	0	27.6	0	116	90.87	1	1.09	7	5.89	27.6	23.81	0	1.8399999999999999	0	25.129999999999995	0	0	-0.09000000000000008	0	0	0	0	0	1.1100000000000003	0	0	-0.29	0	3.7900000000000027	0	25.129999999999995	-0.09000000000000008	1.1100000000000003	3.7900000000000027	33	33	27	273	273	22	22	21.14	21.13	248	248	113	229.57	229.57000000000002	100.6	3	3	1	3.06	3.0700000000000003	0.99	0	0	0	1.1	1.1099999999999999	0	16	16	4	13.15	13.15	6.39	0	0	0.66	0.67	0	0	22.31	64.67999999999999	16.029999999999998	21.92	64.8	17.3	0.8599999999999994	0.8699999999999994	18.430000000000007	18.429999999999993	12.4	-0.06000000000000005	-0.07000000000000016	0.010000000000000018	-1.1	-1.1099999999999999	0	2.8499999999999996	2.8500000000000005	-2.3899999999999992	-0.66	-0.67	-0.389999999999997	0.12000000000000455	1.2700000000000018	361	330.17	30.82999999999999	4	4.0600000000000005	-0.060000000000000143	20	19.54	0.4600000000000013	82.1	80.71	1.3900000000000063
"2026"	"CAR"	1	"2026_01_CHI_CAR"	"00-0039344"	"Jonathon Brooks"	"RB"	0	2	4	0	30	0	1	0	0.98	0	48	14	0	18.72	18.51	0	0	0	0	0.02	0.01	0	0	0	0	0	0	0	1	0	0	0.94	0.74	0	0	0	0.08	0	0	0	2.98	1.9	0	5.8	1.4	62	37.230000000000004	0	0.03	1	1.68	7.199999999999999	4.88	0	0.020000000000000018	0	29.28	-4.510000000000002	0	-0.02	-0.01	0	0	0	0	0.06000000000000005	-0.74	0	-0.08	0	2.82	-0.5	24.769999999999996	-0.03	-0.6799999999999999	2.3199999999999994	38	38	22	366	366	23	23	24.7	24.7	361	361	125	294.33	294.33	98.84	3	3	2	1.99	1.98	1.1900000000000002	0	0	0	0	0	0	17	17	5	13.94	13.95	4.93	1	1	1.11	1.11	1	0	17.5	66.08	17.02	24.44	75.1	24.5	-1.6999999999999997	-1.7	66.67000000000003	66.66999999999999	26.159999999999997	1.01	1.02	0.8099999999999998	0	0	0	3.06	3.0500000000000003	0.06999999999999984	-0.11000000000000008	-0.11000000000000006	6.940000000000002	9.019999999999994	7.48	486	393.16999999999996	92.82999999999998	5	3.17	1.8299999999999998	22	18.88	3.12	99.6	83.1	16.499999999999993
"2026"	"CAR"	2	"2026_02_CAR_ATL"	"00-0039344"	"Jonathon Brooks"	"RB"	0	1	5	0	-6	0	1	0	0.87	0	-5	16	0	3.55	21.83	0	0	0	0	0.08	0.28	0	0	0	0	0	0	0	0	0	0	0.26	0.82	0	0	0	0	0	0	0	1.71	3.88	0	0.5	1.6	11	25.38	0	0.36000000000000004	0	1.08	2.1	5.59	0	0.13	0	-8.55	-5.829999999999998	0	-0.08	-0.28	0	0	0	0	-0.26	-0.82	0	0	0	-1.21	-2.28	-14.379999999999999	-0.36000000000000004	-1.08	-3.4899999999999998	36	36	22	311	311	23	23	22.81	22.81	287	287	68	250.21	250.21	89.78	3	3	0	5.85	5.84	0.73	0	0	0	0	0	0	12	12	5	13.1	13.1	5.19	0	0	0.81	0.8	0	0	31.8	82.95	13.33	23.48	69.7	6.8	0.19000000000000128	0.18999999999999972	36.78999999999999	36.78999999999999	-21.78	-2.8499999999999996	-2.84	-0.73	0	0	0	-1.0999999999999996	-1.0999999999999994	-0.19000000000000009	-0.81	-0.8	-8.32	-13.249999999999998	-6.53	355	339.99	15.009999999999991	3	6.57	-3.57	17	18.29	-1.2899999999999996	76.5	96.28	-19.779999999999998
"2026"	"TB"	1	"2026_01_TB_CIN"	"00-0039361"	"Bucky Irving"	"RB"	0	7	8	0	-25	0	7	0	5.7	0	48	45	0	39.63	34.04	0	0	1	0	0.03	0.13	0	0	0	0	0	0	0	2	3	0	1.68	1.25	0	0	0	0.05	1	0	0	9.83	4.21	0	9.8	10.5	93	73.67	1	0.16	5	2.9299999999999997	20.3	14.04	0	1.2999999999999998	0	8.369999999999997	10.96	0	-0.03	0.87	0	0	0	0	0.32000000000000006	1.75	0	-0.05	0	-0.02999999999999936	6.29	19.33	0.84	2.0700000000000003	6.260000000000002	28	28	20	143	143	23	23	20.18	20.18	216	216	89	208.33	208.31	90.49	0	0	2	0.93	0.94	0.5	0	0	0	0	0	0	12	12	5	10.35	10.35	4.65	0	0	0.46	0.46	1	1	11.11	46.589999999999996	12.14	8.64	42.6	18.9	2.8200000000000003	2.8200000000000003	7.6699999999999875	7.689999999999998	-1.4899999999999984	-0.93	-0.94	1.5	0	0	0	1.6500000000000004	1.65	0.34999999999999987	-0.46	-0.46	-2.469999999999999	-3.989999999999999	6.76	305	298.8	6.199999999999999	2	1.44	0.56	17	15	1.9999999999999998	61.5	58.73	2.770000000000001
"2026"	"TB"	2	"2026_02_CLE_TB"	"00-0039361"	"Bucky Irving"	"RB"	0	4	17	0	-22	0	4	0	3.34	0	1	89	0	15.8	77.07	0	0	0	0	0.18	0.16	0	0	0	0	0	0	0	0	3	0	1.31	2.91	0	0	0	0.02	0	0	0	5.99	8.65	0	4.1	8.9	90	92.86999999999999	0	0.33999999999999997	3	4.220000000000001	13	14.64	0	0.6600000000000001	0	-14.8	11.930000000000007	0	-0.18	-0.16	0	0	0	0	-1.31	0.08999999999999986	0	-0.02	0	-1.8900000000000006	0.25	-2.8699999999999903	-0.33999999999999997	-1.2200000000000006	-1.6400000000000006	34	34	25	421	421	21	21	20.54	20.53	182	182	137	274.27	274.24	130.28	1	1	0	2.66	2.67	0.41000000000000003	0	0	0	0	0	0	7	7	9	12.78	12.77	6.63	1	1	0.97	0.9600000000000001	0	0	19.68	63.94	15.43	9.28	45.2	13.700000000000001	0.46000000000000085	0.4700000000000001	-92.26999999999998	-92.24000000000001	6.720000000000008	-1.6600000000000001	-1.67	-0.41000000000000003	0	0	0	-5.779999999999999	-5.77	2.3699999999999997	0.030000000000000027	0.03999999999999998	-10.4	-18.74	-1.73	319	404.52	-85.52	1	3.08	-2.08	16	19.4	-3.4	58.900000000000006	79.37	-20.47
"2026"	"TB"	3	"2026_03_MIN_TB"	"00-0039361"	"Bucky Irving"	"RB"	0	4	15	0	14	0	2	0	2.98	0	12	46	0	24.55	66.94	0	0	0	0	0.09	0.04	0	0	0	0	0	0	0	1	1	0	1.18	2.58	0	0	0	0.04	0	0	0	6.01	6.96	0	3.2	4.6	58	91.49	0	0.13	2	3.76	7.8	12.969999999999999	0	-0.98	0	-12.55	-20.939999999999998	0	-0.09	-0.04	0	0	0	0	-0.17999999999999994	-1.58	0	-0.04	0	-2.8099999999999996	-2.3600000000000003	-33.489999999999995	-0.13	-1.7599999999999998	-5.169999999999999	37	37	21	394	394	17	17	23.33	23.330000000000002	217	217	57	293.27	293.28000000000003	105.07	1	1	0	0.6900000000000001	0.7	0.06	0	0	0	0	0	0	7	7	2	12.66	12.66	4.71	2	2	1.3699999999999999	1.3900000000000001	0	0	11.75	56.809999999999995	10.870000000000001	8.68	44.699999999999996	5.699999999999999	-6.329999999999999	-6.330000000000001	-76.27000000000001	-76.28	-48.07	0.30999999999999994	0.30000000000000004	-0.06	0	0	0	-5.66	-5.66	-2.71	0.6300000000000001	0.61	-3.07	-12.11	-5.170000000000001	274	398.35	-124.35	1	0.76	0.24000000000000005	9	17.37	-8.370000000000001	50.39999999999999	67.67999999999999	-17.28
"2026"	"NO"	2	"2026_02_NO_BAL"	"00-0039424"	"Devaughn Vele"	"WR"	0	7	0	0	69	0	5	0	4.38	0	64	0	0	55.96	0	0	0	0	0	0.51	0	0	0	0	0	0	0	0	3	0	0	3.43	0	0	0	0	0.22	0	0	0	13.01	0	0	11.4	0	64	55.96	0	0.51	3	3.43	11.4	13.01	0	0.6200000000000001	0	8.04	0	0	-0.51	0	0	0	0	0	-0.43000000000000016	0	0	-0.22	0	-1.6099999999999994	0	8.04	-0.51	-0.43000000000000016	-1.6099999999999994	34	34	27	213	213	27	27	23.64	23.64	252	252	65	240.12	240.13	102.53	1	1	1	1.36	1.35	1.1800000000000002	0	0	1	0	0	0.38	11	11	6	12.14	12.14	7.03	0	0	0.74	0.74	0	0	13.57	55.81	18.16	14.08	58.2	14.5	3.3599999999999994	3.36	11.879999999999995	11.869999999999997	-37.53	-0.3600000000000001	-0.35	-0.18000000000000008	0	0	0.62	-1.1400000000000006	-1.1400000000000006	-1.0300000000000002	-0.74	-0.74	0.5099999999999998	2.3900000000000032	-3.6599999999999993	317	342.65999999999997	-25.660000000000004	2	2.5300000000000002	-0.53	17	19.17	-2.170000000000001	72.7	73.97	-1.269999999999996
"2026"	"NO"	3	"2026_03_LV_NO"	"00-0039424"	"Devaughn Vele"	"WR"	0	6	0	0	94	0	3	0	3.4	0	39	0	0	56.29	0	0	0	0	0	0.5	0	0	0	0	0	0	0	0	3	0	0	2.97	0	0	0	0	0.2	0	0	0	12.01	0	0	6.9	0	39	56.29	0	0.5	3	2.97	6.9	12.01	0	-0.3999999999999999	0	-17.29	0	0	-0.5	0	0	0	0	0	0.029999999999999805	0	0	-0.2	0	-5.109999999999999	0	-17.29	-0.5	0.029999999999999805	-5.109999999999999	42	42	28	311	311	29	29	28.01	28	255	255	148	276.2	276.21	119.72	4	4	0	3.44	3.44	1.05	0	0	0	0	0	0	18	18	8	15.73	15.72	8.39	1	1	0.83	0.84	1	0	23.15	76.29	18.31	24.2	76.5	14.8	0.9899999999999984	1	-21.19999999999999	-21.20999999999999	28.28	0.56	0.5599999999999999	-1.05	0	0	0	2.2699999999999996	2.28	-0.39000000000000024	0.17000000000000004	0.16	1.0500000000000007	0.2100000000000002	-3.51	403	395.92999999999995	7.070000000000011	4	4.49	-0.4900000000000001	26	24.11	1.8899999999999997	91.3	94.60000000000001	-3.3
"2026"	"CAR"	1	"2026_01_CHI_CAR"	"00-0039491"	"Jalen Coker"	"WR"	0	9	0	0	124	0	8	0	5.57	0	138	0	0	78.67	0	0	2	0	0	0.54	0	0	0	0	0	0	0	0	6	0	0	3.42	0	0	1	0	0.3	0	0	0	16.69	0	0	33.8	0	138	78.67	2	0.54	6	3.42	33.8	16.69	0	2.4299999999999997	0	59.33	0	0	1.46	0	0	0	0	0	2.58	0	0	0.7	0	17.109999999999996	0	59.33	1.46	2.58	17.109999999999996	38	38	22	366	366	23	23	24.7	24.7	361	361	125	294.33	294.33	98.84	3	3	2	1.99	1.98	1.1900000000000002	0	0	0	0	0	0	17	17	5	13.94	13.95	4.93	1	1	1.11	1.11	1	0	17.5	66.08	17.02	24.44	75.1	24.5	-1.6999999999999997	-1.7	66.67000000000003	66.66999999999999	26.159999999999997	1.01	1.02	0.8099999999999998	0	0	0	3.06	3.0500000000000003	0.06999999999999984	-0.11000000000000008	-0.11000000000000006	6.940000000000002	9.019999999999994	7.48	486	393.16999999999996	92.82999999999998	5	3.17	1.8299999999999998	22	18.88	3.12	99.6	83.1	16.499999999999993
"2026"	"CAR"	2	"2026_02_CAR_ATL"	"00-0039491"	"Jalen Coker"	"WR"	0	9	0	0	48	0	8	0	6.37	0	66	0	0	54.22	0	0	0	0	0	1.06	0	0	0	0	0	0	0	0	3	0	0	2.88	0	0	0	0	0.13	0	0	0	18.18	0	0	14.6	0	66	54.22	0	1.06	3	2.88	14.6	18.18	0	1.63	0	11.780000000000001	0	0	-1.06	0	0	0	0	0	0.1200000000000001	0	0	-0.13	0	-3.58	0	11.780000000000001	-1.06	0.1200000000000001	-3.58	36	36	22	311	311	23	23	22.81	22.81	287	287	68	250.21	250.21	89.78	3	3	0	5.85	5.84	0.73	0	0	0	0	0	0	12	12	5	13.1	13.1	5.19	0	0	0.81	0.8	0	0	31.8	82.95	13.33	23.48	69.7	6.8	0.19000000000000128	0.18999999999999972	36.78999999999999	36.78999999999999	-21.78	-2.8499999999999996	-2.84	-0.73	0	0	0	-1.0999999999999996	-1.0999999999999994	-0.19000000000000009	-0.81	-0.8	-8.32	-13.249999999999998	-6.53	355	339.99	15.009999999999991	3	6.57	-3.57	17	18.29	-1.2899999999999996	76.5	96.28	-19.779999999999998
"2026"	"CAR"	3	"2026_03_CAR_CLE"	"00-0039491"	"Jalen Coker"	"WR"	0	4	0	0	80	0	2	0	2.21	0	18	0	0	41.69	0	0	0	0	0	0.11	0	0	0	0	0	0	0	0	1	0	0	1.52	0	0	0	0	0.15	0	0	0	7.02	0	0	3.8	0	18	41.69	0	0.11	1	1.52	3.8	7.02	0	-0.20999999999999996	0	-23.689999999999998	0	0	-0.11	0	0	0	0	0	-0.52	0	0	-0.15	0	-3.2199999999999998	0	-23.689999999999998	-0.11	-0.52	-3.2199999999999998	48	48	23	443	443	26	26	29.35	29.35	291	291	98	342.24	342.24	104.78	1	1	0	2.09	2.11	0.08	0	0	0	0	0	0.26	17	17	4	16.33	16.32	3.97	1	1	1.4	1.41	0	0	19.25	76.12	11.530000000000001	13.64	61.1	9.799999999999999	-3.3500000000000014	-3.3499999999999996	-51.24000000000001	-51.239999999999995	-6.779999999999994	-1.0899999999999999	-1.1099999999999999	-0.08	0	0	-0.26	0.6700000000000017	0.6800000000000003	0.029999999999999916	-0.3999999999999999	-0.41	-5.609999999999999	-15.019999999999998	-1.7300000000000013	389	447.02	-58.01999999999999	1	2.19	-1.19	21	20.29	0.7100000000000002	70.9	87.65	-16.75
"2026"	"DEN"	1	"2026_01_DEN_KC"	"00-0039732"	"Bo Nix"	"QB"	28	0	3	92	0	17	0	19.77	0	131	0	2	160.79	0	6.8	1	0	0	0.49	0	0.05	0	0	0	0	0	0	6	0	0	8.03	0	0.09	1	0	0.51	0	0	0	7.35	0	0.97	7.24	0	0.2	133	167.59	1	0.54	6	8.12	7.44	8.32	-2.7699999999999996	0	-29.789999999999992	0	-4.8	0.51	0	-0.05	0	0	0	-2.0299999999999994	0	-0.09	0.49	0	-0.10999999999999943	0	-0.77	-34.59	0.45999999999999996	-2.119999999999999	-0.8799999999999999	28	28	15	92	92	17	17	19.77	19.77	131	131	61	160.79	160.79	65.79	1	1	0	0.49	0.48000000000000004	0.08	0	0	0	0	0	0	6	6	2	8.03	8.02	2.63	1	1	0.51	0.52	0	0	7.35	38.76	7.06	7.24	36.1	6.1000000000000005	-2.7699999999999996	-2.77	-29.789999999999992	-29.790000000000003	-4.790000000000002	0.51	0.5199999999999999	-0.08	0	0	0	-2.0299999999999994	-2.02	-0.63	0.49	0.48	-0.10999999999999943	-2.6600000000000006	-0.9599999999999999	192	226.57999999999998	-34.580000000000005	1	0.56	0.4399999999999999	8	10.649999999999999	-2.65	42.2	45.82	-3.6200000000000006
"2026"	"DEN"	2	"2026_02_JAX_DEN"	"00-0039732"	"Bo Nix"	"QB"	31	0	5	268	0	22	0	20.05	0	288	0	6	229.24	0	10.01	1	0	0	1.67	0	0.01	0	0	0	0	0	0	13	0	2	10.95	0	1.33	1	0	0.73	0	0	0	14.38	0	1.07	13.52	0	0.6	294	239.25	1	1.68	15	12.28	14.12	15.450000000000001	1.9499999999999993	0	58.75999999999999	0	-4.01	-0.6699999999999999	0	-0.01	0	0	0	2.0500000000000007	0	0.6699999999999999	0.27	0	-0.8600000000000012	0	-0.4700000000000001	54.75	-0.6799999999999999	2.7200000000000006	-1.3300000000000018	31	31	28	268	268	22	22	20.05	20.05	288	288	104	229.24	229.23000000000002	95.09	1	1	1	1.67	1.67	2.3899999999999997	0	0	0	0	0	0	13	13	7	10.95	10.95	6.5	1	1	0.73	0.71	0	0	14.38	52.99	23.86	13.52	56.8	16.400000000000002	1.9499999999999993	1.9500000000000002	58.75999999999999	58.769999999999996	8.910000000000004	-0.6699999999999999	-0.6699999999999999	-1.39	0	0	0	2.0500000000000007	2.0500000000000003	0.5000000000000001	0.27	0.29000000000000004	-0.8600000000000012	3.8099999999999987	-7.459999999999999	392	324.32000000000005	67.68	2	4.06	-2.0599999999999996	20	17.45	2.5500000000000003	73.2	76.85	-3.6500000000000004
"2026"	"LA"	1	"2026_01_SF_LA"	"00-0039738"	"Blake Corum"	"RB"	0	0	10	0	0	0	0	0	0	0	0	54	0	0	46.05	0	0	0	0	0	0.03	0	0	0	0	0	0	0	0	2	0	0	3.09	0	0	0	0	0	0	0	0	4.78	0	0	5.4	54	46.05	0	0.03	2	3.09	5.4	4.78	0	0	0	0	7.950000000000003	0	0	-0.03	0	0	0	0	0	-1.0899999999999999	0	0	0	0	0.6200000000000001	7.950000000000003	-0.03	-1.0899999999999999	0.6200000000000001	28	28	29	255	255	17	17	18.13	18.12	168	168	122	212.42	212.42000000000002	121.7	0	0	1	1.05	1.04	1.56	0	0	0	0	0	0	6	6	7	11.28	11.290000000000001	8.81	1	1	0.71	0.73	1	0	11.290000000000001	45.68	21.48	4.720000000000001	31.8	18.2	-1.13	-1.1199999999999997	-44.419999999999995	-44.42000000000001	0.3000000000000016	-1.05	-1.04	-0.5599999999999999	0	0	0	-5.279999999999999	-5.29	-1.8099999999999998	0.29000000000000004	0.27	-6.57	-13.879999999999999	-3.2799999999999994	290	334.12	-44.120000000000005	1	2.6	-1.6	13	20.1	-7.1	50	67.16	-17.159999999999997
"2026"	"LA"	2	"2026_02_NYG_LA"	"00-0039738"	"Blake Corum"	"RB"	0	1	12	0	-6	0	1	0	0.88	0	13	79	0	4.7	54.57	0	0	0	0	0.05	0.1	0	0	0	0	0	0	0	1	5	0	0.21	3.02	0	0	0	0	0	0	0	1.66	6.04	0	2.3	7.9	92	59.27	0	0.15000000000000002	6	3.23	10.2	7.7	0	0.12	0	8.3	24.43	0	-0.05	-0.1	0	0	0	0	0.79	1.98	0	0	0	0.6399999999999999	1.8600000000000003	32.73	-0.15000000000000002	2.77	2.499999999999999	31	31	28	331	331	22	22	20.1	20.11	327	327	163	276.95	276.93	108.61	4	4	0	2.03	2.04	0.5	0	0	0	0	0	0	15	15	8	12.31	12.33	6.23	1	1	0.56	0.55	0	1	18.1	59.99	13.83	27.08	78.7	14.3	1.8999999999999986	1.8900000000000006	50.05000000000001	50.06999999999999	54.39	1.9700000000000002	1.96	-0.5	0	0	0	2.6899999999999995	2.67	1.7699999999999998	0.43999999999999995	0.44999999999999996	8.979999999999997	18.709999999999997	0.4700000000000004	490	385.54	104.46	4	2.54	1.46	23	18.560000000000002	4.4399999999999995	93	73.82000000000001	19.179999999999996
"2026"	"GB"	1	"2026_01_GB_MIN"	"00-0039811"	"MarShawn Lloyd"	"RB"	0	1	13	0	18	0	0	0	0.27	0	0	37	0	5.14	60.58	0	0	0	0	0.17	0.21	0	0	0	0	0	0	0	0	2	0	0.23	2.61	0	0	0	0.06	0	0	0	1.8	7.3	0	0	3.7	37	65.72	0	0.38	2	2.84	3.7	9.1	0	-0.27	0	-5.14	-23.58	0	-0.17	-0.21	0	0	0	0	-0.23	-0.6099999999999999	0	-0.06	0	-1.8	-3.5999999999999996	-28.72	-0.38	-0.8399999999999999	-5.3999999999999995	42	42	21	469	469	21	21	25.38	25.39	387	387	66	342.28	342.28000000000003	94.52	2	2	0	2.66	2.65	0.38	0	0	0	0	0	0	16	16	3	18.35	18.369999999999997	4.27	1	1	1.19	1.18	0	0	21.93	75.55	11.75	21.48	71.7	6.6	-4.379999999999999	-4.39	44.72000000000003	44.719999999999985	-28.52	-0.6600000000000001	-0.65	-0.38	0	0	0	-2.3500000000000014	-2.3699999999999988	-1.2699999999999998	-0.18999999999999995	-0.17999999999999997	-0.4499999999999993	-3.849999999999996	-5.15	453	436.8	16.199999999999985	2	3.03	-1.03	19	22.639999999999997	-3.639999999999999	78.3	87.3	-8.999999999999996
"2026"	"GB"	2	"2026_02_GB_NYJ"	"00-0039811"	"MarShawn Lloyd"	"RB"	0	2	6	0	-4	0	2	0	1.62	0	6	20	0	7.78	24.64	0	1	0	0	0.31	0.12	0	0	0	0	0	0	0	1	1	0	0.34	0.72	0	0	0	0.01	0	1	0	4.25	3.19	0	8.6	0	26	32.42	1	0.43	2	1.06	8.6	7.4399999999999995	0	0.3799999999999999	0	-1.7800000000000002	-4.640000000000001	0	0.69	-0.12	0	0	0	0	0.6599999999999999	0.28	0	-0.01	0	4.35	-3.19	-6.420000000000002	0.5700000000000001	0.94	1.1600000000000001	29	29	18	216	216	16	16	20.1	20.1	145	145	63	208.63	208.63	75.59	2	2	0	1.03	1.02	0.25	0	0	0	0	0	0	8	8	4	9.35	9.35	2.09	0	0	0.64	0.65	0	1	11.17	47.13	9.07	13.8	42.5	4.300000000000001	-4.100000000000001	-4.1000000000000005	-63.629999999999995	-63.63000000000001	-12.59	0.97	0.9799999999999999	-0.25	0	0	0	-1.3499999999999996	-1.3499999999999996	1.91	-0.64	-0.65	2.630000000000001	-4.630000000000001	-4.77	208	284.22	-76.22000000000001	2	1.27	0.7299999999999999	12	11.44	0.5600000000000003	46.8	56.2	-9.4
"2026"	"GB"	3	"2026_03_ATL_GB"	"00-0039811"	"MarShawn Lloyd"	"RB"	0	3	4	0	-12	0	2	0	2.6	0	7	11	0	18.84	14.1	0	0	0	0	0.01	0.29	0	0	0	0	0	0	0	0	1	0	0.94	1.03	0	0	0	0.02	0	0	0	4.56	3.13	0	2.7	1.1	18	32.94	0	0.3	1	1.97	3.8000000000000003	7.6899999999999995	0	-0.6000000000000001	0	-11.84	-3.0999999999999996	0	-0.01	-0.29	0	0	0	0	-0.94	-0.030000000000000027	0	-0.02	0	-1.8599999999999994	-2.03	-14.939999999999998	-0.3	-0.97	-3.8899999999999992	53	53	9	392	392	28	28	33.71	33.72	312	312	17	343.28	343.28999999999996	32.9	2	2	0	2.43	2.43	0.3	0	0	0	0	0	0	15	15	1	19.16	19.16	1.51	1	1	1.45	1.46	0	0	20.56	82.64999999999999	5.1	18.48	71.2	1.7000000000000002	-5.710000000000001	-5.720000000000001	-31.279999999999973	-31.28999999999999	-15.9	-0.43000000000000016	-0.42999999999999994	-0.3	0	0	0	-4.16	-4.16	-0.51	-0.44999999999999996	-0.46	-2.0799999999999983	-11.449999999999996	-3.4	329	376.18999999999994	-47.18999999999999	2	2.73	-0.73	16	20.67	-4.67	72.9	87.74999999999999	-14.849999999999996
"2026"	"ARI"	1	"2026_01_ARI_LAC"	"00-0039849"	"Marvin Harrison Jr."	"WR"	0	3	0	0	71	0	1	0	1.31	0	33	0	0	32.14	0	0	0	0	0	0.05	0	0	0	0	0	0	0	0	1	0	0	1.26	0	0	0	0	0.11	0	0	0	4.84	0	0	4.3	0	33	32.14	0	0.05	1	1.26	4.3	4.84	0	-0.31000000000000005	0	0.8599999999999994	0	0	-0.05	0	0	0	0	0	-0.26	0	0	-0.11	0	-0.54	0	0.8599999999999994	-0.05	-0.26	-0.54	37	37	34	283	283	27	27	25.35	25.34	277	277	116	270.27	270.27	121.25	1	1	1	1.47	1.45	0.99	0	0	0	0	0	0	15	15	7	12.89	12.89	6.84	0	0	0.62	0.63	0	0	15.44	61.19	18.06	15.08	60.7	17.599999999999998	1.6499999999999986	1.6599999999999993	6.730000000000018	6.730000000000004	-5.250000000000005	-0.47	-0.45000000000000007	0.010000000000000026	0	0	0	2.1099999999999994	2.11	0.16000000000000014	-0.62	-0.63	-0.35999999999999943	-0.4900000000000002	-0.4600000000000004	393	391.52	1.4799999999999986	2	2.44	-0.44000000000000006	22	19.73	2.27	78.3	79.25	-0.9500000000000006
"2026"	"ARI"	2	"2026_02_SEA_ARI"	"00-0039849"	"Marvin Harrison Jr."	"WR"	0	1	0	0	3	0	0	0	0.75	0	0	0	0	4.68	0	0	0	0	0	0	0	0	0	0	0	0	0	0	0	0	0	0.29	0	0	0	0	0.01	0	0	0	1.23	0	0	0	0	0	4.68	0	0	0	0.29	0	1.23	0	-0.75	0	-4.68	0	0	0	0	0	0	0	0	-0.29	0	0	-0.01	0	-1.23	0	-4.68	0	-0.29	-1.23	28	28	17	109	109	17	17	19.35	19.35	95	95	70	160.58	160.59	70.39	1	1	0	1	1.01	0.36	0	0	0	0	0	0	4	4	4	9.65	9.64	5.54	1	1	0.6	0.59	0	0	9.23	41.4	9.23	5.8	32.5	7	-2.3500000000000014	-2.3499999999999996	-65.58000000000001	-65.59	-0.39000000000000057	0	-0.009999999999999946	-0.36	0	0	0	-5.65	-5.64	-1.54	0.4	0.41	-3.4300000000000006	-8.899999999999997	-2.23	165	230.98000000000002	-65.98	1	1.37	-0.36999999999999994	8	15.18	-7.18	39.5	50.629999999999995	-11.129999999999997
"2026"	"ARI"	3	"2026_03_ARI_SF"	"00-0039849"	"Marvin Harrison Jr."	"WR"	0	5	0	0	85	0	3	0	2.68	0	40	0	0	48.58	0	0	0	0	0	0.07	0	0	0	0	0	0	0	0	3	0	0	2.89	0	0	0	0	0.18	0	0	0	7.95	0	0	7	0	40	48.58	0	0.07	3	2.89	7	7.95	0	0.31999999999999984	0	-8.579999999999998	0	0	-0.07	0	0	0	0	0	0.10999999999999988	0	0	-0.18	0	-0.9500000000000002	0	-8.579999999999998	-0.07	0.10999999999999988	-0.9500000000000002	52	52	27	318	318	38	38	35.13	35.13	280	280	93	334.08	334.08	101.56	2	2	1	3.31	3.3000000000000003	1.7	0	0	0	0	0	0	18	18	6	20.35	20.35	8.82	0	0	0.95	0.96	0	0	24.69	88.38000000000001	20.35	19.2	78	15.3	2.8699999999999974	2.869999999999999	-54.079999999999984	-54.07999999999999	-8.559999999999999	-1.31	-1.3	-0.7000000000000001	0	0	0	-2.3500000000000014	-2.35	-2.8200000000000003	-0.95	-0.96	-5.490000000000002	-10.380000000000004	-5.05	373	435.64	-62.639999999999986	3	5	-2	24	29.17	-5.17	93.3	108.73000000000002	-15.430000000000003
"2026"	"NE"	1	"2026_01_NE_SEA"	"00-0039851"	"Drake Maye"	"QB"	33	0	7	221	0	23	0	22.74	0	178	0	47	240.28	0	43.83	1	0	0	1.17	0	0.05	0	0	0	0	0	0	9	0	5	11.05	0	4.34	3	0	0.77	0	0	0	12.77	0	4.66	5.12	0	4.7	225	284.11	1	1.22	14	15.39	9.82	17.43	0.26000000000000156	0	-62.28	0	3.1700000000000017	-0.16999999999999993	0	-0.05	0	0	0	-2.0500000000000007	0	0.6600000000000001	2.23	0	-7.6499999999999995	0	0.040000000000000036	-59.110000000000014	-0.21999999999999997	-1.3900000000000006	-7.609999999999999	33	33	31	221	221	23	23	22.74	22.73	178	178	109	240.28	240.27	151.85	1	1	0	1.17	1.17	0.13	0	0	0	0	0	0	9	9	7	11.05	11.05	9.74	3	3	0.77	0.76	0	0	12.77	53.81	15.95	5.12	46.8	10.9	0.26000000000000156	0.27000000000000035	-62.28	-62.27	-42.85	-0.16999999999999993	-0.16999999999999996	-0.13	0	0	0	-2.0500000000000007	-2.05	-2.74	2.23	2.24	-7.6499999999999995	-7.010000000000002	-5.05	287	392.12	-105.12	1	1.2999999999999998	-0.29999999999999993	16	20.79	-4.79	57.699999999999996	69.76	-12.060000000000002
"2026"	"NE"	2	"2026_02_PIT_NE"	"00-0039851"	"Drake Maye"	"QB"	22	0	4	196	0	14	0	14.85	0	208	0	17	176.57	0	11.96	0	0	0	0.42	0	0.01	0	0	0	0	0	0	6	0	1	7.43	0	0.47	1	0	0.42	0	0	0	7.89	0	1.23	6.32	0	1.7	225	188.53	0	0.43	7	7.8999999999999995	8.02	9.12	-0.8499999999999996	0	31.430000000000007	0	5.039999999999999	-0.42	0	-0.01	0	0	0	-1.4299999999999997	0	0.53	0.5800000000000001	0	-1.5699999999999994	0	0.47	36.47	-0.43	-0.8999999999999995	-1.0999999999999996	22	22	28	196	196	14	14	14.85	14.87	208	208	136	176.57	176.56	117.51	0	0	1	0.42	0.43000000000000005	0.16	0	0	0	0	0	0	6	6	7	7.43	7.42	7.08	1	1	0.42	0.43	1	0	7.89	35.03	12.700000000000001	6.32	32.8	19.599999999999998	-0.8499999999999996	-0.87	31.430000000000007	31.439999999999998	18.490000000000002	-0.42	-0.43000000000000005	0.84	0	0	0	-1.4299999999999997	-1.4199999999999997	-0.08000000000000035	0.5800000000000001	0.5700000000000001	-1.5699999999999994	-2.230000000000001	6.8999999999999995	344	294.07	49.93	1	0.5900000000000001	0.4099999999999999	13	14.5	-1.5	52.39999999999999	47.730000000000004	4.669999999999998
"2026"	"NE"	3	"2026_03_NE_JAX"	"00-0039851"	"Drake Maye"	"QB"	25	0	4	287	0	14	0	14.69	0	199	0	18	200.9	0	16.76	0	0	0	1.68	0	0.54	0	0	0	0	0	0	6	0	2	9.36	0	2.55	2	0	0.67	0	0	0	13.41	0	4.95	3.96	0	1.8	217	217.66	0	2.2199999999999998	8	11.91	5.76	18.36	-0.6899999999999995	0	-1.9000000000000057	0	1.2399999999999984	-1.68	0	-0.54	0	0	0	-3.3599999999999994	0	-0.5499999999999998	1.33	0	-9.45	0	-3.1500000000000004	-0.6599999999999966	-2.2199999999999998	-3.91	-12.6	31	31	26	362	362	18	18	17.99	17.98	245	245	83	244.04	244.04000000000002	110.69	0	0	0	2.11	2.11	0.8200000000000001	0	0	0	0	0	0	8	8	6	11.16	11.15	7.569999999999999	2	2	0.91	0.92	0	0	16.35	55.01	16.01	5.8	42.5	8.3	0.010000000000000675	0.020000000000000018	0.9599999999999937	0.9599999999999893	-27.69	-2.11	-2.11	-0.8200000000000001	0	0	0	-3.1599999999999993	-3.15	-1.5699999999999996	1.09	1.0799999999999998	-10.549999999999999	-12.51	-7.710000000000001	328	354.73	-26.73000000000001	0	2.9299999999999997	-2.9299999999999997	14	18.72	-4.72	50.8	71.02	-20.22
"2026"	"NYJ"	1	"2026_01_NYJ_TEN"	"00-0039890"	"Adonai Mitchell"	"WR"	0	3	0	0	59	0	3	0	1.69	0	60	0	0	32.55	0	0	0	0	0	0.09	0	0	0	0	0	0	0	0	2	0	0	1.1	0	0	0	0	0.12	0	0	0	5.48	0	0	9	0	60	32.55	0	0.09	2	1.1	9	5.48	0	1.31	0	27.450000000000003	0	0	-0.09	0	0	0	0	0	0.8999999999999999	0	0	-0.12	0	3.5199999999999996	0	27.450000000000003	-0.09	0.8999999999999999	3.5199999999999996	24	24	39	168	168	19	19	17	17.01	215	215	152	191.39	191.39000000000001	141.01	0	0	2	0.4	0.4	1.54	0	0	0	0	0	0	7	7	11	8.26	8.25	9.1	0	0	0.4	0.4	0	0	8.43	38.52	23.42	8.6	40.5	27.2	2	1.9900000000000002	23.610000000000014	23.609999999999992	10.989999999999998	-0.4	-0.4	0.45999999999999996	0	0	0	-1.2599999999999998	-1.2500000000000002	1.9	-0.4	-0.4	0.16999999999999993	1.9799999999999989	3.7799999999999994	367	332.4	34.599999999999994	2	1.94	0.05999999999999994	18	17.35	0.6499999999999997	67.7	61.940000000000005	5.759999999999998
"2026"	"NYJ"	2	"2026_02_GB_NYJ"	"00-0039890"	"Adonai Mitchell"	"WR"	0	12	0	0	178	0	6	0	7.38	0	63	0	0	104.34	0	0	0	0	0	0.2	0	0	0	0	0	0	0	0	5	0	0	4.31	0	0	0	0	0.35	0	0	0	19.01	0	0	12.3	0	63	104.34	0	0.2	5	4.31	12.3	19.01	0	-1.38	0	-41.34	0	0	-0.2	0	0	0	0	0	0.6900000000000004	0	0	-0.35	0	-6.710000000000001	0	-41.34	-0.2	0.6900000000000004	-6.710000000000001	41	41	27	251	251	27	27	28.18	28.18	247	247	67	279.22	279.22	126.83	1	1	1	0.68	0.69	0.34	0	0	0	0	0	0	11	11	6	11.15	11.14	8.17	0	0	0.76	0.76	0	0	12.39	60.190000000000005	14.69	13.88	57.7	12.7	-1.1799999999999997	-1.1800000000000002	-32.22000000000003	-32.22	-59.83	0.31999999999999995	0.30999999999999994	0.66	0	0	0	-0.15000000000000036	-0.13999999999999976	-2.17	-0.76	-0.76	1.4900000000000002	-2.4900000000000007	-1.9900000000000002	314	406.05	-92.05	2	1.03	0.97	17	19.310000000000002	-2.3099999999999996	70.4	74.88000000000001	-4.48
"2026"	"JAX"	1	"2026_01_CLE_JAX"	"00-0039893"	"Brian Thomas Jr."	"WR"	0	3	0	0	44	0	3	0	1.79	0	40	0	0	32.09	0	0	0	0	0	0.12	0	0	0	0	0	0	0	0	3	0	0	1.75	0	0	0	0	0.08	0	0	0	5.73	0	0	7	0	40	32.09	0	0.12	3	1.75	7	5.73	0	1.21	0	7.909999999999997	0	0	-0.12	0	0	0	0	0	1.25	0	0	-0.08	0	1.2699999999999996	0	7.909999999999997	-0.12	1.25	1.2699999999999996	23	23	32	242	242	18	18	14.63	14.620000000000001	245	245	126	191.81	191.81	139.71	4	4	0	1.93	1.9000000000000001	0.33	0	0	0	0	0	0	13	13	8	9.85	9.84	7.87	0	0	0.49	0.51	0	0	14.42	45.42	15.940000000000001	25.8	66.5	12.6	3.369999999999999	3.38	53.19	53.19	-13.709999999999997	2.0700000000000003	2.1	-0.33	0	0	0	3.1500000000000004	3.16	0.13000000000000028	-0.49	-0.51	11.38	21.080000000000002	-3.340000000000001	371	331.52	39.480000000000004	4	2.23	1.77	21	17.71	3.2900000000000005	79.1	61.36	17.740000000000002
"2026"	"JAX"	2	"2026_02_JAX_DEN"	"00-0039893"	"Brian Thomas Jr."	"WR"	0	8	0	0	82	0	3	0	4.93	0	40	0	0	59.71	0	0	0	0	0	0.05	0	0	0	0	0	0	0	0	3	0	0	3.4	0	0	0	0	0.24	0	0	0	11.22	0	0	7	0	40	59.71	0	0.05	3	3.4	7	11.22	0	-1.9299999999999997	0	-19.71	0	0	-0.05	0	0	0	0	0	-0.3999999999999999	0	0	-0.24	0	-4.220000000000001	0	-19.71	-0.05	-0.3999999999999999	-4.220000000000001	29	29	24	302	302	17	17	17.87	17.86	189	189	95	227.19	227.19	104.83	0	0	1	1.27	1.26	1.16	0	0	0	0	0	0	8	8	9	11.01	11.02	7.5600000000000005	1	1	0.8	0.82	0	0	12.57	48.21	17.47	5.56	35.9	15.5	-0.870000000000001	-0.8599999999999998	-38.19	-38.19	-9.830000000000002	-1.27	-1.26	-0.15999999999999998	0	0	0	-3.01	-3.02	1.4399999999999997	0.19999999999999996	0.18	-7.010000000000001	-12.309999999999999	-1.9700000000000002	284	332.02	-48.019999999999996	1	2.42	-1.42	17	18.58	-1.5800000000000003	51.4	65.68	-14.28
"2026"	"JAX"	3	"2026_03_NE_JAX"	"00-0039893"	"Brian Thomas Jr."	"WR"	0	1	0	0	4	0	1	0	0.79	0	8	0	0	5.84	0	0	0	0	0	0.02	0	0	0	0	0	0	0	0	0	0	0	0.17	0	0	0	0	0.01	0	0	0	1.52	0	0	1.8	0	8	5.84	0	0.02	0	0.17	1.8	1.52	0	0.20999999999999996	0	2.16	0	0	-0.02	0	0	0	0	0	-0.17	0	0	-0.01	0	0.28	0	2.16	-0.02	-0.17	0.28	29	29	30	180	180	19	19	18.73	18.72	182	182	137	199.54	199.54999999999998	132.48	3	3	2	2.43	2.4	1.23	0	0	0	0	0	0	10	10	10	11.21	11.209999999999999	9.33	1	1	0.63	0.62	0	0	16.43	53.25	20.67	17.28	55.199999999999996	25.7	0.2699999999999996	0.2799999999999998	-17.539999999999992	-17.549999999999997	4.520000000000005	0.5699999999999998	0.6	0.77	0	0	0	-1.2100000000000009	-1.2099999999999997	0.6700000000000004	0.37	0.37999999999999995	0.8500000000000014	1.9499999999999975	5.029999999999999	319	332.03	-13.029999999999992	5	3.63	1.37	20	20.54	-0.5399999999999994	80.89999999999999	73.92	6.979999999999997
"2026"	"KC"	1	"2026_01_DEN_KC"	"00-0039894"	"Xavier Worthy"	"WR"	0	6	0	0	42	0	3	0	4.26	0	18	0	0	46.91	0	0	0	0	0	0.07	0	0	0	0	0	0	0	0	1	0	0	2.83	0	0	1	0	0.13	0	0	0	9.36	0	0	4.8	0	18	46.91	0	0.07	1	2.83	4.8	9.36	0	-1.2599999999999998	0	-28.909999999999997	0	0	-0.07	0	0	0	0	0	-1.83	0	0	0.87	0	-4.56	0	-28.909999999999997	-0.07	-1.83	-4.56	27	27	38	133	133	15	15	19.57	19.57	184	184	220	202.03	202.03	151.17000000000002	2	2	2	0.96	0.9500000000000001	1.1800000000000002	0	0	0	0	0	0	7	7	11	10.5	10.5	9.65	1	1	0.47	0.47000000000000003	0	0	10.99	45.54	22.14	13.36	45.4	34	-4.57	-4.569999999999999	-18.03	-18.029999999999998	68.83	1.04	1.0499999999999998	0.8200000000000001	0	0	0	-3.5	-3.5	1.35	0.53	0.53	2.369999999999999	-0.1399999999999999	11.860000000000003	404	353.20000000000005	50.8	4	2.1300000000000003	1.8699999999999999	18	20.15	-2.15	79.4	67.68	11.720000000000002
"2026"	"KC"	2	"2026_02_IND_KC"	"00-0039894"	"Xavier Worthy"	"WR"	0	7	0	0	40	0	5	0	5.04	0	25	0	0	45.72	0	0	1	0	0	1.11	0	0	0	0	0	0	0	0	2	0	0	3.05	0	0	0	0	0.1	0	0	0	16.26	0	0	13.5	0	25	45.72	1	1.11	2	3.05	13.5	16.26	0	-0.040000000000000036	0	-20.72	0	0	-0.1100000000000001	0	0	0	0	0	-1.0499999999999998	0	0	-0.1	0	-2.7600000000000016	0	-20.72	-0.1100000000000001	-1.0499999999999998	-2.7600000000000016	47	47	29	262	262	32	32	33.61	33.6	382	382	152	325.36	325.37	125.81	3	3	0	2.84	2.85	1.8900000000000001	0	0	0	0	0	0	19	19	10	17.9	17.9	10.04	0	0	0.8	0.79	0	0	22.77	83.16	23.919999999999998	27.28	88.2	15.2	-1.6099999999999994	-1.6000000000000019	56.639999999999986	56.629999999999995	26.19	0.16000000000000014	0.14999999999999988	-1.8900000000000001	0	0	0	1.1000000000000014	1.100000000000001	-0.040000000000000036	-0.8	-0.79	4.510000000000002	5.039999999999997	-8.72	534	451.18	82.82	3	4.74	-1.7400000000000002	29	27.939999999999998	1.060000000000001	103.4	107.08	-3.6800000000000033
"2026"	"KC"	3	"2026_03_KC_MIA"	"00-0039894"	"Xavier Worthy"	"WR"	0	2	0	0	13	0	2	0	1.54	0	20	0	0	18.82	0	0	0	0	0	0.03	0	0	0	0	0	0	0	0	1	0	0	0.83	0	0	0	0	0.04	0	0	0	3.6	0	0	4	0	20	18.82	0	0.03	1	0.83	4	3.6	0	0.45999999999999996	0	1.1799999999999997	0	0	-0.03	0	0	0	0	0	0.17000000000000004	0	0	-0.04	0	0.3999999999999999	0	1.1799999999999997	-0.03	0.17000000000000004	0.3999999999999999	24	24	25	161	161	20	20	17.03	17.03	246	246	88	192.01	192.02	111.06	2	2	1	1.62	1.62	0.72	0	0	0	0	0	0	11	11	5	8.16	8.18	7.43	1	1	0.53	0.54	0	0	13.09	45.93	15.47	15.84	56.6	14.8	2.969999999999999	2.9699999999999993	53.99000000000001	53.980000000000004	-23.06	0.3799999999999999	0.3799999999999999	0.28	0	0	0	2.84	2.8200000000000003	-2.43	0.47	0.45999999999999996	2.75	10.670000000000003	-0.6700000000000007	334	303.08000000000004	30.920000000000005	3	2.34	0.6599999999999999	16	15.61	0.3900000000000001	71.4	61.4	10.000000000000004
"2026"	"WAS"	1	"2026_01_WAS_PHI"	"00-0039910"	"Jayden Daniels"	"QB"	34	0	5	317	0	18	0	21.55	0	164	0	31	248.12	0	30.82	2	0	0	2.13	0	0.17	0	0	0	0.52	0	0	10	0	1	14.01	0	1.74	0	0	0.99	0	0	0	17.5	0	4.11	14.56	0	3.1	195	278.94	2	2.3	11	15.75	17.66	21.61	-3.5500000000000007	0	-84.12	0	0.17999999999999972	-0.1299999999999999	0	-0.17	-0.52	0	0	-4.01	0	-0.74	-0.99	0	-2.9399999999999995	0	-1.0100000000000002	-83.94	-0.2999999999999998	-4.75	-3.9499999999999993	34	34	32	317	317	18	18	21.55	21.54	164	164	132	248.12	248.13	139.81	2	2	1	2.13	2.12	1.09	0	0	0	0.52	0.52	0	10	10	9	14.01	14.01	7.7	0	0	0.99	1	0	0	17.5	60.19	20.56	14.56	46.4	19.200000000000003	-3.5500000000000007	-3.54	-84.12	-84.13000000000001	-7.8100000000000005	-0.1299999999999999	-0.12	-0.09000000000000008	-0.52	-0.52	0	-4.01	-4.01	1.3000000000000003	-0.99	-1	-2.9399999999999995	-13.79	-1.359999999999999	296	387.94	-91.94000000000001	3	3.21	-0.21000000000000008	19	21.71	-2.7099999999999995	65.6	80.75	-15.149999999999999
"2026"	"WAS"	2	"2026_02_WAS_DAL"	"00-0039910"	"Jayden Daniels"	"QB"	17	0	7	155	0	11	0	11.08	0	96	0	69	116.11	0	37.62	1	0	0	2.81	0	0.13	0	0	0	0	0	0	4	0	5	6.3	0	2.85	0	0	0.36	0	0	0	15.19	0	4.54	7.84	0	6.9	165	153.73	1	2.94	9	9.15	14.74	19.73	-0.08000000000000007	0	-20.11	0	31.380000000000003	-1.81	0	-0.13	0	0	0	-2.3	0	2.15	-0.36	0	-7.35	0	2.3600000000000003	11.27000000000001	-1.94	-0.15000000000000036	-4.99	35	35	32	359	359	23	23	22.02	22.02	207	207	182	248.16	248.15	147.27	2	2	0	3.97	3.97	0.63	0	0	0	0	0	0	11	11	11	13.33	13.34	9.290000000000001	0	0	0.79	0.78	1	0	24.259999999999998	70.69	18.51	16.28	53.7	18.2	0.9800000000000006	0.9800000000000009	-41.16	-41.15	34.730000000000004	-1.97	-1.97	-0.63	0	0	0	-2.3299999999999996	-2.34	1.71	-0.79	-0.78	-7.98	-16.990000000000002	-0.31000000000000055	389	395.42	-6.419999999999995	2	4.6000000000000005	-2.6	22	22.630000000000003	-0.6299999999999999	71.9	89.2	-17.300000000000004
"2026"	"LAC"	1	"2026_01_ARI_LAC"	"00-0039915"	"Ladd McConkey"	"WR"	0	7	0	0	97	0	5	0	4.22	0	82	0	0	73.2	0	0	1	0	0	0.82	0	0	0	0	0	0	0	0	5	0	0	4.04	0	0	0	0	0.21	0	0	0	16.48	0	0	19.2	0	82	73.2	1	0.82	5	4.04	19.2	16.48	0	0.7800000000000002	0	8.799999999999997	0	0	0.18000000000000005	0	0	0	0	0	0.96	0	0	-0.21	0	2.719999999999999	0	8.799999999999997	0.18000000000000005	0.96	2.719999999999999	27	27	21	273	273	17	17	18.76	18.759999999999998	209	209	81	239.94	239.93	103.97999999999999	1	1	1	1.1	1.0799999999999998	1.25	0	0	0	0	0	0	9	9	6	8.97	8.98	5.96	1	1	0.65	0.65	0	1	12.68	49.32	17.95	10.36	43.9	12.100000000000001	-1.7600000000000016	-1.7599999999999993	-30.939999999999998	-30.929999999999996	-22.979999999999997	-0.10000000000000009	-0.07999999999999996	-0.2500000000000001	0	0	0	0.02999999999999936	0.020000000000000018	0.040000000000000036	0.35	0.35	-2.3200000000000003	-5.42	-5.8500000000000005	290	343.90999999999997	-53.91	2	2.33	-0.33000000000000007	15	14.940000000000001	0.06000000000000005	56	67.27	-11.27
"2026"	"LAC"	3	"2026_03_LAC_BUF"	"00-0039915"	"Ladd McConkey"	"WR"	0	5	0	0	77	0	4	0	2.72	0	66	0	0	43.37	0	0	0	0	0	0.36	0	0	0	0	0	0	0	0	3	0	0	1.88	0	0	0	0	0.14	0	0	0	9.23	0	0	10.6	0	66	43.37	0	0.36	3	1.88	10.6	9.23	0	1.2799999999999998	0	22.630000000000003	0	0	-0.36	0	0	0	0	0	1.12	0	0	-0.14	0	1.3699999999999992	0	22.630000000000003	-0.36	1.12	1.3699999999999992	34	34	28	292	292	20	20	21.39	21.400000000000002	226	226	131	249.54	249.52	118.52	1	1	0	2.28	2.27	1.05	0	0	0	0	0	0	11	11	6	12.36	12.37	6.21	1	1	0.8	0.8	0	0	17.48	60	18.16	11.04	48.6	13.1	-1.3900000000000006	-1.4000000000000006	-23.539999999999992	-23.520000000000003	12.479999999999999	-1.2799999999999998	-1.27	-1.05	0	0	0	-1.3599999999999994	-1.3699999999999997	-0.2100000000000002	0.19999999999999996	0.2	-6.440000000000001	-11.4	-5.0600000000000005	357	368.04	-11.040000000000004	1	3.3200000000000003	-2.3200000000000003	17	18.58	-1.5799999999999998	61.7	78.16	-16.46
"2026"	"CHI"	1	"2026_01_CHI_CAR"	"00-0039918"	"Caleb Williams"	"QB"	29	0	10	319	0	21	0	18.77	0	269	0	65	245.45	0	52.14	2	0	2	2.73	0	1.08	0	0	0	0	0	0	13	0	4	11.32	0	5.7	0	0	0.76	0	0	0	19.23	0	11.71	18.76	0	18.5	334	297.59	4	3.81	17	17.02	37.260000000000005	30.94	2.2300000000000004	0	23.55000000000001	0	12.86	-0.73	0	0.9199999999999999	0	0	0	1.6799999999999997	0	-1.7000000000000002	-0.76	0	-0.46999999999999886	0	6.789999999999999	36.410000000000025	0.18999999999999995	-0.019999999999999574	6.320000000000004	29	29	39	319	319	21	21	18.77	18.78	269	269	291	245.45	245.47	167.04	2	2	6	2.73	2.73	2.8600000000000003	0	0	0	0	0	0	13	13	11	11.32	11.33	11.63	0	0	0.76	0.76	1	0	19.23	59.739999999999995	33.95	18.76	57.9	65.1	2.2300000000000004	2.2200000000000006	23.55000000000001	23.529999999999998	123.96	-0.73	-0.73	3.1399999999999997	0	0	0	1.6799999999999997	1.67	-0.6300000000000001	-0.76	-0.76	-0.46999999999999886	-1.839999999999999	31.15	560	412.51	147.48999999999998	8	5.59	2.4099999999999997	24	22.96	1.0399999999999998	123	93.69	29.31
"2026"	"CHI"	2	"2026_02_MIN_CHI"	"00-0039918"	"Caleb Williams"	"QB"	26	0	5	118	0	15	0	18.69	0	138	0	42	180.37	0	30.24	0	0	0	0.77	0	0.25	0	0	0	0	0	0	5	0	3	8.17	0	1.67	1	0	0.5	0	0	0	9.29	0	4.54	3.52	0	4.2	180	210.61	0	1.02	8	9.84	7.720000000000001	13.829999999999998	-3.6900000000000013	0	-42.370000000000005	0	11.760000000000002	-0.77	0	-0.25	0	0	0	-3.17	0	1.33	0.5	0	-5.77	0	-0.33999999999999986	-30.610000000000014	-1.02	-1.8399999999999999	-6.109999999999998	35	35	31	189	189	20	20	23.05	23.05	192	192	134	228.22	228.21	141.91	0	0	0	2.21	2.2	1.09	0	0	0	0	0	0	7	7	9	10.99	10.99	7.9	1	1	0.8200000000000001	0.8200000000000001	0	1	16.31	59.11	20.74	5.68	39.2	11.4	-3.0500000000000016	-3.05	-36.220000000000006	-36.209999999999994	-7.910000000000007	-2.21	-2.2	-1.09	0	0	0	-3.9899999999999998	-3.9899999999999998	1.0999999999999996	0.18	0.17999999999999997	-10.629999999999999	-19.91	-9.34	326	370.12	-44.120000000000005	0	3.29	-3.29	16	18.89	-2.89	50.6	79.85	-29.25
"2026"	"CHI"	1	"2026_01_CHI_CAR"	"00-0039919"	"Rome Odunze"	"WR"	0	3	0	0	90	0	2	0	1.46	0	52	0	0	37.42	0	0	0	0	0	0.18	0	0	0	0	0	0	0	0	1	0	0	0.64	0	0	0	0	0.13	0	0	0	6.3	0	0	7.2	0	52	37.42	0	0.18	1	0.64	7.2	6.3	0	0.54	0	14.579999999999998	0	0	-0.18	0	0	0	0	0	0.36	0	0	-0.13	0	0.9000000000000004	0	14.579999999999998	-0.18	0.36	0.9000000000000004	29	29	39	319	319	21	21	18.77	18.78	269	269	291	245.45	245.47	167.04	2	2	6	2.73	2.73	2.8600000000000003	0	0	0	0	0	0	13	13	11	11.32	11.33	11.63	0	0	0.76	0.76	1	0	19.23	59.739999999999995	33.95	18.76	57.9	65.1	2.2300000000000004	2.2200000000000006	23.55000000000001	23.529999999999998	123.96	-0.73	-0.73	3.1399999999999997	0	0	0	1.6799999999999997	1.67	-0.6300000000000001	-0.76	-0.76	-0.46999999999999886	-1.839999999999999	31.15	560	412.51	147.48999999999998	8	5.59	2.4099999999999997	24	22.96	1.0399999999999998	123	93.69	29.31
"2026"	"CHI"	2	"2026_02_MIN_CHI"	"00-0039919"	"Rome Odunze"	"WR"	0	4	0	0	47	0	3	0	2.6	0	43	0	0	37.33	0	0	0	0	0	0.05	0	0	0	0	0	0	0	0	2	0	0	1.73	0	0	0	0	0.13	0	0	0	6.64	0	0	7.3	0	43	37.33	0	0.05	2	1.73	7.3	6.64	0	0.3999999999999999	0	5.670000000000002	0	0	-0.05	0	0	0	0	0	0.27	0	0	-0.13	0	0.6600000000000001	0	5.670000000000002	-0.05	0.27	0.6600000000000001	35	35	31	189	189	20	20	23.05	23.05	192	192	134	228.22	228.21	141.91	0	0	0	2.21	2.2	1.09	0	0	0	0	0	0	7	7	9	10.99	10.99	7.9	1	1	0.8200000000000001	0.8200000000000001	0	1	16.31	59.11	20.74	5.68	39.2	11.4	-3.0500000000000016	-3.05	-36.220000000000006	-36.209999999999994	-7.910000000000007	-2.21	-2.2	-1.09	0	0	0	-3.9899999999999998	-3.9899999999999998	1.0999999999999996	0.18	0.17999999999999997	-10.629999999999999	-19.91	-9.34	326	370.12	-44.120000000000005	0	3.29	-3.29	16	18.89	-2.89	50.6	79.85	-29.25
"2026"	"CHI"	3	"2026_03_PHI_CHI"	"00-0039919"	"Rome Odunze"	"WR"	0	6	0	0	87	0	3	0	3.27	0	44	0	0	52.17	0	0	0	0	0	0.69	0	0	0	0	0	0	0	0	2	0	0	3.04	0	0	0	0	0.19	0	0	0	12.64	0	0	7.4	0	44	52.17	0	0.69	2	3.04	7.4	12.64	0	-0.27	0	-8.170000000000002	0	0	-0.69	0	0	0	0	0	-1.04	0	0	-0.19	0	-5.24	0	-8.170000000000002	-0.69	-1.04	-5.24	34	34	35	209	209	24	24	23.64	23.64	247	247	128	243.66	243.66	128.2	2	2	1	2.23	2.23	2.27	0	0	0	0	0	0	14	14	6	14.65	14.65	10.06	0	0	0.63	0.62	0	0	17.42	61.4	26.43	17.88	60.7	18.8	0.35999999999999943	0.3600000000000002	3.3400000000000034	3.340000000000006	-0.1999999999999993	-0.22999999999999998	-0.23000000000000007	-1.27	0	0	0	-0.6500000000000004	-0.6500000000000001	-4.0600000000000005	-0.63	-0.62	0.4599999999999973	-0.6999999999999977	-7.63	375	371.86	3.140000000000007	3	4.5	-1.5	20	24.71	-4.710000000000001	79.5	87.83	-8.329999999999998
"2026"	"LV"	1	"2026_01_MIA_LV"	"00-0040122"	"Ashton Jeanty"	"RB"	0	6	23	0	18	0	6	0	4.34	0	45	102	0	36.97	105.71	0	2	0	0	0.56	0.4	0	0	0	0	0	0	0	2	7	0	1.84	6.2	0	0	0	0.1	0	0	0	11.37	12.99	0	22.5	10.2	147	142.68	2	0.9600000000000001	9	8.040000000000001	32.7	24.36	0	1.6600000000000001	0	8.030000000000001	-3.7099999999999937	0	1.44	-0.4	0	0	0	0	0.15999999999999992	0.7999999999999998	0	-0.1	0	11.13	-2.790000000000001	4.319999999999993	1.04	0.9599999999999991	8.340000000000003	30	30	37	226	226	21	21	20.75	20.74	160	160	130	230.35	230.34	156.65	3	3	0	1.54	1.54	0.67	0	0	0	0	0	0	10	10	9	11.82	11.82	9.21	2	2	0.61	0.61	0	0	14.17	53.04	19.71	14.4	55	12.999999999999998	0.25	0.2600000000000001	-70.35	-70.34	-26.649999999999995	1.46	1.46	-0.67	0	0	0	-1.8200000000000003	-1.8200000000000003	-0.21000000000000013	1.3900000000000001	1.39	0.23000000000000043	1.9600000000000013	-6.710000000000002	290	386.99	-96.99	3	2.21	0.7899999999999999	19	21.03	-2.0300000000000002	68	72.75	-4.75
"2026"	"LV"	3	"2026_03_LV_NO"	"00-0040122"	"Ashton Jeanty"	"RB"	0	3	19	0	13	0	3	0	2.37	0	37	56	0	21.94	72.99	0	0	0	0	0.03	0.94	0	0	0	0	0.51	0	0	2	1	0	0.59	4.02	0	0	0	0.02	0	0	0	5.77	12.95	0	6.7	5.6	93	94.92999999999999	0	0.97	3	4.609999999999999	12.3	18.72	0	0.6299999999999999	0	15.059999999999999	-16.989999999999995	0	-0.03	-0.94	0	-0.51	0	0	1.4100000000000001	-3.0199999999999996	0	-0.02	0	0.9300000000000006	-7.35	-1.9299999999999926	-0.97	-1.6099999999999994	-6.419999999999998	33	33	27	273	273	22	22	21.14	21.13	248	248	113	229.57	229.57000000000002	100.6	3	3	1	3.06	3.0700000000000003	0.99	0	0	0	1.1	1.1099999999999999	0	16	16	4	13.15	13.15	6.39	0	0	0.66	0.67	0	0	22.31	64.67999999999999	16.029999999999998	21.92	64.8	17.3	0.8599999999999994	0.8699999999999994	18.430000000000007	18.429999999999993	12.4	-0.06000000000000005	-0.07000000000000016	0.010000000000000018	-1.1	-1.1099999999999999	0	2.8499999999999996	2.8500000000000005	-2.3899999999999992	-0.66	-0.67	-0.389999999999997	0.12000000000000455	1.2700000000000018	361	330.17	30.82999999999999	4	4.0600000000000005	-0.060000000000000143	20	19.54	0.4600000000000013	82.1	80.71	1.3900000000000063
"2026"	"CAR"	1	"2026_01_CHI_CAR"	"00-0040124"	"Tetairoa McMillan"	"WR"	0	8	0	0	119	0	5	0	4.5	0	75	0	0	70.36	0	0	0	0	0	0.23	0	0	0	0	0	0	0	0	4	0	0	3.45	0	0	0	0	0.31	1	0	0	12.89	0	0	10.5	0	75	70.36	0	0.23	4	3.45	10.5	12.89	0	0.5	0	4.640000000000001	0	0	-0.23	0	0	0	0	0	0.5499999999999998	0	0	-0.31	0	-2.3900000000000006	0	4.640000000000001	-0.23	0.5499999999999998	-2.3900000000000006	38	38	22	366	366	23	23	24.7	24.7	361	361	125	294.33	294.33	98.84	3	3	2	1.99	1.98	1.1900000000000002	0	0	0	0	0	0	17	17	5	13.94	13.95	4.93	1	1	1.11	1.11	1	0	17.5	66.08	17.02	24.44	75.1	24.5	-1.6999999999999997	-1.7	66.67000000000003	66.66999999999999	26.159999999999997	1.01	1.02	0.8099999999999998	0	0	0	3.06	3.0500000000000003	0.06999999999999984	-0.11000000000000008	-0.11000000000000006	6.940000000000002	9.019999999999994	7.48	486	393.16999999999996	92.82999999999998	5	3.17	1.8299999999999998	22	18.88	3.12	99.6	83.1	16.499999999999993
"2026"	"CAR"	2	"2026_02_CAR_ATL"	"00-0040124"	"Tetairoa McMillan"	"WR"	0	10	0	0	132	0	5	0	5.66	0	101	0	0	83.76	0	0	0	0	0	1.68	0	0	0	0	0	0	0	0	4	0	0	4.22	0	0	0	0	0.25	0	0	0	24.12	0	0	15.1	0	101	83.76	0	1.68	4	4.22	15.1	24.12	0	-0.6600000000000001	0	17.239999999999995	0	0	-1.68	0	0	0	0	0	-0.21999999999999975	0	0	-0.25	0	-9.020000000000001	0	17.239999999999995	-1.68	-0.21999999999999975	-9.020000000000001	36	36	22	311	311	23	23	22.81	22.81	287	287	68	250.21	250.21	89.78	3	3	0	5.85	5.84	0.73	0	0	0	0	0	0	12	12	5	13.1	13.1	5.19	0	0	0.81	0.8	0	0	31.8	82.95	13.33	23.48	69.7	6.8	0.19000000000000128	0.18999999999999972	36.78999999999999	36.78999999999999	-21.78	-2.8499999999999996	-2.84	-0.73	0	0	0	-1.0999999999999996	-1.0999999999999994	-0.19000000000000009	-0.81	-0.8	-8.32	-13.249999999999998	-6.53	355	339.99	15.009999999999991	3	6.57	-3.57	17	18.29	-1.2899999999999996	76.5	96.28	-19.779999999999998
"2026"	"CAR"	3	"2026_03_CAR_CLE"	"00-0040124"	"Tetairoa McMillan"	"WR"	0	5	0	0	44	0	2	0	2.72	0	17	0	0	31.21	0	0	0	0	0	0.46	0	0	0	0	0	0	0	0	1	0	0	2.55	0	0	0	0	0.11	0	0	0	8.6	0	0	3.7	0	17	31.21	0	0.46	1	2.55	3.7	8.6	0	-0.7200000000000002	0	-14.21	0	0	-0.46	0	0	0	0	0	-1.5499999999999998	0	0	-0.11	0	-4.8999999999999995	0	-14.21	-0.46	-1.5499999999999998	-4.8999999999999995	48	48	23	443	443	26	26	29.35	29.35	291	291	98	342.24	342.24	104.78	1	1	0	2.09	2.11	0.08	0	0	0	0	0	0.26	17	17	4	16.33	16.32	3.97	1	1	1.4	1.41	0	0	19.25	76.12	11.530000000000001	13.64	61.1	9.799999999999999	-3.3500000000000014	-3.3499999999999996	-51.24000000000001	-51.239999999999995	-6.779999999999994	-1.0899999999999999	-1.1099999999999999	-0.08	0	0	-0.26	0.6700000000000017	0.6800000000000003	0.029999999999999916	-0.3999999999999999	-0.41	-5.609999999999999	-15.019999999999998	-1.7300000000000013	389	447.02	-58.01999999999999	1	2.19	-1.19	21	20.29	0.7100000000000002	70.9	87.65	-16.75
"2026"	"CHI"	1	"2026_01_CHI_CAR"	"00-0040126"	"Colston Loveland"	"TE"	0	2	0	0	30	0	0	0	1.16	0	0	0	0	21.77	0	0	0	0	0	0.49	0	0	0	0	0	0	0	0	0	0	0	1.19	0	0	0	0	0.09	0	0	0	6.3	0	0	0	0	0	21.77	0	0.49	0	1.19	0	6.3	0	-1.16	0	-21.77	0	0	-0.49	0	0	0	0	0	-1.19	0	0	-0.09	0	-6.3	0	-21.77	-0.49	-1.19	-6.3	29	29	39	319	319	21	21	18.77	18.78	269	269	291	245.45	245.47	167.04	2	2	6	2.73	2.73	2.8600000000000003	0	0	0	0	0	0	13	13	11	11.32	11.33	11.63	0	0	0.76	0.76	1	0	19.23	59.739999999999995	33.95	18.76	57.9	65.1	2.2300000000000004	2.2200000000000006	23.55000000000001	23.529999999999998	123.96	-0.73	-0.73	3.1399999999999997	0	0	0	1.6799999999999997	1.67	-0.6300000000000001	-0.76	-0.76	-0.46999999999999886	-1.839999999999999	31.15	560	412.51	147.48999999999998	8	5.59	2.4099999999999997	24	22.96	1.0399999999999998	123	93.69	29.31
"2026"	"CHI"	2	"2026_02_MIN_CHI"	"00-0040126"	"Colston Loveland"	"TE"	0	3	0	0	13	0	1	0	2.06	0	3	0	0	16.05	0	0	0	0	0	0.38	0	0	0	0	0	0	0	0	0	0	0	0.64	0	0	0	0	0.1	0	0	0	5.97	0	0	1.3	0	3	16.05	0	0.38	0	0.64	1.3	5.97	0	-1.06	0	-13.05	0	0	-0.38	0	0	0	0	0	-0.64	0	0	-0.1	0	-4.67	0	-13.05	-0.38	-0.64	-4.67	35	35	31	189	189	20	20	23.05	23.05	192	192	134	228.22	228.21	141.91	0	0	0	2.21	2.2	1.09	0	0	0	0	0	0	7	7	9	10.99	10.99	7.9	1	1	0.8200000000000001	0.8200000000000001	0	1	16.31	59.11	20.74	5.68	39.2	11.4	-3.0500000000000016	-3.05	-36.220000000000006	-36.209999999999994	-7.910000000000007	-2.21	-2.2	-1.09	0	0	0	-3.9899999999999998	-3.9899999999999998	1.0999999999999996	0.18	0.17999999999999997	-10.629999999999999	-19.91	-9.34	326	370.12	-44.120000000000005	0	3.29	-3.29	16	18.89	-2.89	50.6	79.85	-29.25
"2026"	"CHI"	3	"2026_03_PHI_CHI"	"00-0040126"	"Colston Loveland"	"TE"	0	4	0	0	4	0	4	0	3.21	0	31	0	0	25.33	0	0	0	0	0	0.31	0	0	0	0	0	0	0	0	3	0	0	2.52	0	0	0	0	0.03	0	0	0	7.63	0	0	7.1	0	31	25.33	0	0.31	3	2.52	7.1	7.63	0	0.79	0	5.670000000000002	0	0	-0.31	0	0	0	0	0	0.48	0	0	-0.03	0	-0.5300000000000002	0	5.670000000000002	-0.31	0.48	-0.5300000000000002	34	34	35	209	209	24	24	23.64	23.64	247	247	128	243.66	243.66	128.2	2	2	1	2.23	2.23	2.27	0	0	0	0	0	0	14	14	6	14.65	14.65	10.06	0	0	0.63	0.62	0	0	17.42	61.4	26.43	17.88	60.7	18.8	0.35999999999999943	0.3600000000000002	3.3400000000000034	3.340000000000006	-0.1999999999999993	-0.22999999999999998	-0.23000000000000007	-1.27	0	0	0	-0.6500000000000004	-0.6500000000000001	-4.0600000000000005	-0.63	-0.62	0.4599999999999973	-0.6999999999999977	-7.63	375	371.86	3.140000000000007	3	4.5	-1.5	20	24.71	-4.710000000000001	79.5	87.83	-8.329999999999998
