season	season_type	game_type	team	week	gsis_id	position	full_name	first_name	last_name	report_primary_injury	report_secondary_injury	report_status	practice_primary_injury	practice_secondary_injury	practice_status
2026	"REG"	"REG"	"ARI"	1	"00-0034381"	"LB"	"Josh Sweat"	"Josh"	"Sweat"	null	null	null	"Not injury related - resting player"	"Knee"	"Full Participation in Practice"
2026	"REG"	"REG"	"ARI"	1	"00-0035859"	"P"	"Blake Gillikin"	"Blake"	"Gillikin"	null	null	null	"Groin"	null	"Full Participation in Practice"
2026	"REG"	"REG"	"ARI"	1	"00-0039007"	"CB"	"Garrett Williams"	"Garrett"	"Williams"	"Achilles"	null	"Out"	"Achilles"	null	"Limited Participation in Practice"
2026	"REG"	"REG"	"ARI"	1	"00-0039808"	"G"	"Isaiah Adams"	"Isaiah"	"Adams"	"Knee"	null	"Out"	"Knee"	null	"Did Not Participate In Practice"
2026	"REG"	"REG"	"ARI"	1	"00-0039864"	"S"	"Dadrion Taylor-Demerson"	"Dadrion"	"Taylor-Demerson"	"Ribs"	null	"Out"	"Ribs"	null	"Did Not Participate In Practice"
2026	"REG"	"REG"	"ARI"	1	"00-0040751"	"CB"	"Will Johnson"	"William"	"Johnson"	null	null	null	"Ankle"	null	"Full Participation in Practice"
2026	"REG"	"REG"	"ARI"	1	"00-0041027"	"RB"	"Jeremiyah Love"	"Jeremiyah"	"Love"	"Ankle"	null	"Questionable"	"Ankle"	null	"Limited Participation in Practice"
2026	"REG"	"REG"	"ATL"	1	"00-0031279"	"T"	"Jake Matthews"	"Jacob"	"Matthews"	null	null	null	"Not injury related - resting player"	null	"Did Not Participate In Practice"
2026	"REG"	"REG"	"ATL"	1	"00-0031576"	"DE"	"Za'Darius Smith"	"Za'Darius"	"Smith"	"Shoulder"	null	"Questionable"	"Shoulder"	null	"Full Participation in Practice"
2026	"REG"	"REG"	"ATL"	1	"00-0034371"	"DT"	"Da'Shawn Hand"	"Da'Shawn"	"Hand"	null	null	null	"Knee"	null	"Full Participation in Practice"
2026	"REG"	"REG"	"ATL"	1	"00-0035237"	"T"	"Jawaan Taylor"	"Jawaan"	"Taylor"	null	null	null	"Knee"	null	"Full Participation in Practice"
2026	"REG"	"REG"	"ATL"	1	"00-0036212"	"QB"	"Tua Tagovailoa"	"Tuanigamanuolepola"	"Tagovailoa"	"Oblique"	null	"Out"	"Oblique"	null	"Did Not Participate In Practice"
2026	"REG"	"REG"	"ATL"	1	"00-0036354"	"G"	"Kyle Hinton"	"Kyle"	"Hinton"	null	null	null	"Knee"	null	"Full Participation in Practice"
2026	"REG"	"REG"	"ATL"	1	"00-0039859"	"DT"	"Brandon Dorlus"	"Brandon"	"Dorlus"	null	null	null	"Groin"	null	"Full Participation in Practice"
2026	"REG"	"REG"	"ATL"	1	"00-0039917"	"QB"	"Michael Penix Jr."	"Michael"	"Penix"	"Knee"	null	"Out"	"Knee"	null	"Full Participation in Practice"
2026	"REG"	"REG"	"ATL"	1	"00-0040156"	"CB"	"Billy Bowman Jr."	"Billy"	"Bowman"	"Achilles"	null	"Out"	"Achilles"	null	"Limited Participation in Practice"
2026	"REG"	"REG"	"ATL"	1	"00-0040687"	"T"	"Cameron Williams"	"Cameron"	"Williams"	"Ankle"	null	"Out"	"Ankle"	null	"Did Not Participate In Practice"
2026	"REG"	"REG"	"ATL"	1	"00-0041044"	"WR"	"Zachariah Branch"	"Zachariah"	"Branch"	null	null	null	"Hamstring"	null	"Full Participation in Practice"
2026	"REG"	"REG"	"ATL"	1	"00-0041066"	"LB"	"Kendal Daniels"	"Kendal"	"Daniels"	null	null	null	"Achilles"	null	"Full Participation in Practice"
2026	"REG"	"REG"	"BAL"	1	"00-0026190"	"DE"	"Calais Campbell"	"Calais"	"Campbell"	null	null	null	"Not injury related - resting player"	null	"Did Not Participate In Practice"
2026	"REG"	"REG"	"BAL"	1	"00-0036130"	"DT"	"Nnamdi Madubuike"	"Justin"	"Madubuike"	"Neck"	null	"Out"	"Neck"	null	"Limited Participation in Practice"
2026	"REG"	"REG"	"BAL"	1	"00-0039064"	"WR"	"Zay Flowers"	"Xavien"	"Flowers"	null	null	null	"Hamstring"	null	"Full Participation in Practice"
2026	"REG"	"REG"	"BAL"	1	"00-0039792"	"WR"	"Devontez Walker"	"Devontez"	"Walker"	"Groin"	null	"Questionable"	"Groin"	null	"Limited Participation in Practice"
2026	"REG"	"REG"	"BAL"	1	"00-0040069"	"LB"	"Teddye Buchanan"	"Teddye"	"Buchanan"	"Knee"	null	"Out"	"Knee"	null	"Limited Participation in Practice"
2026	"REG"	"REG"	"BUF"	1	"00-0035537"	"RB"	"Ty Johnson"	"Ty"	"Johnson"	"Hamstring"	null	"Questionable"	"Hamstring"	null	"Limited Participation in Practice"
2026	"REG"	"REG"	"BUF"	1	"00-0040192"	"CB"	"Jordan Hancock"	"Jordan"	"Hancock"	"Quadricep"	null	"Questionable"	"Quadricep"	null	"Full Participation in Practice"
2026	"REG"	"REG"	"BUF"	1	"00-0040724"	"DE"	"T.J. Sanders"	"Tanaeri"	"Sanders"	"Knee"	null	"Questionable"	"Knee"	null	"Limited Participation in Practice"
2026	"REG"	"REG"	"CAR"	1	"00-0036903"	"DT"	"Bobby Brown III"	"Bobby"	"Brown"	null	null	null	"Back"	null	"Full Participation in Practice"
2026	"REG"	"REG"	"CAR"	1	"00-0037007"	"LB"	"Patrick Jones II"	"Patrick"	"Jones"	"Back"	null	"Out"	"Back"	null	"Did Not Participate In Practice"
2026	"REG"	"REG"	"CAR"	1	"00-0039344"	"RB"	"Jonathon Brooks"	"Jonathon"	"Brooks"	null	null	null	"Groin"	null	"Full Participation in Practice"
2026	"REG"	"REG"	"CHI"	1	"00-0031583"	"DT"	"Grady Jarrett"	"Grady"	"Jarrett"	null	null	null	"Not injury related - resting player"	null	"Full Participation in Practice"
2026	"REG"	"REG"	"CHI"	1	"00-0032391"	"G"	"Joe Thuney"	"Joseph"	"Thuney"	null	null	null	"Not injury related - resting player"	null	"Full Participation in Practice"
2026	"REG"	"REG"	"CHI"	1	"00-0033579"	"S"	"Xavier Woods"	"Xavier"	"Woods"	"Groin"	null	"Questionable"	"Groin"	null	"Limited Participation in Practice"
2026	"REG"	"REG"	"CHI"	1	"00-0038416"	"QB"	"Tyson Bagent"	"Tyson"	"Bagent"	"Back"	null	"Questionable"	"Back"	null	"Did Not Participate In Practice"
2026	"REG"	"REG"	"CHI"	1	"00-0039919"	"WR"	"Rome Odunze"	"Rome"	"Odunze"	"Calf"	null	"Questionable"	"Calf"	null	"Limited Participation in Practice"
2026	"REG"	"REG"	"CHI"	1	"00-0040740"	"T"	"Ozzy Trapilo"	"Ozzy"	"Trapilo"	"Knee"	null	"Questionable"	"Knee"	null	"Limited Participation in Practice"
2026	"REG"	"REG"	"CIN"	1	"00-0033523"	"DT"	"Jonathan Allen"	"Jonathan"	"Allen"	null	null	null	"Not injury related - resting player"	null	"Full Participation in Practice"
2026	"REG"	"REG"	"CIN"	1	"00-0034800"	"DT"	"B.J. Hill"	"Bobby"	"Hill"	null	null	null	"Not injury related - resting player"	null	"Full Participation in Practice"
2026	"REG"	"REG"	"CIN"	1	"00-0035683"	"DT"	"Dexter Lawrence"	"Dexter"	"Lawrence"	null	null	null	"Not injury related - resting player"	null	"Did Not Participate In Practice"
2026	"REG"	"REG"	"CIN"	1	"00-0036410"	"WR"	"Tee Higgins"	"Tamurice"	"Higgins"	null	null	null	"Foot"	null	"Full Participation in Practice"
2026	"REG"	"REG"	"CIN"	1	"00-0036900"	"WR"	"Ja'Marr Chase"	"Ja'Marr"	"Chase"	null	null	null	"Knee"	"Not injury related - resting player"	"Did Not Participate In Practice"
2026	"REG"	"REG"	"CIN"	1	"00-0038549"	"CB"	"DJ Turner II"	"DJ"	"Turner"	null	null	null	"Hamstring"	null	"Limited Participation in Practice"
2026	"REG"	"REG"	"CIN"	1	"00-0040756"	"DE"	"Shemar Stewart"	"Shemar"	"Stewart"	"Knee"	null	"Doubtful"	"Knee"	null	"Did Not Participate In Practice"
2026	"REG"	"REG"	"CLE"	1	"00-0033131"	"DT"	"Maliek Collins"	"Maliek"	"Collins"	null	null	null	"Quadricep"	null	"Limited Participation in Practice"
2026	"REG"	"REG"	"CLE"	1	"00-0036953"	"G"	"Teven Jenkins"	"Teven"	"Jenkins"	"Back"	null	"Out"	"Back"	null	"Did Not Participate In Practice"
2026	"REG"	"REG"	"CLE"	1	"00-0040579"	"LB"	"Carson Schwesinger"	"Carson"	"Schwesinger"	null	null	null	"Shoulder"	null	"Full Participation in Practice"
2026	"REG"	"REG"	"CLE"	1	"00-0041073"	"C"	"Parker Brailsford"	"Parker"	"Brailsford"	"Thumb"	null	"Questionable"	"Thumb"	null	"Limited Participation in Practice"
2026	"REG"	"REG"	"DAL"	1	"00-0033093"	"DT"	"Jonathan Bullard"	"Jonathan"	"Bullard"	null	null	null	"Groin"	null	"Full Participation in Practice"
2026	"REG"	"REG"	"DAL"	1	"00-0037563"	"RB"	"Malik Davis"	"Malik"	"Davis"	"Hip"	null	"Out"	"Hip"	null	"Limited Participation in Practice"
2026	"REG"	"REG"	"DAL"	1	"00-0038547"	"TE"	"Luke Schoonmaker"	"Luke"	"Schoonmaker"	null	null	null	"Not injury related - personal matter"	null	"Did Not Participate In Practice"
2026	"REG"	"REG"	"DAL"	1	"00-0040017"	"T"	"Ajani Cornelius"	"Ajani"	"Cornelius"	null	null	null	"Knee"	null	"Full Participation in Practice"
2026	"REG"	"REG"	"DEN"	1	"00-0038976"	"WR"	"Marvin Mims Jr."	"Marvin"	"Mims"	null	null	null	"Foot"	null	"Full Participation in Practice"
2026	"REG"	"REG"	"DET"	1	"00-0038660"	"LB"	"Trevor Nowaske"	"Trevor"	"Nowaske"	null	null	null	"Knee"	null	"Full Participation in Practice"
2026	"REG"	"REG"	"DET"	1	"00-0038820"	"S"	"Christian Izien"	"Christian"	"Izien"	"Groin"	null	"Questionable"	"Groin"	null	"Limited Participation in Practice"
2026	"REG"	"REG"	"DET"	1	"00-0039396"	"DT"	"Mekhi Wingo"	"Mekhi"	"Wingo"	null	null	null	"Groin"	null	"Full Participation in Practice"
2026	"REG"	"REG"	"DET"	1	"00-0039660"	"S"	"Thomas Harper"	"Thomas"	"Harper"	null	null	null	"Ankle"	null	"Full Participation in Practice"
2026	"REG"	"REG"	"DET"	1	"00-0039862"	"CB"	"Ennis Rakestraw Jr."	"Ennis"	"Rakestraw"	null	null	null	"Ankle"	null	"Full Participation in Practice"
2026	"REG"	"REG"	"DET"	1	"00-0041441"	"DE"	"Derrick Moore"	"Derrick"	"Moore"	null	null	null	"Hamstring"	null	"Full Participation in Practice"
2026	"REG"	"REG"	"DET"	1	"00-0041442"	"LB"	"Jimmy Rolder"	"James"	"Rolder"	null	null	null	"Hamstring"	null	"Full Participation in Practice"
2026	"REG"	"REG"	"DET"	1	"00-0041445"	"CB"	"Keith Abney II"	"Keith"	"Abney"	null	null	null	"Hand"	null	"Full Participation in Practice"
2026	"REG"	"REG"	"GB"	1	"00-0033109"	"DT"	"Javon Hargrave"	"Javon"	"Hargrave"	null	null	null	"Knee"	null	"Limited Participation in Practice"
2026	"REG"	"REG"	"GB"	1	"00-0036551"	"G"	"Aaron Banks"	"Aaron"	"Banks"	"Knee"	null	"Questionable"	"Knee"	null	"Limited Participation in Practice"
2026	"REG"	"REG"	"GB"	1	"00-0037075"	"DT"	"Devonte Wyatt"	"Devonte"	"Wyatt"	null	null	null	"Ankle"	null	"Limited Participation in Practice"
2026	"REG"	"REG"	"GB"	1	"00-0037817"	"T"	"Zach Bako-Bewele"	"Zach"	"Bako-Bewele"	"Knee"	null	"Questionable"	"Knee"	null	"Limited Participation in Practice"
2026	"REG"	"REG"	"GB"	1	"00-0039812"	"LB"	"Ty'Ron Hopper"	"Ty'Ron"	"Hopper"	"Achilles"	null	"Questionable"	"Achilles"	null	"Limited Participation in Practice"
2026	"REG"	"REG"	"GB"	1	"00-0039904"	"T"	"Jordan Morgan"	"Jordan"	"Morgan"	null	null	null	"Knee"	null	"Full Participation in Practice"
2026	"REG"	"REG"	"GB"	1	"00-0040010"	"LB"	"Barryn Sorrell"	"Barryn"	"Sorrell"	null	null	null	"Foot"	null	"Limited Participation in Practice"
2026	"REG"	"REG"	"GB"	1	"00-0040016"	"DT"	"Warren Brinson"	"Warren"	"Brinson"	"Calf"	null	"Out"	"Calf"	null	"Did Not Participate In Practice"
2026	"REG"	"REG"	"HOU"	1	"00-0032071"	"T"	"Trent Brown"	"Trenton"	"Brown"	null	null	null	"Wrist"	null	"Full Participation in Practice"
2026	"REG"	"REG"	"HOU"	1	"00-0039108"	"DE"	"Will Anderson Jr."	"William"	"Anderson"	null	null	null	"Not injury related - resting player"	null	"Did Not Participate In Practice"
2026	"REG"	"REG"	"HOU"	1	"00-0041440"	"DT"	"Kayden McDonald"	"Kayden"	"McDonald"	null	null	null	"Ankle"	null	"Did Not Participate In Practice"
2026	"REG"	"REG"	"HOU"	1	"00-0041465"	"LB"	"Wade Woodaz"	"Wade"	"Woodaz"	null	null	null	"Thumb"	null	"Full Participation in Practice"
2026	"REG"	"REG"	"IND"	1	"00-0032378"	"DT"	"DeForest Buckner"	"DeForest"	"Buckner"	null	null	null	"Not injury related - resting player"	null	"Did Not Participate In Practice"
2026	"REG"	"REG"	"IND"	1	"00-0033952"	"DT"	"Grover Stewart"	"Grover"	"Stewart"	null	null	null	"Not injury related - resting player"	null	"Full Participation in Practice"
2026	"REG"	"REG"	"IND"	1	"00-0034573"	"CB"	"Charvarius Ward"	"Charvarius"	"Ward"	null	null	null	"Not injury related - resting player"	null	"Limited Participation in Practice"
2026	"REG"	"REG"	"IND"	1	"00-0037292"	"TE"	"Andrew Ogletree"	"Andrew"	"Ogletree"	null	null	null	"Neck"	null	"Full Participation in Practice"
2026	"REG"	"REG"	"IND"	1	"00-0037664"	"WR"	"Alec Pierce"	"Alec"	"Pierce"	null	null	null	"Heel"	null	"Limited Participation in Practice"
2026	"REG"	"REG"	"IND"	1	"00-0039164"	"QB"	"Anthony Richardson"	"Anthony"	"Richardson"	null	null	null	"Illness"	null	"Full Participation in Practice"
2026	"REG"	"REG"	"IND"	1	"00-0039178"	"LB"	"Austin Ajiake"	"Austin"	"Ajiake"	"Hamstring"	null	"Out"	"Hamstring"	null	"Did Not Participate In Practice"
2026	"REG"	"REG"	"IND"	1	"00-0039876"	"C"	"Sedrick Van Pran-Granger"	"Sedrick"	"Van Pran-Granger"	null	null	null	"Illness"	null	"Full Participation in Practice"
2026	"REG"	"REG"	"IND"	1	"00-0041043"	"S"	"A.J. Haulcy"	"Adari"	"Haulcy"	null	null	null	"Ankle"	null	"Full Participation in Practice"
2026	"REG"	"REG"	"JAX"	1	"00-0034960"	"WR"	"Jakobi Meyers"	"Jakobi"	"Meyers"	null	null	null	"Thumb"	null	"Limited Participation in Practice"
2026	"REG"	"REG"	"JAX"	1	"00-0036655"	"T"	"Cole Van Lanen"	"Cole"	"Van Lanen"	null	null	null	"Knee"	null	"Limited Participation in Practice"
2026	"REG"	"REG"	"JAX"	1	"00-0038934"	"T"	"Anton Harrison"	"Anton"	"Harrison"	null	null	null	"Foot"	null	"Did Not Participate In Practice"
2026	"REG"	"REG"	"JAX"	1	"00-0040238"	"RB"	"LeQuint Allen Jr."	"LeQuint"	"Allen"	"Hip"	null	"Questionable"	"Hip"	null	"Limited Participation in Practice"
2026	"REG"	"REG"	"KC"	1	"00-0032762"	"DT"	"Chris Jones"	"Christopher"	"Jones"	null	null	null	"Calf"	null	"Did Not Participate In Practice"
2026	"REG"	"REG"	"KC"	1	"00-0033873"	"QB"	"Patrick Mahomes"	"Patrick"	"Mahomes"	null	null	null	"Knee"	null	"Full Participation in Practice"
2026	"REG"	"REG"	"KC"	1	"00-0036374"	"CB"	"L'Jarius Sneed"	"L'Jarius"	"Sneed"	null	null	null	"Knee"	null	"Limited Participation in Practice"
2026	"REG"	"REG"	"KC"	1	"00-0036660"	"G"	"Trey Smith"	"Henry"	"Smith"	null	null	null	"Hip"	null	"Full Participation in Practice"
2026	"REG"	"REG"	"KC"	1	"00-0037208"	"LB"	"Jack Cochrane"	"Jack"	"Cochrane"	null	null	null	"Knee"	null	"Full Participation in Practice"
2026	"REG"	"REG"	"KC"	1	"00-0038982"	"S"	"Chamarri Conner"	"Chamarri"	"Conner"	"Knee"	null	"Out"	"Knee"	null	"Did Not Participate In Practice"
2026	"REG"	"REG"	"KC"	1	"00-0039067"	"WR"	"Rashee Rice"	"Rashee"	"Rice"	null	null	null	"Knee"	null	"Full Participation in Practice"
2026	"REG"	"REG"	"KC"	1	"00-0039894"	"WR"	"Xavier Worthy"	"Xavier"	"Worthy"	null	null	null	"Shoulder"	null	"Full Participation in Practice"
2026	"REG"	"REG"	"KC"	1	"00-0040116"	"T"	"Josh Simmons"	"Josh"	"Simmons"	"Back"	null	"Out"	"Back"	null	"Did Not Participate In Practice"
2026	"REG"	"REG"	"KC"	1	"00-0040640"	"DE"	"Ashton Gillotte"	"Ashton"	"Gillotte"	null	null	null	"Foot"	null	"Full Participation in Practice"
2026	"REG"	"REG"	"KC"	1	"00-0041501"	"DE"	"R Mason Thomas"	"R Mason"	"Thomas"	null	null	null	"Hamstring"	null	"Full Participation in Practice"
2026	"REG"	"REG"	"LA"	1	"00-0031388"	"DE"	"Aaron Donald"	"Aaron"	"Donald"	"Not injury related - resting player"	null	"Out"	"Not injury related - resting player"	null	"Did Not Participate In Practice"
2026	"REG"	"REG"	"LA"	1	"00-0033110"	"TE"	"Tyler Higbee"	"Tyler"	"Higbee"	null	null	null	"Not injury related - resting player"	null	"Full Participation in Practice"
2026	"REG"	"REG"	"LA"	1	"00-0033868"	"LB"	"Myles Garrett"	"Myles"	"Garrett"	null	null	null	"Knee"	null	"Full Participation in Practice"
2026	"REG"	"REG"	"LA"	1	"00-0036603"	"T"	"Alaric Jackson"	"Alaric"	"Jackson"	null	null	null	"Not injury related - resting player"	null	"Full Participation in Practice"
2026	"REG"	"REG"	"LA"	1	"00-0036672"	"LB"	"Grant Stuard"	"Grant"	"Stuard"	null	null	null	"Hamstring"	null	"Full Participation in Practice"
2026	"REG"	"REG"	"LA"	1	"00-0037195"	"CB"	"Jaylen Watson"	"Jaylen"	"Watson"	null	null	null	"Toe"	null	"Full Participation in Practice"
2026	"REG"	"REG"	"LA"	1	"00-0039137"	"LB"	"Byron Young"	"Byron"	"Young"	null	null	null	"Not injury related - resting player"	null	"Full Participation in Practice"
2026	"REG"	"REG"	"LAC"	1	"00-0031040"	"DE"	"Khalil Mack"	"Khalil"	"Mack"	null	null	null	"Not injury related - resting player"	null	"Full Participation in Practice"
2026	"REG"	"REG"	"LAC"	1	"00-0037320"	"CB"	"Deane Leonard"	"Deane"	"Leonard"	"Abdomen"	null	"Out"	"Abdomen"	null	"Did Not Participate In Practice"
2026	"REG"	"REG"	"LAC"	1	"00-0038454"	"RB"	"Keaton Mitchell"	"Keaton"	"Mitchell"	null	null	null	"Hamstring"	null	"Full Participation in Practice"
2026	"REG"	"REG"	"LAC"	1	"00-0039111"	"DE"	"Tuli Tuipulotu"	"Tuli"	"Tuipulotu"	"Hip"	null	"Questionable"	"Hip"	null	"Limited Participation in Practice"
2026	"REG"	"REG"	"LAC"	1	"00-0040221"	"S"	"R.J. Mickens"	"R.J."	"Mickens"	null	null	null	"Ankle"	null	"Full Participation in Practice"
2026	"REG"	"REG"	"LAC"	1	"00-0041550"	"WR"	"Brenen Thompson"	"Brenen"	"Thompson"	null	null	null	"Hip"	null	"Full Participation in Practice"
2026	"REG"	"REG"	"LV"	1	"00-0039338"	"TE"	"Brock Bowers"	"Brock"	"Bowers"	"Knee"	null	"Out"	"Knee"	null	"Did Not Participate In Practice"
2026	"REG"	"REG"	"LV"	1	"00-0040122"	"RB"	"Ashton Jeanty"	"Ashton"	"Jeanty"	null	null	null	"Ankle"	null	"Full Participation in Practice"
2026	"REG"	"REG"	"MIA"	1	"00-0034779"	"LB"	"Ronnie Harrison"	"Ronnie"	"Harrison"	null	null	null	"Hamstring"	null	"Full Participation in Practice"
2026	"REG"	"REG"	"MIA"	1	"00-0040182"	"S"	"Dante Trader Jr."	"Dante"	"Trader"	null	null	null	"Hamstring"	null	"Full Participation in Practice"
2026	"REG"	"REG"	"MIA"	1	"00-0041524"	"TE"	"Will Kacmarek"	"Will"	"Kacmarek"	null	null	null	"Calf"	null	"Full Participation in Practice"
2026	"REG"	"REG"	"MIA"	1	"00-0041579"	"TE"	"Seydou Traore"	"Seydou"	"Traore"	null	null	null	"Thumb"	"Achilles"	"Full Participation in Practice"
2026	"REG"	"REG"	"MIN"	1	"00-0029606"	"S"	"Harrison Smith"	"Harrison"	"Smith"	null	null	null	"Not injury related - resting player"	null	"Limited Participation in Practice"
2026	"REG"	"REG"	"MIN"	1	"00-0036616"	"T"	"Christian Darrisaw"	"Christian"	"Darrisaw"	null	null	null	"Not injury related - resting player"	null	"Did Not Participate In Practice"
2026	"REG"	"REG"	"MIN"	1	"00-0041053"	"T"	"Caleb Tiernan"	"Caleb"	"Tiernan"	null	null	null	"Ankle"	null	"Full Participation in Practice"
2026	"REG"	"REG"	"MIN"	1	"00-0041054"	"S"	"Jakobe Thomas"	"Jakobe"	"Thomas"	null	null	null	"Illness"	null	"Full Participation in Practice"
2026	"REG"	"REG"	"MIN"	1	"00-0041354"	"S"	"Jacob Thomas"	"Jacob"	"Thomas"	null	null	null	"Ankle"	null	"Full Participation in Practice"
2026	"REG"	"REG"	"NE"	1	"00-0036981"	"DT"	"Christian Barmore"	"Christian"	"Barmore"	null	null	null	"Knee"	null	"Full Participation in Practice"
2026	"REG"	"REG"	"NE"	1	"00-0037413"	"C"	"Ben Brown"	"Timothy"	"Brown"	"Knee"	null	"Out"	"Knee"	null	"Did Not Participate In Practice"
2026	"REG"	"REG"	"NE"	1	"00-0040734"	"RB"	"TreVeyon Henderson"	"TreVeyon"	"Henderson"	"Ankle"	null	"Out"	"Ankle"	null	"Did Not Participate In Practice"
2026	"REG"	"REG"	"NO"	1	"00-0027962"	"LB"	"Cameron Jordan"	"Cameron"	"Jordan"	"Hamstring"	null	"Out"	"Hamstring"	null	"Limited Participation in Practice"
2026	"REG"	"REG"	"NO"	1	"00-0033860"	"DT"	"Davon Godchaux"	"Davon"	"Godchaux"	null	null	null	"Not injury related - resting player"	null	"Full Participation in Practice"
2026	"REG"	"REG"	"NO"	1	"00-0033906"	"RB"	"Alvin Kamara"	"Alvin"	"Kamara"	"Knee"	null	"Questionable"	"Knee"	null	"Full Participation in Practice"
2026	"REG"	"REG"	"NO"	1	"00-0039373"	"RB"	"Audric Estimé"	"Audric"	"Estime"	"Thigh"	null	"Out"	"Thigh"	null	"Did Not Participate In Practice"
2026	"REG"	"REG"	"NO"	1	"00-0041041"	"TE"	"Oscar Delp"	"Oscar"	"Delp"	"Hamstring"	null	"Out"	"Hamstring"	null	"Did Not Participate In Practice"
2026	"REG"	"REG"	"NYG"	1	"00-0031270"	"DT"	"Shelby Harris"	"Shelby"	"Harris"	null	null	null	"Achilles"	null	"Full Participation in Practice"
2026	"REG"	"REG"	"NYG"	1	"00-0033376"	"FB"	"Patrick Ricard"	"Patrick"	"Ricard"	null	null	null	"Toe"	null	"Full Participation in Practice"
2026	"REG"	"REG"	"NYG"	1	"00-0036386"	"T"	"Andrew Thomas"	"Andrew"	"Thomas"	null	null	null	"Knee"	null	"Full Participation in Practice"
2026	"REG"	"REG"	"NYG"	1	"00-0039337"	"WR"	"Malik Nabers"	"Malik"	"Nabers"	"Knee"	null	"Questionable"	"Knee"	null	"Full Participation in Practice"
2026	"REG"	"REG"	"NYG"	1	"00-0039446"	"C"	"Bryan Hudson"	"Bryan"	"Hudson"	null	null	null	"Knee"	null	"Full Participation in Practice"
2026	"REG"	"REG"	"NYG"	1	"00-0039847"	"TE"	"Theo Johnson"	"Theodore"	"Johnson"	null	null	null	"Shoulder"	null	"Full Participation in Practice"
2026	"REG"	"REG"	"NYJ"	1	"00-0033375"	"WR"	"Tim Patrick"	"Timothy"	"Patrick"	"Groin"	null	"Out"	"Groin"	null	"Did Not Participate In Practice"
2026	"REG"	"REG"	"NYJ"	1	"00-0036842"	"RB"	"Kene Nwangwu"	"Kene"	"Nwangwu"	"Back"	null	"Doubtful"	"Back"	null	"Did Not Participate In Practice"
2026	"REG"	"REG"	"NYJ"	1	"00-0036902"	"DE"	"Joseph Ossai"	"Joseph"	"Ossai"	"Foot"	null	"Out"	"Foot"	null	"Did Not Participate In Practice"
2026	"REG"	"REG"	"NYJ"	1	"00-0038120"	"RB"	"Breece Hall"	"Breece"	"Hall"	null	null	null	"Groin"	null	"Full Participation in Practice"
2026	"REG"	"REG"	"NYJ"	1	"00-0039798"	"RB"	"Isaiah Davis"	"Isaiah"	"Davis"	null	null	null	"Knee"	null	"Full Participation in Practice"
2026	"REG"	"REG"	"NYJ"	1	"00-0041032"	"TE"	"Kenyon Sadiq"	"Kenyon"	"Sadiq"	null	null	null	"Groin"	null	"Full Participation in Practice"
2026	"REG"	"REG"	"NYJ"	1	"00-0041038"	"CB"	"D'Angelo Ponds"	"D'Angelo"	"Ponds"	"Calf"	null	"Doubtful"	"Calf"	null	"Limited Participation in Practice"
2026	"REG"	"REG"	"PHI"	1	"00-0036224"	"LB"	"Jonathan Greenard"	"Jonathan"	"Greenard"	"Pectoral"	null	"Out"	"Pectoral"	null	"Limited Participation in Practice"
2026	"REG"	"REG"	"PHI"	1	"00-0041483"	"TE"	"Eli Stowers"	"Eli"	"Stowers"	"Hamstring"	"Quadricep"	"Out"	"Hamstring"	null	"Limited Participation in Practice"
2026	"REG"	"REG"	"PIT"	1	"00-0039167"	"CB"	"Joey Porter Jr."	"Joey"	"Porter"	"Back"	null	"Questionable"	"Back"	null	"Limited Participation in Practice"
2026	"REG"	"REG"	"SEA"	1	"00-0036363"	"T"	"Josh Jones"	"Josh"	"Jones"	null	null	null	"Knee"	null	"Limited Participation in Practice"
2026	"REG"	"REG"	"SEA"	1	"00-0038765"	"S"	"Ty Okada"	"Tyler"	"Okada"	"Hamstring"	null	"Out"	"Hamstring"	null	"Did Not Participate In Practice"
2026	"REG"	"REG"	"SEA"	1	"00-0038797"	"RB"	"Emanuel Wilson"	"Emanuel"	"Wilson"	null	null	null	"Hamstring"	null	"Full Participation in Practice"
2026	"REG"	"REG"	"SEA"	1	"00-0039020"	"G"	"Anthony Bradford"	"Anthony"	"Bradford"	null	null	null	"Knee"	null	"Full Participation in Practice"
2026	"REG"	"REG"	"SEA"	1	"00-0039793"	"TE"	"AJ Barner"	"AJ"	"Barner"	null	null	null	"Oblique"	null	"Full Participation in Practice"
2026	"REG"	"REG"	"SEA"	1	"00-0040648"	"WR"	"Tory Horton"	"Tory"	"Horton"	"Hamstring"	null	"Questionable"	"Hamstring"	null	"Limited Participation in Practice"
2026	"REG"	"REG"	"SEA"	1	"00-0040733"	"S"	"Nick Emmanwori"	"Nicholas"	"Emmanwori"	"Ankle"	null	"Questionable"	"Ankle"	null	"Limited Participation in Practice"
2026	"REG"	"REG"	"SEA"	1	"00-0040873"	"CB"	"Julian Neal"	"Julian"	"Neal"	null	null	null	"Quadricep"	null	"Full Participation in Practice"
2026	"REG"	"REG"	"SF"	1	"00-0029892"	"FB"	"Kyle Juszczyk"	"Kyle"	"Juszczyk"	null	null	null	"Finger"	null	"Limited Participation in Practice"
2026	"REG"	"REG"	"SF"	1	"00-0033288"	"TE"	"George Kittle"	"George"	"Kittle"	null	null	null	"Achilles"	null	"Limited Participation in Practice"
2026	"REG"	"REG"	"SF"	1	"00-0034982"	"LB"	"Dre Greenlaw"	"Keaundre"	"Greenlaw"	null	null	null	"Achilles"	null	"Full Participation in Practice"
2026	"REG"	"REG"	"SF"	1	"00-0035413"	"LB"	"Luke Gifford"	"Luke"	"Gifford"	null	null	null	"Hamstring"	null	"Full Participation in Practice"
2026	"REG"	"REG"	"SF"	1	"00-0035717"	"DE"	"Nick Bosa"	"Nicholas"	"Bosa"	null	null	null	"Knee"	null	"Limited Participation in Practice"
2026	"REG"	"REG"	"SF"	1	"00-0039345"	"CB"	"Renardo Green"	"Renardo"	"Green"	null	null	null	"Hamstring"	null	"Full Participation in Practice"
2026	"REG"	"REG"	"SF"	1	"00-0040152"	"CB"	"Upton Stout"	"Upton"	"Stout"	null	null	null	"Achilles"	null	"Full Participation in Practice"
2026	"REG"	"REG"	"SF"	1	"00-0040721"	"DT"	"Alfred Collins"	"Alfred"	"Collins"	"Knee"	null	"Out"	"Knee"	null	"Did Not Participate In Practice"
2026	"REG"	"REG"	"SF"	1	"00-0041363"	"DT"	"James Thompson Jr."	"James"	"Thompson"	"Hamstring"	null	"Questionable"	"Hamstring"	null	"Limited Participation in Practice"
2026	"REG"	"REG"	"SF"	1	"00-0041556"	"DE"	"Romello Height"	"Romello"	"Height"	null	null	null	"Ankle"	null	"Full Participation in Practice"
2026	"REG"	"REG"	"SF"	1	"00-0041557"	"DT"	"Gracen Halton"	"Gracen"	"Halton"	null	null	null	"Ankle"	null	"Full Participation in Practice"
2026	"REG"	"REG"	"TB"	1	"00-0034989"	"T"	"Justin Skule"	"Justin"	"Skule"	"Oblique"	null	"Doubtful"	"Oblique"	null	"Limited Participation in Practice"
2026	"REG"	"REG"	"TB"	1	"00-0035942"	"LB"	"Christian Rozeboom"	"Christian"	"Rozeboom"	"Foot"	null	"Questionable"	"Foot"	null	"Limited Participation in Practice"
2026	"REG"	"REG"	"TB"	1	"00-0038951"	"RB"	"Sean Tucker"	"Sean"	"Tucker"	"Hamstring"	null	"Doubtful"	"Hamstring"	null	"Limited Participation in Practice"
2026	"REG"	"REG"	"TB"	1	"00-0039855"	"WR"	"Jalen McMillan"	"Jalen"	"McMillan"	"Knee"	null	"Doubtful"	"Knee"	null	"Limited Participation in Practice"
2026	"REG"	"REG"	"TB"	1	"00-0040129"	"WR"	"Emeka Egbuka"	"Emeka"	"Egbuka"	null	null	null	"Toe"	null	"Full Participation in Practice"
2026	"REG"	"REG"	"TB"	1	"00-0041031"	"LB"	"Rueben Bain Jr."	"Rueben"	"Bain"	null	null	null	"Shoulder"	null	"Full Participation in Practice"
2026	"REG"	"REG"	"TB"	1	"00-0041082"	"G"	"Billy Schrauth"	"William"	"Schrauth"	null	null	null	"Knee"	null	"Full Participation in Practice"
2026	"REG"	"REG"	"TEN"	1	"00-0039858"	"LB"	"Cedric Gray"	"Cedric"	"Gray"	"Concussion"	null	"Out"	"Concussion"	null	"Did Not Participate In Practice"
2026	"REG"	"REG"	"TEN"	1	"00-0041508"	"DE"	"Keldric Faulk"	"Keldric"	"Faulk"	null	null	null	"Shoulder"	null	"Full Participation in Practice"
2026	"REG"	"REG"	"WAS"	1	"00-0032268"	"QB"	"Marcus Mariota"	"Marcus"	"Mariota"	null	null	null	"Knee"	null	"Full Participation in Practice"
2026	"REG"	"REG"	"WAS"	1	"00-0034333"	"DT"	"Daron Payne"	"Daron"	"Payne"	null	null	null	"Knee"	null	"Limited Participation in Practice"
2026	"REG"	"REG"	"WAS"	1	"00-0035149"	"C"	"Nick Allegretti"	"Nick"	"Allegretti"	null	null	null	"Calf"	null	"Full Participation in Practice"
2026	"REG"	"REG"	"WAS"	1	"00-0035279"	"DE"	"Charles Omenihu"	"Charles"	"Omenihu"	null	null	null	"Wrist"	null	"Full Participation in Practice"
2026	"REG"	"REG"	"WAS"	1	"00-0036260"	"DT"	"Javon Kinlaw"	"Javon"	"Kinlaw"	null	null	null	"Back"	null	"Full Participation in Practice"
2026	"REG"	"REG"	"WAS"	1	"00-0036286"	"LB"	"K'Lavon Chaisson"	"K'Lavon"	"Chaisson"	null	null	null	"Knee"	null	"Limited Participation in Practice"
2026	"REG"	"REG"	"WAS"	1	"00-0036940"	"LB"	"Odafe Oweh"	"Odafe"	"Oweh"	null	null	null	"Calf"	null	"Limited Participation in Practice"
2026	"REG"	"REG"	"WAS"	1	"00-0039368"	"LB"	"Jordan Magee"	"Jordan"	"Magee"	null	null	null	"Chest"	null	"Full Participation in Practice"
2026	"REG"	"REG"	"WAS"	1	"00-0039912"	"TE"	"Ben Sinnott"	"Ben"	"Sinnott"	null	null	null	"Oblique"	null	"Full Participation in Practice"
2026	"REG"	"REG"	"WAS"	1	"00-0040242"	"RB"	"Jacory Croskey-Merritt"	"Jacory"	"Croskey-Merritt"	null	null	null	"Groin"	null	"Limited Participation in Practice"
2026	"REG"	"REG"	"ARI"	2	"00-0032954"	"G"	"Isaac Seumalo"	"Isaac"	"Seumalo"	"Shoulder"	null	"Questionable"	"Shoulder"	null	"Limited Participation in Practice"
2026	"REG"	"REG"	"ARI"	2	"00-0033066"	"DT"	"Andrew Billings"	"Andrew"	"Billings"	"Knee"	null	"Questionable"	"Knee"	null	"Limited Participation in Practice"
2026	"REG"	"REG"	"ARI"	2	"00-0033890"	"S"	"Budda Baker"	"Bishard"	"Baker"	null	null	null	"Not injury related - resting player"	null	"Full Participation in Practice"
2026	"REG"	"REG"	"ARI"	2	"00-0034381"	"LB"	"Josh Sweat"	"Josh"	"Sweat"	null	null	null	"Not injury related - resting player"	null	"Full Participation in Practice"
2026	"REG"	"REG"	"ARI"	2	"00-0036568"	"DT"	"Roy Lopez"	"Roy"	"Lopez"	"Groin"	null	"Questionable"	"Groin"	null	"Limited Participation in Practice"
2026	"REG"	"REG"	"ARI"	2	"00-0037596"	"LB"	"Jack Gibbens"	"Jack"	"Gibbens"	null	null	null	"Shoulder"	null	"Full Participation in Practice"
2026	"REG"	"REG"	"ARI"	2	"00-0037744"	"TE"	"Trey McBride"	"Trey"	"McBride"	null	null	null	"Not injury related - resting player"	"Back"	"Full Participation in Practice"
2026	"REG"	"REG"	"ARI"	2	"00-0039007"	"CB"	"Garrett Williams"	"Garrett"	"Williams"	"Achilles"	null	"Out"	"Achilles"	null	"Limited Participation in Practice"
2026	"REG"	"REG"	"ARI"	2	"00-0039807"	"CB"	"Max Melton"	"Malachi"	"Melton"	"Ankle"	null	"Questionable"	"Ankle"	null	"Limited Participation in Practice"
2026	"REG"	"REG"	"ARI"	2	"00-0039808"	"G"	"Isaiah Adams"	"Isaiah"	"Adams"	"Knee"	null	"Questionable"	"Knee"	null	"Limited Participation in Practice"
2026	"REG"	"REG"	"ARI"	2	"00-0039864"	"S"	"Dadrion Taylor-Demerson"	"Dadrion"	"Taylor-Demerson"	"Ribs"	null	"Questionable"	"Ribs"	null	"Limited Participation in Practice"
2026	"REG"	"REG"	"ARI"	2	"00-0040645"	"LB"	"Cody Simon"	"Cody"	"Simon"	null	null	null	"Shoulder"	null	"Full Participation in Practice"
2026	"REG"	"REG"	"ATL"	2	"00-0031279"	"T"	"Jake Matthews"	"Jacob"	"Matthews"	null	null	null	"Not injury related - resting player"	null	"Did Not Participate In Practice"
2026	"REG"	"REG"	"ATL"	2	"00-0031576"	"DE"	"Za'Darius Smith"	"Za'Darius"	"Smith"	null	null	null	"Not injury related - resting player"	null	"Did Not Participate In Practice"
2026	"REG"	"REG"	"ATL"	2	"00-0033662"	"QB"	"Cooper Rush"	"Cooper"	"Rush"	null	null	null	"Back"	null	"Full Participation in Practice"
2026	"REG"	"REG"	"ATL"	2	"00-0035237"	"T"	"Jawaan Taylor"	"Jawaan"	"Taylor"	null	null	null	"Knee"	null	"Full Participation in Practice"
2026	"REG"	"REG"	"ATL"	2	"00-0035630"	"G"	"Chris Lindstrom"	"Christopher"	"Lindstrom"	"Concussion"	null	"Questionable"	"Concussion"	null	"Full Participation in Practice"
2026	"REG"	"REG"	"ATL"	2	"00-0036212"	"QB"	"Tua Tagovailoa"	"Tuanigamanuolepola"	"Tagovailoa"	"Oblique"	null	"Doubtful"	"Oblique"	null	"Did Not Participate In Practice"
2026	"REG"	"REG"	"ATL"	2	"00-0036285"	"CB"	"A.J. Terrell"	"Aundell"	"Terrell"	"Shoulder"	null	"Questionable"	"Shoulder"	null	"Did Not Participate In Practice"
2026	"REG"	"REG"	"ATL"	2	"00-0036833"	"C"	"Ryan Neuzil"	"Ryan"	"Neuzil"	null	null	null	"Illness"	null	"Did Not Participate In Practice"
2026	"REG"	"REG"	"ATL"	2	"00-0039917"	"QB"	"Michael Penix Jr."	"Michael"	"Penix"	"Knee"	null	"Out"	"Knee"	null	"Full Participation in Practice"
2026	"REG"	"REG"	"ATL"	2	"00-0040156"	"CB"	"Billy Bowman Jr."	"Billy"	"Bowman"	"Achilles"	null	"Out"	"Achilles"	null	"Full Participation in Practice"
2026	"REG"	"REG"	"ATL"	2	"00-0041066"	"LB"	"Kendal Daniels"	"Kendal"	"Daniels"	null	null	null	"Achilles"	null	"Full Participation in Practice"
2026	"REG"	"REG"	"BAL"	2	"00-0026190"	"DT"	"Calais Campbell"	"Calais"	"Campbell"	null	null	null	"Not injury related - resting player"	null	"Full Participation in Practice"
2026	"REG"	"REG"	"BAL"	2	"00-0032965"	"T"	"Ronnie Stanley"	"Ronnie"	"Stanley"	"Toe"	null	"Questionable"	"Toe"	null	"Limited Participation in Practice"
2026	"REG"	"REG"	"BAL"	2	"00-0033935"	"LB"	"Trey Hendrickson"	"Collins"	"Hendrickson"	"Finger"	null	"Questionable"	"Finger"	null	"Limited Participation in Practice"
2026	"REG"	"REG"	"BAL"	2	"00-0036130"	"DT"	"Nnamdi Madubuike"	"Justin"	"Madubuike"	"Neck"	null	"Out"	"Neck"	null	"Limited Participation in Practice"
2026	"REG"	"REG"	"BAL"	2	"00-0036302"	"S"	"Jaylinn Hawkins"	"Jaylinn"	"Hawkins"	null	null	null	"Chest"	null	"Full Participation in Practice"
2026	"REG"	"REG"	"BAL"	2	"00-0036369"	"G"	"John Simpson"	"John"	"Simpson"	"Groin"	null	"Questionable"	"Groin"	null	"Limited Participation in Practice"
2026	"REG"	"REG"	"BAL"	2	"00-0039064"	"WR"	"Zay Flowers"	"Xavien"	"Flowers"	"Hamstring"	null	"Doubtful"	"Hamstring"	null	"Limited Participation in Practice"
2026	"REG"	"REG"	"BAL"	2	"00-0039234"	"CB"	"T.J. Tampa"	"Marques"	"Tampa"	"Knee"	null	"Out"	"Knee"	null	"Did Not Participate In Practice"
2026	"REG"	"REG"	"BAL"	2	"00-0039792"	"WR"	"Devontez Walker"	"Devontez"	"Walker"	null	null	null	"Groin"	null	"Full Participation in Practice"
2026	"REG"	"REG"	"BAL"	2	"00-0040069"	"LB"	"Teddye Buchanan"	"Teddye"	"Buchanan"	"Knee"	null	"Out"	"Knee"	null	"Limited Participation in Practice"
2026	"REG"	"REG"	"BAL"	2	"00-0040104"	"S"	"Keondre Jackson"	"Keondre"	"Jackson"	null	null	null	"Shoulder"	null	"Full Participation in Practice"
2026	"REG"	"REG"	"BUF"	2	"00-0034832"	"LB"	"Bradley Chubb"	"Bradley"	"Chubb"	null	null	null	"Thumb"	null	"Full Participation in Practice"
2026	"REG"	"REG"	"BUF"	2	"00-0035537"	"RB"	"Ty Johnson"	"Ty"	"Johnson"	"Hamstring"	null	"Questionable"	"Hamstring"	null	"Limited Participation in Practice"
2026	"REG"	"REG"	"BUF"	2	"00-0037254"	"LB"	"Terrel Bernard"	"Terrel"	"Bernard"	null	null	null	"Calf"	null	"Limited Participation in Practice"
2026	"REG"	"REG"	"BUF"	2	"00-0039872"	"S"	"Cole Bishop"	"Cole"	"Bishop"	"Knee"	"Groin"	"Questionable"	"Knee"	"Groin"	"Limited Participation in Practice"
2026	"REG"	"REG"	"BUF"	2	"00-0040192"	"CB"	"Jordan Hancock"	"Jordan"	"Hancock"	null	null	null	"Quadricep"	null	"Full Participation in Practice"
2026	"REG"	"REG"	"BUF"	2	"00-0040724"	"DE"	"T.J. Sanders"	"Tanaeri"	"Sanders"	"Knee"	"Illness"	"Questionable"	"Knee"	"Illness"	"Limited Participation in Practice"
2026	"REG"	"REG"	"CAR"	2	"00-0031610"	"TE"	"Darren Waller"	"Darren"	"Waller"	null	null	null	"Not injury related - resting player"	null	"Full Participation in Practice"
2026	"REG"	"REG"	"CAR"	2	"00-0036903"	"DT"	"Bobby Brown III"	"Bobby"	"Brown"	"Back"	null	"Out"	"Back"	null	"Did Not Participate In Practice"
2026	"REG"	"REG"	"CAR"	2	"00-0037007"	"LB"	"Patrick Jones II"	"Patrick"	"Jones"	"Back"	null	"Questionable"	"Back"	null	"Limited Participation in Practice"
2026	"REG"	"REG"	"CAR"	2	"00-0039491"	"WR"	"Jalen Coker"	"Jalen"	"Coker"	null	null	null	"Ankle"	null	"Full Participation in Practice"
2026	"REG"	"REG"	"CHI"	2	"00-0031583"	"DT"	"Grady Jarrett"	"Grady"	"Jarrett"	null	null	null	"Not injury related - resting player"	null	"Full Participation in Practice"
2026	"REG"	"REG"	"CHI"	2	"00-0032391"	"G"	"Joe Thuney"	"Joseph"	"Thuney"	null	null	null	"Not injury related - resting player"	null	"Full Participation in Practice"
2026	"REG"	"REG"	"CHI"	2	"00-0033579"	"S"	"Xavier Woods"	"Xavier"	"Woods"	null	null	null	"Groin"	null	"Full Participation in Practice"
2026	"REG"	"REG"	"CHI"	2	"00-0036275"	"RB"	"D'Andre Swift"	"D'Andre"	"Swift"	null	null	null	"Ankle"	"Knee"	"Full Participation in Practice"
2026	"REG"	"REG"	"CHI"	2	"00-0036366"	"DT"	"Neville Gallimore"	"Neville"	"Gallimore"	null	null	null	"Illness"	null	"Full Participation in Practice"
2026	"REG"	"REG"	"CHI"	2	"00-0036480"	"DE"	"Dayo Odeyingbo"	"Temidayo"	"Odeyingbo"	null	null	null	"Shoulder"	null	"Full Participation in Practice"
2026	"REG"	"REG"	"CHI"	2	"00-0038932"	"T"	"Darnell Wright"	"Darnell"	"Wright"	null	null	null	"Knee"	null	"Full Participation in Practice"
2026	"REG"	"REG"	"CHI"	2	"00-0040236"	"RB"	"Kyle Monangai"	"Kyle"	"Monangai"	null	null	null	"Hamstring"	null	"Full Participation in Practice"
2026	"REG"	"REG"	"CHI"	2	"00-0040740"	"T"	"Ozzy Trapilo"	"Ozzy"	"Trapilo"	null	null	null	"Knee"	null	"Full Participation in Practice"
2026	"REG"	"REG"	"CHI"	2	"00-0041060"	"CB"	"Malik Muhammad"	"Malik"	"Muhammad"	null	null	null	"Ankle"	null	"Full Participation in Practice"
2026	"REG"	"REG"	"CIN"	2	"00-0033523"	"DT"	"Jonathan Allen"	"Jonathan"	"Allen"	null	null	null	"Not injury related - resting player"	null	"Full Participation in Practice"
2026	"REG"	"REG"	"CIN"	2	"00-0033526"	"RB"	"Samaje Perine"	"Samaje"	"Perine"	null	null	null	"Illness"	null	"Did Not Participate In Practice"
2026	"REG"	"REG"	"CIN"	2	"00-0034800"	"DT"	"B.J. Hill"	"Bobby"	"Hill"	"Achilles"	null	"Questionable"	"Not injury related - resting player"	"Achilles"	"Did Not Participate In Practice"
2026	"REG"	"REG"	"CIN"	2	"00-0035683"	"DT"	"Dexter Lawrence"	"Dexter"	"Lawrence"	null	null	null	"Not injury related - resting player"	null	"Did Not Participate In Practice"
2026	"REG"	"REG"	"CIN"	2	"00-0036442"	"QB"	"Joe Burrow"	"Joseph"	"Burrow"	"Back"	null	"Questionable"	"Back"	null	"Full Participation in Practice"
2026	"REG"	"REG"	"CIN"	2	"00-0037743"	"CB"	"Daxton Hill"	"Daxton"	"Hill"	null	null	null	"Hand"	null	"Full Participation in Practice"
2026	"REG"	"REG"	"CIN"	2	"00-0040756"	"DE"	"Shemar Stewart"	"Shemar"	"Stewart"	null	null	null	"Knee"	null	"Full Participation in Practice"
2026	"REG"	"REG"	"CLE"	2	"00-0033131"	"DT"	"Maliek Collins"	"Maliek"	"Collins"	null	null	null	"Quadricep"	null	"Limited Participation in Practice"
2026	"REG"	"REG"	"CLE"	2	"00-0035526"	"C"	"Elgton Jenkins"	"Elgton"	"Jenkins"	null	null	null	"Back"	null	"Full Participation in Practice"
2026	"REG"	"REG"	"CLE"	2	"00-0036287"	"CB"	"Noah Igbinoghene"	"Noah"	"Igbinoghene"	"Hand"	null	"Questionable"	null	null	null
2026	"REG"	"REG"	"CLE"	2	"00-0036407"	"WR"	"Jerry Jeudy"	"Jerry"	"Jeudy"	null	null	null	"Wrist"	null	"Full Participation in Practice"
2026	"REG"	"REG"	"CLE"	2	"00-0036953"	"G"	"Teven Jenkins"	"Teven"	"Jenkins"	"Back"	null	"Out"	"Back"	null	"Did Not Participate In Practice"
2026	"REG"	"REG"	"CLE"	2	"00-0036974"	"CB"	"Tyson Campbell"	"Tyson"	"Campbell"	"Ankle"	null	"Questionable"	"Ankle"	null	"Limited Participation in Practice"
2026	"REG"	"REG"	"CLE"	2	"00-0037818"	"G"	"Zion Johnson"	"Zion"	"Johnson"	null	null	null	"Knee"	null	"Full Participation in Practice"
2026	"REG"	"REG"	"CLE"	2	"00-0039014"	"T"	"Dawand Jones"	"Dawand"	"Jones"	null	null	null	"Head"	null	"Full Participation in Practice"
2026	"REG"	"REG"	"CLE"	2	"00-0041073"	"C"	"Parker Brailsford"	"Parker"	"Brailsford"	null	null	null	"Thumb"	null	"Full Participation in Practice"
2026	"REG"	"REG"	"DAL"	2	"00-0033877"	"S"	"Malik Hooker"	"Malik"	"Hooker"	"Forearm"	null	"Out"	"Forearm"	null	"Did Not Participate In Practice"
2026	"REG"	"REG"	"DAL"	2	"00-0037310"	"LB"	"James Houston"	"James"	"Houston"	null	null	null	"Shoulder"	null	"Full Participation in Practice"
2026	"REG"	"REG"	"DAL"	2	"00-0038556"	"LB"	"DeMarvion Overshown"	"DeMarvion"	"Overshown"	"Hamstring"	null	"Out"	"Hamstring"	null	"Did Not Participate In Practice"
2026	"REG"	"REG"	"DAL"	2	"00-0040017"	"T"	"Ajani Cornelius"	"Ajani"	"Cornelius"	null	null	null	"Knee"	null	"Full Participation in Practice"
2026	"REG"	"REG"	"DEN"	2	"00-0038976"	"WR"	"Marvin Mims Jr."	"Marvin"	"Mims"	"Foot"	null	"Out"	"Foot"	null	"Did Not Participate In Practice"
2026	"REG"	"REG"	"DEN"	2	"00-0039809"	"LB"	"Jonah Elliss"	"Jonah"	"Elliss"	null	null	null	"Shoulder"	null	"Full Participation in Practice"
2026	"REG"	"REG"	"DEN"	2	"00-0039868"	"WR"	"Troy Franklin"	"Troy"	"Franklin"	null	null	null	"Knee"	null	"Full Participation in Practice"
2026	"REG"	"REG"	"DEN"	2	"00-0040730"	"RB"	"RJ Harvey"	"Robert"	"Harvey"	"Hamstring"	null	"Questionable"	"Hamstring"	null	"Limited Participation in Practice"
2026	"REG"	"REG"	"DET"	2	"00-0034384"	"CB"	"D.J. Reed"	"Dennis"	"Reed"	"Foot"	null	"Questionable"	"Foot"	null	"Limited Participation in Practice"
2026	"REG"	"REG"	"DET"	2	"00-0038820"	"S"	"Christian Izien"	"Christian"	"Izien"	null	null	null	"Groin"	null	"Full Participation in Practice"
2026	"REG"	"REG"	"DET"	2	"00-0038936"	"G"	"Juice Scruggs"	"Frederick"	"Scruggs"	null	null	null	"Knee"	null	"Full Participation in Practice"
2026	"REG"	"REG"	"DET"	2	"00-0039408"	"G"	"Christian Mahogany"	"Christian"	"Mahogany"	"Hip"	null	"Out"	"Hip"	null	"Did Not Participate In Practice"
2026	"REG"	"REG"	"DET"	2	"00-0041439"	"T"	"Blake Miller"	"Blake"	"Miller"	"Knee"	null	"Out"	"Knee"	null	"Did Not Participate In Practice"
2026	"REG"	"REG"	"GB"	2	"00-0033109"	"DT"	"Javon Hargrave"	"Javon"	"Hargrave"	"Knee"	"Concussion"	"Doubtful"	"Knee"	"Concussion"	"Did Not Participate In Practice"
2026	"REG"	"REG"	"GB"	2	"00-0036551"	"G"	"Aaron Banks"	"Aaron"	"Banks"	"Knee"	null	"Questionable"	"Knee"	null	"Limited Participation in Practice"
2026	"REG"	"REG"	"GB"	2	"00-0036625"	"CB"	"Benjamin St-Juste"	"Benjamin"	"St-Juste"	"Hamstring"	null	"Questionable"	"Hamstring"	null	"Limited Participation in Practice"
2026	"REG"	"REG"	"GB"	2	"00-0037075"	"DT"	"Devonte Wyatt"	"Devonte"	"Wyatt"	null	null	null	"Ankle"	null	"Limited Participation in Practice"
2026	"REG"	"REG"	"GB"	2	"00-0037817"	"T"	"Zach Bako-Bewele"	"Zach"	"Bako-Bewele"	"Knee"	null	"Questionable"	"Knee"	null	"Limited Participation in Practice"
2026	"REG"	"REG"	"GB"	2	"00-0039112"	"LB"	"Lukas Van Ness"	"Lukas"	"Van Ness"	"Concussion"	null	"Questionable"	"Concussion"	null	"Limited Participation in Practice"
2026	"REG"	"REG"	"GB"	2	"00-0039812"	"LB"	"Ty'Ron Hopper"	"Ty'Ron"	"Hopper"	null	null	null	"Achilles"	null	"Limited Participation in Practice"
2026	"REG"	"REG"	"GB"	2	"00-0040010"	"LB"	"Barryn Sorrell"	"Barryn"	"Sorrell"	null	null	null	"Foot"	null	"Limited Participation in Practice"
2026	"REG"	"REG"	"GB"	2	"00-0040016"	"DT"	"Warren Brinson"	"Warren"	"Brinson"	"Calf"	null	"Out"	"Calf"	null	"Did Not Participate In Practice"
2026	"REG"	"REG"	"GB"	2	"00-0041470"	"CB"	"Brandon Cisse"	"Brandon"	"Cisse"	null	null	null	"Cramps"	null	"Full Participation in Practice"
2026	"REG"	"REG"	"HOU"	2	"00-0031364"	"DE"	"Jadeveon Clowney"	"Jadeveon"	"Clowney"	"Knee"	null	"Out"	"Knee"	null	"Did Not Participate In Practice"
2026	"REG"	"REG"	"HOU"	2	"00-0032071"	"T"	"Trent Brown"	"Trenton"	"Brown"	null	null	null	"Hand"	"Wrist"	"Full Participation in Practice"
2026	"REG"	"REG"	"HOU"	2	"00-0034383"	"TE"	"Dalton Schultz"	"Dalton"	"Schultz"	null	null	null	"Not injury related - resting player"	null	"Did Not Participate In Practice"
2026	"REG"	"REG"	"HOU"	2	"00-0036554"	"WR"	"Nico Collins"	"Nico"	"Collins"	"Hamstring"	null	"Out"	"Hamstring"	null	"Did Not Participate In Practice"
2026	"REG"	"REG"	"HOU"	2	"00-0037633"	"LB"	"Jacob Hummel"	"Jacob"	"Hummel"	"Groin"	null	"Out"	"Groin"	null	"Did Not Participate In Practice"
2026	"REG"	"REG"	"HOU"	2	"00-0038127"	"DE"	"Logan Hall"	"Logan"	"Hall"	null	null	null	"Not injury related - resting player"	null	"Did Not Participate In Practice"
2026	"REG"	"REG"	"HOU"	2	"00-0038131"	"G"	"Ed Ingram"	"Edward"	"Ingram"	"Groin"	null	"Out"	"Groin"	null	"Did Not Participate In Practice"
2026	"REG"	"REG"	"HOU"	2	"00-0039108"	"DE"	"Will Anderson Jr."	"William"	"Anderson"	null	null	null	"Not injury related - resting player"	null	"Limited Participation in Practice"
2026	"REG"	"REG"	"HOU"	2	"00-0041465"	"LB"	"Wade Woodaz"	"Wade"	"Woodaz"	null	null	null	"Thumb"	null	"Full Participation in Practice"
2026	"REG"	"REG"	"IND"	2	"00-0030279"	"WR"	"Keenan Allen"	"Keenan"	"Allen"	null	null	null	"Not injury related - resting player"	null	"Full Participation in Practice"
2026	"REG"	"REG"	"IND"	2	"00-0032378"	"DT"	"DeForest Buckner"	"DeForest"	"Buckner"	null	null	null	"Ankle"	"Not injury related - resting player"	"Did Not Participate In Practice"
2026	"REG"	"REG"	"IND"	2	"00-0033952"	"DT"	"Grover Stewart"	"Grover"	"Stewart"	null	null	null	"Not injury related - personal matter"	null	"Full Participation in Practice"
2026	"REG"	"REG"	"IND"	2	"00-0034573"	"CB"	"Charvarius Ward"	"Charvarius"	"Ward"	null	null	null	"Not injury related - resting player"	null	"Did Not Participate In Practice"
2026	"REG"	"REG"	"IND"	2	"00-0035021"	"WR"	"Ashton Dulin"	"Ashton"	"Dulin"	"Ankle"	null	"Out"	"Ankle"	null	"Did Not Participate In Practice"
2026	"REG"	"REG"	"IND"	2	"00-0036298"	"LB"	"Akeem Davis-Gaither"	"Akeem"	"Davis-Gaither"	null	null	null	"Knee"	null	"Full Participation in Practice"
2026	"REG"	"REG"	"IND"	2	"00-0037190"	"CB"	"Sauce Gardner"	"Ahmad"	"Gardner"	null	null	null	"Rib"	null	"Full Participation in Practice"
2026	"REG"	"REG"	"IND"	2	"00-0037664"	"WR"	"Alec Pierce"	"Alec"	"Pierce"	null	null	null	"Heel"	null	"Full Participation in Practice"
2026	"REG"	"REG"	"IND"	2	"00-0039164"	"QB"	"Anthony Richardson"	"Anthony"	"Richardson"	null	null	null	"Groin"	null	"Full Participation in Practice"
2026	"REG"	"REG"	"IND"	2	"00-0039178"	"LB"	"Austin Ajiake"	"Austin"	"Ajiake"	null	null	null	"Hamstring"	null	"Full Participation in Practice"
2026	"REG"	"REG"	"IND"	2	"00-0040179"	"RB"	"DJ Giddens"	"DJ"	"Giddens"	"Knee"	null	"Questionable"	"Knee"	null	"Full Participation in Practice"
2026	"REG"	"REG"	"JAX"	2	"00-0034413"	"LB"	"Foyesade Oluokun"	"Foyesade"	"Oluokun"	null	null	null	"Wrist"	null	"Full Participation in Practice"
2026	"REG"	"REG"	"JAX"	2	"00-0034960"	"WR"	"Jakobi Meyers"	"Jakobi"	"Meyers"	null	null	null	"Thumb"	null	"Limited Participation in Practice"
2026	"REG"	"REG"	"JAX"	2	"00-0036655"	"T"	"Cole Van Lanen"	"Cole"	"Van Lanen"	null	null	null	"Knee"	null	"Full Participation in Practice"
2026	"REG"	"REG"	"JAX"	2	"00-0038616"	"CB"	"Christian Braswell"	"Christian"	"Braswell"	null	null	null	"Knee"	null	"Full Participation in Practice"
2026	"REG"	"REG"	"JAX"	2	"00-0039893"	"WR"	"Brian Thomas Jr."	"Brian"	"Thomas"	null	null	null	"Shoulder"	null	"Limited Participation in Practice"
2026	"REG"	"REG"	"JAX"	2	"00-0040238"	"RB"	"LeQuint Allen Jr."	"LeQuint"	"Allen"	null	null	null	"Hip"	null	"Limited Participation in Practice"
2026	"REG"	"REG"	"KC"	2	"00-0032762"	"DT"	"Chris Jones"	"Christopher"	"Jones"	"Calf"	null	"Questionable"	"Calf"	null	"Limited Participation in Practice"
2026	"REG"	"REG"	"KC"	2	"00-0033873"	"QB"	"Patrick Mahomes"	"Patrick"	"Mahomes"	null	null	null	"Knee"	null	"Full Participation in Practice"
2026	"REG"	"REG"	"KC"	2	"00-0036374"	"CB"	"L'Jarius Sneed"	"L'Jarius"	"Sneed"	null	null	null	"Knee"	null	"Full Participation in Practice"
2026	"REG"	"REG"	"KC"	2	"00-0038982"	"S"	"Chamarri Conner"	"Chamarri"	"Conner"	"Knee"	null	"Out"	"Knee"	null	"Did Not Participate In Practice"
2026	"REG"	"REG"	"KC"	2	"00-0039067"	"WR"	"Rashee Rice"	"Rashee"	"Rice"	null	null	null	"Knee"	null	"Full Participation in Practice"
2026	"REG"	"REG"	"KC"	2	"00-0040116"	"T"	"Josh Simmons"	"Josh"	"Simmons"	"Back"	null	"Out"	"Back"	null	"Did Not Participate In Practice"
2026	"REG"	"REG"	"KC"	2	"00-0040640"	"DE"	"Ashton Gillotte"	"Ashton"	"Gillotte"	null	null	null	"Foot"	null	"Full Participation in Practice"
2026	"REG"	"REG"	"KC"	2	"00-0041501"	"DE"	"R Mason Thomas"	"R Mason"	"Thomas"	null	null	null	"Hamstring"	null	"Full Participation in Practice"
2026	"REG"	"REG"	"KC"	2	"00-0041543"	"CB"	"Mansoor Delane"	"Mansoor"	"Delane"	"Shoulder"	null	"Questionable"	"Shoulder"	null	"Limited Participation in Practice"
2026	"REG"	"REG"	"LA"	2	"00-0031381"	"WR"	"Davante Adams"	"Davante"	"Adams"	null	null	null	"Not injury related - resting player"	null	"Full Participation in Practice"
2026	"REG"	"REG"	"LA"	2	"00-0031388"	"DT"	"Aaron Donald"	"Aaron"	"Donald"	null	null	null	"Not injury related - resting player"	null	"Did Not Participate In Practice"
2026	"REG"	"REG"	"LA"	2	"00-0033110"	"TE"	"Tyler Higbee"	"Tyler"	"Higbee"	null	null	null	"Not injury related - resting player"	null	"Did Not Participate In Practice"
2026	"REG"	"REG"	"LA"	2	"00-0036349"	"S"	"Kam Curl"	"Kamren"	"Curl"	null	null	null	"Ankle"	null	"Limited Participation in Practice"
2026	"REG"	"REG"	"LA"	2	"00-0036603"	"T"	"Alaric Jackson"	"Alaric"	"Jackson"	null	null	null	"Not injury related - resting player"	null	"Did Not Participate In Practice"
2026	"REG"	"REG"	"LA"	2	"00-0037587"	"LB"	"Nate Landman"	"Nate"	"Landman"	null	null	null	"Shoulder"	null	"Limited Participation in Practice"
2026	"REG"	"REG"	"LA"	2	"00-0039075"	"WR"	"Puka Nacua"	"Puka"	"Nacua"	"Hip"	null	"Questionable"	"Hip"	null	"Did Not Participate In Practice"
2026	"REG"	"REG"	"LA"	2	"00-0039137"	"LB"	"Byron Young"	"Byron"	"Young"	null	null	null	"Not injury related - resting player"	null	"Did Not Participate In Practice"
2026	"REG"	"REG"	"LA"	2	"00-0039751"	"WR"	"Jordan Whittington"	"Jordan"	"Whittington"	"Quadricep"	null	"Doubtful"	"Quadricep"	null	"Did Not Participate In Practice"
2026	"REG"	"REG"	"LA"	2	"00-0039774"	"LB"	"Omar Speights"	"Omar"	"Speights"	null	null	null	"Hip"	null	"Full Participation in Practice"
2026	"REG"	"REG"	"LA"	2	"00-0039834"	"S"	"Kamren Kinchens"	"Kamren"	"Kinchens"	"Hamstring"	null	"Out"	"Hamstring"	null	"Did Not Participate In Practice"
2026	"REG"	"REG"	"LAC"	2	"00-0031040"	"DE"	"Khalil Mack"	"Khalil"	"Mack"	null	null	null	"Not injury related - resting player"	null	"Full Participation in Practice"
2026	"REG"	"REG"	"LAC"	2	"00-0032146"	"DE"	"Bud Dupree"	"Alvin"	"Dupree"	null	null	null	"Not injury related - resting player"	null	"Full Participation in Practice"
2026	"REG"	"REG"	"LAC"	2	"00-0033546"	"DT"	"Dalvin Tomlinson"	"Dalvin"	"Tomlinson"	null	null	null	"Hamstring"	"Not injury related - resting player"	"Full Participation in Practice"
2026	"REG"	"REG"	"LAC"	2	"00-0035688"	"T"	"Trey Pipkins"	"Trey"	"Pipkins"	"Knee"	null	"Out"	"Knee"	null	"Did Not Participate In Practice"
2026	"REG"	"REG"	"LAC"	2	"00-0036181"	"DT"	"Teair Tart"	"Teair"	"Tart"	null	null	null	"Ankle"	null	"Full Participation in Practice"
2026	"REG"	"REG"	"LAC"	2	"00-0036992"	"S"	"Elijah Molden"	"Elijah"	"Molden"	"Hamstring"	null	"Out"	"Hamstring"	null	"Did Not Participate In Practice"
2026	"REG"	"REG"	"LAC"	2	"00-0037320"	"CB"	"Deane Leonard"	"Deane"	"Leonard"	"Abdomen"	null	"Questionable"	"Abdomen"	null	"Limited Participation in Practice"
2026	"REG"	"REG"	"LAC"	2	"00-0038573"	"WR"	"Derius Davis"	"Derius"	"Davis"	null	null	null	"Calf"	null	"Full Participation in Practice"
2026	"REG"	"REG"	"LAC"	2	"00-0039915"	"WR"	"Ladd McConkey"	"Andrew"	"McConkey"	"Rib"	null	"Questionable"	"Rib"	null	"Limited Participation in Practice"
2026	"REG"	"REG"	"LAC"	2	"00-0041544"	"DE"	"Akheem Mesidor"	"Akheem"	"Mesidor"	null	null	null	"Calf"	null	"Full Participation in Practice"
2026	"REG"	"REG"	"LV"	2	"00-0038579"	"QB"	"Aidan O'Connell"	"Aidan"	"O'Connell"	"Not injury related - personal matter"	null	"Questionable"	"Not injury related - personal matter"	null	"Did Not Participate In Practice"
2026	"REG"	"REG"	"LV"	2	"00-0039338"	"TE"	"Brock Bowers"	"Brock"	"Bowers"	"Knee"	null	"Doubtful"	"Knee"	null	"Limited Participation in Practice"
2026	"REG"	"REG"	"LV"	2	"00-0040122"	"RB"	"Ashton Jeanty"	"Ashton"	"Jeanty"	null	null	null	"Ankle"	null	"Full Participation in Practice"
2026	"REG"	"REG"	"LV"	2	"00-0040641"	"CB"	"Darien Porter"	"Darien"	"Porter"	"Foot"	null	"Out"	"Foot"	null	"Did Not Participate In Practice"
2026	"REG"	"REG"	"MIA"	2	"00-0034779"	"LB"	"Ronnie Harrison"	"Ronnie"	"Harrison"	"Hamstring"	null	"Out"	"Hamstring"	null	"Did Not Participate In Practice"
2026	"REG"	"REG"	"MIA"	2	"00-0037686"	"LS"	"Tucker Addington"	"Tucker"	"Addington"	"Shoulder"	null	"Questionable"	"Shoulder"	null	"Limited Participation in Practice"
2026	"REG"	"REG"	"MIA"	2	"00-0038128"	"QB"	"Malik Willis"	"Malik"	"Willis"	null	null	null	"Toe"	null	"Full Participation in Practice"
2026	"REG"	"REG"	"MIA"	2	"00-0039911"	"LB"	"Chop Robinson"	"Demeioun"	"Robinson"	"Concussion"	null	"Out"	"Concussion"	null	"Did Not Participate In Practice"
2026	"REG"	"REG"	"MIA"	2	"00-0040182"	"S"	"Dante Trader Jr."	"Dante"	"Trader"	null	null	null	"Hamstring"	null	"Full Participation in Practice"
2026	"REG"	"REG"	"MIA"	2	"00-0041579"	"TE"	"Seydou Traore"	"Seydou"	"Traore"	null	null	null	"Thumb"	"Achilles"	"Limited Participation in Practice"
2026	"REG"	"REG"	"MIN"	2	"00-0029606"	"S"	"Harrison Smith"	"Harrison"	"Smith"	null	null	null	"Not injury related - resting player"	null	"Limited Participation in Practice"
2026	"REG"	"REG"	"MIN"	2	"00-0034158"	"T"	"Brian O'Neill"	"Brian"	"O'Neill"	"Knee"	null	"Questionable"	"Knee"	null	"Limited Participation in Practice"
2026	"REG"	"REG"	"MIN"	2	"00-0035228"	"QB"	"Kyler Murray"	"Kyler"	"Murray"	"Concussion"	null	"Out"	"Concussion"	null	"Limited Participation in Practice"
2026	"REG"	"REG"	"MIN"	2	"00-0035272"	"LB"	"Andrew Van Ginkel"	"Andrew"	"Van Ginkel"	null	null	null	"Chest"	null	"Full Participation in Practice"
2026	"REG"	"REG"	"MIN"	2	"00-0035276"	"LB"	"Blake Cashman"	"Blake"	"Cashman"	null	null	null	"Wrist"	null	"Full Participation in Practice"
2026	"REG"	"REG"	"MIN"	2	"00-0036259"	"WR"	"Jauan Jennings"	"Bennie"	"Jennings"	"Not injury related - personal matter"	null	"Out"	"Not injury related - personal matter"	null	"Did Not Participate In Practice"
2026	"REG"	"REG"	"MIN"	2	"00-0036616"	"T"	"Christian Darrisaw"	"Christian"	"Darrisaw"	null	null	null	"Not injury related - resting player"	null	"Did Not Participate In Practice"
2026	"REG"	"REG"	"NE"	2	"00-0034720"	"LB"	"Robert Spillane"	"Robert"	"Spillane"	null	null	null	"Knee"	null	"Full Participation in Practice"
2026	"REG"	"REG"	"NE"	2	"00-0034778"	"CB"	"Carlton Davis III"	"Carlton"	"Davis"	"Neck"	null	"Out"	"Neck"	null	"Did Not Participate In Practice"
2026	"REG"	"REG"	"NE"	2	"00-0035678"	"LB"	"Dre'Mont Jones"	"Dre'Mont"	"Jones"	"Foot"	null	"Questionable"	"Foot"	null	"Limited Participation in Practice"
2026	"REG"	"REG"	"NE"	2	"00-0037413"	"C"	"Ben Brown"	"Timothy"	"Brown"	"Knee"	null	"Questionable"	"Knee"	null	"Limited Participation in Practice"
2026	"REG"	"REG"	"NE"	2	"00-0040734"	"RB"	"TreVeyon Henderson"	"TreVeyon"	"Henderson"	null	null	null	"Ankle"	null	"Full Participation in Practice"
2026	"REG"	"REG"	"NE"	2	"00-0041103"	"T"	"Dametrious Crownover"	"Dametrious"	"Crownover"	"Knee"	null	"Out"	"Knee"	null	"Did Not Participate In Practice"
2026	"REG"	"REG"	"NO"	2	"00-0027962"	"LB"	"Cameron Jordan"	"Cameron"	"Jordan"	null	null	null	"Hamstring"	null	"Full Participation in Practice"
2026	"REG"	"REG"	"NO"	2	"00-0033063"	"LS"	"Zach Wood"	"Zachary"	"Wood"	"Calf"	null	"Out"	"Calf"	null	"Did Not Participate In Practice"
2026	"REG"	"REG"	"NO"	2	"00-0033860"	"DT"	"Davon Godchaux"	"Davon"	"Godchaux"	null	null	null	"Not injury related - resting player"	null	"Full Participation in Practice"
2026	"REG"	"REG"	"NO"	2	"00-0033906"	"RB"	"Alvin Kamara"	"Alvin"	"Kamara"	null	null	null	"Knee"	null	"Full Participation in Practice"
2026	"REG"	"REG"	"NO"	2	"00-0036040"	"TE"	"Juwan Johnson"	"Juwan"	"Johnson"	null	null	null	"Illness"	null	"Full Participation in Practice"
2026	"REG"	"REG"	"NO"	2	"00-0036321"	"LB"	"Chase Young"	"Chase"	"Young"	"Calf"	null	"Questionable"	"Calf"	null	"Limited Participation in Practice"
2026	"REG"	"REG"	"NO"	2	"00-0037239"	"WR"	"Chris Olave"	"Chris"	"Olave"	"Hamstring"	null	"Questionable"	"Hamstring"	null	"Limited Participation in Practice"
2026	"REG"	"REG"	"NO"	2	"00-0039622"	"LB"	"Isaiah Stalbird"	"Isaiah"	"Stalbird"	"Shoulder"	null	"Doubtful"	"Shoulder"	null	"Did Not Participate In Practice"
2026	"REG"	"REG"	"NO"	2	"00-0041041"	"TE"	"Oscar Delp"	"Oscar"	"Delp"	null	null	null	"Hamstring"	null	"Full Participation in Practice"
2026	"REG"	"REG"	"NO"	2	"00-0041390"	"DT"	"Christen Miller"	"Christen"	"Miller"	"Toe"	null	"Questionable"	"Toe"	null	"Limited Participation in Practice"
2026	"REG"	"REG"	"NYG"	2	"00-0036386"	"T"	"Andrew Thomas"	"Andrew"	"Thomas"	null	null	null	"Ankle"	null	"Limited Participation in Practice"
2026	"REG"	"REG"	"NYG"	2	"00-0036937"	"CB"	"Paulson Adebo"	"Saiid"	"Adebo"	null	null	null	"Knee"	null	"Did Not Participate In Practice"
2026	"REG"	"REG"	"NYG"	2	"00-0036982"	"DE"	"Chauncey Golston"	"Chauncey"	"Golston"	null	null	null	"Neck"	null	"Full Participation in Practice"
2026	"REG"	"REG"	"NYG"	2	"00-0036996"	"CB"	"Greg Newsome II"	"Greg"	"Newsome"	null	null	null	"Rib"	null	"Full Participation in Practice"
2026	"REG"	"REG"	"NYG"	2	"00-0037259"	"LB"	"Micah McFadden"	"Micah"	"McFadden"	"Neck"	null	"Questionable"	"Neck"	null	"Limited Participation in Practice"
2026	"REG"	"REG"	"NYG"	2	"00-0039000"	"CB"	"Deonte Banks"	"Deonte"	"Banks"	"Calf"	null	"Questionable"	"Calf"	null	"Did Not Participate In Practice"
2026	"REG"	"REG"	"NYG"	2	"00-0041505"	"T"	"Francis Mauigoa"	"Francis"	"Mauigoa"	null	null	null	"Shoulder"	null	"Full Participation in Practice"
2026	"REG"	"REG"	"NYJ"	2	"00-0033051"	"DT"	"David Onyemata"	"Ebuka"	"Onyemata"	null	null	null	"Not injury related - resting player"	null	"Full Participation in Practice"
2026	"REG"	"REG"	"NYJ"	2	"00-0034789"	"S"	"Minkah Fitzpatrick"	"Minkah"	"Fitzpatrick"	"Groin"	null	"Out"	"Groin"	null	"Did Not Participate In Practice"
2026	"REG"	"REG"	"NYJ"	2	"00-0036500"	"LB"	"Jamien Sherwood"	"Jamien"	"Sherwood"	null	null	null	"Knee"	null	"Full Participation in Practice"
2026	"REG"	"REG"	"NYJ"	2	"00-0036842"	"RB"	"Kene Nwangwu"	"Kene"	"Nwangwu"	"Back"	null	"Out"	"Back"	null	"Did Not Participate In Practice"
2026	"REG"	"REG"	"NYJ"	2	"00-0036902"	"DE"	"Joseph Ossai"	"Joseph"	"Ossai"	"Foot"	null	"Out"	"Foot"	null	"Did Not Participate In Practice"
2026	"REG"	"REG"	"NYJ"	2	"00-0039142"	"DE"	"Will McDonald IV"	"Will"	"McDonald"	"Ankle"	null	"Questionable"	"Ankle"	null	"Limited Participation in Practice"
2026	"REG"	"REG"	"NYJ"	2	"00-0039372"	"CB"	"Jarvis Brownlee Jr."	"Jarvis"	"Brownlee"	null	null	null	"Shoulder"	null	"Full Participation in Practice"
2026	"REG"	"REG"	"NYJ"	2	"00-0041038"	"CB"	"D'Angelo Ponds"	"D'Angelo"	"Ponds"	null	null	null	"Calf"	null	"Full Participation in Practice"
2026	"REG"	"REG"	"NYJ"	2	"00-0041511"	"WR"	"Omar Cooper Jr."	"Omar"	"Cooper"	"Ankle"	null	"Out"	"Ankle"	null	"Did Not Participate In Practice"
2026	"REG"	"REG"	"PHI"	2	"00-0035662"	"WR"	"Marquise Brown"	"Marquise"	"Brown"	null	null	null	"Hamstring"	null	"Full Participation in Practice"
2026	"REG"	"REG"	"PHI"	2	"00-0036224"	"LB"	"Jonathan Greenard"	"Jonathan"	"Greenard"	"Pectoral"	null	"Out"	"Pectoral"	null	"Limited Participation in Practice"
2026	"REG"	"REG"	"PHI"	2	"00-0036980"	"WR"	"Elijah Moore"	"Elijah"	"Moore"	null	null	null	"Neck"	null	"Full Participation in Practice"
2026	"REG"	"REG"	"PHI"	2	"00-0038386"	"DT"	"Jalen Carter"	"Jalen"	"Carter"	null	null	null	"Wrist"	null	"Limited Participation in Practice"
2026	"REG"	"REG"	"PHI"	2	"00-0039841"	"CB"	"Cooper DeJean"	"Cooper"	"DeJean"	null	null	null	"Calf"	"Abdomen"	"Full Participation in Practice"
2026	"REG"	"REG"	"PHI"	2	"00-0040749"	"S"	"Andrew Mukuba"	"Andrew"	"Mukuba"	"Knee"	null	"Questionable"	"Knee"	null	"Limited Participation in Practice"
2026	"REG"	"REG"	"PIT"	2	"00-0027969"	"DT"	"Cameron Heyward"	"Cameron"	"Heyward"	null	null	null	"Not injury related - resting player"	null	"Full Participation in Practice"
2026	"REG"	"REG"	"PIT"	2	"00-0036252"	"WR"	"Michael Pittman"	"Michael"	"Pittman"	"Foot"	null	"Questionable"	"Foot"	null	"Did Not Participate In Practice"
2026	"REG"	"REG"	"PIT"	2	"00-0038558"	"TE"	"Darnell Washington"	"Darnell"	"Washington"	null	null	null	"Not injury related - personal matter"	null	"Full Participation in Practice"
2026	"REG"	"REG"	"PIT"	2	"00-0039167"	"CB"	"Joey Porter Jr."	"Joey"	"Porter"	"Back"	null	"Out"	"Back"	null	"Limited Participation in Practice"
2026	"REG"	"REG"	"PIT"	2	"00-0039871"	"T"	"Troy Fautanu"	"Troy"	"Fautanu"	"Ankle"	null	"Questionable"	"Ankle"	null	"Full Participation in Practice"
2026	"REG"	"REG"	"SEA"	2	"00-0033908"	"WR"	"Cooper Kupp"	"Cooper"	"Kupp"	null	null	null	"Back"	null	"Full Participation in Practice"
2026	"REG"	"REG"	"SEA"	2	"00-0034869"	"QB"	"Sam Darnold"	"Sam"	"Darnold"	"Glute"	null	"Out"	"Glute"	null	"Did Not Participate In Practice"
2026	"REG"	"REG"	"SEA"	2	"00-0036363"	"T"	"Josh Jones"	"Josh"	"Jones"	null	null	null	"Knee"	null	"Full Participation in Practice"
2026	"REG"	"REG"	"SEA"	2	"00-0037137"	"CB"	"Josh Jobe"	"Joshua"	"Jobe"	null	null	null	"Wrist"	null	"Full Participation in Practice"
2026	"REG"	"REG"	"SEA"	2	"00-0038765"	"S"	"Ty Okada"	"Tyler"	"Okada"	"Hamstring"	null	"Out"	"Hamstring"	null	"Did Not Participate In Practice"
2026	"REG"	"REG"	"SEA"	2	"00-0039020"	"G"	"Anthony Bradford"	"Anthony"	"Bradford"	"Knee"	"Hip"	"Out"	"Knee"	"Hip"	"Did Not Participate In Practice"
2026	"REG"	"REG"	"SEA"	2	"00-0040648"	"WR"	"Tory Horton"	"Tory"	"Horton"	null	null	null	"Hamstring"	null	"Full Participation in Practice"
2026	"REG"	"REG"	"SEA"	2	"00-0040733"	"S"	"Nick Emmanwori"	"Nicholas"	"Emmanwori"	"Ankle"	"Hip"	"Questionable"	"Ankle"	"Hip"	"Limited Participation in Practice"
2026	"REG"	"REG"	"SF"	2	"00-0027857"	"T"	"Trent Williams"	"Trenton"	"Williams"	null	null	null	"Not injury related - resting player"	null	"Full Participation in Practice"
2026	"REG"	"REG"	"SF"	2	"00-0029892"	"FB"	"Kyle Juszczyk"	"Kyle"	"Juszczyk"	null	null	null	"Finger"	null	"Full Participation in Practice"
2026	"REG"	"REG"	"SF"	2	"00-0033280"	"RB"	"Christian McCaffrey"	"Christian"	"McCaffrey"	null	null	null	"Not injury related - resting player"	null	"Full Participation in Practice"
2026	"REG"	"REG"	"SF"	2	"00-0033288"	"TE"	"George Kittle"	"George"	"Kittle"	null	null	null	"Achilles"	null	"Full Participation in Practice"
2026	"REG"	"REG"	"SF"	2	"00-0034173"	"K"	"Eddy Pineiro"	"Eddy"	"Pineiro"	"Illness"	null	"Questionable"	"Illness"	null	"Did Not Participate In Practice"
2026	"REG"	"REG"	"SF"	2	"00-0034982"	"LB"	"Dre Greenlaw"	"Keaundre"	"Greenlaw"	null	null	null	"Not injury related - resting player"	"Achilles"	"Full Participation in Practice"
2026	"REG"	"REG"	"SF"	2	"00-0035717"	"DE"	"Nick Bosa"	"Nicholas"	"Bosa"	null	null	null	"Not injury related - resting player"	"Knee"	"Full Participation in Practice"
2026	"REG"	"REG"	"SF"	2	"00-0036341"	"DE"	"Khalid Kareem"	"Khalid"	"Kareem"	null	null	null	"Shoulder"	null	"Full Participation in Practice"
2026	"REG"	"REG"	"SF"	2	"00-0039148"	"DE"	"Keion White"	"Keion"	"White"	null	null	null	"Back"	null	"Full Participation in Practice"
2026	"REG"	"REG"	"SF"	2	"00-0040152"	"CB"	"Upton Stout"	"Upton"	"Stout"	null	null	null	"Achilles"	null	"Full Participation in Practice"
2026	"REG"	"REG"	"SF"	2	"00-0041035"	"WR"	"De'Zhaun Stribling"	"De'Zhaun-Ryan"	"Stribling"	"Ankle"	null	"Out"	"Ankle"	null	"Did Not Participate In Practice"
2026	"REG"	"REG"	"SF"	2	"00-0041052"	"RB"	"Kaelon Black"	"Kaelon"	"Black"	"Groin"	null	"Questionable"	"Groin"	null	"Limited Participation in Practice"
2026	"REG"	"REG"	"TB"	2	"00-0032399"	"S"	"Miles Killebrew"	"Miles"	"Killebrew"	"Concussion"	null	"Questionable"	"Concussion"	null	"Full Participation in Practice"
2026	"REG"	"REG"	"TB"	2	"00-0032889"	"DT"	"A'Shawn Robinson"	"A'Shawn"	"Robinson"	null	null	null	"Not injury related - resting player"	null	"Did Not Participate In Practice"
2026	"REG"	"REG"	"TB"	2	"00-0034989"	"T"	"Justin Skule"	"Justin"	"Skule"	null	null	null	"Oblique"	null	"Full Participation in Practice"
2026	"REG"	"REG"	"TB"	2	"00-0035942"	"LB"	"Christian Rozeboom"	"Christian"	"Rozeboom"	null	null	null	"Foot"	null	"Full Participation in Practice"
2026	"REG"	"REG"	"TB"	2	"00-0038951"	"RB"	"Sean Tucker"	"Sean"	"Tucker"	null	null	null	"Hamstring"	null	"Full Participation in Practice"
2026	"REG"	"REG"	"TB"	2	"00-0039855"	"WR"	"Jalen McMillan"	"Jalen"	"McMillan"	"Knee"	null	"Questionable"	"Knee"	null	"Full Participation in Practice"
2026	"REG"	"REG"	"TB"	2	"00-0040143"	"CB"	"Jacob Parrish"	"Jacob"	"Parrish"	"Back"	null	"Questionable"	"Back"	null	"Full Participation in Practice"
2026	"REG"	"REG"	"TEN"	2	"00-0037758"	"CB"	"Cordale Flott"	"Cordale"	"Flott"	"Quadricep"	null	"Questionable"	"Quadricep"	null	"Did Not Participate In Practice"
2026	"REG"	"REG"	"TEN"	2	"00-0039430"	"LB"	"James Williams"	"James"	"Williams"	"Elbow"	null	"Questionable"	"Elbow"	null	"Limited Participation in Practice"
2026	"REG"	"REG"	"TEN"	2	"00-0039858"	"LB"	"Cedric Gray"	"Cedric"	"Gray"	"Concussion"	null	"Questionable"	"Concussion"	null	"Full Participation in Practice"
2026	"REG"	"REG"	"WAS"	2	"00-0034302"	"LB"	"Frankie Luvu"	"Frank"	"Luvu"	"Groin"	null	"Out"	"Groin"	null	"Did Not Participate In Practice"
2026	"REG"	"REG"	"WAS"	2	"00-0034333"	"DT"	"Daron Payne"	"Daron"	"Payne"	null	null	null	"Knee"	null	"Full Participation in Practice"
2026	"REG"	"REG"	"WAS"	2	"00-0034373"	"LB"	"Dorance Armstrong"	"Dorance"	"Armstrong"	null	null	null	"Knee"	null	"Limited Participation in Practice"
2026	"REG"	"REG"	"WAS"	2	"00-0035279"	"DE"	"Charles Omenihu"	"Charles"	"Omenihu"	null	null	null	"Ankle"	null	"Limited Participation in Practice"
2026	"REG"	"REG"	"WAS"	2	"00-0036260"	"DT"	"Javon Kinlaw"	"Javon"	"Kinlaw"	"Back"	null	"Questionable"	"Back"	null	"Limited Participation in Practice"
2026	"REG"	"REG"	"WAS"	2	"00-0036286"	"LB"	"K'Lavon Chaisson"	"K'Lavon"	"Chaisson"	null	null	null	"Knee"	null	"Limited Participation in Practice"
2026	"REG"	"REG"	"WAS"	2	"00-0036940"	"LB"	"Odafe Oweh"	"Odafe"	"Oweh"	null	null	null	"Calf"	null	"Limited Participation in Practice"
2026	"REG"	"REG"	"WAS"	2	"00-0037092"	"G"	"Chris Paul"	"Chris"	"Paul"	null	null	null	"Ankle"	null	"Full Participation in Practice"
2026	"REG"	"REG"	"WAS"	2	"00-0037809"	"TE"	"Chig Okonkwo"	"Chigoziem"	"Okonkwo"	"Hamstring"	null	"Out"	"Hamstring"	null	"Did Not Participate In Practice"
2026	"REG"	"REG"	"WAS"	2	"00-0039681"	"S"	"Tyler Owens"	"Tyler"	"Owens"	null	null	null	"Ankle"	null	"Full Participation in Practice"
2026	"REG"	"REG"	"WAS"	2	"00-0040164"	"WR"	"Jaylin Lane"	"Joshua"	"Lane"	null	null	null	"Groin"	null	"Limited Participation in Practice"
2026	"REG"	"REG"	"WAS"	2	"00-0041096"	"RB"	"Kaytron Allen"	"Kaytron"	"Allen"	null	null	null	"Ankle"	"Knee"	"Full Participation in Practice"
2026	"REG"	"REG"	"ARI"	3	"00-0032954"	"G"	"Isaac Seumalo"	"Isaac"	"Seumalo"	null	null	null	"Not injury related - resting player"	null	"Full Participation in Practice"
2026	"REG"	"REG"	"ARI"	3	"00-0033119"	"QB"	"Jacoby Brissett"	"Jacoby"	"Brissett"	null	null	null	"Hip"	null	"Full Participation in Practice"
2026	"REG"	"REG"	"ARI"	3	"00-0034381"	"LB"	"Josh Sweat"	"Josh"	"Sweat"	null	null	null	"Not injury related - resting player"	null	"Full Participation in Practice"
2026	"REG"	"REG"	"ARI"	3	"00-0035144"	"LB"	"Mack Wilson"	"Lyndell"	"Wilson"	null	null	null	"Not injury related - resting player"	"Thumb"	"Full Participation in Practice"
2026	"REG"	"REG"	"ARI"	3	"00-0035258"	"C"	"Hjalte Froholdt"	"Hjalte"	"Froholdt"	null	null	null	"Knee"	null	"Full Participation in Practice"
2026	"REG"	"REG"	"ARI"	3	"00-0036568"	"DT"	"Roy Lopez"	"Roy"	"Lopez"	"Groin"	null	"Questionable"	"Groin"	null	"Limited Participation in Practice"
2026	"REG"	"REG"	"ARI"	3	"00-0039007"	"CB"	"Garrett Williams"	"Garrett"	"Williams"	null	null	null	"Achilles"	null	"Full Participation in Practice"
2026	"REG"	"REG"	"ARI"	3	"00-0039807"	"CB"	"Max Melton"	"Malachi"	"Melton"	"Toe"	null	"Questionable"	"Toe"	null	"Limited Participation in Practice"
2026	"REG"	"REG"	"ARI"	3	"00-0039864"	"S"	"Dadrion Taylor-Demerson"	"Dadrion"	"Taylor-Demerson"	"Back"	null	"Out"	"Back"	null	"Did Not Participate In Practice"
2026	"REG"	"REG"	"ATL"	3	"00-0033945"	"DE"	"Samson Ebukam"	"Nnamaka"	"Ebukam"	"Hamstring"	null	"Out"	"Hamstring"	null	"Did Not Participate In Practice"
2026	"REG"	"REG"	"ATL"	3	"00-0035237"	"T"	"Jawaan Taylor"	"Jawaan"	"Taylor"	null	null	null	"Rib"	null	"Full Participation in Practice"
2026	"REG"	"REG"	"ATL"	3	"00-0036204"	"DT"	"LaCale London"	"LaCale"	"London"	null	null	null	"Hip"	null	"Full Participation in Practice"
2026	"REG"	"REG"	"ATL"	3	"00-0036212"	"QB"	"Tua Tagovailoa"	"Tuanigamanuolepola"	"Tagovailoa"	null	null	null	"Oblique"	null	"Full Participation in Practice"
2026	"REG"	"REG"	"ATL"	3	"00-0036285"	"CB"	"A.J. Terrell"	"Aundell"	"Terrell"	null	null	null	"Groin"	null	"Did Not Participate In Practice"
2026	"REG"	"REG"	"ATL"	3	"00-0037317"	"TE"	"Nick Muse"	"Nicholas"	"Muse"	null	null	null	"Shoulder"	null	"Full Participation in Practice"
2026	"REG"	"REG"	"ATL"	3	"00-0037746"	"RB"	"Brian Robinson"	"Brian"	"Robinson"	null	null	null	"Ankle"	null	"Full Participation in Practice"
2026	"REG"	"REG"	"ATL"	3	"00-0039859"	"DT"	"Brandon Dorlus"	"Brandon"	"Dorlus"	null	null	null	"Thumb"	null	"Full Participation in Practice"
2026	"REG"	"REG"	"ATL"	3	"00-0039917"	"QB"	"Michael Penix Jr."	"Michael"	"Penix"	null	null	null	"Knee"	null	"Full Participation in Practice"
2026	"REG"	"REG"	"ATL"	3	"00-0040156"	"CB"	"Billy Bowman Jr."	"Billy"	"Bowman"	"Achilles"	null	"Questionable"	"Achilles"	null	"Full Participation in Practice"
2026	"REG"	"REG"	"BAL"	3	"00-0026190"	"DT"	"Calais Campbell"	"Calais"	"Campbell"	null	null	null	"Not injury related - resting player"	null	"Full Participation in Practice"
2026	"REG"	"REG"	"BAL"	3	"00-0032398"	"WR"	"Chris Moore"	"Christopher"	"Moore"	null	null	null	"Ankle"	null	"Full Participation in Practice"
2026	"REG"	"REG"	"BAL"	3	"00-0032965"	"T"	"Ronnie Stanley"	"Ronnie"	"Stanley"	"Toe"	null	"Out"	"Toe"	null	"Did Not Participate In Practice"
2026	"REG"	"REG"	"BAL"	3	"00-0033935"	"LB"	"Trey Hendrickson"	"Collins"	"Hendrickson"	null	null	null	"Finger"	null	"Full Participation in Practice"
2026	"REG"	"REG"	"BAL"	3	"00-0036130"	"DT"	"Nnamdi Madubuike"	"Justin"	"Madubuike"	null	null	null	"Neck"	null	"Full Participation in Practice"
2026	"REG"	"REG"	"BAL"	3	"00-0036369"	"G"	"John Simpson"	"John"	"Simpson"	null	null	null	"Groin"	null	"Full Participation in Practice"
2026	"REG"	"REG"	"BAL"	3	"00-0039064"	"WR"	"Zay Flowers"	"Xavien"	"Flowers"	"Hamstring"	null	"Questionable"	"Hamstring"	null	"Limited Participation in Practice"
2026	"REG"	"REG"	"BAL"	3	"00-0040069"	"LB"	"Teddye Buchanan"	"Teddye"	"Buchanan"	null	null	null	"Knee"	null	"Full Participation in Practice"
2026	"REG"	"REG"	"BAL"	3	"00-0040688"	"S"	"Malaki Starks"	"William"	"Starks"	null	null	null	"Hamstring"	null	"Full Participation in Practice"
2026	"REG"	"REG"	"BAL"	3	"00-0041494"	"LB"	"Zion Young"	"Zion"	"Young"	null	null	null	"Quadricep"	null	"Full Participation in Practice"
2026	"REG"	"REG"	"BUF"	3	"00-0034827"	"WR"	"DJ Moore"	"Denniston"	"Moore"	"Shoulder"	null	"Questionable"	"Shoulder"	null	"Limited Participation in Practice"
2026	"REG"	"REG"	"BUF"	3	"00-0034832"	"LB"	"Bradley Chubb"	"Bradley"	"Chubb"	null	null	null	"Thumb"	null	"Full Participation in Practice"
2026	"REG"	"REG"	"BUF"	3	"00-0035230"	"DT"	"Ed Oliver"	"Edward"	"Oliver"	"Hip"	null	"Questionable"	"Hip"	null	"Full Participation in Practice"
2026	"REG"	"REG"	"BUF"	3	"00-0035537"	"RB"	"Ty Johnson"	"Ty"	"Johnson"	null	null	null	"Hamstring"	null	"Full Participation in Practice"
2026	"REG"	"REG"	"BUF"	3	"00-0037254"	"LB"	"Terrel Bernard"	"Terrel"	"Bernard"	null	null	null	"Knee"	"Not injury related - resting player"	"Did Not Participate In Practice"
2026	"REG"	"REG"	"BUF"	3	"00-0039763"	"LB"	"Joe Andreessen"	"Joe"	"Andreessen"	null	null	null	"Knee"	null	"Full Participation in Practice"
2026	"REG"	"REG"	"BUF"	3	"00-0039901"	"WR"	"Keon Coleman"	"Keon"	"Coleman"	"Ankle"	null	"Questionable"	"Ankle"	null	"Limited Participation in Practice"
2026	"REG"	"REG"	"BUF"	3	"00-0040192"	"CB"	"Jordan Hancock"	"Jordan"	"Hancock"	"Hamstring"	null	"Out"	"Hamstring"	null	"Did Not Participate In Practice"
2026	"REG"	"REG"	"BUF"	3	"00-0040724"	"DE"	"T.J. Sanders"	"Tanaeri"	"Sanders"	"Illness"	null	"Out"	"Illness"	null	"Did Not Participate In Practice"
2026	"REG"	"REG"	"BUF"	3	"00-0041128"	"G"	"Ar'maj Reed-Adams"	"Ar'maj"	"Reed-Adams"	"Elbow"	null	"Questionable"	"Elbow"	null	"Limited Participation in Practice"
2026	"REG"	"REG"	"CAR"	3	"00-0031610"	"TE"	"Darren Waller"	"Darren"	"Waller"	null	null	null	"Not injury related - resting player"	null	"Full Participation in Practice"
2026	"REG"	"REG"	"CAR"	3	"00-0035669"	"S"	"Nick Scott"	"Nicholas"	"Scott"	"Rib"	null	"Out"	"Rib"	null	"Did Not Participate In Practice"
2026	"REG"	"REG"	"CAR"	3	"00-0036903"	"DT"	"Bobby Brown III"	"Bobby"	"Brown"	null	null	null	"Back"	null	"Full Participation in Practice"
2026	"REG"	"REG"	"CAR"	3	"00-0036934"	"LB"	"Jaelan Phillips"	"Jaelan"	"Phillips"	null	null	null	"Back"	null	"Full Participation in Practice"
2026	"REG"	"REG"	"CAR"	3	"00-0037007"	"LB"	"Patrick Jones II"	"Patrick"	"Jones"	null	null	null	"Back"	null	"Full Participation in Practice"
2026	"REG"	"REG"	"CAR"	3	"00-0037244"	"LB"	"Devin Lloyd"	"Devin"	"Lloyd"	"Calf"	null	"Out"	"Calf"	null	"Did Not Participate In Practice"
2026	"REG"	"REG"	"CAR"	3	"00-0038493"	"LB"	"Claudin Cherelus"	"Claudin"	"Cherelus"	"Shoulder"	null	"Out"	"Shoulder"	null	"Did Not Participate In Practice"
2026	"REG"	"REG"	"CAR"	3	"00-0039342"	"WR"	"Xavier Legette"	"Anthony"	"Legette"	"Knee"	null	"Questionable"	"Knee"	null	"Limited Participation in Practice"
2026	"REG"	"REG"	"CAR"	3	"00-0039491"	"WR"	"Jalen Coker"	"Jalen"	"Coker"	"Ankle"	null	"Questionable"	"Ankle"	null	"Limited Participation in Practice"
2026	"REG"	"REG"	"CHI"	3	"00-0031203"	"K"	"Cairo Santos"	"Cairo"	"Santos"	null	null	null	"Hip"	null	"Full Participation in Practice"
2026	"REG"	"REG"	"CHI"	3	"00-0031583"	"DT"	"Grady Jarrett"	"Grady"	"Jarrett"	null	null	null	"Not injury related - resting player"	null	"Full Participation in Practice"
2026	"REG"	"REG"	"CHI"	3	"00-0032391"	"G"	"Joe Thuney"	"Joseph"	"Thuney"	null	null	null	"Not injury related - resting player"	null	"Full Participation in Practice"
2026	"REG"	"REG"	"CHI"	3	"00-0038390"	"LB"	"Noah Sewell"	"Noah"	"Sewell"	"Achilles"	null	"Out"	"Achilles"	null	"Limited Participation in Practice"
2026	"REG"	"REG"	"CHI"	3	"00-0038416"	"QB"	"Tyson Bagent"	"Tyson"	"Bagent"	"Concussion"	null	"Questionable"	"Concussion"	null	"Full Participation in Practice"
2026	"REG"	"REG"	"CHI"	3	"00-0039071"	"CB"	"Tyrique Stevenson"	"Tyrique"	"Stevenson"	null	null	null	"Hamstring"	null	"Full Participation in Practice"
2026	"REG"	"REG"	"CHI"	3	"00-0039918"	"QB"	"Caleb Williams"	"Caleb"	"Williams"	"Hamstring"	null	"Out"	"Hamstring"	null	"Did Not Participate In Practice"
2026	"REG"	"REG"	"CHI"	3	"00-0040236"	"RB"	"Kyle Monangai"	"Kyle"	"Monangai"	null	null	null	"Knee"	null	"Full Participation in Practice"
2026	"REG"	"REG"	"CHI"	3	"00-0040741"	"DE"	"Shemar Turner"	"Shemar"	"Turner"	"Knee"	null	"Out"	"Knee"	null	"Limited Participation in Practice"
2026	"REG"	"REG"	"CIN"	3	"00-0033523"	"DT"	"Jonathan Allen"	"Jonathan"	"Allen"	null	null	null	"Not injury related - resting player"	"Knee"	"Full Participation in Practice"
2026	"REG"	"REG"	"CIN"	3	"00-0034800"	"DT"	"B.J. Hill"	"Bobby"	"Hill"	"Achilles"	null	"Doubtful"	"Achilles"	null	"Did Not Participate In Practice"
2026	"REG"	"REG"	"CIN"	3	"00-0035683"	"DT"	"Dexter Lawrence"	"Dexter"	"Lawrence"	null	null	null	"Not injury related - resting player"	null	"Did Not Participate In Practice"
2026	"REG"	"REG"	"CIN"	3	"00-0038619"	"WR"	"Andrei Iosivas"	"Andrei"	"Iosivas"	"Thumb"	null	"Out"	"Thumb"	null	"Did Not Participate In Practice"
2026	"REG"	"REG"	"CLE"	3	"00-0035234"	"T"	"Tytus Howard"	"Tytus"	"Howard"	null	null	null	"Knee"	null	"Full Participation in Practice"
2026	"REG"	"REG"	"CLE"	3	"00-0035680"	"LB"	"Quincy Williams"	"Quincy"	"Williams"	null	null	null	"Knee"	null	"Full Participation in Practice"
2026	"REG"	"REG"	"CLE"	3	"00-0036282"	"S"	"Grant Delpit"	"Grant"	"Delpit"	"Shoulder"	null	"Questionable"	"Shoulder"	null	"Limited Participation in Practice"
2026	"REG"	"REG"	"CLE"	3	"00-0036953"	"G"	"Teven Jenkins"	"Teven"	"Jenkins"	"Back"	null	"Out"	"Back"	null	"Did Not Participate In Practice"
2026	"REG"	"REG"	"CLE"	3	"00-0036974"	"CB"	"Tyson Campbell"	"Tyson"	"Campbell"	"Ankle"	"Not injury related - other"	"Questionable"	"Ankle"	"Not injury related - other"	"Limited Participation in Practice"
2026	"REG"	"REG"	"CLE"	3	"00-0040685"	"DT"	"Mason Graham"	"Mason"	"Graham"	null	null	null	"Groin"	null	"Full Participation in Practice"
2026	"REG"	"REG"	"CLE"	3	"00-0040784"	"RB"	"Quinshon Judkins"	"Quinshon"	"Judkins"	null	null	null	"Not injury related - personal matter"	null	"Full Participation in Practice"
2026	"REG"	"REG"	"DAL"	3	"00-0033877"	"S"	"Malik Hooker"	"Malik"	"Hooker"	"Forearm"	null	"Out"	"Forearm"	null	"Did Not Participate In Practice"
2026	"REG"	"REG"	"DAL"	3	"00-0035227"	"S"	"P.J. Locke"	"James"	"Locke"	"Foot"	null	"Out"	"Foot"	null	"Did Not Participate In Practice"
2026	"REG"	"REG"	"DAL"	3	"00-0037310"	"LB"	"James Houston"	"James"	"Houston"	null	null	null	"Shoulder"	null	"Full Participation in Practice"
2026	"REG"	"REG"	"DAL"	3	"00-0037839"	"CB"	"Cobie Durant"	"Decobie"	"Durant"	"Hamstring"	null	"Out"	"Hamstring"	null	"Did Not Participate In Practice"
2026	"REG"	"REG"	"DAL"	3	"00-0038556"	"LB"	"DeMarvion Overshown"	"DeMarvion"	"Overshown"	"Hamstring"	null	"Out"	"Hamstring"	null	"Did Not Participate In Practice"
2026	"REG"	"REG"	"DEN"	3	"00-0036158"	"RB"	"J.K. Dobbins"	"J.K."	"Dobbins"	null	null	null	"Hip"	null	"Full Participation in Practice"
2026	"REG"	"REG"	"DEN"	3	"00-0038976"	"WR"	"Marvin Mims Jr."	"Marvin"	"Mims"	"Foot"	null	"Questionable"	"Foot"	null	"Limited Participation in Practice"
2026	"REG"	"REG"	"DEN"	3	"00-0040730"	"RB"	"RJ Harvey"	"Robert"	"Harvey"	null	null	null	"Hamstring"	null	"Full Participation in Practice"
2026	"REG"	"REG"	"DEN"	3	"00-0041496"	"RB"	"Jonah Coleman"	"Jonah"	"Coleman"	"Ankle"	null	"Out"	"Ankle"	null	"Did Not Participate In Practice"
2026	"REG"	"REG"	"DET"	3	"00-0036272"	"G"	"Ben Bartch"	"Ben"	"Bartch"	"Foot"	null	"Out"	"Foot"	null	"Did Not Participate In Practice"
2026	"REG"	"REG"	"DET"	3	"00-0036624"	"DT"	"Alim McNeill"	"Alim"	"McNeill"	null	null	null	"Not injury related - personal matter"	null	"Full Participation in Practice"
2026	"REG"	"REG"	"DET"	3	"00-0039408"	"G"	"Christian Mahogany"	"Christian"	"Mahogany"	null	null	null	"Hip"	null	"Full Participation in Practice"
2026	"REG"	"REG"	"DET"	3	"00-0039445"	"LS"	"Hogan Hatten"	"Hogan"	"Hatten"	null	null	null	"Wrist"	null	"Full Participation in Practice"
2026	"REG"	"REG"	"DET"	3	"00-0039660"	"S"	"Thomas Harper"	"Thomas"	"Harper"	"Ankle"	null	"Out"	"Ankle"	null	"Did Not Participate In Practice"
2026	"REG"	"REG"	"DET"	3	"00-0040728"	"G"	"Tate Ratledge"	"Tate"	"Ratledge"	null	null	null	"Elbow"	null	"Full Participation in Practice"
2026	"REG"	"REG"	"DET"	3	"00-0040761"	"DE"	"Ahmed Hassanein"	"Ahmed"	"Hassanein"	null	null	null	"Illness"	null	"Full Participation in Practice"
2026	"REG"	"REG"	"DET"	3	"00-0041439"	"T"	"Blake Miller"	"Blake"	"Miller"	null	null	null	"Knee"	null	"Full Participation in Practice"
2026	"REG"	"REG"	"GB"	3	"00-0033109"	"DT"	"Javon Hargrave"	"Javon"	"Hargrave"	"Knee"	"Concussion"	"Questionable"	"Knee"	"Concussion"	"Limited Participation in Practice"
2026	"REG"	"REG"	"GB"	3	"00-0036551"	"G"	"Aaron Banks"	"Aaron"	"Banks"	"Knee"	"Toe"	"Out"	"Knee"	"Toe"	"Did Not Participate In Practice"
2026	"REG"	"REG"	"GB"	3	"00-0036625"	"CB"	"Benjamin St-Juste"	"Benjamin"	"St-Juste"	null	null	null	"Hamstring"	null	"Full Participation in Practice"
2026	"REG"	"REG"	"GB"	3	"00-0037091"	"WR"	"Bo Melton"	"Miles"	"Melton"	null	null	null	"Neck"	null	"Full Participation in Practice"
2026	"REG"	"REG"	"GB"	3	"00-0037817"	"T"	"Zach Bako-Bewele"	"Zach"	"Bako-Bewele"	"Knee"	null	"Out"	"Knee"	null	"Did Not Participate In Practice"
2026	"REG"	"REG"	"GB"	3	"00-0039146"	"WR"	"Jayden Reed"	"Jayden"	"Reed"	"Neck"	null	"Out"	"Neck"	null	"Did Not Participate In Practice"
2026	"REG"	"REG"	"GB"	3	"00-0039272"	"G"	"Donovan Jennings"	"Donovan"	"Jennings"	null	null	null	"Hand"	null	"Limited Participation in Practice"
2026	"REG"	"REG"	"GB"	3	"00-0039850"	"LB"	"Edgerrin Cooper"	"Edgerrin"	"Cooper"	null	null	null	"Shoulder"	null	"Limited Participation in Practice"
2026	"REG"	"REG"	"GB"	3	"00-0040016"	"DT"	"Warren Brinson"	"Warren"	"Brinson"	"Calf"	null	"Out"	"Calf"	null	"Did Not Participate In Practice"
2026	"REG"	"REG"	"GB"	3	"00-0040689"	"DT"	"Anthony Campbell"	"Anthony"	"Campbell"	"Ankle"	null	"Questionable"	"Ankle"	null	"Limited Participation in Practice"
2026	"REG"	"REG"	"GB"	3	"00-0040726"	"T"	"Anthony Belton"	"Anthony"	"Belton"	null	null	null	"Elbow"	null	"Full Participation in Practice"
2026	"REG"	"REG"	"GB"	3	"00-0041470"	"CB"	"Brandon Cisse"	"Brandon"	"Cisse"	null	null	null	"Teeth"	null	"Full Participation in Practice"
2026	"REG"	"REG"	"HOU"	3	"00-0031364"	"DE"	"Jadeveon Clowney"	"Jadeveon"	"Clowney"	"Knee"	null	"Out"	"Knee"	null	"Did Not Participate In Practice"
2026	"REG"	"REG"	"HOU"	3	"00-0032071"	"T"	"Trent Brown"	"Trenton"	"Brown"	"Knee"	"Wrist"	"Questionable"	"Knee"	"Wrist"	"Full Participation in Practice"
2026	"REG"	"REG"	"HOU"	3	"00-0034355"	"S"	"M.J. Stewart"	"Marvin"	"Stewart"	"Knee"	null	"Out"	"Knee"	null	"Limited Participation in Practice"
2026	"REG"	"REG"	"HOU"	3	"00-0034383"	"TE"	"Dalton Schultz"	"Dalton"	"Schultz"	null	null	null	"Not injury related - resting player"	null	"Did Not Participate In Practice"
2026	"REG"	"REG"	"HOU"	3	"00-0036554"	"WR"	"Nico Collins"	"Nico"	"Collins"	"Hamstring"	null	"Out"	"Hamstring"	null	"Did Not Participate In Practice"
2026	"REG"	"REG"	"HOU"	3	"00-0037130"	"S"	"Reed Blankenship"	"Reed"	"Blankenship"	null	null	null	"Thumb"	null	"Full Participation in Practice"
2026	"REG"	"REG"	"HOU"	3	"00-0037633"	"LB"	"Jacob Hummel"	"Jacob"	"Hummel"	"Groin"	null	"Out"	"Groin"	null	"Did Not Participate In Practice"
2026	"REG"	"REG"	"HOU"	3	"00-0038127"	"DE"	"Logan Hall"	"Logan"	"Hall"	null	null	null	"Knee"	null	"Did Not Participate In Practice"
2026	"REG"	"REG"	"HOU"	3	"00-0038131"	"G"	"Ed Ingram"	"Edward"	"Ingram"	"Groin"	null	"Out"	"Groin"	null	"Did Not Participate In Practice"
2026	"REG"	"REG"	"HOU"	3	"00-0039108"	"DE"	"Will Anderson Jr."	"William"	"Anderson"	null	null	null	"Not injury related - resting player"	null	"Limited Participation in Practice"
2026	"REG"	"REG"	"HOU"	3	"00-0041465"	"LB"	"Wade Woodaz"	"Wade"	"Woodaz"	null	null	null	"Thumb"	null	"Full Participation in Practice"
2026	"REG"	"REG"	"IND"	3	"00-0030279"	"WR"	"Keenan Allen"	"Keenan"	"Allen"	null	null	null	"Not injury related - resting player"	null	"Full Participation in Practice"
2026	"REG"	"REG"	"IND"	3	"00-0032378"	"DT"	"DeForest Buckner"	"DeForest"	"Buckner"	null	null	null	"Not injury related - resting player"	null	"Did Not Participate In Practice"
2026	"REG"	"REG"	"IND"	3	"00-0032951"	"WR"	"Laquon Treadwell"	"Laquon"	"Treadwell"	null	null	null	"Shoulder"	null	"Full Participation in Practice"
2026	"REG"	"REG"	"IND"	3	"00-0033952"	"DT"	"Grover Stewart"	"Grover"	"Stewart"	null	null	null	"Not injury related - resting player"	null	"Full Participation in Practice"
2026	"REG"	"REG"	"IND"	3	"00-0034573"	"CB"	"Charvarius Ward"	"Charvarius"	"Ward"	"Groin"	null	"Questionable"	"Groin"	null	"Full Participation in Practice"
2026	"REG"	"REG"	"IND"	3	"00-0035021"	"WR"	"Ashton Dulin"	"Ashton"	"Dulin"	"Ankle"	null	"Out"	"Ankle"	null	"Did Not Participate In Practice"
2026	"REG"	"REG"	"IND"	3	"00-0036223"	"RB"	"Jonathan Taylor"	"Jonathan"	"Taylor"	null	null	null	"Not injury related - resting player"	null	"Full Participation in Practice"
2026	"REG"	"REG"	"IND"	3	"00-0037190"	"CB"	"Sauce Gardner"	"Ahmad"	"Gardner"	null	null	null	"Rib"	null	"Full Participation in Practice"
2026	"REG"	"REG"	"IND"	3	"00-0037664"	"WR"	"Alec Pierce"	"Alec"	"Pierce"	"Heel"	null	"Out"	"Heel"	null	"Did Not Participate In Practice"
2026	"REG"	"REG"	"IND"	3	"00-0039736"	"G"	"Matt Goncalves"	"Matthew"	"Goncalves"	null	null	null	"Foot"	null	"Full Participation in Practice"
2026	"REG"	"REG"	"JAX"	3	"00-0034960"	"WR"	"Jakobi Meyers"	"Jakobi"	"Meyers"	null	null	null	"Thumb"	null	"Full Participation in Practice"
2026	"REG"	"REG"	"JAX"	3	"00-0036262"	"DT"	"DaVon Hamilton"	"DaVon"	"Hamilton"	null	null	null	"Back"	null	"Limited Participation in Practice"
2026	"REG"	"REG"	"JAX"	3	"00-0036655"	"T"	"Cole Van Lanen"	"Cole"	"Van Lanen"	null	null	null	"Knee"	null	"Full Participation in Practice"
2026	"REG"	"REG"	"JAX"	3	"00-0036985"	"C"	"Robert Hainsey"	"Robert"	"Hainsey"	null	null	null	"Elbow"	"Groin"	"Full Participation in Practice"
2026	"REG"	"REG"	"JAX"	3	"00-0038616"	"CB"	"Christian Braswell"	"Christian"	"Braswell"	null	null	null	"Knee"	null	"Full Participation in Practice"
2026	"REG"	"REG"	"JAX"	3	"00-0040238"	"RB"	"LeQuint Allen Jr."	"LeQuint"	"Allen"	null	null	null	"Hip"	null	"Limited Participation in Practice"
2026	"REG"	"REG"	"JAX"	3	"00-0040326"	"LB"	"Branson Combs"	"Branson"	"Combs"	null	null	null	"Not injury related - personal matter"	null	"Full Participation in Practice"
2026	"REG"	"REG"	"JAX"	3	"00-0041045"	"DT"	"Albert Regis"	"Albert"	"Regis"	"Elbow"	null	"Doubtful"	"Elbow"	null	"Limited Participation in Practice"
2026	"REG"	"REG"	"KC"	3	"00-0032762"	"DT"	"Chris Jones"	"Christopher"	"Jones"	null	null	null	"Calf"	null	"Limited Participation in Practice"
2026	"REG"	"REG"	"KC"	3	"00-0033873"	"QB"	"Patrick Mahomes"	"Patrick"	"Mahomes"	null	null	null	"Knee"	null	"Full Participation in Practice"
2026	"REG"	"REG"	"KC"	3	"00-0036374"	"CB"	"L'Jarius Sneed"	"L'Jarius"	"Sneed"	null	null	null	"Knee"	null	"Limited Participation in Practice"
2026	"REG"	"REG"	"KC"	3	"00-0037208"	"LB"	"Jack Cochrane"	"Jack"	"Cochrane"	null	null	null	"Calf"	null	"Full Participation in Practice"
2026	"REG"	"REG"	"KC"	3	"00-0038982"	"S"	"Chamarri Conner"	"Chamarri"	"Conner"	"Knee"	null	"Doubtful"	"Knee"	null	"Limited Participation in Practice"
2026	"REG"	"REG"	"KC"	3	"00-0039006"	"DE"	"Felix Anudike-Uzomah"	"Felix"	"Anudike-Uzomah"	null	null	null	"Quadricep"	null	"Full Participation in Practice"
2026	"REG"	"REG"	"KC"	3	"00-0039067"	"WR"	"Rashee Rice"	"Rashee"	"Rice"	null	null	null	"Knee"	null	"Full Participation in Practice"
2026	"REG"	"REG"	"KC"	3	"00-0039825"	"S"	"Jaden Hicks"	"Jaden"	"Hicks"	null	null	null	"Biceps"	null	"Full Participation in Practice"
2026	"REG"	"REG"	"KC"	3	"00-0040072"	"LB"	"Jeffrey Bassa"	"Jeffrey"	"Bassa"	null	null	null	"Shoulder"	null	"Full Participation in Practice"
2026	"REG"	"REG"	"KC"	3	"00-0040116"	"T"	"Josh Simmons"	"Josh"	"Simmons"	"Back"	null	"Out"	"Back"	null	"Did Not Participate In Practice"
2026	"REG"	"REG"	"KC"	3	"00-0041497"	"CB"	"Jadon Canady"	"Jadon"	"Canady"	null	null	null	"Knee"	null	"Full Participation in Practice"
2026	"REG"	"REG"	"KC"	3	"00-0041543"	"CB"	"Mansoor Delane"	"Mansoor"	"Delane"	null	null	null	"Shoulder"	null	"Full Participation in Practice"
2026	"REG"	"REG"	"LA"	3	"00-0031388"	"DT"	"Aaron Donald"	"Aaron"	"Donald"	null	null	null	"Not injury related - resting player"	null	"Did Not Participate In Practice"
2026	"REG"	"REG"	"LA"	3	"00-0036244"	"TE"	"Colby Parkinson"	"Colby"	"Parkinson"	"Knee"	null	"Questionable"	"Knee"	null	"Did Not Participate In Practice"
2026	"REG"	"REG"	"LA"	3	"00-0036603"	"T"	"Alaric Jackson"	"Alaric"	"Jackson"	null	null	null	"Knee"	null	"Full Participation in Practice"
2026	"REG"	"REG"	"LA"	3	"00-0037587"	"LB"	"Nate Landman"	"Nate"	"Landman"	null	null	null	"Shoulder"	null	"Limited Participation in Practice"
2026	"REG"	"REG"	"LA"	3	"00-0037841"	"S"	"Quentin Lake"	"Quentin"	"Lake"	null	null	null	"Shoulder"	null	"Full Participation in Practice"
2026	"REG"	"REG"	"LA"	3	"00-0039075"	"WR"	"Puka Nacua"	"Puka"	"Nacua"	"Hip"	null	"Doubtful"	"Hip"	null	"Did Not Participate In Practice"
2026	"REG"	"REG"	"LA"	3	"00-0039137"	"LB"	"Byron Young"	"Byron"	"Young"	null	null	null	"Not injury related - resting player"	null	"Did Not Participate In Practice"
2026	"REG"	"REG"	"LA"	3	"00-0039751"	"WR"	"Jordan Whittington"	"Jordan"	"Whittington"	null	null	null	"Quadricep"	null	"Full Participation in Practice"
2026	"REG"	"REG"	"LA"	3	"00-0039834"	"S"	"Kamren Kinchens"	"Kamren"	"Kinchens"	"Hamstring"	null	"Doubtful"	"Hamstring"	null	"Did Not Participate In Practice"
2026	"REG"	"REG"	"LA"	3	"00-0040737"	"TE"	"Terrance Ferguson"	"Terrance"	"Ferguson"	null	null	null	"Ankle"	null	"Full Participation in Practice"
2026	"REG"	"REG"	"LAC"	3	"00-0031040"	"DE"	"Khalil Mack"	"Khalil"	"Mack"	null	null	null	"Not injury related - resting player"	null	"Full Participation in Practice"
2026	"REG"	"REG"	"LAC"	3	"00-0033546"	"DT"	"Dalvin Tomlinson"	"Dalvin"	"Tomlinson"	"Hamstring"	null	"Out"	"Hamstring"	null	"Did Not Participate In Practice"
2026	"REG"	"REG"	"LAC"	3	"00-0034790"	"S"	"Derwin James"	"Derwin"	"James"	null	null	null	"Finger"	"Not injury related - resting player"	"Full Participation in Practice"
2026	"REG"	"REG"	"LAC"	3	"00-0035688"	"T"	"Trey Pipkins"	"Trey"	"Pipkins"	"Knee"	null	"Out"	"Knee"	null	"Did Not Participate In Practice"
2026	"REG"	"REG"	"LAC"	3	"00-0036736"	"G"	"Kayode Awosika"	"Kayode"	"Awosika"	"Fibula"	null	"Out"	"Fibula"	null	"Did Not Participate In Practice"
2026	"REG"	"REG"	"LAC"	3	"00-0036992"	"S"	"Elijah Molden"	"Elijah"	"Molden"	"Hamstring"	null	"Out"	"Hamstring"	null	"Did Not Participate In Practice"
2026	"REG"	"REG"	"LAC"	3	"00-0037009"	"T"	"Rashawn Slater"	"Rashawn"	"Slater"	null	null	null	"Groin"	null	"Full Participation in Practice"
2026	"REG"	"REG"	"LAC"	3	"00-0037012"	"QB"	"Trey Lance"	"Trey"	"Lance"	"Groin"	null	"Questionable"	"Groin"	null	"Limited Participation in Practice"
2026	"REG"	"REG"	"LAC"	3	"00-0037320"	"CB"	"Deane Leonard"	"Deane"	"Leonard"	null	null	null	"Abdomen"	null	"Full Participation in Practice"
2026	"REG"	"REG"	"LAC"	3	"00-0038046"	"TE"	"Charlie Kolar"	"Charlie"	"Kolar"	"Forearm"	null	"Out"	"Forearm"	null	"Did Not Participate In Practice"
2026	"REG"	"REG"	"LAC"	3	"00-0038103"	"G"	"Cole Strange"	"Devin"	"Strange"	null	null	null	"Pectoral"	null	"Full Participation in Practice"
2026	"REG"	"REG"	"LAC"	3	"00-0039111"	"DE"	"Tuli Tuipulotu"	"Tuli"	"Tuipulotu"	null	null	null	"Hamstring"	null	"Full Participation in Practice"
2026	"REG"	"REG"	"LAC"	3	"00-0039915"	"WR"	"Ladd McConkey"	"Andrew"	"McConkey"	null	null	null	"Rib"	null	"Full Participation in Practice"
2026	"REG"	"REG"	"LAC"	3	"00-0041381"	"CB"	"Rodney Shelley"	"Rodney"	"Shelley"	"Hamstring"	null	"Questionable"	"Hamstring"	null	"Limited Participation in Practice"
2026	"REG"	"REG"	"LAC"	3	"00-0041550"	"WR"	"Brenen Thompson"	"Brenen"	"Thompson"	"Quadricep"	null	"Out"	"Quadricep"	null	"Did Not Participate In Practice"
2026	"REG"	"REG"	"LV"	3	"00-0034275"	"DT"	"Foley Fatukasi"	"Folorunso"	"Fatukasi"	null	null	null	"Shoulder"	null	"Full Participation in Practice"
2026	"REG"	"REG"	"LV"	3	"00-0036479"	"DE"	"Kwity Paye"	"Kwity"	"Paye"	"Illness"	null	"Questionable"	"Illness"	null	"Limited Participation in Practice"
2026	"REG"	"REG"	"LV"	3	"00-0037093"	"WR"	"Dareke Young"	"Dareke"	"Young"	null	null	null	"Hamstring"	null	"Full Participation in Practice"
2026	"REG"	"REG"	"LV"	3	"00-0037527"	"LB"	"Segun Olubi"	"Segun"	"Olubi"	null	null	null	"Knee"	null	"Full Participation in Practice"
2026	"REG"	"REG"	"LV"	3	"00-0037615"	"LB"	"Nakobe Dean"	"Nakobe"	"Dean"	null	null	null	"Shoulder"	null	"Full Participation in Practice"
2026	"REG"	"REG"	"LV"	3	"00-0038579"	"QB"	"Aidan O'Connell"	"Aidan"	"O'Connell"	"Not injury related - personal matter"	null	"Questionable"	"Not injury related - personal matter"	null	"Did Not Participate In Practice"
2026	"REG"	"REG"	"LV"	3	"00-0039338"	"TE"	"Brock Bowers"	"Brock"	"Bowers"	"Knee"	null	"Questionable"	"Knee"	null	"Did Not Participate In Practice"
2026	"REG"	"REG"	"LV"	3	"00-0040199"	"DT"	"JJ Pegues"	"Jeremiah"	"Pegues"	null	null	null	"Back"	null	"Full Participation in Practice"
2026	"REG"	"REG"	"LV"	3	"00-0040641"	"CB"	"Darien Porter"	"Darien"	"Porter"	null	null	null	"Foot"	null	"Full Participation in Practice"
2026	"REG"	"REG"	"LV"	3	"00-0040868"	"S"	"Treydan Stukes"	"Treydan"	"Stukes"	"Concussion"	null	"Out"	"Concussion"	null	"Did Not Participate In Practice"
2026	"REG"	"REG"	"MIA"	3	"00-0037686"	"LS"	"Tucker Addington"	"Tucker"	"Addington"	null	null	null	"Shoulder"	null	"Limited Participation in Practice"
2026	"REG"	"REG"	"MIA"	3	"00-0038603"	"DE"	"Rob Beal Jr."	"Robert"	"Beal"	"Hamstring"	null	"Out"	"Hamstring"	null	"Did Not Participate In Practice"
2026	"REG"	"REG"	"MIA"	3	"00-0038824"	"WR"	"Ryan Miller"	"Ryan"	"Miller"	"Hip"	"Back"	"Questionable"	"Hip"	"Back"	"Full Participation in Practice"
2026	"REG"	"REG"	"MIA"	3	"00-0039156"	"CB"	"Julius Brents"	"Julius"	"Brents"	"Knee"	null	"Questionable"	"Knee"	null	"Full Participation in Practice"
2026	"REG"	"REG"	"MIA"	3	"00-0039874"	"RB"	"Jaylen Wright"	"Jaylen"	"Wright"	"Stinger"	"Foot"	"Doubtful"	"Stinger"	"Foot"	"Did Not Participate In Practice"
2026	"REG"	"REG"	"MIA"	3	"00-0039911"	"LB"	"Chop Robinson"	"Demeioun"	"Robinson"	null	null	null	"Concussion"	null	"Full Participation in Practice"
2026	"REG"	"REG"	"MIA"	3	"00-0041523"	"WR"	"Caleb Douglas"	"Caleb"	"Douglas"	"Ankle"	null	"Out"	"Ankle"	null	"Did Not Participate In Practice"
2026	"REG"	"REG"	"MIA"	3	"00-0041525"	"WR"	"Chris Bell"	"Christopher"	"Bell"	null	null	null	"Knee"	null	"Full Participation in Practice"
2026	"REG"	"REG"	"MIA"	3	"00-0041533"	"CB"	"Chris Johnson"	"Anthony"	"Johnson"	null	null	null	"Shoulder"	null	"Full Participation in Practice"
2026	"REG"	"REG"	"MIA"	3	"00-0041579"	"TE"	"Seydou Traore"	"Seydou"	"Traore"	null	null	null	"Thumb"	null	"Full Participation in Practice"
2026	"REG"	"REG"	"MIN"	3	"00-0029606"	"S"	"Harrison Smith"	"Harrison"	"Smith"	null	null	null	"Not injury related - resting player"	null	"Limited Participation in Practice"
2026	"REG"	"REG"	"MIN"	3	"00-0033293"	"RB"	"Aaron Jones"	"Aaron"	"Jones"	null	null	null	"Knee"	null	"Full Participation in Practice"
2026	"REG"	"REG"	"MIN"	3	"00-0034158"	"T"	"Brian O'Neill"	"Brian"	"O'Neill"	null	null	null	"Knee"	null	"Full Participation in Practice"
2026	"REG"	"REG"	"MIN"	3	"00-0036425"	"RB"	"DeeJay Dallas"	"DeeJay"	"Dallas"	null	null	null	"Toe"	null	"Full Participation in Practice"
2026	"REG"	"REG"	"MIN"	3	"00-0036616"	"T"	"Christian Darrisaw"	"Christian"	"Darrisaw"	null	null	null	"Not injury related - resting player"	null	"Did Not Participate In Practice"
2026	"REG"	"REG"	"MIN"	3	"00-0038778"	"DE"	"Jalen Redmond"	"Jalen"	"Redmond"	null	null	null	"Elbow"	null	"Full Participation in Practice"
2026	"REG"	"REG"	"MIN"	3	"00-0039237"	"C"	"Nick Samac"	"Nick"	"Samac"	"Knee"	null	"Out"	"Knee"	null	"Did Not Participate In Practice"
2026	"REG"	"REG"	"MIN"	3	"00-0040173"	"DE"	"Tyrion Ingram-Dawkins"	"Tyrion"	"Ingram-Dawkins"	null	null	null	"Oblique"	null	"Full Participation in Practice"
2026	"REG"	"REG"	"MIN"	3	"00-0041495"	"LB"	"Jake Golday"	"Jake"	"Golday"	null	null	null	"Ankle"	null	"Full Participation in Practice"
2026	"REG"	"REG"	"MIN"	3	"00-0041581"	"P"	"Brett Thorson"	"Brett"	"Thorson"	"Hamstring"	null	"Out"	"Hamstring"	null	"Did Not Participate In Practice"
2026	"REG"	"REG"	"NE"	3	"00-0031054"	"DT"	"DaQuan Jones"	"DaQuan"	"Jones"	null	null	null	"Not injury related - personal matter"	null	"Full Participation in Practice"
2026	"REG"	"REG"	"NE"	3	"00-0031330"	"T"	"Morgan Moses"	"Morgan"	"Moses"	null	null	null	"Foot"	null	"Limited Participation in Practice"
2026	"REG"	"REG"	"NE"	3	"00-0034778"	"CB"	"Carlton Davis III"	"Carlton"	"Davis"	null	null	null	"Neck"	null	"Full Participation in Practice"
2026	"REG"	"REG"	"NE"	3	"00-0035678"	"LB"	"Dre'Mont Jones"	"Dre'Mont"	"Jones"	"Shoulder"	null	"Out"	"Shoulder"	null	"Did Not Participate In Practice"
2026	"REG"	"REG"	"NE"	3	"00-0036187"	"FB"	"Reggie Gilliam"	"Reggie"	"Gilliam"	null	null	null	"Knee"	null	"Limited Participation in Practice"
2026	"REG"	"REG"	"NE"	3	"00-0037205"	"S"	"Brenden Schooler"	"Brenden"	"Schooler"	"Back"	null	"Out"	"Back"	null	"Limited Participation in Practice"
2026	"REG"	"REG"	"NE"	3	"00-0040716"	"S"	"Craig Woodson"	"Craig"	"Woodson"	"Shoulder"	null	"Questionable"	"Shoulder"	null	"Limited Participation in Practice"
2026	"REG"	"REG"	"NE"	3	"00-0041103"	"T"	"Dametrious Crownover"	"Dametrious"	"Crownover"	null	null	null	"Knee"	null	"Full Participation in Practice"
2026	"REG"	"REG"	"NE"	3	"00-0041395"	"TE"	"Eli Raridon"	"Elijah"	"Raridon"	"Thigh"	null	"Questionable"	"Thigh"	null	"Did Not Participate In Practice"
2026	"REG"	"REG"	"NE"	3	"00-0041402"	"LB"	"Quintayvious Hutchins"	"Quintayvious"	"Hutchins"	"Knee"	null	"Out"	"Knee"	null	"Did Not Participate In Practice"
2026	"REG"	"REG"	"NO"	3	"00-0033860"	"DT"	"Davon Godchaux"	"Davon"	"Godchaux"	null	null	null	"Not injury related - resting player"	null	"Full Participation in Practice"
2026	"REG"	"REG"	"NO"	3	"00-0034760"	"DT"	"Nathan Shepherd"	"Nathan"	"Shepherd"	null	null	null	"Hip"	null	"Limited Participation in Practice"
2026	"REG"	"REG"	"NO"	3	"00-0036321"	"LB"	"Chase Young"	"Chase"	"Young"	null	null	null	"Calf"	null	"Full Participation in Practice"
2026	"REG"	"REG"	"NO"	3	"00-0036973"	"RB"	"Travis Etienne"	"Travis"	"Etienne"	null	null	null	"Hamstring"	null	"Full Participation in Practice"
2026	"REG"	"REG"	"NO"	3	"00-0037250"	"CB"	"Martin Emerson"	"Martin"	"Emerson"	"Shoulder"	null	"Questionable"	"Shoulder"	null	"Limited Participation in Practice"
2026	"REG"	"REG"	"NO"	3	"00-0038551"	"RB"	"Kendre Miller"	"Kendre"	"Miller"	null	null	null	"Illness"	null	"Full Participation in Practice"
2026	"REG"	"REG"	"NO"	3	"00-0039622"	"LB"	"Isaiah Stalbird"	"Isaiah"	"Stalbird"	null	null	null	"Shoulder"	null	"Full Participation in Practice"
2026	"REG"	"REG"	"NO"	3	"00-0040643"	"S"	"Jonas Sanker"	"Jonas"	"Sanker"	null	null	null	"Knee"	null	"Full Participation in Practice"
2026	"REG"	"REG"	"NO"	3	"00-0041099"	"WR"	"Barion Brown"	"Barion"	"Brown"	"Hamstring"	null	"Out"	"Hamstring"	null	"Did Not Participate In Practice"
2026	"REG"	"REG"	"NO"	3	"00-0041390"	"DT"	"Christen Miller"	"Christen"	"Miller"	"Toe"	null	"Out"	"Toe"	null	"Did Not Participate In Practice"
2026	"REG"	"REG"	"NYG"	3	"00-0031270"	"DT"	"Shelby Harris"	"Shelby"	"Harris"	null	null	null	"Toe"	null	"Full Participation in Practice"
2026	"REG"	"REG"	"NYG"	3	"00-0033290"	"T"	"Jermaine Eluemunor"	"Jermaine"	"Eluemunor"	null	null	null	"Thigh"	null	"Full Participation in Practice"
2026	"REG"	"REG"	"NYG"	3	"00-0035713"	"LB"	"Brian Burns"	"Brian"	"Burns"	"Ankle"	null	"Questionable"	"Ankle"	null	"Did Not Participate In Practice"
2026	"REG"	"REG"	"NYG"	3	"00-0036386"	"T"	"Andrew Thomas"	"Andrew"	"Thomas"	null	null	null	"Groin"	null	"Limited Participation in Practice"
2026	"REG"	"REG"	"NYG"	3	"00-0036996"	"CB"	"Greg Newsome II"	"Greg"	"Newsome"	null	null	null	"Rib"	null	"Full Participation in Practice"
2026	"REG"	"REG"	"NYG"	3	"00-0037259"	"LB"	"Micah McFadden"	"Micah"	"McFadden"	null	null	null	"Neck"	null	"Full Participation in Practice"
2026	"REG"	"REG"	"NYG"	3	"00-0038986"	"CB"	"Nic Jones"	"Nic"	"Jones"	null	null	null	"Shoulder"	null	"Full Participation in Practice"
2026	"REG"	"REG"	"NYG"	3	"00-0039000"	"CB"	"Deonte Banks"	"Deonte"	"Banks"	"Calf"	null	"Questionable"	"Calf"	null	"Limited Participation in Practice"
2026	"REG"	"REG"	"NYG"	3	"00-0039337"	"WR"	"Malik Nabers"	"Malik"	"Nabers"	null	null	null	"Shoulder"	null	"Full Participation in Practice"
2026	"REG"	"REG"	"NYG"	3	"00-0039861"	"S"	"Tyler Nubin"	"Tyler"	"Nubin"	"Calf"	null	"Questionable"	"Calf"	null	"Limited Participation in Practice"
2026	"REG"	"REG"	"NYG"	3	"00-0040691"	"QB"	"Jaxson Dart"	"Jaxson"	"Dart"	null	null	null	"Knee"	null	"Did Not Participate In Practice"
2026	"REG"	"REG"	"NYG"	3	"00-0041505"	"T"	"Francis Mauigoa"	"Francis"	"Mauigoa"	null	null	null	"Neck"	null	"Full Participation in Practice"
2026	"REG"	"REG"	"NYJ"	3	"00-0034789"	"S"	"Minkah Fitzpatrick"	"Minkah"	"Fitzpatrick"	"Groin"	null	"Out"	"Groin"	null	"Did Not Participate In Practice"
2026	"REG"	"REG"	"NYJ"	3	"00-0036842"	"RB"	"Kene Nwangwu"	"Kene"	"Nwangwu"	"Back"	null	"Doubtful"	"Back"	null	"Did Not Participate In Practice"
2026	"REG"	"REG"	"NYJ"	3	"00-0036902"	"DE"	"Joseph Ossai"	"Joseph"	"Ossai"	"Foot"	null	"Questionable"	"Foot"	null	"Full Participation in Practice"
2026	"REG"	"REG"	"NYJ"	3	"00-0039890"	"WR"	"Adonai Mitchell"	"Adonai"	"Mitchell"	"Finger"	null	"Questionable"	"Finger"	null	"Limited Participation in Practice"
2026	"REG"	"REG"	"NYJ"	3	"00-0040186"	"LB"	"Francisco Mauigoa"	"Francisco"	"Mauigoa"	"Quadricep"	null	"Out"	"Quadricep"	null	"Did Not Participate In Practice"
2026	"REG"	"REG"	"NYJ"	3	"00-0040736"	"TE"	"Mason Taylor"	"Mason"	"Taylor"	"Thumb"	null	"Out"	"Thumb"	null	"Did Not Participate In Practice"
2026	"REG"	"REG"	"NYJ"	3	"00-0041026"	"DE"	"David Bailey"	"David"	"Bailey"	null	null	null	"Elbow"	null	"Full Participation in Practice"
2026	"REG"	"REG"	"PHI"	3	"00-0034351"	"TE"	"Dallas Goedert"	"Dallas"	"Goedert"	"Knee"	null	"Out"	"Knee"	null	"Did Not Participate In Practice"
2026	"REG"	"REG"	"PHI"	3	"00-0034844"	"RB"	"Saquon Barkley"	"Saquon"	"Barkley"	null	null	null	"Neck"	null	"Full Participation in Practice"
2026	"REG"	"REG"	"PHI"	3	"00-0034951"	"T"	"Fred Johnson"	"Fred"	"Johnson"	"Knee"	null	"Out"	"Knee"	null	"Did Not Participate In Practice"
2026	"REG"	"REG"	"PHI"	3	"00-0035662"	"WR"	"Marquise Brown"	"Marquise"	"Brown"	"Ankle"	null	"Out"	"Ankle"	null	"Did Not Participate In Practice"
2026	"REG"	"REG"	"PHI"	3	"00-0036224"	"LB"	"Jonathan Greenard"	"Jonathan"	"Greenard"	"Pectoral"	null	"Questionable"	"Pectoral"	null	"Full Participation in Practice"
2026	"REG"	"REG"	"PHI"	3	"00-0036912"	"WR"	"DeVonta Smith"	"DeVonta"	"Smith"	null	null	null	"Hamstring"	null	"Full Participation in Practice"
2026	"REG"	"REG"	"PHI"	3	"00-0038386"	"DT"	"Jalen Carter"	"Jalen"	"Carter"	null	null	null	"Wrist"	null	"Full Participation in Practice"
2026	"REG"	"REG"	"PHI"	3	"00-0038555"	"RB"	"Tank Bigsby"	"Cantavious"	"Bigsby"	null	null	null	"Abdomen"	null	"Full Participation in Practice"
2026	"REG"	"REG"	"PHI"	3	"00-0039001"	"G"	"Tyler Steen"	"Tyler"	"Steen"	null	null	null	"Shoulder"	null	"Full Participation in Practice"
2026	"REG"	"REG"	"PHI"	3	"00-0039746"	"RB"	"Will Shipley"	"William"	"Shipley"	null	null	null	"Foot"	null	"Limited Participation in Practice"
2026	"REG"	"REG"	"PHI"	3	"00-0040749"	"S"	"Andrew Mukuba"	"Andrew"	"Mukuba"	null	null	null	"Knee"	null	"Full Participation in Practice"
2026	"REG"	"REG"	"PIT"	3	"00-0033055"	"CB"	"Jalen Ramsey"	"Jalen"	"Ramsey"	null	null	null	"Not injury related - resting player"	null	"Full Participation in Practice"
2026	"REG"	"REG"	"PIT"	3	"00-0035286"	"LB"	"Cole Holcomb"	"Cole"	"Holcomb"	null	null	null	"Not injury related - personal matter"	null	"Full Participation in Practice"
2026	"REG"	"REG"	"PIT"	3	"00-0035699"	"CB"	"Jamel Dean"	"Jamel"	"Dean"	"Ankle"	null	"Questionable"	"Ankle"	null	"Limited Participation in Practice"
2026	"REG"	"REG"	"PIT"	3	"00-0036139"	"RB"	"Rico Dowdle"	"Rico"	"Dowdle"	"Toe"	null	"Out"	"Toe"	null	"Did Not Participate In Practice"
2026	"REG"	"REG"	"PIT"	3	"00-0036252"	"WR"	"Michael Pittman"	"Michael"	"Pittman"	"Foot"	null	"Questionable"	"Foot"	null	"Limited Participation in Practice"
2026	"REG"	"REG"	"PIT"	3	"00-0037228"	"RB"	"Jaylen Warren"	"Derrell"	"Warren"	"Shoulder"	null	"Questionable"	"Shoulder"	null	"Limited Participation in Practice"
2026	"REG"	"REG"	"PIT"	3	"00-0039167"	"CB"	"Joey Porter Jr."	"Joey"	"Porter"	"Not injury related - other"	null	"Questionable"	"Not injury related - other"	null	"Limited Participation in Practice"
2026	"REG"	"REG"	"PIT"	3	"00-0041396"	"G"	"Gennings Dunker"	"Gennings"	"Dunker"	"Knee"	null	"Out"	"Knee"	null	"Did Not Participate In Practice"
2026	"REG"	"REG"	"SEA"	3	"00-0033908"	"WR"	"Cooper Kupp"	"Cooper"	"Kupp"	null	null	null	"Back"	null	"Limited Participation in Practice"
2026	"REG"	"REG"	"SEA"	3	"00-0034869"	"QB"	"Sam Darnold"	"Sam"	"Darnold"	null	null	null	"Glute"	null	"Full Participation in Practice"
2026	"REG"	"REG"	"SEA"	3	"00-0034974"	"S"	"Julian Love"	"Julian"	"Love"	"Calf"	null	"Out"	"Calf"	null	"Did Not Participate In Practice"
2026	"REG"	"REG"	"SEA"	3	"00-0036994"	"LB"	"Ernest Jones"	"Ernest"	"Jones"	null	null	null	"Neck"	null	"Full Participation in Practice"
2026	"REG"	"REG"	"SEA"	3	"00-0038488"	"FB"	"Brady Russell"	"Brady"	"Russell"	null	null	null	"Chest"	null	"Full Participation in Practice"
2026	"REG"	"REG"	"SEA"	3	"00-0038694"	"DT"	"Brandon Pili"	"Brandon"	"Pili"	"Concussion"	"Neck"	"Questionable"	"Concussion"	"Neck"	"Limited Participation in Practice"
2026	"REG"	"REG"	"SEA"	3	"00-0038765"	"S"	"Ty Okada"	"Tyler"	"Okada"	"Hamstring"	null	"Out"	"Hamstring"	null	"Did Not Participate In Practice"
2026	"REG"	"REG"	"SEA"	3	"00-0039299"	"RB"	"George Holani"	"George"	"Holani"	null	null	null	"Knee"	null	"Full Participation in Practice"
2026	"REG"	"REG"	"SEA"	3	"00-0040733"	"S"	"Nick Emmanwori"	"Nicholas"	"Emmanwori"	null	null	null	"Ankle"	null	"Full Participation in Practice"
2026	"REG"	"REG"	"SEA"	3	"00-0041512"	"RB"	"Jadarian Price"	"Jadarian"	"Price"	null	null	null	"Chest"	null	"Full Participation in Practice"
2026	"REG"	"REG"	"SF"	3	"00-0027857"	"T"	"Trent Williams"	"Trenton"	"Williams"	null	null	null	"Not injury related - resting player"	null	"Full Participation in Practice"
2026	"REG"	"REG"	"SF"	3	"00-0031408"	"WR"	"Mike Evans"	"Michael"	"Evans"	"Hip"	null	"Questionable"	"Hip"	null	"Limited Participation in Practice"
2026	"REG"	"REG"	"SF"	3	"00-0032775"	"WR"	"Demarcus Robinson"	"Demarcus"	"Robinson"	"Ankle"	null	"Out"	"Ankle"	null	"Did Not Participate In Practice"
2026	"REG"	"REG"	"SF"	3	"00-0033280"	"RB"	"Christian McCaffrey"	"Christian"	"McCaffrey"	null	null	null	"Not injury related - resting player"	null	"Full Participation in Practice"
2026	"REG"	"REG"	"SF"	3	"00-0034982"	"LB"	"Dre Greenlaw"	"Keaundre"	"Greenlaw"	null	null	null	"Not injury related - resting player"	"Achilles"	"Full Participation in Practice"
2026	"REG"	"REG"	"SF"	3	"00-0035717"	"DE"	"Nick Bosa"	"Nicholas"	"Bosa"	"Knee"	"Calf"	"Out"	"Knee"	"Calf"	"Did Not Participate In Practice"
2026	"REG"	"REG"	"SF"	3	"00-0041363"	"DT"	"James Thompson Jr."	"James"	"Thompson"	"Ankle"	null	"Out"	"Ankle"	null	"Did Not Participate In Practice"
2026	"REG"	"REG"	"SF"	3	"00-0041556"	"DE"	"Romello Height"	"Romello"	"Height"	"Hand"	null	"Out"	"Hand"	null	"Did Not Participate In Practice"
2026	"REG"	"REG"	"TB"	3	"00-0032889"	"DE"	"A'Shawn Robinson"	"A'Shawn"	"Robinson"	null	null	null	"Not injury related - resting player"	null	"Full Participation in Practice"
2026	"REG"	"REG"	"TB"	3	"00-0034855"	"QB"	"Baker Mayfield"	"Baker"	"Mayfield"	null	null	null	"Illness"	null	"Full Participation in Practice"
2026	"REG"	"REG"	"TB"	3	"00-0035254"	"LB"	"Anthony Nelson"	"Anthony"	"Nelson"	null	null	null	"Shin"	null	"Full Participation in Practice"
2026	"REG"	"REG"	"TB"	3	"00-0039855"	"WR"	"Jalen McMillan"	"Jalen"	"McMillan"	null	null	null	"Knee"	null	"Full Participation in Practice"
2026	"REG"	"REG"	"TB"	3	"00-0040143"	"CB"	"Jacob Parrish"	"Jacob"	"Parrish"	null	null	null	"Back"	null	"Full Participation in Practice"
2026	"REG"	"REG"	"TB"	3	"00-0041031"	"LB"	"Rueben Bain Jr."	"Rueben"	"Bain"	"Groin"	null	"Out"	"Groin"	null	"Did Not Participate In Practice"
2026	"REG"	"REG"	"TB"	3	"00-0041502"	"LB"	"Josiah Trotter"	"Josiah"	"Trotter"	"Shoulder"	null	"Out"	"Shoulder"	null	"Limited Participation in Practice"
2026	"REG"	"REG"	"TEN"	3	"00-0033870"	"DT"	"Solomon Thomas"	"Solomon"	"Thomas"	null	null	null	"Knee"	null	"Full Participation in Practice"
2026	"REG"	"REG"	"TEN"	3	"00-0035261"	"RB"	"Tony Pollard"	"Tony"	"Pollard"	null	null	null	"Ankle"	null	"Limited Participation in Practice"
2026	"REG"	"REG"	"TEN"	3	"00-0037758"	"CB"	"Cordale Flott"	"Cordale"	"Flott"	"Quadricep"	null	"Questionable"	"Quadricep"	null	"Limited Participation in Practice"
2026	"REG"	"REG"	"TEN"	3	"00-0038115"	"TE"	"Daniel Bellinger"	"Daniel"	"Bellinger"	null	null	null	"Illness"	null	"Limited Participation in Practice"
2026	"REG"	"REG"	"TEN"	3	"00-0039032"	"RB"	"Tyjae Spears"	"Tyjae"	"Spears"	"Ankle"	null	"Questionable"	"Ankle"	null	"Limited Participation in Practice"
2026	"REG"	"REG"	"TEN"	3	"00-0039430"	"LB"	"James Williams"	"James"	"Williams"	null	null	null	"Elbow"	null	"Full Participation in Practice"
2026	"REG"	"REG"	"TEN"	3	"00-0040020"	"CB"	"Micah Robinson"	"Micah"	"Robinson"	null	null	null	"Groin"	null	"Full Participation in Practice"
2026	"REG"	"REG"	"TEN"	3	"00-0040201"	"CB"	"Marcus Harris"	"Marcus"	"Harris"	null	null	null	"Shoulder"	null	"Full Participation in Practice"
2026	"REG"	"REG"	"TEN"	3	"00-0040881"	"G"	"Fernando Carmona"	"Fernando"	"Carmona"	null	null	null	"Shoulder"	null	"Full Participation in Practice"
2026	"REG"	"REG"	"WAS"	3	"00-0034302"	"LB"	"Frankie Luvu"	"Frank"	"Luvu"	"Groin"	null	"Out"	"Groin"	null	"Did Not Participate In Practice"
2026	"REG"	"REG"	"WAS"	3	"00-0034373"	"LB"	"Dorance Armstrong"	"Dorance"	"Armstrong"	null	null	null	"Knee"	null	"Full Participation in Practice"
2026	"REG"	"REG"	"WAS"	3	"00-0034465"	"S"	"Jeremy Reaves"	"Jeremy"	"Reaves"	null	null	null	"Knee"	"Elbow"	"Full Participation in Practice"
2026	"REG"	"REG"	"WAS"	3	"00-0035279"	"DE"	"Charles Omenihu"	"Charles"	"Omenihu"	null	null	null	"Ankle"	null	"Full Participation in Practice"
2026	"REG"	"REG"	"WAS"	3	"00-0036260"	"DT"	"Javon Kinlaw"	"Javon"	"Kinlaw"	null	null	null	"Back"	"Shoulder"	"Full Participation in Practice"
2026	"REG"	"REG"	"WAS"	3	"00-0036618"	"G"	"Sam Cosmi"	"Samuel"	"Cosmi"	"Concussion"	"Throat"	"Out"	"Concussion"	"Throat"	"Did Not Participate In Practice"
2026	"REG"	"REG"	"WAS"	3	"00-0037616"	"S"	"Nick Cross"	"Nicolas"	"Cross"	"Illness"	null	"Out"	"Illness"	null	"Did Not Participate In Practice"
2026	"REG"	"REG"	"WAS"	3	"00-0037809"	"TE"	"Chig Okonkwo"	"Chigoziem"	"Okonkwo"	"Hamstring"	null	"Out"	"Hamstring"	null	"Did Not Participate In Practice"
2026	"REG"	"REG"	"WAS"	3	"00-0037819"	"LB"	"Leo Chenal"	"Leo"	"Chenal"	null	null	null	"Chest"	null	"Limited Participation in Practice"
2026	"REG"	"REG"	"WAS"	3	"00-0038100"	"S"	"Percy Butler"	"Percy"	"Butler"	null	null	null	"Groin"	null	"Full Participation in Practice"
2026	"REG"	"REG"	"WAS"	3	"00-0039681"	"S"	"Tyler Owens"	"Tyler"	"Owens"	null	null	null	"Hamstring"	null	"Full Participation in Practice"
2026	"REG"	"REG"	"WAS"	3	"00-0039910"	"QB"	"Jayden Daniels"	"Jayden"	"Daniels"	"Elbow"	null	"Out"	"Elbow"	null	"Did Not Participate In Practice"
2026	"REG"	"REG"	"WAS"	3	"00-0039913"	"T"	"Brandon Coleman"	"Brandon"	"Coleman"	null	null	null	"Finger"	null	"Full Participation in Practice"
2026	"REG"	"REG"	"WAS"	3	"00-0040164"	"WR"	"Jaylin Lane"	"Joshua"	"Lane"	null	null	null	"Groin"	null	"Full Participation in Practice"
2026	"REG"	"REG"	"WAS"	3	"00-0041096"	"RB"	"Kaytron Allen"	"Kaytron"	"Allen"	null	null	null	"Hip"	null	"Full Participation in Practice"
2026	"REG"	"REG"	"WAS"	3	"00-0041182"	"K"	"Drew Stevens"	"Drew"	"Stevens"	null	null	null	"Hand"	null	"Full Participation in Practice"
2026	"REG"	"REG"	"ARI"	4	"00-0032954"	"G"	"Isaac Seumalo"	"Isaac"	"Seumalo"	null	null	null	"Not injury related - resting player"	null	"Full Participation in Practice"
2026	"REG"	"REG"	"ARI"	4	"00-0033890"	"S"	"Budda Baker"	"Bishard"	"Baker"	null	null	null	"Not injury related - resting player"	null	"Full Participation in Practice"
2026	"REG"	"REG"	"ARI"	4	"00-0034381"	"LB"	"Josh Sweat"	"Josh"	"Sweat"	"Not injury related - resting player"	"Groin"	"Questionable"	"Not injury related - resting player"	"Groin"	"Limited Participation in Practice"
2026	"REG"	"REG"	"ARI"	4	"00-0035144"	"LB"	"Mack Wilson"	"Lyndell"	"Wilson"	null	null	null	"Thumb"	null	"Full Participation in Practice"
2026	"REG"	"REG"	"ARI"	4	"00-0035258"	"C"	"Hjalte Froholdt"	"Hjalte"	"Froholdt"	null	null	null	"Knee"	null	"Full Participation in Practice"
2026	"REG"	"REG"	"ARI"	4	"00-0036568"	"DT"	"Roy Lopez"	"Roy"	"Lopez"	null	null	null	"Groin"	null	"Full Participation in Practice"
2026	"REG"	"REG"	"ARI"	4	"00-0039864"	"S"	"Dadrion Taylor-Demerson"	"Dadrion"	"Taylor-Demerson"	"Back"	null	"Out"	"Back"	null	"Did Not Participate In Practice"
2026	"REG"	"REG"	"ARI"	4	"00-0040706"	"DT"	"Walter Nolen"	"Walter"	"Nolen"	null	null	null	"Shoulder"	null	"Full Participation in Practice"
2026	"REG"	"REG"	"ATL"	4	"00-0031279"	"T"	"Jake Matthews"	"Jacob"	"Matthews"	null	null	null	"Not injury related - resting player"	null	"Did Not Participate In Practice"
2026	"REG"	"REG"	"ATL"	4	"00-0031576"	"DE"	"Za'Darius Smith"	"Za'Darius"	"Smith"	null	null	null	"Not injury related - resting player"	null	"Full Participation in Practice"
2026	"REG"	"REG"	"ATL"	4	"00-0033945"	"DE"	"Samson Ebukam"	"Nnamaka"	"Ebukam"	"Hamstring"	null	"Questionable"	"Hamstring"	null	"Full Participation in Practice"
2026	"REG"	"REG"	"ATL"	4	"00-0035237"	"T"	"Jawaan Taylor"	"Jawaan"	"Taylor"	null	null	null	"Not injury related - resting player"	null	"Full Participation in Practice"
2026	"REG"	"REG"	"ATL"	4	"00-0036990"	"LB"	"Divine Deablo"	"Divine"	"Deablo"	"Hamstring"	null	"Questionable"	"Hamstring"	null	"Limited Participation in Practice"
2026	"REG"	"REG"	"ATL"	4	"00-0038580"	"LB"	"Yasir Abdullah"	"Yasir"	"Abdullah"	"Illness"	null	"Questionable"	"Illness"	null	"Full Participation in Practice"
2026	"REG"	"REG"	"ATL"	4	"00-0041066"	"LB"	"Kendal Daniels"	"Kendal"	"Daniels"	null	null	null	"Achilles"	null	"Full Participation in Practice"
2026	"REG"	"REG"	"BAL"	4	"00-0026190"	"DT"	"Calais Campbell"	"Calais"	"Campbell"	null	null	null	"Not injury related - resting player"	null	"Full Participation in Practice"
2026	"REG"	"REG"	"BAL"	4	"00-0032398"	"WR"	"Chris Moore"	"Christopher"	"Moore"	"Ankle"	null	"Questionable"	"Ankle"	null	"Limited Participation in Practice"
2026	"REG"	"REG"	"BAL"	4	"00-0032965"	"T"	"Ronnie Stanley"	"Ronnie"	"Stanley"	"Toe"	"Not injury related - resting player"	"Questionable"	"Toe"	"Not injury related - resting player"	"Did Not Participate In Practice"
2026	"REG"	"REG"	"BAL"	4	"00-0033281"	"CB"	"Marlon Humphrey"	"Marlon"	"Humphrey"	null	null	null	"Hamstring"	null	"Full Participation in Practice"
2026	"REG"	"REG"	"BAL"	4	"00-0033901"	"C"	"Ethan Pocic"	"Ethan"	"Pocic"	"Knee"	null	"Out"	"Knee"	null	"Did Not Participate In Practice"
2026	"REG"	"REG"	"BAL"	4	"00-0033935"	"LB"	"Trey Hendrickson"	"Collins"	"Hendrickson"	"Finger"	null	"Out"	"Finger"	null	"Did Not Participate In Practice"
2026	"REG"	"REG"	"BAL"	4	"00-0034753"	"TE"	"Mark Andrews"	"Mark"	"Andrews"	null	null	null	"Hand"	null	"Full Participation in Practice"
2026	"REG"	"REG"	"BAL"	4	"00-0034796"	"QB"	"Lamar Jackson"	"Lamar"	"Jackson"	null	null	null	"Back"	null	"Full Participation in Practice"
2026	"REG"	"REG"	"BAL"	4	"00-0034798"	"TE"	"Durham Smythe"	"Durham"	"Smythe"	null	null	null	"Heel"	null	"Full Participation in Practice"
2026	"REG"	"REG"	"BAL"	4	"00-0036369"	"G"	"John Simpson"	"John"	"Simpson"	null	null	null	"Groin"	null	"Full Participation in Practice"
2026	"REG"	"REG"	"BAL"	4	"00-0038629"	"C"	"Jovaughn Gwyn"	"Jovaughn"	"Gwyn"	"Ankle"	null	"Out"	"Ankle"	null	"Did Not Participate In Practice"
2026	"REG"	"REG"	"BAL"	4	"00-0039064"	"WR"	"Zay Flowers"	"Xavien"	"Flowers"	"Hamstring"	"Not injury related - resting player"	"Questionable"	"Hamstring"	"Not injury related - resting player"	"Limited Participation in Practice"
2026	"REG"	"REG"	"BUF"	4	"00-0034827"	"WR"	"DJ Moore"	"Denniston"	"Moore"	null	null	null	"Shoulder"	null	"Limited Participation in Practice"
2026	"REG"	"REG"	"BUF"	4	"00-0034832"	"LB"	"Bradley Chubb"	"Bradley"	"Chubb"	null	null	null	"Thumb"	null	"Full Participation in Practice"
2026	"REG"	"REG"	"BUF"	4	"00-0036037"	"S"	"Sam Franklin Jr."	"Samuel"	"Franklin"	null	null	null	"Not injury related - personal matter"	null	"Did Not Participate In Practice"
2026	"REG"	"REG"	"BUF"	4	"00-0036888"	"S"	"Damar Hamlin"	"Damar"	"Hamlin"	null	null	null	"Ribs"	null	"Limited Participation in Practice"
2026	"REG"	"REG"	"BUF"	4	"00-0037254"	"LB"	"Terrel Bernard"	"Terrel"	"Bernard"	null	null	null	"Knee"	"Not injury related - resting player"	"Did Not Participate In Practice"
2026	"REG"	"REG"	"BUF"	4	"00-0037288"	"CB"	"Christian Benford"	"Christian"	"Benford"	"Toe"	null	"Questionable"	"Toe"	null	"Did Not Participate In Practice"
2026	"REG"	"REG"	"BUF"	4	"00-0038557"	"LB"	"Dorian Williams"	"Dorian"	"Williams"	null	null	null	"Hip"	null	"Full Participation in Practice"
2026	"REG"	"REG"	"BUF"	4	"00-0039763"	"LB"	"Joe Andreessen"	"Joe"	"Andreessen"	null	null	null	"Knee"	null	"Full Participation in Practice"
2026	"REG"	"REG"	"BUF"	4	"00-0039875"	"RB"	"Ray Davis"	"Re'Mahn"	"Davis"	"Hamstring"	null	"Questionable"	"Hamstring"	null	"Limited Participation in Practice"
2026	"REG"	"REG"	"BUF"	4	"00-0039901"	"WR"	"Keon Coleman"	"Keon"	"Coleman"	null	null	null	"Ankle"	null	"Limited Participation in Practice"
2026	"REG"	"REG"	"BUF"	4	"00-0040710"	"DT"	"Deone Walker"	"Deone"	"Walker"	null	null	null	"Quadricep"	null	"Full Participation in Practice"
2026	"REG"	"REG"	"BUF"	4	"00-0040724"	"DE"	"T.J. Sanders"	"Tanaeri"	"Sanders"	"Illness"	null	"Doubtful"	"Illness"	null	"Limited Participation in Practice"
2026	"REG"	"REG"	"BUF"	4	"00-0041128"	"G"	"Ar'maj Reed-Adams"	"Ar'maj"	"Reed-Adams"	null	null	null	"Elbow"	null	"Full Participation in Practice"
2026	"REG"	"REG"	"CAR"	4	"00-0031610"	"TE"	"Darren Waller"	"Darren"	"Waller"	null	null	null	"Not injury related - resting player"	"Toe"	"Full Participation in Practice"
2026	"REG"	"REG"	"CAR"	4	"00-0035669"	"S"	"Nick Scott"	"Nicholas"	"Scott"	null	null	null	"Rib"	null	"Full Participation in Practice"
2026	"REG"	"REG"	"CAR"	4	"00-0036417"	"G"	"Damien Lewis"	"Damien"	"Lewis"	"Elbow"	null	"Out"	"Elbow"	null	"Did Not Participate In Practice"
2026	"REG"	"REG"	"CAR"	4	"00-0036555"	"RB"	"Chuba Hubbard"	"Chuba"	"Hubbard"	null	null	null	"Not injury related - resting player"	null	"Full Participation in Practice"
2026	"REG"	"REG"	"CAR"	4	"00-0037244"	"LB"	"Devin Lloyd"	"Devin"	"Lloyd"	null	null	null	"Calf"	null	"Full Participation in Practice"
2026	"REG"	"REG"	"CAR"	4	"00-0039150"	"QB"	"Bryce Young"	"Bryce"	"Young"	null	null	null	"Knee"	null	"Full Participation in Practice"
2026	"REG"	"REG"	"CAR"	4	"00-0039342"	"WR"	"Xavier Legette"	"Anthony"	"Legette"	"Knee"	null	"Out"	"Knee"	null	"Did Not Participate In Practice"
2026	"REG"	"REG"	"CAR"	4	"00-0039491"	"WR"	"Jalen Coker"	"Jalen"	"Coker"	"Quadricep"	null	"Questionable"	"Quadricep"	null	"Limited Participation in Practice"
2026	"REG"	"REG"	"CAR"	4	"00-0040136"	"LB"	"Princely Umanmielen"	"Princely"	"Umanmielen"	null	null	null	"Ankle"	null	"Full Participation in Practice"
2026	"REG"	"REG"	"CAR"	4	"00-0040174"	"DT"	"Cam Jackson"	"Cam'Ron"	"Jackson"	"Knee"	null	"Questionable"	"Knee"	null	"Limited Participation in Practice"
2026	"REG"	"REG"	"CAR"	4	"00-0041034"	"T"	"Monroe Freeling"	"Monroe"	"Freeling"	"Concussion"	null	"Questionable"	"Concussion"	null	"Full Participation in Practice"
2026	"REG"	"REG"	"CAR"	4	"00-0041478"	"DT"	"Lee Hunter"	"Lee"	"Hunter"	"Foot"	null	"Questionable"	"Foot"	null	"Limited Participation in Practice"
2026	"REG"	"REG"	"CHI"	4	"00-0031583"	"DT"	"Grady Jarrett"	"Grady"	"Jarrett"	null	null	null	"Not injury related - resting player"	null	"Full Participation in Practice"
2026	"REG"	"REG"	"CHI"	4	"00-0032391"	"G"	"Joe Thuney"	"Joseph"	"Thuney"	null	null	null	"Not injury related - resting player"	null	"Full Participation in Practice"
2026	"REG"	"REG"	"CHI"	4	"00-0035357"	"S"	"Cam Lewis"	"Cameron"	"Lewis"	"Hip"	null	"Doubtful"	"Hip"	null	"Did Not Participate In Practice"
2026	"REG"	"REG"	"CHI"	4	"00-0036258"	"G"	"Jonah Jackson"	"Jonah"	"Jackson"	null	null	null	"Not injury related - personal matter"	null	"Full Participation in Practice"
2026	"REG"	"REG"	"CHI"	4	"00-0036275"	"RB"	"D'Andre Swift"	"D'Andre"	"Swift"	null	null	null	"Knee"	null	"Full Participation in Practice"
2026	"REG"	"REG"	"CHI"	4	"00-0037081"	"T"	"Braxton Jones"	"Braxton"	"Jones"	"Knee"	null	"Out"	"Knee"	null	"Did Not Participate In Practice"
2026	"REG"	"REG"	"CHI"	4	"00-0038111"	"CB"	"Kyler Gordon"	"Kyler"	"Gordon"	"Calf"	null	"Out"	"Calf"	null	"Full Participation in Practice"
2026	"REG"	"REG"	"CHI"	4	"00-0038390"	"LB"	"Noah Sewell"	"Noah"	"Sewell"	"Achilles"	null	"Out"	"Achilles"	null	"Full Participation in Practice"
2026	"REG"	"REG"	"CHI"	4	"00-0039918"	"QB"	"Caleb Williams"	"Caleb"	"Williams"	"Hamstring"	null	"Out"	"Hamstring"	null	"Did Not Participate In Practice"
2026	"REG"	"REG"	"CHI"	4	"00-0040741"	"DE"	"Shemar Turner"	"Shemar"	"Turner"	"Knee"	null	"Out"	"Knee"	null	"Full Participation in Practice"
2026	"REG"	"REG"	"CIN"	4	"00-0033523"	"DT"	"Jonathan Allen"	"Jonathan"	"Allen"	null	null	null	"Not injury related - resting player"	null	"Full Participation in Practice"
2026	"REG"	"REG"	"CIN"	4	"00-0034800"	"DT"	"B.J. Hill"	"Bobby"	"Hill"	"Achilles"	null	"Questionable"	"Achilles"	null	"Limited Participation in Practice"
2026	"REG"	"REG"	"CIN"	4	"00-0035683"	"DT"	"Dexter Lawrence"	"Dexter"	"Lawrence"	null	null	null	"Not injury related - resting player"	null	"Did Not Participate In Practice"
2026	"REG"	"REG"	"CIN"	4	"00-0035702"	"G"	"Dalton Risner"	"Dalton"	"Risner"	"Knee"	null	"Questionable"	"Knee"	null	"Full Participation in Practice"
2026	"REG"	"REG"	"CIN"	4	"00-0036231"	"S"	"Kyle Dugger"	"Kyle"	"Dugger"	"Quadricep"	null	"Out"	"Quadricep"	null	"Did Not Participate In Practice"
2026	"REG"	"REG"	"CIN"	4	"00-0037193"	"S"	"Bryan Cook"	"Bryan"	"Cook"	"Ankle"	null	"Questionable"	"Ankle"	null	"Limited Participation in Practice"
2026	"REG"	"REG"	"CIN"	4	"00-0038549"	"CB"	"DJ Turner II"	"DJ"	"Turner"	null	null	null	"Ankle"	null	"Limited Participation in Practice"
2026	"REG"	"REG"	"CIN"	4	"00-0038560"	"S"	"Jordan Battle"	"Jordan"	"Battle"	null	null	null	"Hamstring"	null	"Full Participation in Practice"
2026	"REG"	"REG"	"CIN"	4	"00-0039313"	"LB"	"Swayze Bozeman"	"Swayze"	"Bozeman"	"Groin"	null	"Questionable"	"Groin"	null	"Did Not Participate In Practice"
2026	"REG"	"REG"	"CIN"	4	"00-0041069"	"WR"	"Colbie Young"	"Colbie"	"Young"	"Knee"	null	"Out"	"Knee"	null	"Did Not Participate In Practice"
2026	"REG"	"REG"	"CLE"	4	"00-0035234"	"T"	"Tytus Howard"	"Tytus"	"Howard"	null	null	null	"Knee"	null	"Full Participation in Practice"
2026	"REG"	"REG"	"CLE"	4	"00-0035526"	"C"	"Elgton Jenkins"	"Elgton"	"Jenkins"	"Concussion"	null	"Out"	"Concussion"	null	"Did Not Participate In Practice"
2026	"REG"	"REG"	"CLE"	4	"00-0036282"	"S"	"Grant Delpit"	"Grant"	"Delpit"	null	null	null	"Shoulder"	null	"Full Participation in Practice"
2026	"REG"	"REG"	"CLE"	4	"00-0036630"	"WR"	"Tylan Wallace"	"Tylan"	"Wallace"	"Knee"	null	"Out"	"Knee"	null	"Did Not Participate In Practice"
2026	"REG"	"REG"	"CLE"	4	"00-0036953"	"G"	"Teven Jenkins"	"Teven"	"Jenkins"	"Back"	null	"Out"	"Back"	null	"Limited Participation in Practice"
2026	"REG"	"REG"	"CLE"	4	"00-0036974"	"CB"	"Tyson Campbell"	"Tyson"	"Campbell"	null	null	null	"Knee"	null	"Full Participation in Practice"
2026	"REG"	"REG"	"DAL"	4	"00-0033877"	"S"	"Malik Hooker"	"Malik"	"Hooker"	null	null	null	"Forearm"	null	"Full Participation in Practice"
2026	"REG"	"REG"	"DAL"	4	"00-0037310"	"LB"	"James Houston"	"James"	"Houston"	null	null	null	"Shoulder"	null	"Full Participation in Practice"
2026	"REG"	"REG"	"DAL"	4	"00-0037839"	"CB"	"Cobie Durant"	"Decobie"	"Durant"	"Hamstring"	null	"Out"	"Hamstring"	null	"Did Not Participate In Practice"
2026	"REG"	"REG"	"DAL"	4	"00-0038556"	"LB"	"DeMarvion Overshown"	"DeMarvion"	"Overshown"	"Hamstring"	null	"Out"	"Hamstring"	null	"Did Not Participate In Practice"
2026	"REG"	"REG"	"DAL"	4	"00-0040008"	"CB"	"Shavon Revel Jr."	"Shavon"	"Revel"	null	null	null	"Knee"	"Ankle"	"Full Participation in Practice"
2026	"REG"	"REG"	"DEN"	4	"00-0033297"	"DT"	"D.J. Jones"	"David"	"Jones"	null	null	null	"Not injury related - resting player"	null	"Full Participation in Practice"
2026	"REG"	"REG"	"DEN"	4	"00-0035248"	"DE"	"Zach Allen"	"Zachary"	"Allen"	null	null	null	"Not injury related - resting player"	null	"Full Participation in Practice"
2026	"REG"	"REG"	"DEN"	4	"00-0036158"	"RB"	"J.K. Dobbins"	"J.K."	"Dobbins"	null	null	null	"Hip"	null	"Full Participation in Practice"
2026	"REG"	"REG"	"DEN"	4	"00-0036613"	"WR"	"Jaylen Waddle"	"Jaylen"	"Waddle"	null	null	null	"Foot"	null	"Full Participation in Practice"
2026	"REG"	"REG"	"DEN"	4	"00-0037799"	"LB"	"Dondrea Tillman"	"Dondrea"	"Tillman"	"Hamstring"	null	"Out"	"Hamstring"	null	"Did Not Participate In Practice"
2026	"REG"	"REG"	"DEN"	4	"00-0038976"	"WR"	"Marvin Mims Jr."	"Marvin"	"Mims"	null	null	null	"Foot"	null	"Full Participation in Practice"
2026	"REG"	"REG"	"DET"	4	"00-0034384"	"CB"	"D.J. Reed"	"Dennis"	"Reed"	"Rib"	null	"Questionable"	"Rib"	null	"Limited Participation in Practice"
2026	"REG"	"REG"	"DET"	4	"00-0036272"	"G"	"Ben Bartch"	"Ben"	"Bartch"	"Foot"	null	"Out"	"Foot"	null	"Did Not Participate In Practice"
2026	"REG"	"REG"	"DET"	4	"00-0036335"	"DE"	"D.J. Wonnum"	"Dennis"	"Wonnum"	null	null	null	"Back"	null	"Full Participation in Practice"
2026	"REG"	"REG"	"GB"	4	"00-0036551"	"G"	"Aaron Banks"	"Aaron"	"Banks"	"Knee"	"Toe"	"Out"	"Knee"	"Toe"	"Did Not Participate In Practice"
2026	"REG"	"REG"	"GB"	4	"00-0038398"	"DT"	"Karl Brooks"	"Karl"	"Brooks"	null	null	null	"Illness"	null	"Limited Participation in Practice"
2026	"REG"	"REG"	"GB"	4	"00-0039112"	"LB"	"Lukas Van Ness"	"Lukas"	"Van Ness"	null	null	null	"Shoulder"	null	"Limited Participation in Practice"
2026	"REG"	"REG"	"GB"	4	"00-0039817"	"C"	"Jacob Monk"	"Jacob"	"Monk"	"Quadricep"	null	"Out"	"Quadricep"	null	"Did Not Participate In Practice"
2026	"REG"	"REG"	"GB"	4	"00-0039850"	"LB"	"Edgerrin Cooper"	"Edgerrin"	"Cooper"	"Shoulder"	"Concussion"	"Questionable"	"Shoulder"	"Concussion"	"Full Participation in Practice"
2026	"REG"	"REG"	"GB"	4	"00-0040016"	"DT"	"Warren Brinson"	"Warren"	"Brinson"	"Calf"	"Groin"	"Out"	"Calf"	"Groin"	"Did Not Participate In Practice"
2026	"REG"	"REG"	"GB"	4	"00-0040689"	"DT"	"Anthony Campbell"	"Anthony"	"Campbell"	"Ankle"	null	"Out"	"Ankle"	null	"Did Not Participate In Practice"
2026	"REG"	"REG"	"GB"	4	"00-0040884"	"C"	"Jager Burton"	"Jager"	"Burton"	"Groin"	null	"Questionable"	"Groin"	null	"Limited Participation in Practice"
2026	"REG"	"REG"	"HOU"	4	"00-0031364"	"DE"	"Jadeveon Clowney"	"Jadeveon"	"Clowney"	"Knee"	null	"Questionable"	"Knee"	null	"Did Not Participate In Practice"
2026	"REG"	"REG"	"HOU"	4	"00-0032071"	"T"	"Trent Brown"	"Trenton"	"Brown"	null	null	null	"Illness"	"Knee"	"Full Participation in Practice"
2026	"REG"	"REG"	"HOU"	4	"00-0034355"	"S"	"M.J. Stewart"	"Marvin"	"Stewart"	"Knee"	null	"Out"	"Knee"	null	"Did Not Participate In Practice"
2026	"REG"	"REG"	"HOU"	4	"00-0034383"	"TE"	"Dalton Schultz"	"Dalton"	"Schultz"	null	null	null	"Not injury related - resting player"	null	"Limited Participation in Practice"
2026	"REG"	"REG"	"HOU"	4	"00-0035166"	"LB"	"Azeez Al-Shaair"	"Azeez"	"Al-Shaair"	"Groin"	null	"Out"	"Groin"	null	"Did Not Participate In Practice"
2026	"REG"	"REG"	"HOU"	4	"00-0036554"	"WR"	"Nico Collins"	"Nico"	"Collins"	null	null	null	"Hamstring"	null	"Full Participation in Practice"
2026	"REG"	"REG"	"HOU"	4	"00-0037457"	"LB"	"Jake Hansen"	"Jake"	"Hansen"	"Calf"	null	"Questionable"	"Calf"	null	"Full Participation in Practice"
2026	"REG"	"REG"	"HOU"	4	"00-0038127"	"DE"	"Logan Hall"	"Logan"	"Hall"	"Knee"	null	"Questionable"	"Knee"	null	"Limited Participation in Practice"
2026	"REG"	"REG"	"HOU"	4	"00-0038131"	"G"	"Ed Ingram"	"Edward"	"Ingram"	"Groin"	null	"Questionable"	"Groin"	null	"Full Participation in Practice"
2026	"REG"	"REG"	"HOU"	4	"00-0039108"	"DE"	"Will Anderson Jr."	"William"	"Anderson"	null	null	null	"Ankle"	null	"Full Participation in Practice"
2026	"REG"	"REG"	"HOU"	4	"00-0039603"	"RB"	"British Brooks"	"British"	"Brooks"	null	null	null	"Hamstring"	null	"Did Not Participate In Practice"
2026	"REG"	"REG"	"HOU"	4	"00-0039838"	"S"	"Calen Bullock"	"Calen"	"Bullock"	null	null	null	"Quadricep"	null	"Full Participation in Practice"
2026	"REG"	"REG"	"HOU"	4	"00-0041465"	"LB"	"Wade Woodaz"	"Wade"	"Woodaz"	null	null	null	"Ankle"	"Thumb"	"Full Participation in Practice"
2026	"REG"	"REG"	"IND"	4	"00-0030279"	"WR"	"Keenan Allen"	"Keenan"	"Allen"	"Not injury related - resting player"	"Groin"	"Questionable"	"Not injury related - resting player"	"Groin"	"Did Not Participate In Practice"
2026	"REG"	"REG"	"IND"	4	"00-0033217"	"TE"	"Mo Alie-Cox"	"Mohamed"	"Alie-Cox"	null	null	null	"Illness"	null	"Full Participation in Practice"
2026	"REG"	"REG"	"IND"	4	"00-0033952"	"DT"	"Grover Stewart"	"Grover"	"Stewart"	null	null	null	"Not injury related - resting player"	null	"Full Participation in Practice"
2026	"REG"	"REG"	"IND"	4	"00-0034573"	"CB"	"Charvarius Ward"	"Charvarius"	"Ward"	null	null	null	"Not injury related - resting player"	null	"Full Participation in Practice"
2026	"REG"	"REG"	"IND"	4	"00-0035021"	"WR"	"Ashton Dulin"	"Ashton"	"Dulin"	"Ankle"	null	"Questionable"	"Ankle"	null	"Full Participation in Practice"
2026	"REG"	"REG"	"IND"	4	"00-0036223"	"RB"	"Jonathan Taylor"	"Jonathan"	"Taylor"	null	null	null	"Not injury related - resting player"	null	"Full Participation in Practice"
2026	"REG"	"REG"	"IND"	4	"00-0036298"	"LB"	"Akeem Davis-Gaither"	"Akeem"	"Davis-Gaither"	null	null	null	"Knee"	null	"Full Participation in Practice"
2026	"REG"	"REG"	"IND"	4	"00-0039576"	"K"	"Spencer Shrader"	"Spencer"	"Shrader"	null	null	null	"Groin"	null	"Full Participation in Practice"
2026	"REG"	"REG"	"JAX"	4	"00-0034960"	"WR"	"Jakobi Meyers"	"Jakobi"	"Meyers"	null	null	null	"Thumb"	null	"Full Participation in Practice"
2026	"REG"	"REG"	"JAX"	4	"00-0036262"	"DT"	"DaVon Hamilton"	"DaVon"	"Hamilton"	null	null	null	"Back"	null	"Full Participation in Practice"
2026	"REG"	"REG"	"JAX"	4	"00-0036655"	"T"	"Cole Van Lanen"	"Cole"	"Van Lanen"	null	null	null	"Knee"	null	"Full Participation in Practice"
2026	"REG"	"REG"	"JAX"	4	"00-0037313"	"CB"	"Montaric Brown"	"Montaric"	"Brown"	"Hamstring"	null	"Questionable"	"Hamstring"	null	"Limited Participation in Practice"
2026	"REG"	"REG"	"JAX"	4	"00-0038616"	"CB"	"Christian Braswell"	"Christian"	"Braswell"	"Knee"	null	"Questionable"	"Knee"	null	"Limited Participation in Practice"
2026	"REG"	"REG"	"JAX"	4	"00-0039353"	"CB"	"Jarrian Jones"	"Jarrian"	"Jones"	null	null	null	"Hip"	null	"Full Participation in Practice"
2026	"REG"	"REG"	"JAX"	4	"00-0040238"	"RB"	"LeQuint Allen Jr."	"LeQuint"	"Allen"	null	null	null	"Hip"	null	"Limited Participation in Practice"
2026	"REG"	"REG"	"JAX"	4	"00-0041045"	"DT"	"Albert Regis"	"Albert"	"Regis"	"Elbow"	null	"Questionable"	"Elbow"	null	"Limited Participation in Practice"
2026	"REG"	"REG"	"JAX"	4	"00-0041503"	"TE"	"Nate Boerkircher"	"Nate"	"Boerkircher"	null	null	null	"Illness"	null	"Full Participation in Practice"
2026	"REG"	"REG"	"KC"	4	"00-0032762"	"DT"	"Chris Jones"	"Christopher"	"Jones"	null	null	null	"Calf"	null	"Full Participation in Practice"
2026	"REG"	"REG"	"KC"	4	"00-0033873"	"QB"	"Patrick Mahomes"	"Patrick"	"Mahomes"	null	null	null	"Knee"	null	"Full Participation in Practice"
2026	"REG"	"REG"	"KC"	4	"00-0036374"	"CB"	"L'Jarius Sneed"	"L'Jarius"	"Sneed"	null	null	null	"Knee"	null	"Full Participation in Practice"
2026	"REG"	"REG"	"KC"	4	"00-0037208"	"LB"	"Jack Cochrane"	"Jack"	"Cochrane"	null	null	null	"Calf"	null	"Full Participation in Practice"
2026	"REG"	"REG"	"KC"	4	"00-0038982"	"S"	"Chamarri Conner"	"Chamarri"	"Conner"	null	null	null	"Knee"	null	"Full Participation in Practice"
2026	"REG"	"REG"	"KC"	4	"00-0039006"	"DE"	"Felix Anudike-Uzomah"	"Felix"	"Anudike-Uzomah"	null	null	null	"Quadricep"	null	"Full Participation in Practice"
2026	"REG"	"REG"	"KC"	4	"00-0039067"	"WR"	"Rashee Rice"	"Rashee"	"Rice"	null	null	null	"Knee"	null	"Full Participation in Practice"
2026	"REG"	"REG"	"KC"	4	"00-0039324"	"CB"	"Christian Roland-Wallace"	"Christian"	"Roland-Wallace"	null	null	null	"Shoulder"	null	"Full Participation in Practice"
2026	"REG"	"REG"	"KC"	4	"00-0040116"	"T"	"Josh Simmons"	"Josh"	"Simmons"	"Back"	null	"Out"	"Back"	null	"Did Not Participate In Practice"
2026	"REG"	"REG"	"KC"	4	"00-0040640"	"DE"	"Ashton Gillotte"	"Ashton"	"Gillotte"	null	null	null	"Knee"	null	"Full Participation in Practice"
2026	"REG"	"REG"	"KC"	4	"00-0041497"	"CB"	"Jadon Canady"	"Jadon"	"Canady"	null	null	null	"Knee"	null	"Full Participation in Practice"
2026	"REG"	"REG"	"LA"	4	"00-0031381"	"WR"	"Davante Adams"	"Davante"	"Adams"	null	null	null	"Not injury related - resting player"	null	"Full Participation in Practice"
2026	"REG"	"REG"	"LA"	4	"00-0031388"	"DT"	"Aaron Donald"	"Aaron"	"Donald"	"Back"	null	"Out"	"Back"	null	"Did Not Participate In Practice"
2026	"REG"	"REG"	"LA"	4	"00-0033110"	"TE"	"Tyler Higbee"	"Tyler"	"Higbee"	null	null	null	"Not injury related - resting player"	null	"Did Not Participate In Practice"
2026	"REG"	"REG"	"LA"	4	"00-0034234"	"DT"	"Poona Ford"	"Kaylon"	"Ford"	null	null	null	"Not injury related - resting player"	null	"Full Participation in Practice"
2026	"REG"	"REG"	"LA"	4	"00-0036244"	"TE"	"Colby Parkinson"	"Colby"	"Parkinson"	"Knee"	"Shoulder"	"Questionable"	"Knee"	"Shoulder"	"Did Not Participate In Practice"
2026	"REG"	"REG"	"LA"	4	"00-0036603"	"T"	"Alaric Jackson"	"Alaric"	"Jackson"	null	null	null	"Not injury related - resting player"	null	"Did Not Participate In Practice"
2026	"REG"	"REG"	"LA"	4	"00-0037195"	"CB"	"Jaylen Watson"	"Jaylen"	"Watson"	"Shoulder"	null	"Out"	"Shoulder"	null	"Did Not Participate In Practice"
2026	"REG"	"REG"	"LA"	4	"00-0037587"	"LB"	"Nate Landman"	"Nate"	"Landman"	null	null	null	"Shoulder"	null	"Full Participation in Practice"
2026	"REG"	"REG"	"LA"	4	"00-0039075"	"WR"	"Puka Nacua"	"Puka"	"Nacua"	null	null	null	"Hip"	null	"Full Participation in Practice"
2026	"REG"	"REG"	"LA"	4	"00-0039137"	"LB"	"Byron Young"	"Byron"	"Young"	null	null	null	"Not injury related - resting player"	null	"Did Not Participate In Practice"
2026	"REG"	"REG"	"LA"	4	"00-0039772"	"CB"	"Josh Wallace"	"Josh"	"Wallace"	null	null	null	"Shoulder"	null	"Full Participation in Practice"
2026	"REG"	"REG"	"LA"	4	"00-0039834"	"S"	"Kamren Kinchens"	"Kamren"	"Kinchens"	null	null	null	"Hamstring"	null	"Full Participation in Practice"
2026	"REG"	"REG"	"LA"	4	"00-0040580"	"LB"	"Josaiah Stewart"	"Josaiah"	"Stewart"	"Groin"	null	"Questionable"	"Groin"	null	"Did Not Participate In Practice"
2026	"REG"	"REG"	"LA"	4	"00-0040737"	"TE"	"Terrance Ferguson"	"Terrance"	"Ferguson"	"Ankle"	null	"Out"	"Ankle"	null	"Did Not Participate In Practice"
2026	"REG"	"REG"	"LAC"	4	"00-0031040"	"DE"	"Khalil Mack"	"Khalil"	"Mack"	null	null	null	"Not injury related - resting player"	null	"Full Participation in Practice"
2026	"REG"	"REG"	"LAC"	4	"00-0032146"	"DE"	"Bud Dupree"	"Alvin"	"Dupree"	null	null	null	"Not injury related - resting player"	null	"Full Participation in Practice"
2026	"REG"	"REG"	"LAC"	4	"00-0033546"	"DT"	"Dalvin Tomlinson"	"Dalvin"	"Tomlinson"	"Hamstring"	null	"Out"	"Hamstring"	null	"Did Not Participate In Practice"
2026	"REG"	"REG"	"LAC"	4	"00-0034356"	"CB"	"Donte Jackson"	"Donte"	"Jackson"	"Concussion"	null	"Questionable"	"Concussion"	null	"Full Participation in Practice"
2026	"REG"	"REG"	"LAC"	4	"00-0034790"	"S"	"Derwin James"	"Derwin"	"James"	"Hamstring"	"Not injury related - resting player"	"Questionable"	"Hamstring"	"Not injury related - resting player"	"Limited Participation in Practice"
2026	"REG"	"REG"	"LAC"	4	"00-0036736"	"G"	"Kayode Awosika"	"Kayode"	"Awosika"	"Fibula"	null	"Out"	"Fibula"	null	"Did Not Participate In Practice"
2026	"REG"	"REG"	"LAC"	4	"00-0036992"	"S"	"Elijah Molden"	"Elijah"	"Molden"	"Hamstring"	null	"Questionable"	"Hamstring"	null	"Limited Participation in Practice"
2026	"REG"	"REG"	"LAC"	4	"00-0037012"	"QB"	"Trey Lance"	"Trey"	"Lance"	"Groin"	null	"Questionable"	"Groin"	null	"Limited Participation in Practice"
2026	"REG"	"REG"	"LAC"	4	"00-0038046"	"TE"	"Charlie Kolar"	"Charlie"	"Kolar"	"Forearm"	null	"Out"	"Forearm"	null	"Limited Participation in Practice"
2026	"REG"	"REG"	"LAC"	4	"00-0038454"	"RB"	"Keaton Mitchell"	"Keaton"	"Mitchell"	null	null	null	"Ankle"	null	"Full Participation in Practice"
2026	"REG"	"REG"	"LAC"	4	"00-0039835"	"DE"	"Justin Eboigbe"	"Justin"	"Eboigbe"	null	null	null	"Eye"	null	"Full Participation in Practice"
2026	"REG"	"REG"	"LAC"	4	"00-0039915"	"WR"	"Ladd McConkey"	"Andrew"	"McConkey"	"Foot"	null	"Questionable"	"Foot"	null	"Limited Participation in Practice"
2026	"REG"	"REG"	"LAC"	4	"00-0041550"	"WR"	"Brenen Thompson"	"Brenen"	"Thompson"	"Quadricep"	null	"Out"	"Quadricep"	null	"Did Not Participate In Practice"
2026	"REG"	"REG"	"LV"	4	"00-0034275"	"DT"	"Foley Fatukasi"	"Folorunso"	"Fatukasi"	null	null	null	"Shoulder"	null	"Full Participation in Practice"
2026	"REG"	"REG"	"LV"	4	"00-0035891"	"WR"	"Cody White"	"Cody"	"White"	null	null	null	"Ankle"	null	"Limited Participation in Practice"
2026	"REG"	"REG"	"LV"	4	"00-0036901"	"CB"	"Eric Stokes"	"Eric"	"Stokes"	null	null	null	"Ankle"	null	"Full Participation in Practice"
2026	"REG"	"REG"	"LV"	4	"00-0037461"	"S"	"Tristin McCollum"	"Tristin"	"McCollum"	null	null	null	"Knee"	null	"Full Participation in Practice"
2026	"REG"	"REG"	"LV"	4	"00-0037512"	"S"	"Isaiah Pola-Mao"	"Isaiah"	"Pola-Mao"	null	null	null	"Foot"	null	"Full Participation in Practice"
2026	"REG"	"REG"	"LV"	4	"00-0038579"	"QB"	"Aidan O'Connell"	"Aidan"	"O'Connell"	"Not injury related - personal matter"	null	"Questionable"	"Not injury related - personal matter"	null	"Did Not Participate In Practice"
2026	"REG"	"REG"	"LV"	4	"00-0039338"	"TE"	"Brock Bowers"	"Brock"	"Bowers"	null	null	null	"Knee"	null	"Limited Participation in Practice"
2026	"REG"	"REG"	"LV"	4	"00-0039735"	"G"	"Jackson Powers-Johnson"	"Jackson"	"Powers-Johnson"	"Groin"	null	"Out"	"Groin"	null	"Did Not Participate In Practice"
2026	"REG"	"REG"	"LV"	4	"00-0040122"	"RB"	"Ashton Jeanty"	"Ashton"	"Jeanty"	null	null	null	"Ankle"	null	"Full Participation in Practice"
2026	"REG"	"REG"	"LV"	4	"00-0040868"	"S"	"Treydan Stukes"	"Treydan"	"Stukes"	null	null	null	"Concussion"	null	"Full Participation in Practice"
2026	"REG"	"REG"	"LV"	4	"00-0040894"	"WR"	"Malik Benson"	"Malik"	"Benson"	null	null	null	"Knee"	null	"Full Participation in Practice"
2026	"REG"	"REG"	"MIA"	4	"00-0036159"	"LB"	"Joshua Uche"	"Joshua"	"Uche"	null	null	null	"Foot"	null	"Full Participation in Practice"
2026	"REG"	"REG"	"MIA"	4	"00-0036171"	"C"	"Aaron Brewer"	"Aaron"	"Brewer"	null	null	null	"Hand"	null	"Full Participation in Practice"
2026	"REG"	"REG"	"MIA"	4	"00-0037686"	"LS"	"Tucker Addington"	"Tucker"	"Addington"	null	null	null	"Shoulder"	null	"Limited Participation in Practice"
2026	"REG"	"REG"	"MIA"	4	"00-0038603"	"LB"	"Rob Beal Jr."	"Robert"	"Beal"	"Hamstring"	null	"Out"	"Hamstring"	null	"Did Not Participate In Practice"
2026	"REG"	"REG"	"MIA"	4	"00-0039156"	"CB"	"Julius Brents"	"Julius"	"Brents"	null	null	null	"Knee"	"Heel"	"Full Participation in Practice"
2026	"REG"	"REG"	"MIA"	4	"00-0039481"	"CB"	"Storm Duck"	"Storm"	"Duck"	"Knee"	"Achilles"	"Out"	"Knee"	"Achilles"	"Full Participation in Practice"
2026	"REG"	"REG"	"MIA"	4	"00-0039874"	"RB"	"Jaylen Wright"	"Jaylen"	"Wright"	null	null	null	"Foot"	null	"Full Participation in Practice"
2026	"REG"	"REG"	"MIA"	4	"00-0039911"	"LB"	"Chop Robinson"	"Demeioun"	"Robinson"	null	null	null	"Foot"	null	"Full Participation in Practice"
2026	"REG"	"REG"	"MIA"	4	"00-0040182"	"S"	"Dante Trader Jr."	"Dante"	"Trader"	null	null	null	"Groin"	null	"Full Participation in Practice"
2026	"REG"	"REG"	"MIA"	4	"00-0040248"	"DT"	"Zeek Biggers"	"Zeek"	"Biggers"	null	null	null	"Ankle"	null	"Full Participation in Practice"
2026	"REG"	"REG"	"MIA"	4	"00-0041523"	"WR"	"Caleb Douglas"	"Caleb"	"Douglas"	"Ankle"	null	"Out"	"Ankle"	null	"Did Not Participate In Practice"
2026	"REG"	"REG"	"MIA"	4	"00-0041525"	"WR"	"Chris Bell"	"Christopher"	"Bell"	null	null	null	"Knee"	null	"Full Participation in Practice"
2026	"REG"	"REG"	"MIA"	4	"00-0041579"	"TE"	"Seydou Traore"	"Seydou"	"Traore"	null	null	null	"Thumb"	null	"Full Participation in Practice"
2026	"REG"	"REG"	"MIN"	4	"00-0029606"	"S"	"Harrison Smith"	"Harrison"	"Smith"	null	null	null	"Not injury related - resting player"	null	"Limited Participation in Practice"
2026	"REG"	"REG"	"MIN"	4	"00-0033293"	"RB"	"Aaron Jones"	"Aaron"	"Jones"	null	null	null	"Not injury related - resting player"	null	"Limited Participation in Practice"
2026	"REG"	"REG"	"MIN"	4	"00-0035276"	"LB"	"Blake Cashman"	"Blake"	"Cashman"	null	null	null	"Elbow"	null	"Full Participation in Practice"
2026	"REG"	"REG"	"MIN"	4	"00-0036322"	"WR"	"Justin Jefferson"	"Justin"	"Jefferson"	"Ankle"	null	"Out"	"Ankle"	null	"Did Not Participate In Practice"
2026	"REG"	"REG"	"MIN"	4	"00-0036616"	"T"	"Christian Darrisaw"	"Christian"	"Darrisaw"	null	null	null	"Not injury related - resting player"	null	"Did Not Participate In Practice"
2026	"REG"	"REG"	"MIN"	4	"00-0041083"	"CB"	"Charles Demmings"	"Charles"	"Demmings"	"Hamstring"	null	"Out"	"Hamstring"	null	"Did Not Participate In Practice"
2026	"REG"	"REG"	"MIN"	4	"00-0041581"	"P"	"Brett Thorson"	"Brett"	"Thorson"	"Hamstring"	null	"Out"	"Hamstring"	null	"Did Not Participate In Practice"
2026	"REG"	"REG"	"NE"	4	"00-0031330"	"T"	"Morgan Moses"	"Morgan"	"Moses"	"Foot"	null	"Questionable"	"Foot"	null	"Limited Participation in Practice"
2026	"REG"	"REG"	"NE"	4	"00-0035678"	"LB"	"Dre'Mont Jones"	"Dre'Mont"	"Jones"	"Shoulder"	null	"Questionable"	"Shoulder"	null	"Limited Participation in Practice"
2026	"REG"	"REG"	"NE"	4	"00-0036187"	"FB"	"Reggie Gilliam"	"Reggie"	"Gilliam"	"Knee"	null	"Questionable"	"Knee"	null	"Limited Participation in Practice"
2026	"REG"	"REG"	"NE"	4	"00-0036813"	"LB"	"Christian Elliss"	"Christian"	"Elliss"	"Chest"	null	"Questionable"	"Chest"	null	"Limited Participation in Practice"
2026	"REG"	"REG"	"NE"	4	"00-0036981"	"DT"	"Christian Barmore"	"Christian"	"Barmore"	"Shoulder"	null	"Out"	"Shoulder"	null	"Did Not Participate In Practice"
2026	"REG"	"REG"	"NE"	4	"00-0037205"	"S"	"Brenden Schooler"	"Brenden"	"Schooler"	"Back"	null	"Out"	"Back"	null	"Limited Participation in Practice"
2026	"REG"	"REG"	"NE"	4	"00-0039147"	"CB"	"Christian Gonzalez"	"Christian"	"Gonzalez"	"Shoulder"	null	"Out"	"Shoulder"	null	"Did Not Participate In Practice"
2026	"REG"	"REG"	"NE"	4	"00-0039851"	"QB"	"Drake Maye"	"Drake"	"Maye"	null	null	null	"Shoulder"	null	"Full Participation in Practice"
2026	"REG"	"REG"	"NE"	4	"00-0040716"	"S"	"Craig Woodson"	"Craig"	"Woodson"	"Shoulder"	null	"Questionable"	"Shoulder"	null	"Limited Participation in Practice"
2026	"REG"	"REG"	"NE"	4	"00-0041316"	"CB"	"Channing Canada"	"Channing"	"Canada"	"Hamstring"	null	"Questionable"	"Hamstring"	null	"Limited Participation in Practice"
2026	"REG"	"REG"	"NE"	4	"00-0041395"	"TE"	"Eli Raridon"	"Elijah"	"Raridon"	"Thigh"	null	"Questionable"	"Thigh"	null	"Limited Participation in Practice"
2026	"REG"	"REG"	"NO"	4	"00-0033860"	"DT"	"Davon Godchaux"	"Davon"	"Godchaux"	null	null	null	"Not injury related - resting player"	null	"Full Participation in Practice"
2026	"REG"	"REG"	"NO"	4	"00-0034760"	"DT"	"Nathan Shepherd"	"Nathan"	"Shepherd"	null	null	null	"Not injury related - resting player"	null	"Did Not Participate In Practice"
2026	"REG"	"REG"	"NO"	4	"00-0035316"	"LB"	"Kaden Elliss"	"Kaden"	"Elliss"	"Calf"	null	"Out"	"Calf"	null	"Did Not Participate In Practice"
2026	"REG"	"REG"	"NO"	4	"00-0035402"	"LB"	"Carl Granderson"	"Carl"	"Granderson"	"Ankle"	null	"Out"	"Ankle"	null	"Did Not Participate In Practice"
2026	"REG"	"REG"	"NO"	4	"00-0035644"	"TE"	"Noah Fant"	"Noah"	"Fant"	"Abdomen"	null	"Questionable"	"Abdomen"	null	"Limited Participation in Practice"
2026	"REG"	"REG"	"NO"	4	"00-0036193"	"LB"	"Anfernee Jennings"	"Anfernee"	"Jennings"	"Knee"	null	"Out"	"Knee"	null	"Did Not Participate In Practice"
2026	"REG"	"REG"	"NO"	4	"00-0036253"	"S"	"Julian Blackmon"	"Julian"	"Blackmon"	null	null	null	"Calf"	null	"Full Participation in Practice"
2026	"REG"	"REG"	"NO"	4	"00-0036927"	"LB"	"Pete Werner"	"Pete"	"Werner"	"Shoulder"	null	"Questionable"	"Shoulder"	null	"Did Not Participate In Practice"
2026	"REG"	"REG"	"NO"	4	"00-0037250"	"CB"	"Martin Emerson"	"Martin"	"Emerson"	null	null	null	"Shoulder"	null	"Full Participation in Practice"
2026	"REG"	"REG"	"NO"	4	"00-0039518"	"TE"	"Treyton Welch"	"Treyton"	"Welch"	null	null	null	"Not injury related - personal matter"	null	"Did Not Participate In Practice"
2026	"REG"	"REG"	"NO"	4	"00-0039725"	"CB"	"Jayden Price"	"Jayden"	"Price"	null	null	null	"Ankle"	null	"Limited Participation in Practice"
2026	"REG"	"REG"	"NO"	4	"00-0041099"	"WR"	"Barion Brown"	"Barion"	"Brown"	null	null	null	"Hamstring"	null	"Full Participation in Practice"
2026	"REG"	"REG"	"NO"	4	"00-0041390"	"DT"	"Christen Miller"	"Christen"	"Miller"	null	null	null	"Toe"	null	"Full Participation in Practice"
2026	"REG"	"REG"	"NYG"	4	"00-0033376"	"FB"	"Patrick Ricard"	"Patrick"	"Ricard"	null	null	null	"Nose"	null	"Full Participation in Practice"
2026	"REG"	"REG"	"NYG"	4	"00-0034248"	"S"	"Elijah Campbell"	"Elijah"	"Campbell"	null	null	null	"Foot"	null	"Full Participation in Practice"
2026	"REG"	"REG"	"NYG"	4	"00-0036386"	"T"	"Andrew Thomas"	"Andrew"	"Thomas"	null	null	null	"Groin"	null	"Limited Participation in Practice"
2026	"REG"	"REG"	"NYG"	4	"00-0038986"	"CB"	"Nic Jones"	"Nic"	"Jones"	null	null	null	"Shoulder"	null	"Full Participation in Practice"
2026	"REG"	"REG"	"NYG"	4	"00-0039000"	"CB"	"Deonte Banks"	"Deonte"	"Banks"	null	null	null	"Calf"	null	"Full Participation in Practice"
2026	"REG"	"REG"	"NYG"	4	"00-0039019"	"C"	"John Michael Schmitz"	"John"	"Schmitz"	null	null	null	"Not injury related - personal matter"	null	"Did Not Participate In Practice"
2026	"REG"	"REG"	"NYG"	4	"00-0039384"	"RB"	"Tyrone Tracy Jr."	"Tyrone"	"Tracy"	null	null	null	"Knee"	null	"Full Participation in Practice"
2026	"REG"	"REG"	"NYG"	4	"00-0039861"	"S"	"Tyler Nubin"	"Tyler"	"Nubin"	null	null	null	"Calf"	null	"Full Participation in Practice"
2026	"REG"	"REG"	"NYJ"	4	"00-0034789"	"S"	"Minkah Fitzpatrick"	"Minkah"	"Fitzpatrick"	null	null	null	"Groin"	null	"Full Participation in Practice"
2026	"REG"	"REG"	"NYJ"	4	"00-0036842"	"RB"	"Kene Nwangwu"	"Kene"	"Nwangwu"	null	null	null	"Back"	null	"Full Participation in Practice"
2026	"REG"	"REG"	"NYJ"	4	"00-0037083"	"DE"	"Kingsley Enagbare"	"Kingsley"	"Enagbare"	"Knee"	null	"Questionable"	"Knee"	null	"Limited Participation in Practice"
2026	"REG"	"REG"	"NYJ"	4	"00-0037255"	"G"	"Dylan Parham"	"Dylan"	"Parham"	"Knee"	null	"Out"	"Knee"	null	"Did Not Participate In Practice"
2026	"REG"	"REG"	"NYJ"	4	"00-0037805"	"TE"	"Jeremy Ruckert"	"Jeremy"	"Ruckert"	null	null	null	"Knee"	null	"Full Participation in Practice"
2026	"REG"	"REG"	"NYJ"	4	"00-0038120"	"RB"	"Breece Hall"	"Breece"	"Hall"	"Quadricep"	null	"Out"	"Quadricep"	null	"Did Not Participate In Practice"
2026	"REG"	"REG"	"NYJ"	4	"00-0039890"	"WR"	"Adonai Mitchell"	"Adonai"	"Mitchell"	"Finger"	null	"Out"	"Finger"	null	"Did Not Participate In Practice"
2026	"REG"	"REG"	"NYJ"	4	"00-0040186"	"LB"	"Francisco Mauigoa"	"Francisco"	"Mauigoa"	"Quadricep"	null	"Out"	"Quadricep"	null	"Did Not Participate In Practice"
2026	"REG"	"REG"	"NYJ"	4	"00-0040736"	"TE"	"Mason Taylor"	"Mason"	"Taylor"	"Thumb"	null	"Out"	"Thumb"	null	"Did Not Participate In Practice"
2026	"REG"	"REG"	"NYJ"	4	"00-0041032"	"TE"	"Kenyon Sadiq"	"Kenyon"	"Sadiq"	"Back"	null	"Questionable"	"Back"	null	"Limited Participation in Practice"
2026	"REG"	"REG"	"PHI"	4	"00-0032580"	"CB"	"Jonathan Jones"	"Jonathan"	"Jones"	null	null	null	"Quadricep"	null	"Full Participation in Practice"
2026	"REG"	"REG"	"PHI"	4	"00-0034351"	"TE"	"Dallas Goedert"	"Dallas"	"Goedert"	"Knee"	null	"Out"	"Knee"	null	"Did Not Participate In Practice"
2026	"REG"	"REG"	"PHI"	4	"00-0034951"	"T"	"Fred Johnson"	"Fred"	"Johnson"	"Knee"	null	"Out"	"Knee"	null	"Did Not Participate In Practice"
2026	"REG"	"REG"	"PHI"	4	"00-0034993"	"S"	"Marcus Epps"	"Marcus"	"Epps"	"Groin"	null	"Out"	"Groin"	null	"Did Not Participate In Practice"
2026	"REG"	"REG"	"PHI"	4	"00-0035662"	"WR"	"Marquise Brown"	"Marquise"	"Brown"	"Ankle"	null	"Out"	"Ankle"	null	"Did Not Participate In Practice"
2026	"REG"	"REG"	"PHI"	4	"00-0036224"	"LB"	"Jonathan Greenard"	"Jonathan"	"Greenard"	null	null	null	"Pectoral"	null	"Full Participation in Practice"
2026	"REG"	"REG"	"PHI"	4	"00-0036418"	"LB"	"Zack Baun"	"Zack"	"Baun"	"Concussion"	null	"Out"	"Concussion"	null	"Did Not Participate In Practice"
2026	"REG"	"REG"	"PHI"	4	"00-0036912"	"WR"	"DeVonta Smith"	"DeVonta"	"Smith"	"Hamstring"	null	"Out"	"Hamstring"	null	"Did Not Participate In Practice"
2026	"REG"	"REG"	"PHI"	4	"00-0037073"	"DT"	"Jordan Davis"	"Jordan"	"Davis"	null	null	null	"Calf"	null	"Full Participation in Practice"
2026	"REG"	"REG"	"PHI"	4	"00-0038386"	"DT"	"Jalen Carter"	"Jalen"	"Carter"	null	null	null	"Wrist"	null	"Full Participation in Practice"
2026	"REG"	"REG"	"PHI"	4	"00-0038412"	"DT"	"Moro Ojomo"	"Moro"	"Ojomo"	null	null	null	"Calf"	"Elbow"	"Full Participation in Practice"
2026	"REG"	"REG"	"PHI"	4	"00-0038555"	"RB"	"Tank Bigsby"	"Cantavious"	"Bigsby"	null	null	null	"Abdomen"	null	"Full Participation in Practice"
2026	"REG"	"REG"	"PHI"	4	"00-0038978"	"DT"	"Byron Young"	"Byron"	"Young"	null	null	null	"Toe"	null	"Full Participation in Practice"
2026	"REG"	"REG"	"PHI"	4	"00-0039746"	"RB"	"Will Shipley"	"William"	"Shipley"	null	null	null	"Foot"	null	"Full Participation in Practice"
2026	"REG"	"REG"	"PHI"	4	"00-0040024"	"WR"	"Darius Cooper"	"Darius"	"Cooper"	null	null	null	"Knee"	null	"Full Participation in Practice"
2026	"REG"	"REG"	"PHI"	4	"00-0040708"	"LB"	"Jihaad Campbell"	"Jihaad"	"Campbell"	null	null	null	"Knee"	"Not injury related - resting player"	"Limited Participation in Practice"
2026	"REG"	"REG"	"PIT"	4	"00-0033055"	"CB"	"Jalen Ramsey"	"Jalen"	"Ramsey"	"Wrist"	null	"Questionable"	"Wrist"	null	"Limited Participation in Practice"
2026	"REG"	"REG"	"PIT"	4	"00-0036139"	"RB"	"Rico Dowdle"	"Rico"	"Dowdle"	"Toe"	null	"Out"	"Toe"	null	"Did Not Participate In Practice"
2026	"REG"	"REG"	"PIT"	4	"00-0036504"	"CB"	"Brandin Echols"	"Brandin"	"Echols"	"Concussion"	null	null	"Concussion"	null	"Limited Participation in Practice"
2026	"REG"	"REG"	"PIT"	4	"00-0039167"	"CB"	"Joey Porter Jr."	"Joey"	"Porter"	"Not injury related - other"	"Back"	"Out"	"Not injury related - other"	"Back"	"Limited Participation in Practice"
2026	"REG"	"REG"	"PIT"	4	"00-0040188"	"DT"	"Yahya Black"	"Yahya"	"Black"	"Not injury related - personal matter"	null	"Questionable"	null	null	null
2026	"REG"	"REG"	"SEA"	4	"00-0031933"	"DT"	"Leonard Williams"	"Leonard"	"Williams"	null	null	null	"Not injury related - resting player"	null	"Full Participation in Practice"
2026	"REG"	"REG"	"SEA"	4	"00-0032387"	"DT"	"Jarran Reed"	"Jarran"	"Reed"	null	null	null	"Foot"	null	"Full Participation in Practice"
2026	"REG"	"REG"	"SEA"	4	"00-0034974"	"S"	"Julian Love"	"Julian"	"Love"	null	null	null	"Calf"	null	"Full Participation in Practice"
2026	"REG"	"REG"	"SEA"	4	"00-0037003"	"LB"	"Chazz Surratt"	"Chazz"	"Surratt"	"Calf"	null	"Questionable"	"Calf"	null	"Limited Participation in Practice"
2026	"REG"	"REG"	"SEA"	4	"00-0037545"	"WR"	"Rashid Shaheed"	"Rashid"	"Shaheed"	null	null	null	"Hip"	null	"Full Participation in Practice"
2026	"REG"	"REG"	"SEA"	4	"00-0038694"	"DT"	"Brandon Pili"	"Brandon"	"Pili"	null	null	null	"Neck"	null	"Full Participation in Practice"
2026	"REG"	"REG"	"SEA"	4	"00-0038765"	"S"	"Ty Okada"	"Tyler"	"Okada"	"Hamstring"	null	"Questionable"	"Hamstring"	null	"Full Participation in Practice"
2026	"REG"	"REG"	"SEA"	4	"00-0039165"	"RB"	"Zach Charbonnet"	"Zachariah"	"Charbonnet"	"Knee"	null	"Out"	"Knee"	null	"Limited Participation in Practice"
2026	"REG"	"REG"	"SEA"	4	"00-0039299"	"RB"	"George Holani"	"George"	"Holani"	null	null	null	"Rib"	null	"Limited Participation in Practice"
2026	"REG"	"REG"	"SEA"	4	"00-0040639"	"G"	"Grey Zabel"	"Grey"	"Zabel"	null	null	null	"Groin"	null	"Full Participation in Practice"
2026	"REG"	"REG"	"SEA"	4	"00-0040733"	"S"	"Nick Emmanwori"	"Nicholas"	"Emmanwori"	null	null	null	"Ankle"	null	"Full Participation in Practice"
2026	"REG"	"REG"	"SEA"	4	"00-0041512"	"RB"	"Jadarian Price"	"Jadarian"	"Price"	"Chest"	null	"Out"	"Chest"	null	"Did Not Participate In Practice"
2026	"REG"	"REG"	"SF"	4	"00-0027857"	"T"	"Trent Williams"	"Trenton"	"Williams"	null	null	null	"Not injury related - resting player"	"Neck"	"Full Participation in Practice"
2026	"REG"	"REG"	"SF"	4	"00-0031408"	"WR"	"Mike Evans"	"Michael"	"Evans"	"Ribs"	null	"Questionable"	"Ribs"	null	"Limited Participation in Practice"
2026	"REG"	"REG"	"SF"	4	"00-0033280"	"RB"	"Christian McCaffrey"	"Christian"	"McCaffrey"	null	null	null	"Not injury related - resting player"	null	"Full Participation in Practice"
2026	"REG"	"REG"	"SF"	4	"00-0034854"	"WR"	"KhaDarel Hodge"	"KhaDarel"	"Hodge"	null	null	null	"Knee"	null	"Did Not Participate In Practice"
2026	"REG"	"REG"	"SF"	4	"00-0034982"	"LB"	"Dre Greenlaw"	"Keaundre"	"Greenlaw"	"Quadricep"	null	"Questionable"	"Quadricep"	null	"Limited Participation in Practice"
2026	"REG"	"REG"	"SF"	4	"00-0035717"	"DE"	"Nick Bosa"	"Nicholas"	"Bosa"	"Knee"	"Calf"	"Out"	"Knee"	"Calf"	"Did Not Participate In Practice"
2026	"REG"	"REG"	"SF"	4	"00-0039148"	"DE"	"Keion White"	"Keion"	"White"	"Hamstring"	null	"Questionable"	"Hamstring"	null	"Limited Participation in Practice"
2026	"REG"	"REG"	"SF"	4	"00-0040660"	"DE"	"Mykel Williams"	"Mykel"	"Williams"	"Knee"	null	"Out"	"Knee"	null	"Limited Participation in Practice"
2026	"REG"	"REG"	"SF"	4	"00-0041078"	"LB"	"Jaden Dugger"	"Jaden"	"Dugger"	"Shoulder"	null	"Questionable"	"Shoulder"	null	"Limited Participation in Practice"
2026	"REG"	"REG"	"SF"	4	"00-0041363"	"DT"	"James Thompson Jr."	"James"	"Thompson"	"Ankle"	null	"Out"	"Ankle"	null	"Did Not Participate In Practice"
2026	"REG"	"REG"	"SF"	4	"00-0041556"	"DE"	"Romello Height"	"Romello"	"Height"	null	null	null	"Hand"	null	"Limited Participation in Practice"
2026	"REG"	"REG"	"TB"	4	"00-0031957"	"DT"	"Rakeem Nunez-Roches"	"Rakeem"	"Nunez-Roches"	"Ankle"	"Foot"	"Questionable"	"Ankle"	"Foot"	"Full Participation in Practice"
2026	"REG"	"REG"	"TB"	4	"00-0032889"	"DT"	"A'Shawn Robinson"	"A'Shawn"	"Robinson"	null	null	null	"Not injury related - resting player"	null	"Full Participation in Practice"
2026	"REG"	"REG"	"TB"	4	"00-0033921"	"WR"	"Chris Godwin Jr."	"Rod"	"Godwin"	null	null	null	"Ankle"	null	"Full Participation in Practice"
2026	"REG"	"REG"	"TB"	4	"00-0034855"	"QB"	"Baker Mayfield"	"Baker"	"Mayfield"	"Thumb"	null	"Out"	"Thumb"	null	"Did Not Participate In Practice"
2026	"REG"	"REG"	"TB"	4	"00-0037311"	"TE"	"Ko Kieft"	"Ko"	"Kieft"	"Elbow"	null	"Out"	"Elbow"	null	"Did Not Participate In Practice"
2026	"REG"	"REG"	"TB"	4	"00-0039049"	"LB"	"SirVocea Dennis"	"SirVocea"	"Dennis"	"Calf"	null	"Questionable"	"Calf"	null	"Limited Participation in Practice"
2026	"REG"	"REG"	"TB"	4	"00-0039068"	"LB"	"Yaya Diaby"	"Yaya"	"Diaby"	null	null	null	"Calf"	"Shoulder"	"Full Participation in Practice"
2026	"REG"	"REG"	"TB"	4	"00-0039361"	"RB"	"Bucky Irving"	"Mar'Keise"	"Irving"	null	null	null	"Glute"	null	"Full Participation in Practice"
2026	"REG"	"REG"	"TB"	4	"00-0040143"	"CB"	"Jacob Parrish"	"Jacob"	"Parrish"	"Not injury related - personal matter"	null	"Questionable"	"Not injury related - personal matter"	null	"Limited Participation in Practice"
2026	"REG"	"REG"	"TB"	4	"00-0040747"	"CB"	"Benjamin Morrison"	"Benjamin"	"Morrison"	"Quadricep"	null	"Out"	"Quadricep"	null	"Did Not Participate In Practice"
2026	"REG"	"REG"	"TB"	4	"00-0041031"	"LB"	"Rueben Bain Jr."	"Rueben"	"Bain"	"Groin"	"Shoulder"	"Out"	"Groin"	"Shoulder"	"Did Not Participate In Practice"
2026	"REG"	"REG"	"TB"	4	"00-0041057"	"CB"	"Keionte Scott"	"Keionte"	"Scott"	null	null	null	"Toe"	null	"Full Participation in Practice"
2026	"REG"	"REG"	"TB"	4	"00-0041079"	"DT"	"DeMonte Capehart"	"DeMonte"	"Capehart"	null	null	null	"Thumb"	null	"Full Participation in Practice"
2026	"REG"	"REG"	"TB"	4	"00-0041502"	"LB"	"Josiah Trotter"	"Josiah"	"Trotter"	null	null	null	"Shoulder"	null	"Full Participation in Practice"
2026	"REG"	"REG"	"TEN"	4	"00-0034805"	"DE"	"John Franklin-Myers"	"John"	"Franklin-Myers"	null	null	null	"Back"	null	"Full Participation in Practice"
2026	"REG"	"REG"	"TEN"	4	"00-0035261"	"RB"	"Tony Pollard"	"Tony"	"Pollard"	null	null	null	"Foot"	null	"Full Participation in Practice"
2026	"REG"	"REG"	"TEN"	4	"00-0039032"	"RB"	"Tyjae Spears"	"Tyjae"	"Spears"	"Ankle"	null	"Questionable"	"Ankle"	null	"Full Participation in Practice"
2026	"REG"	"REG"	"TEN"	4	"00-0040141"	"S"	"Kevin Winston Jr."	"Kevin"	"Winston"	"Shoulder"	null	"Questionable"	"Shoulder"	null	"Did Not Participate In Practice"
2026	"REG"	"REG"	"WAS"	4	"00-0033082"	"G"	"Lucas Patrick"	"Lucas"	"Patrick"	null	null	null	"Foot"	null	"Full Participation in Practice"
2026	"REG"	"REG"	"WAS"	4	"00-0034302"	"LB"	"Frankie Luvu"	"Frank"	"Luvu"	null	null	null	"Groin"	null	"Limited Participation in Practice"
2026	"REG"	"REG"	"WAS"	4	"00-0035149"	"G"	"Nick Allegretti"	"Nick"	"Allegretti"	null	null	null	"Hip"	null	"Full Participation in Practice"
2026	"REG"	"REG"	"WAS"	4	"00-0035279"	"DE"	"Charles Omenihu"	"Charles"	"Omenihu"	null	null	null	"Ankle"	null	"Limited Participation in Practice"
2026	"REG"	"REG"	"WAS"	4	"00-0035659"	"WR"	"Terry McLaurin"	"Terry"	"McLaurin"	"Hamstring"	null	"Questionable"	"Hamstring"	null	"Limited Participation in Practice"
2026	"REG"	"REG"	"WAS"	4	"00-0036260"	"DT"	"Javon Kinlaw"	"Javon"	"Kinlaw"	null	null	null	"Shoulder"	null	"Full Participation in Practice"
2026	"REG"	"REG"	"WAS"	4	"00-0036375"	"CB"	"Amik Robertson"	"Amik"	"Robertson"	null	null	null	"Knee"	null	"Full Participation in Practice"
2026	"REG"	"REG"	"WAS"	4	"00-0036618"	"G"	"Sam Cosmi"	"Samuel"	"Cosmi"	"Concussion"	"Throat"	"Out"	"Concussion"	"Throat"	"Did Not Participate In Practice"
2026	"REG"	"REG"	"WAS"	4	"00-0037256"	"RB"	"Rachaad White"	"Rachaad"	"White"	"Shoulder"	null	"Out"	"Shoulder"	null	"Did Not Participate In Practice"
2026	"REG"	"REG"	"WAS"	4	"00-0037616"	"S"	"Nick Cross"	"Nicolas"	"Cross"	"Illness"	null	"Out"	"Illness"	null	"Did Not Participate In Practice"
2026	"REG"	"REG"	"WAS"	4	"00-0037809"	"TE"	"Chig Okonkwo"	"Chigoziem"	"Okonkwo"	null	null	null	"Hamstring"	null	"Limited Participation in Practice"
2026	"REG"	"REG"	"WAS"	4	"00-0038100"	"S"	"Percy Butler"	"Percy"	"Butler"	"Concussion"	null	"Questionable"	"Concussion"	null	"Full Participation in Practice"
2026	"REG"	"REG"	"WAS"	4	"00-0039149"	"S"	"Quan Martin"	"Jartavius"	"Martin"	null	null	null	"Groin"	null	"Full Participation in Practice"
2026	"REG"	"REG"	"WAS"	4	"00-0039910"	"QB"	"Jayden Daniels"	"Jayden"	"Daniels"	"Elbow"	null	"Out"	"Elbow"	null	"Limited Participation in Practice"
2026	"REG"	"REG"	"WAS"	4	"00-0039912"	"TE"	"Ben Sinnott"	"Ben"	"Sinnott"	null	null	null	"Rib"	null	"Limited Participation in Practice"
