player_id	player_name	player_display_name	position	position_group	headshot_url	season	week	season_type	game_id	team	opponent_team	completions	attempts	passing_yards	passing_tds	passing_interceptions	sacks_suffered	sack_yards_lost	sack_fumbles	sack_fumbles_lost	passing_air_yards	passing_yards_after_catch	passing_first_downs	passing_epa	passing_cpoe	passing_2pt_conversions	pacr	passing_10	passing_16	passing_20	passing_40	carries	rushing_yards	rushing_tds	rushing_fumbles	rushing_fumbles_lost	rushing_first_downs	rushing_epa	rushing_2pt_conversions	rushing_10	rushing_12	rushing_20	rushing_40	receptions	targets	receiving_yards	receiving_tds	receiving_fumbles	receiving_fumbles_lost	receiving_air_yards	receiving_yards_after_catch	receiving_first_downs	receiving_epa	receiving_2pt_conversions	receiving_10	receiving_16	receiving_20	receiving_40	racr	target_share	air_yards_share	wopr	special_teams_tds	def_tackles_solo	def_tackles_with_assist	def_tackle_assists	def_tackles_for_loss	def_tackles_for_loss_yards	def_fumbles_forced	def_sacks	def_sack_yards	def_qb_hits	def_interceptions	def_interception_yards	def_pass_defended	def_tds	def_fumbles	def_safeties	def_punt_blocks	def_pat_blocks	def_fg_blocks	def_2pt_atts	def_2pt_made	misc_yards	fumble_recovery_own	fumble_recovery_yards_own	fumble_recovery_opp	fumble_recovery_yards_opp	fumble_recovery_tds	penalties	penalty_yards	fumbles_forced_by_opp	fumbles_not_forced	fumbles_out_of_bounds	fumbles_total	fumbles_lost_total	punt_returns	punt_return_yards	kickoff_returns	kickoff_return_yards	fg_made	fg_att	fg_missed	fg_blocked	fg_long	fg_pct	fg_made_0_19	fg_made_20_29	fg_made_30_39	fg_made_40_49	fg_made_50_59	fg_made_60_	fg_missed_0_19	fg_missed_20_29	fg_missed_30_39	fg_missed_40_49	fg_missed_50_59	fg_missed_60_	fg_made_list	fg_missed_list	fg_blocked_list	fg_made_distance	fg_missed_distance	fg_blocked_distance	pat_made	pat_att	pat_missed	pat_blocked	pat_pct	gwfg_made	gwfg_att	gwfg_missed	gwfg_blocked	gwfg_distance	pt_att	pt_blocked	pt_long	pt_yards	pt_inside_20	pt_out_of_bounds	pt_downed	pt_touchback	pt_fair_caught	pt_returned	pt_return_yards	pt_return_tds	pt_net_yards	fantasy_points	fantasy_points_ppr
"00-0030506"	"T.Kelce"	"Travis Kelce"	"TE"	"TE"	"https://static.www.nfl.com/image/upload/f_auto,q_auto/league/dpxovcfku6ud2aohgf6a"	2026	1	"REG"	"2026_01_DEN_KC"	"KC"	"DEN"	0	0	0	0	0	0	0	0	0	0	0	0	null	null	0	null	0	0	0	0	0	0	0	0	0	0	null	0	0	0	0	0	3	5	71	0	0	0	29	63	2	4.9681406546151266	0	1	1	1	1	2.4482758620689653	0.2	0.21804511278195488	0.45263157894736844	0	0	0	0	0	0	0	0	0	0	0	0	0	0	0	0	0	0	0	0	0	0	0	0	0	0	0	0	0	0	0	0	0	0	0	0	0	0	0	0	0	0	null	null	0	0	0	0	0	0	0	0	0	0	0	0	null	null	null	0	0	0	0	0	0	0	null	0	0	0	0	0	0	0	null	0	0	0	0	0	0	0	0	0	0	7.1000000000000005	10.100000000000001
"00-0030506"	"T.Kelce"	"Travis Kelce"	"TE"	"TE"	"https://static.www.nfl.com/image/upload/f_auto,q_auto/league/dpxovcfku6ud2aohgf6a"	2026	2	"REG"	"2026_02_IND_KC"	"KC"	"IND"	0	0	0	0	0	0	0	0	0	0	0	0	null	null	0	null	0	0	0	0	0	0	0	0	0	0	null	0	0	0	0	0	9	11	101	1	0	0	56	66	7	5.1077195089876195	0	7	3	0	0	1.8035714285714286	0.2558139534883721	0.21374045801526717	0.5333392508432452	0	0	0	0	0	0	0	0	0	0	0	0	0	0	0	0	0	0	0	0	0	0	0	0	0	0	0	0	0	0	0	0	0	0	0	0	0	0	0	0	0	0	null	null	0	0	0	0	0	0	0	0	0	0	0	0	null	null	null	0	0	0	0	0	0	0	null	0	0	0	0	0	0	0	null	0	0	0	0	0	0	0	0	0	0	16.1	25.1
"00-0030506"	"T.Kelce"	"Travis Kelce"	"TE"	"TE"	"https://static.www.nfl.com/image/upload/f_auto,q_auto/league/dpxovcfku6ud2aohgf6a"	2026	3	"REG"	"2026_03_KC_MIA"	"KC"	"MIA"	0	0	0	0	0	0	0	0	0	0	0	0	null	null	0	null	0	0	0	0	0	0	0	0	0	0	null	0	0	0	0	0	2	2	59	1	0	0	33	26	2	6.51522078999551	0	2	1	1	1	1.7878787878787878	0.08695652173913043	0.20496894409937888	0.27391304347826084	0	0	0	0	0	0	0	0	0	0	0	0	0	0	0	0	0	0	0	0	0	0	0	0	0	0	0	0	0	0	0	0	0	0	0	0	0	0	0	0	0	0	null	null	0	0	0	0	0	0	0	0	0	0	0	0	null	null	null	0	0	0	0	0	0	0	null	0	0	0	0	0	0	0	null	0	0	0	0	0	0	0	0	0	0	11.9	13.9
"00-0031408"	"M.Evans"	"Mike Evans"	"WR"	"WR"	"https://static.www.nfl.com/image/upload/f_auto,q_auto/league/zc4ujpmndyxrbiyyjomz"	2026	2	"REG"	"2026_02_MIA_SF"	"SF"	"MIA"	0	0	0	0	0	0	0	0	0	0	0	0	null	null	0	null	0	0	0	0	0	0	0	0	0	0	null	0	0	0	0	0	3	3	54	0	0	0	40	14	3	4.730523996200645	0	3	2	1	0	1.35	0.14285714285714285	0.2222222222222222	0.3698412698412698	0	0	0	0	0	0	0	0	0	0	0	0	0	0	0	0	0	0	0	0	0	0	0	0	0	0	0	0	0	0	0	0	0	0	0	0	0	0	0	0	0	0	null	null	0	0	0	0	0	0	0	0	0	0	0	0	null	null	null	0	0	0	0	0	0	0	null	0	0	0	0	0	0	0	null	0	0	0	0	0	0	0	0	0	0	5.4	8.4
"00-0031408"	"M.Evans"	"Mike Evans"	"WR"	"WR"	"https://static.www.nfl.com/image/upload/f_auto,q_auto/league/zc4ujpmndyxrbiyyjomz"	2026	3	"REG"	"2026_03_ARI_SF"	"SF"	"ARI"	0	0	0	0	0	0	0	0	0	0	0	0	null	null	0	null	0	0	0	0	0	0	0	0	0	0	null	0	0	0	0	0	3	6	34	1	0	0	80	-3	3	9.471501614840236	0	1	1	1	0	0.425	0.23076923076923078	0.272108843537415	0.5366300366300366	0	0	0	0	0	0	0	0	0	0	0	0	0	0	0	0	0	0	0	0	0	0	0	0	0	0	0	0	0	0	0	0	0	0	0	0	0	0	0	0	0	0	null	null	0	0	0	0	0	0	0	0	0	0	0	0	null	null	null	0	0	0	0	0	0	0	null	0	0	0	0	0	0	0	null	0	0	0	0	0	0	0	0	0	0	9.4	12.4
"00-0033077"	"D.Prescott"	"Dak Prescott"	"QB"	"QB"	"https://static.www.nfl.com/image/upload/f_auto,q_auto/league/yvscmqq1qki8zfsemmcd"	2026	1	"REG"	"2026_01_DAL_NYG"	"DAL"	"NYG"	22	34	175	2	1	0	0	0	0	309	91	12	10.380902764562052	7.729866604010264	0	0.5663430420711975	8	2	0	0	2	14	0	0	0	1	0.9365367433056235	0	1	0	0	0	0	0	0	0	0	0	0	0	0	null	0	0	0	0	0	null	0	0	0	0	0	0	0	0	0	0	0	0	0	0	0	0	0	0	0	0	0	0	0	0	0	0	0	0	0	0	0	0	0	0	0	0	0	0	0	0	0	0	0	0	0	null	null	0	0	0	0	0	0	0	0	0	0	0	0	null	null	null	0	0	0	0	0	0	0	null	0	0	0	0	0	0	0	null	0	0	0	0	0	0	0	0	0	0	14.4	14.4
"00-0033077"	"D.Prescott"	"Dak Prescott"	"QB"	"QB"	"https://static.www.nfl.com/image/upload/f_auto,q_auto/league/yvscmqq1qki8zfsemmcd"	2026	3	"REG"	"2026_03_BAL_DAL"	"DAL"	"BAL"	25	40	276	1	0	1	-9	0	0	272	115	14	13.32153209474043	-3.8378017395734787	1	1.0147058823529411	13	5	1	1	4	19	0	0	0	1	-0.7599153143237345	0	0	0	0	0	0	0	0	0	0	0	0	0	0	null	0	0	0	0	0	null	0	0	0	0	0	0	0	0	0	0	0	0	0	0	0	0	0	0	0	0	0	0	0	0	0	0	0	0	0	0	0	0	0	0	0	0	0	0	0	0	0	0	0	0	0	null	null	0	0	0	0	0	0	0	0	0	0	0	0	null	null	null	0	0	0	0	0	0	0	null	0	0	0	0	0	0	0	null	0	0	0	0	0	0	0	0	0	0	18.94	18.94
"00-0033280"	"C.McCaffrey"	"Christian McCaffrey"	"RB"	"RB"	"https://static.www.nfl.com/image/upload/f_auto,q_auto/league/st82s2ytyzanatcmkqck"	2026	2	"REG"	"2026_02_MIA_SF"	"SF"	"MIA"	0	0	0	0	0	0	0	0	0	0	0	0	null	null	0	null	0	0	0	0	10	23	2	0	0	2	-0.563817018235568	0	0	0	0	0	4	4	43	0	0	0	11	32	4	5.505734695005231	0	2	1	0	0	3.909090909090909	0.19047619047619047	0.06111111111111111	0.3284920634920635	0	0	0	0	0	0	0	0	0	0	0	0	0	0	0	0	0	0	0	0	0	0	0	0	0	0	0	0	0	0	0	0	0	0	0	0	0	0	0	0	0	0	null	null	0	0	0	0	0	0	0	0	0	0	0	0	null	null	null	0	0	0	0	0	0	0	null	0	0	0	0	0	0	0	null	0	0	0	0	0	0	0	0	0	0	18.6	22.6
"00-0033280"	"C.McCaffrey"	"Christian McCaffrey"	"RB"	"RB"	"https://static.www.nfl.com/image/upload/f_auto,q_auto/league/st82s2ytyzanatcmkqck"	2026	3	"REG"	"2026_03_ARI_SF"	"SF"	"ARI"	0	0	0	0	0	0	0	0	0	0	0	0	null	null	0	null	0	0	0	0	15	75	1	0	0	4	-0.3811291803140193	0	3	2	0	0	4	5	41	0	0	0	32	24	3	2.4447837921907194	0	3	0	0	0	1.28125	0.19230769230769232	0.10884353741496598	0.3646520146520147	0	0	0	0	0	0	0	0	0	0	0	0	0	0	0	0	0	0	0	0	0	0	0	0	0	0	0	0	0	0	0	0	0	0	0	0	0	0	0	0	0	0	null	null	0	0	0	0	0	0	0	0	0	0	0	0	null	null	null	0	0	0	0	0	0	0	null	0	0	0	0	0	0	0	null	0	0	0	0	0	0	0	0	0	0	17.6	21.6
"00-0033288"	"G.Kittle"	"George Kittle"	"TE"	"TE"	"https://static.www.nfl.com/image/upload/f_auto,q_auto/league/vkicdglglkyukgyxtmpx"	2026	2	"REG"	"2026_02_MIA_SF"	"SF"	"MIA"	0	0	0	0	0	0	0	0	0	0	0	0	null	null	0	null	0	0	0	0	0	0	0	0	0	0	null	0	0	0	0	0	4	4	80	1	0	0	50	30	3	5.767950102279428	0	3	2	2	1	1.6	0.19047619047619047	0.2777777777777778	0.4801587301587301	0	0	0	0	0	0	0	0	0	0	0	0	0	0	0	0	0	0	0	0	0	0	0	0	0	0	0	1	5	0	0	0	0	0	0	0	0	0	0	0	0	0	null	null	0	0	0	0	0	0	0	0	0	0	0	0	null	null	null	0	0	0	0	0	0	0	null	0	0	0	0	0	0	0	null	0	0	0	0	0	0	0	0	0	0	14	18
"00-0033288"	"G.Kittle"	"George Kittle"	"TE"	"TE"	"https://static.www.nfl.com/image/upload/f_auto,q_auto/league/vkicdglglkyukgyxtmpx"	2026	3	"REG"	"2026_03_ARI_SF"	"SF"	"ARI"	0	0	0	0	0	0	0	0	0	0	0	0	null	null	0	null	0	0	0	0	0	0	0	0	0	0	null	0	0	0	0	0	6	7	82	2	0	0	54	30	6	10.216605656431057	0	6	2	1	0	1.5185185185185186	0.2692307692307692	0.1836734693877551	0.5324175824175824	0	0	0	0	0	0	0	0	0	0	0	0	0	0	0	0	0	0	0	0	0	0	0	0	0	0	0	1	10	0	0	0	0	0	0	0	0	0	0	0	0	0	null	null	0	0	0	0	0	0	0	0	0	0	0	0	null	null	null	0	0	0	0	0	0	0	null	0	0	0	0	0	0	0	null	0	0	0	0	0	0	0	0	0	0	20.200000000000003	26.200000000000003
"00-0033293"	"A.Jones"	"Aaron Jones"	"RB"	"RB"	"https://static.www.nfl.com/image/upload/f_auto,q_auto/league/bktkfvgfwujkdbzkcfim"	2026	1	"REG"	"2026_01_GB_MIN"	"MIN"	"GB"	0	0	0	0	0	0	0	0	0	0	0	0	null	null	0	null	0	0	0	0	12	40	1	0	0	3	-1.0463833347894251	0	0	0	0	0	0	1	0	0	0	0	4	0	0	-0.8836858479771763	0	0	0	0	0	0	0.043478260869565216	0.022727272727272728	0.08112648221343874	0	0	0	0	0	0	0	0	0	0	0	0	0	0	0	0	0	0	0	0	0	0	0	0	0	0	0	0	0	0	0	0	0	0	0	0	0	0	0	0	0	0	null	null	0	0	0	0	0	0	0	0	0	0	0	0	null	null	null	0	0	0	0	0	0	0	null	0	0	0	0	0	0	0	null	0	0	0	0	0	0	0	0	0	0	10	10
"00-0033293"	"A.Jones"	"Aaron Jones"	"RB"	"RB"	"https://static.www.nfl.com/image/upload/f_auto,q_auto/league/bktkfvgfwujkdbzkcfim"	2026	2	"REG"	"2026_02_MIN_CHI"	"MIN"	"CHI"	0	0	0	0	0	0	0	0	0	0	0	0	null	null	0	null	0	0	0	0	23	105	0	0	0	3	-2.3553937598480843	0	2	2	1	0	0	0	0	0	0	0	0	0	0	null	0	0	0	0	0	null	0	0	0	0	0	0	0	0	0	0	0	0	0	0	0	0	0	0	0	0	0	0	0	0	0	0	0	0	0	0	0	0	0	0	0	0	0	0	0	0	0	0	0	0	0	null	null	0	0	0	0	0	0	0	0	0	0	0	0	null	null	null	0	0	0	0	0	0	0	null	0	0	0	0	0	0	0	null	0	0	0	0	0	0	0	0	0	0	10.5	10.5
"00-0033293"	"A.Jones"	"Aaron Jones"	"RB"	"RB"	"https://static.www.nfl.com/image/upload/f_auto,q_auto/league/bktkfvgfwujkdbzkcfim"	2026	3	"REG"	"2026_03_MIN_TB"	"MIN"	"TB"	0	0	0	0	0	0	0	0	0	0	0	0	null	null	0	null	0	0	0	0	17	58	0	0	0	3	-1.391374699254413	0	1	1	0	0	5	6	34	0	0	0	-11	42	1	-1.2308551868656994	0	2	0	0	0	-3.090909090909091	0.24	-0.04365079365079365	0.32944444444444443	0	0	0	0	0	0	0	0	0	0	0	0	0	0	0	0	0	0	0	0	0	0	0	0	0	0	0	0	0	0	0	0	0	0	0	0	0	0	0	0	0	0	null	null	0	0	0	0	0	0	0	0	0	0	0	0	null	null	null	0	0	0	0	0	0	0	null	0	0	0	0	0	0	0	null	0	0	0	0	0	0	0	0	0	0	9.200000000000001	14.200000000000001
"00-0033873"	"P.Mahomes"	"Patrick Mahomes"	"QB"	"QB"	"https://static.www.nfl.com/image/upload/f_auto,q_auto/league/wdckwtob1lybvkmxnf7p"	2026	1	"REG"	"2026_01_DEN_KC"	"KC"	"DEN"	15	27	184	2	1	2	-12	0	0	133	166	7	-2.3018313947744926	-11.91810131072998	0	1.3834586466165413	5	3	2	1	7	23	1	0	0	2	-1.1145332257729024	0	1	1	0	0	0	0	0	0	0	0	0	0	0	null	0	0	0	0	0	null	0	0	0	0	0	0	0	0	0	0	0	0	0	0	0	0	0	0	0	0	0	0	0	0	0	2	0	0	0	0	0	0	0	0	0	0	0	0	0	0	0	0	0	0	0	null	null	0	0	0	0	0	0	0	0	0	0	0	0	null	null	null	0	0	0	0	0	0	0	null	0	0	0	0	0	0	0	null	0	0	0	0	0	0	0	0	0	0	21.66	21.66
"00-0033873"	"P.Mahomes"	"Patrick Mahomes"	"QB"	"QB"	"https://static.www.nfl.com/image/upload/f_auto,q_auto/league/wdckwtob1lybvkmxnf7p"	2026	2	"REG"	"2026_02_IND_KC"	"KC"	"IND"	32	47	382	3	0	2	-11	0	0	262	220	19	13.424555124356804	3.7312815355700115	0	1.4580152671755726	17	10	5	1	2	17	0	0	0	1	0.49285998806590214	0	1	1	0	0	0	0	0	0	0	0	0	0	0	null	0	0	0	0	0	null	0	0	0	0	0	0	0	0	0	0	0	0	0	0	0	0	0	0	0	0	0	0	0	0	0	0	0	0	0	0	0	0	0	0	0	0	0	0	0	0	0	0	0	0	0	null	null	0	0	0	0	0	0	0	0	0	0	0	0	null	null	null	0	0	0	0	0	0	0	null	0	0	0	0	0	0	0	null	0	0	0	0	0	0	0	0	0	0	28.98	28.98
"00-0033873"	"P.Mahomes"	"Patrick Mahomes"	"QB"	"QB"	"https://static.www.nfl.com/image/upload/f_auto,q_auto/league/wdckwtob1lybvkmxnf7p"	2026	3	"REG"	"2026_03_KC_MIA"	"KC"	"MIA"	20	24	246	2	1	0	0	0	0	161	133	11	12.923860085546647	18.676021954287652	0	1.5279503105590062	11	5	3	1	1	1	0	0	0	0	-0.5804697268176824	0	0	0	0	0	0	0	0	0	0	0	0	0	0	null	0	0	0	0	0	null	0	0	0	0	0	0	0	0	0	0	0	0	0	0	0	0	0	0	0	0	0	0	0	0	0	0	0	0	0	0	0	0	0	0	0	0	0	0	0	0	0	0	0	0	0	null	null	0	0	0	0	0	0	0	0	0	0	0	0	null	null	null	0	0	0	0	0	0	0	null	0	0	0	0	0	0	0	null	0	0	0	0	0	0	0	0	0	0	15.94	15.94
"00-0034348"	"C.Sutton"	"Courtland Sutton"	"WR"	"WR"	"https://static.www.nfl.com/image/upload/f_auto,q_auto/league/kqwmqcrlrwmqcvfuguhs"	2026	1	"REG"	"2026_01_DEN_KC"	"DEN"	"KC"	0	0	0	0	0	0	0	0	0	0	0	0	null	null	0	null	0	0	0	0	0	0	0	0	0	0	null	0	0	0	0	0	2	5	11	0	0	0	40	4	0	-4.80634321924299	0	0	0	0	0	0.275	0.18518518518518517	0.43478260869565216	0.5821256038647342	0	1	0	0	0	0	0	0	0	0	0	0	0	0	0	0	0	0	0	0	0	0	0	0	0	0	0	0	0	0	0	0	0	0	0	0	0	0	0	0	0	0	null	null	0	0	0	0	0	0	0	0	0	0	0	0	null	null	null	0	0	0	0	0	0	0	null	0	0	0	0	0	0	0	null	0	0	0	0	0	0	0	0	0	0	1.1	3.1
"00-0034348"	"C.Sutton"	"Courtland Sutton"	"WR"	"WR"	"https://static.www.nfl.com/image/upload/f_auto,q_auto/league/kqwmqcrlrwmqcvfuguhs"	2026	2	"REG"	"2026_02_JAX_DEN"	"DEN"	"JAX"	0	0	0	0	0	0	0	0	0	0	0	0	null	null	0	null	0	0	0	0	0	0	0	0	0	0	null	0	0	0	0	0	3	4	25	0	0	0	31	2	1	-2.5181032286491245	0	1	0	0	0	0.8064516129032258	0.13793103448275862	0.11567164179104478	0.28786670097786926	0	0	0	0	0	0	0	0	0	0	0	0	0	0	0	0	0	0	0	0	0	0	0	0	0	0	0	0	0	0	0	0	0	0	0	0	0	0	0	0	0	0	null	null	0	0	0	0	0	0	0	0	0	0	0	0	null	null	null	0	0	0	0	0	0	0	null	0	0	0	0	0	0	0	null	0	0	0	0	0	0	0	0	0	0	2.5	5.5
"00-0034383"	"D.Schultz"	"Dalton Schultz"	"TE"	"TE"	"https://static.www.nfl.com/image/upload/f_auto,q_auto/league/ym8sbkev8l4scnrc0vd8"	2026	1	"REG"	"2026_01_BUF_HOU"	"HOU"	"BUF"	0	0	0	0	0	0	0	0	0	0	0	0	null	null	0	null	0	0	0	0	0	0	0	0	0	0	null	0	0	0	0	0	4	8	35	0	0	0	26	27	1	-2.523300977947656	0	1	1	0	0	1.3461538461538463	0.21621621621621623	0.08074534161490683	0.38084606345475913	0	0	0	0	0	0	0	0	0	0	0	0	0	0	0	0	0	0	0	0	0	0	0	0	0	0	0	0	0	0	0	0	0	0	0	0	0	0	0	0	0	0	null	null	0	0	0	0	0	0	0	0	0	0	0	0	null	null	null	0	0	0	0	0	0	0	null	0	0	0	0	0	0	0	null	0	0	0	0	0	0	0	0	0	0	3.5	7.5
"00-0034383"	"D.Schultz"	"Dalton Schultz"	"TE"	"TE"	"https://static.www.nfl.com/image/upload/f_auto,q_auto/league/ym8sbkev8l4scnrc0vd8"	2026	2	"REG"	"2026_02_CIN_HOU"	"HOU"	"CIN"	0	0	0	0	0	0	0	0	0	0	0	0	null	null	0	null	0	0	0	0	0	0	0	0	0	0	null	0	0	0	0	0	12	14	140	0	0	0	104	63	6	7.491695483991697	0	5	2	2	0	1.3461538461538463	0.28	0.21894736842105264	0.5732631578947369	0	0	0	0	0	0	0	0	0	0	0	0	0	0	0	0	0	0	0	0	0	0	0	0	0	0	0	0	0	0	0	0	0	0	0	0	0	0	0	0	0	0	null	null	0	0	0	0	0	0	0	0	0	0	0	0	null	null	null	0	0	0	0	0	0	0	null	0	0	0	0	0	0	0	null	0	0	0	0	0	0	0	0	0	0	14	26
"00-0034383"	"D.Schultz"	"Dalton Schultz"	"TE"	"TE"	"https://static.www.nfl.com/image/upload/f_auto,q_auto/league/ym8sbkev8l4scnrc0vd8"	2026	3	"REG"	"2026_03_HOU_IND"	"HOU"	"IND"	0	0	0	0	0	0	0	0	0	0	0	0	null	null	0	null	0	0	0	0	0	0	0	0	0	0	null	0	0	0	0	0	3	3	30	0	0	0	27	3	1	-0.9707698775882312	0	1	1	0	0	1.1111111111111112	0.12	0.08059701492537313	0.23641791044776117	0	0	0	0	0	0	0	0	0	0	0	0	0	0	0	0	0	0	0	0	0	0	0	0	0	0	0	0	0	0	0	0	0	0	0	0	0	0	0	0	0	0	null	null	0	0	0	0	0	0	0	0	0	0	0	0	null	null	null	0	0	0	0	0	0	0	null	0	0	0	0	0	0	0	null	0	0	0	0	0	0	0	0	0	0	3	6
"00-0034796"	"L.Jackson"	"Lamar Jackson"	"QB"	"QB"	"https://static.www.nfl.com/image/upload/f_auto,q_auto/league/eno6s5qzl9grbfbfwhoa"	2026	1	"REG"	"2026_01_BAL_IND"	"BAL"	"IND"	17	25	324	1	0	2	-20	1	1	269	169	11	10.343673247451648	4.801740248998006	0	1.204460966542751	13	7	3	3	7	40	1	0	0	3	2.2543068206869066	0	2	2	0	0	0	0	0	0	0	0	0	0	0	null	0	0	0	0	0	null	0	0	0	0	0	0	0	0	0	0	0	0	0	0	0	0	0	0	0	0	0	0	0	0	0	0	0	0	0	0	0	0	1	0	0	1	1	0	0	0	0	0	0	0	0	null	null	0	0	0	0	0	0	0	0	0	0	0	0	null	null	null	0	0	0	0	0	0	0	null	0	0	0	0	0	0	0	null	0	0	0	0	0	0	0	0	0	0	24.96	24.96
"00-0034796"	"L.Jackson"	"Lamar Jackson"	"QB"	"QB"	"https://static.www.nfl.com/image/upload/f_auto,q_auto/league/eno6s5qzl9grbfbfwhoa"	2026	2	"REG"	"2026_02_NO_BAL"	"BAL"	"NO"	21	31	235	1	1	3	-31	0	0	321	84	11	3.317396754683428	7.856235421937088	0	0.7320872274143302	8	5	3	1	4	34	0	0	0	3	0.3129085500841029	0	2	1	0	0	0	0	0	0	0	0	0	0	0	null	0	0	0	0	0	null	0	0	0	0	0	0	0	0	0	0	0	0	0	0	0	0	0	0	0	0	0	0	0	0	0	0	0	0	0	0	0	0	0	0	0	0	0	0	0	0	0	0	0	0	0	null	null	0	0	0	0	0	0	0	0	0	0	0	0	null	null	null	0	0	0	0	0	0	0	null	0	0	0	0	0	0	0	null	0	0	0	0	0	0	0	0	0	0	14.8	14.8
"00-0034796"	"L.Jackson"	"Lamar Jackson"	"QB"	"QB"	"https://static.www.nfl.com/image/upload/f_auto,q_auto/league/eno6s5qzl9grbfbfwhoa"	2026	3	"REG"	"2026_03_BAL_DAL"	"BAL"	"DAL"	15	20	186	2	0	0	0	0	0	181	91	11	11.92797839584487	9.19438585639	0	1.0276243093922652	8	4	4	0	6	50	0	0	0	3	2.3624143416818697	0	3	3	1	0	0	0	0	0	0	0	0	0	0	null	0	0	0	0	0	null	0	0	0	0	0	0	0	0	0	0	0	0	0	0	0	0	0	0	0	0	0	0	0	0	0	0	0	0	0	0	0	0	0	0	0	0	0	0	0	0	0	0	0	0	0	null	null	0	0	0	0	0	0	0	0	0	0	0	0	null	null	null	0	0	0	0	0	0	0	null	0	0	0	0	0	0	0	null	0	0	0	0	0	0	0	0	0	0	20.44	20.44
"00-0034827"	"D.Moore"	"DJ Moore"	"WR"	"WR"	"https://static.www.nfl.com/image/upload/f_auto,q_auto/league/lsavpxtqoqu25emwcnvy"	2026	1	"REG"	"2026_01_BUF_HOU"	"BUF"	"HOU"	0	0	0	0	0	0	0	0	0	0	0	0	null	null	0	null	0	0	0	0	0	0	0	0	0	0	null	0	0	0	0	0	5	8	100	1	0	0	158	24	4	6.376654519874137	0	4	3	1	1	0.6329113924050633	0.2857142857142857	0.412532637075718	0.7173442745244312	0	0	0	0	0	0	0	0	0	0	0	0	0	0	0	0	0	0	0	0	0	0	0	0	0	0	0	0	0	0	0	0	0	0	0	0	0	0	0	0	0	0	null	null	0	0	0	0	0	0	0	0	0	0	0	0	null	null	null	0	0	0	0	0	0	0	null	0	0	0	0	0	0	0	null	0	0	0	0	0	0	0	0	0	0	16	21
"00-0034960"	"J.Meyers"	"Jakobi Meyers"	"WR"	"WR"	"https://static.www.nfl.com/image/upload/f_auto,q_auto/league/zrs4ij8mvw7wr1uujwew"	2026	1	"REG"	"2026_01_CLE_JAX"	"JAX"	"CLE"	0	0	0	0	0	0	0	0	0	0	0	0	null	null	0	null	0	0	0	0	1	2	0	0	0	1	0.40403432701714337	0	0	0	0	0	2	2	40	1	0	0	29	11	2	4.742745386785828	0	1	1	1	0	1.3793103448275863	0.09523809523809523	0.11983471074380166	0.226741440377804	0	0	0	0	0	0	0	0	0	0	0	0	0	0	0	0	0	0	0	0	0	0	0	0	0	0	0	0	0	0	0	0	0	0	0	0	0	0	0	0	0	0	null	null	0	0	0	0	0	0	0	0	0	0	0	0	null	null	null	0	0	0	0	0	0	0	null	0	0	0	0	0	0	0	null	0	0	0	0	0	0	0	0	0	0	10.2	12.2
"00-0034960"	"J.Meyers"	"Jakobi Meyers"	"WR"	"WR"	"https://static.www.nfl.com/image/upload/f_auto,q_auto/league/zrs4ij8mvw7wr1uujwew"	2026	2	"REG"	"2026_02_JAX_DEN"	"JAX"	"DEN"	0	0	0	0	0	0	0	0	0	0	0	0	null	null	0	null	0	0	0	0	0	0	0	0	0	0	null	0	0	0	0	0	1	1	28	0	0	0	21	7	1	3.1389610526384786	0	1	1	1	0	1.3333333333333333	0.03571428571428571	0.0695364238410596	0.10224692526017029	0	0	0	0	0	0	0	0	0	0	0	0	0	0	0	0	0	0	0	0	0	0	0	0	0	0	0	0	0	0	0	0	0	0	0	0	0	0	0	0	0	0	null	null	0	0	0	0	0	0	0	0	0	0	0	0	null	null	null	0	0	0	0	0	0	0	null	0	0	0	0	0	0	0	null	0	0	0	0	0	0	0	0	0	0	2.8000000000000003	3.8000000000000003
"00-0034960"	"J.Meyers"	"Jakobi Meyers"	"WR"	"WR"	"https://static.www.nfl.com/image/upload/f_auto,q_auto/league/zrs4ij8mvw7wr1uujwew"	2026	3	"REG"	"2026_03_NE_JAX"	"JAX"	"NE"	0	0	0	0	0	0	0	0	0	0	0	0	null	null	0	null	0	0	0	0	0	0	0	0	0	0	null	0	0	0	0	0	7	8	64	1	0	0	64	10	5	8.34302117981133	0	5	0	0	0	1	0.2962962962962963	0.35555555555555557	0.6933333333333334	0	0	0	1	0	0	0	0	0	0	0	0	0	0	0	0	0	0	0	0	0	0	0	0	0	0	0	0	0	0	0	0	0	0	0	0	0	0	0	0	0	0	null	null	0	0	0	0	0	0	0	0	0	0	0	0	null	null	null	0	0	0	0	0	0	0	null	0	0	0	0	0	0	0	null	0	0	0	0	0	0	0	0	0	0	12.4	19.4
"00-0035228"	"K.Murray"	"Kyler Murray"	"QB"	"QB"	"https://static.www.nfl.com/image/upload/f_auto,q_auto/league/btfruyf33adgnjzpcuen"	2026	1	"REG"	"2026_01_GB_MIN"	"MIN"	"GB"	3	5	18	0	1	0	0	0	0	35	17	1	-4.468294847058132	6.358899176120758	0	0.5142857142857142	0	0	0	0	2	9	0	0	0	0	2.2909978239331394	0	0	0	0	0	0	0	0	0	0	0	0	0	0	null	0	0	0	0	0	null	0	0	0	0	0	0	0	0	0	0	0	0	0	0	0	0	0	0	0	0	0	0	0	0	0	0	0	0	0	0	0	0	0	0	0	0	0	0	0	0	0	0	0	0	0	null	null	0	0	0	0	0	0	0	0	0	0	0	0	null	null	null	0	0	0	0	0	0	0	null	0	0	0	0	0	0	0	null	0	0	0	0	0	0	0	0	0	0	-0.38	-0.38
"00-0035228"	"K.Murray"	"Kyler Murray"	"QB"	"QB"	"https://static.www.nfl.com/image/upload/f_auto,q_auto/league/btfruyf33adgnjzpcuen"	2026	3	"REG"	"2026_03_MIN_TB"	"MIN"	"TB"	15	29	168	1	1	3	-16	0	0	252	76	5	-12.093946635718895	-3.923374354839325	0	0.6666666666666666	7	3	3	1	2	17	0	0	0	1	1.7715145715046674	0	1	1	0	0	0	0	0	0	0	0	0	0	0	null	0	0	0	0	0	null	0	0	0	0	0	0	0	0	0	0	0	0	0	0	0	0	0	0	0	0	0	0	0	0	0	0	0	0	0	0	0	0	0	0	0	0	0	0	0	0	0	0	0	0	0	null	null	0	0	0	0	0	0	0	0	0	0	0	0	null	null	null	0	0	0	0	0	0	0	null	0	0	0	0	0	0	0	null	0	0	0	0	0	0	0	0	0	0	10.419999999999998	10.419999999999998
"00-0035261"	"T.Pollard"	"Tony Pollard"	"RB"	"RB"	"https://static.www.nfl.com/image/upload/f_auto,q_auto/league/mb2xdrqiys6ktlcuah2n"	2026	1	"REG"	"2026_01_NYJ_TEN"	"TEN"	"NYJ"	0	0	0	0	0	0	0	0	0	0	0	0	null	null	0	null	0	0	0	0	7	35	0	0	0	1	-0.48754338664002717	0	1	1	0	0	1	2	-1	0	0	0	24	1	0	-1.5755981992697343	0	0	0	0	0	-0.041666666666666664	0.07142857142857142	0.12631578947368421	0.19556390977443608	0	0	0	0	0	0	0	0	0	0	0	0	0	0	0	0	0	0	0	0	0	0	0	0	0	0	0	0	0	0	0	0	0	0	0	0	0	0	0	0	0	0	null	null	0	0	0	0	0	0	0	0	0	0	0	0	null	null	null	0	0	0	0	0	0	0	null	0	0	0	0	0	0	0	null	0	0	0	0	0	0	0	0	0	0	3.4000000000000004	4.4
"00-0035261"	"T.Pollard"	"Tony Pollard"	"RB"	"RB"	"https://static.www.nfl.com/image/upload/f_auto,q_auto/league/mb2xdrqiys6ktlcuah2n"	2026	3	"REG"	"2026_03_TEN_NYG"	"TEN"	"NYG"	0	0	0	0	0	0	0	0	0	0	0	0	null	null	0	null	0	0	0	0	17	74	0	0	0	3	-1.4369910892564803	0	2	2	0	0	4	4	22	0	0	0	2	20	1	0.34240833966759965	0	1	1	0	0	11	0.11428571428571428	0.008771929824561403	0.1775689223057644	0	0	0	0	0	0	0	0	0	0	0	0	0	0	0	0	0	0	0	0	0	0	0	0	0	0	0	0	0	0	0	0	0	0	0	0	0	0	0	0	0	0	null	null	0	0	0	0	0	0	0	0	0	0	0	0	null	null	null	0	0	0	0	0	0	0	null	0	0	0	0	0	0	0	null	0	0	0	0	0	0	0	0	0	0	9.600000000000001	13.600000000000001
"00-0035640"	"D.Metcalf"	"DK Metcalf"	"WR"	"WR"	"https://static.www.nfl.com/image/upload/f_auto,q_auto/league/kxql4sjfelubhxawu2zh"	2026	1	"REG"	"2026_01_ATL_PIT"	"PIT"	"ATL"	0	0	0	0	0	0	0	0	0	0	0	0	null	null	0	null	0	0	0	0	0	0	0	0	0	0	null	0	0	0	0	0	4	10	40	0	0	0	204	5	2	-5.44210947206011	0	2	0	0	0	0.19607843137254902	0.2702702702702703	0.5012285012285013	0.7562653562653563	0	0	0	0	0	0	0	0	0	0	0	0	0	0	0	0	0	0	0	0	0	0	0	0	0	0	0	1	10	0	0	0	0	0	0	0	0	0	0	0	0	0	null	null	0	0	0	0	0	0	0	0	0	0	0	0	null	null	null	0	0	0	0	0	0	0	null	0	0	0	0	0	0	0	null	0	0	0	0	0	0	0	0	0	0	4	8
"00-0035640"	"D.Metcalf"	"DK Metcalf"	"WR"	"WR"	"https://static.www.nfl.com/image/upload/f_auto,q_auto/league/kxql4sjfelubhxawu2zh"	2026	2	"REG"	"2026_02_PIT_NE"	"PIT"	"NE"	0	0	0	0	0	0	0	0	0	0	0	0	null	null	0	null	0	0	0	0	0	0	0	0	0	0	null	0	0	0	0	0	4	9	27	0	0	0	62	15	1	-3.1839297830010764	0	1	1	0	0	0.43548387096774194	0.24324324324324326	0.28837209302325584	0.566725329981144	0	0	0	0	0	0	0	0	0	0	0	0	0	0	0	0	0	0	0	0	0	0	0	0	0	0	0	0	0	0	0	0	0	0	0	0	0	0	0	0	0	0	null	null	0	0	0	0	0	0	0	0	0	0	0	0	null	null	null	0	0	0	0	0	0	0	null	0	0	0	0	0	0	0	null	0	0	0	0	0	0	0	0	0	0	2.7	6.7
"00-0035640"	"D.Metcalf"	"DK Metcalf"	"WR"	"WR"	"https://static.www.nfl.com/image/upload/f_auto,q_auto/league/kxql4sjfelubhxawu2zh"	2026	3	"REG"	"2026_03_CIN_PIT"	"PIT"	"CIN"	0	0	0	0	0	0	0	0	0	0	0	0	null	null	0	null	0	0	0	0	0	0	0	0	0	0	null	0	0	0	0	0	3	5	31	1	0	0	73	8	3	2.4639505234663375	0	2	0	0	0	0.4246575342465753	0.16129032258064516	0.18575063613231552	0.3719609291635886	0	0	0	0	0	0	0	0	0	0	0	0	0	0	0	0	0	0	0	0	0	0	0	0	0	0	0	2	17	0	0	0	0	0	0	0	0	0	0	0	0	0	null	null	0	0	0	0	0	0	0	0	0	0	0	0	null	null	null	0	0	0	0	0	0	0	null	0	0	0	0	0	0	0	null	0	0	0	0	0	0	0	0	0	0	9.1	12.1
"00-0035676"	"A.Brown"	"A.J. Brown"	"WR"	"WR"	"https://static.www.nfl.com/image/upload/f_auto,q_auto/league/qfhvjyssf0lwsh0kienp"	2026	1	"REG"	"2026_01_NE_SEA"	"NE"	"SEA"	0	0	0	0	0	0	0	0	0	0	0	0	null	null	0	null	0	0	0	0	0	0	0	0	0	0	null	0	0	0	0	0	3	4	26	0	0	0	19	14	2	1.251078535686247	0	1	0	0	0	1.368421052631579	0.12903225806451613	0.08597285067873303	0.2537293825718873	0	0	0	0	0	0	0	0	0	0	0	0	0	0	0	0	0	0	0	0	0	0	0	0	0	0	0	0	0	0	0	0	0	0	0	0	0	0	0	0	0	0	null	null	0	0	0	0	0	0	0	0	0	0	0	0	null	null	null	0	0	0	0	0	0	0	null	0	0	0	0	0	0	0	null	0	0	0	0	0	0	0	0	0	0	2.6	5.6
"00-0035685"	"D.Montgomery"	"David Montgomery"	"RB"	"RB"	"https://static.www.nfl.com/image/upload/f_auto,q_auto/league/csz0c9roa4pqsccothxg"	2026	1	"REG"	"2026_01_BUF_HOU"	"HOU"	"BUF"	0	0	0	0	0	0	0	0	0	0	0	0	null	null	0	null	0	0	0	0	20	60	2	0	0	4	-0.30566527624614537	0	1	1	0	0	3	3	19	1	0	0	5	14	1	2.6378715633181855	0	0	0	0	0	3.8	0.08108108108108109	0.015527950310559006	0.13249118683901293	0	0	0	0	0	0	0	0	0	0	0	0	0	0	0	0	0	0	0	0	0	0	0	0	0	0	0	1	15	0	0	0	0	0	0	0	0	0	0	0	0	0	null	null	0	0	0	0	0	0	0	0	0	0	0	0	null	null	null	0	0	0	0	0	0	0	null	0	0	0	0	0	0	0	null	0	0	0	0	0	0	0	0	0	0	25.9	28.9
"00-0035685"	"D.Montgomery"	"David Montgomery"	"RB"	"RB"	"https://static.www.nfl.com/image/upload/f_auto,q_auto/league/csz0c9roa4pqsccothxg"	2026	2	"REG"	"2026_02_CIN_HOU"	"HOU"	"CIN"	0	0	0	0	0	0	0	0	0	0	0	0	null	null	0	null	0	0	0	0	6	10	0	0	0	0	-6.3936652494594455	0	0	0	0	0	2	2	14	0	0	0	9	5	0	0.4301845005247742	0	0	0	0	0	1.5555555555555556	0.04	0.018947368421052633	0.07326315789473684	0	0	0	0	0	0	0	0	0	0	0	0	0	0	0	0	0	0	0	0	0	0	0	0	0	0	0	0	0	0	0	0	0	0	0	0	0	0	0	0	0	0	null	null	0	0	0	0	0	0	0	0	0	0	0	0	null	null	null	0	0	0	0	0	0	0	null	0	0	0	0	0	0	0	null	0	0	0	0	0	0	0	0	0	0	2.4000000000000004	4.4
"00-0035685"	"D.Montgomery"	"David Montgomery"	"RB"	"RB"	"https://static.www.nfl.com/image/upload/f_auto,q_auto/league/csz0c9roa4pqsccothxg"	2026	3	"REG"	"2026_03_HOU_IND"	"HOU"	"IND"	0	0	0	0	0	0	0	0	0	0	0	0	null	null	0	null	0	0	0	0	11	33	0	0	0	1	-5.791325437603518	0	0	0	0	0	2	2	15	0	0	0	11	4	1	1.5017851798329502	0	1	0	0	0	1.3636363636363635	0.08	0.03283582089552239	0.14298507462686566	0	0	0	0	0	0	0	0	0	0	0	0	0	0	0	0	0	0	0	0	0	0	0	0	0	0	0	0	0	0	0	0	0	0	0	0	0	0	0	0	0	0	null	null	0	0	0	0	0	0	0	0	0	0	0	0	null	null	null	0	0	0	0	0	0	0	null	0	0	0	0	0	0	0	null	0	0	0	0	0	0	0	0	0	0	4.800000000000001	6.800000000000001
"00-0035719"	"D.Samuel"	"Deebo Samuel Sr."	"WR"	"WR"	"https://static.www.nfl.com/image/upload/f_auto,q_auto/league/ntgyhqg6hq7fanhhsqiw"	2026	2	"REG"	"2026_02_MIA_SF"	"SF"	"MIA"	0	0	0	0	0	0	0	0	0	0	0	0	null	null	0	null	0	0	0	0	1	4	0	0	0	0	-0.12040513660758734	0	0	0	0	0	3	4	31	0	0	0	19	16	1	2.0401820132974535	0	1	1	1	0	1.631578947368421	0.19047619047619047	0.10555555555555556	0.3596031746031746	0	0	0	0	0	0	0	0	0	0	0	0	0	0	0	0	0	0	0	0	0	0	0	0	0	0	0	0	0	0	0	0	0	0	0	0	1	29	0	0	0	0	null	null	0	0	0	0	0	0	0	0	0	0	0	0	null	null	null	0	0	0	0	0	0	0	null	0	0	0	0	0	0	0	null	0	0	0	0	0	0	0	0	0	0	3.5	6.5
"00-0035719"	"D.Samuel"	"Deebo Samuel Sr."	"WR"	"WR"	"https://static.www.nfl.com/image/upload/f_auto,q_auto/league/ntgyhqg6hq7fanhhsqiw"	2026	3	"REG"	"2026_03_ARI_SF"	"SF"	"ARI"	0	0	0	0	0	0	0	0	0	0	0	0	null	null	0	null	0	0	0	0	2	14	0	0	0	1	-0.2733879958977923	0	1	0	0	0	0	0	80	1	0	0	0	80	0	null	0	1	1	1	1	0	0	0	0	0	0	0	0	0	0	0	0	0	0	0	0	0	0	0	0	0	0	0	0	0	0	0	0	0	0	0	0	0	0	0	0	0	0	0	0	4	79	0	0	0	0	null	null	0	0	0	0	0	0	0	0	0	0	0	0	null	null	null	0	0	0	0	0	0	0	null	0	0	0	0	0	0	0	null	0	0	0	0	0	0	0	0	0	0	15.4	15.4
"00-0036040"	"J.Johnson"	"Juwan Johnson"	"TE"	"TE"	"https://static.www.nfl.com/image/upload/f_auto,q_auto/league/ahzqkvhjot6lygwr4ccb"	2026	2	"REG"	"2026_02_NO_BAL"	"NO"	"BAL"	0	0	0	0	0	0	0	0	0	0	0	0	null	null	0	null	0	0	0	0	0	0	0	0	0	0	null	0	0	0	0	0	4	4	66	0	0	0	11	55	2	7.014260147348978	0	3	2	2	0	6	0.125	0.051643192488262914	0.22365023474178403	0	0	0	0	0	0	0	0	0	0	0	0	0	0	0	0	0	0	0	0	0	0	0	0	0	0	0	0	0	0	0	0	0	0	0	0	0	0	0	0	0	0	null	null	0	0	0	0	0	0	0	0	0	0	0	0	null	null	null	0	0	0	0	0	0	0	null	0	0	0	0	0	0	0	null	0	0	0	0	0	0	0	0	0	0	6.6000000000000005	10.600000000000001
"00-0036040"	"J.Johnson"	"Juwan Johnson"	"TE"	"TE"	"https://static.www.nfl.com/image/upload/f_auto,q_auto/league/ahzqkvhjot6lygwr4ccb"	2026	3	"REG"	"2026_03_LV_NO"	"NO"	"LV"	0	0	0	0	0	0	0	0	0	0	0	0	null	null	0	null	0	0	0	0	0	0	0	0	0	0	null	0	0	0	0	0	8	8	53	2	1	1	15	38	5	1.8744231822784059	0	3	1	1	0	3.533333333333333	0.2	0.04823151125401929	0.33376205787781354	0	1	0	0	0	0	1	0	0	0	0	0	0	0	0	0	0	0	0	0	0	0	0	0	0	0	0	0	0	1	0	0	1	1	0	0	0	0	0	0	0	0	null	null	0	0	0	0	0	0	0	0	0	0	0	0	null	null	null	0	0	0	0	0	0	0	null	0	0	0	0	0	0	0	null	0	0	0	0	0	0	0	0	0	0	15.3	23.3
"00-0036139"	"R.Dowdle"	"Rico Dowdle"	"RB"	"RB"	"https://static.www.nfl.com/image/upload/f_auto,q_auto/league/mx2bxccuzmdvzbksypws"	2026	1	"REG"	"2026_01_ATL_PIT"	"PIT"	"ATL"	0	0	0	0	0	0	0	0	0	0	0	0	null	null	0	null	0	0	0	0	8	15	0	0	0	0	-3.295196741237305	0	0	0	0	0	2	5	6	0	0	0	4	12	0	-3.301807009803907	0	0	0	0	0	1.5	0.13513513513513514	0.009828009828009828	0.20958230958230958	0	0	0	0	0	0	0	0	0	0	0	0	0	0	0	0	0	0	0	0	0	0	0	0	0	0	0	0	0	0	0	0	0	0	0	0	0	0	0	0	0	0	null	null	0	0	0	0	0	0	0	0	0	0	0	0	null	null	null	0	0	0	0	0	0	0	null	0	0	0	0	0	0	0	null	0	0	0	0	0	0	0	0	0	0	2.1	4.1
"00-0036139"	"R.Dowdle"	"Rico Dowdle"	"RB"	"RB"	"https://static.www.nfl.com/image/upload/f_auto,q_auto/league/mx2bxccuzmdvzbksypws"	2026	2	"REG"	"2026_02_PIT_NE"	"PIT"	"NE"	0	0	0	0	0	0	0	0	0	0	0	0	null	null	0	null	0	0	0	0	7	22	0	0	0	1	-2.3632825494278222	0	0	0	0	0	2	2	22	0	0	0	2	20	2	1.364901031833142	0	1	0	0	0	11	0.05405405405405406	0.009302325581395349	0.08759270898805784	0	0	0	0	0	0	0	0	0	0	0	0	0	0	0	0	0	0	0	0	0	0	0	0	0	0	0	0	0	0	0	0	0	0	0	0	0	0	0	0	0	0	null	null	0	0	0	0	0	0	0	0	0	0	0	0	null	null	null	0	0	0	0	0	0	0	null	0	0	0	0	0	0	0	null	0	0	0	0	0	0	0	0	0	0	4.4	6.4
"00-0036158"	"J.Dobbins"	"J.K. Dobbins"	"RB"	"RB"	"https://static.www.nfl.com/image/upload/f_auto,q_auto/league/cevotvl3ho5h1mioruyg"	2026	1	"REG"	"2026_01_DEN_KC"	"DEN"	"KC"	0	0	0	0	0	0	0	0	0	0	0	0	null	null	0	null	0	0	0	0	8	36	0	0	0	1	-1.1291319068986923	0	1	1	0	0	0	0	0	0	0	0	0	0	0	null	0	0	0	0	0	null	0	0	0	0	0	0	0	0	0	0	0	0	0	0	0	0	0	0	0	0	0	0	0	0	0	0	0	0	0	0	0	0	0	0	0	0	0	0	0	0	0	0	0	0	0	null	null	0	0	0	0	0	0	0	0	0	0	0	0	null	null	null	0	0	0	0	0	0	0	null	0	0	0	0	0	0	0	null	0	0	0	0	0	0	0	0	0	0	3.6	3.6
"00-0036158"	"J.Dobbins"	"J.K. Dobbins"	"RB"	"RB"	"https://static.www.nfl.com/image/upload/f_auto,q_auto/league/cevotvl3ho5h1mioruyg"	2026	2	"REG"	"2026_02_JAX_DEN"	"DEN"	"JAX"	0	0	0	0	0	0	0	0	0	0	0	0	null	null	0	null	0	0	0	0	10	36	0	0	0	1	-3.241883723768335	0	1	1	0	0	0	0	0	0	0	0	0	0	0	null	0	0	0	0	0	null	0	0	0	0	0	0	0	0	0	0	0	0	0	0	0	0	0	0	0	0	0	0	0	0	0	0	0	0	0	0	0	0	0	0	0	0	0	0	0	0	0	0	0	0	0	null	null	0	0	0	0	0	0	0	0	0	0	0	0	null	null	null	0	0	0	0	0	0	0	null	0	0	0	0	0	0	0	null	0	0	0	0	0	0	0	0	0	0	3.6	3.6
"00-0036223"	"J.Taylor"	"Jonathan Taylor"	"RB"	"RB"	"https://static.www.nfl.com/image/upload/f_auto,q_auto/league/yw46ky6akdm7h7siofu8"	2026	1	"REG"	"2026_01_BAL_IND"	"IND"	"BAL"	0	0	0	0	0	0	0	0	0	0	0	0	null	null	0	null	0	0	0	0	19	98	2	0	0	7	2.2030846705893055	0	5	3	1	0	3	4	23	0	1	1	0	26	0	-4.98359160288237	0	1	0	0	0	0	0.13793103448275862	0	0.20689655172413793	0	0	0	0	0	0	0	0	0	0	0	0	0	0	0	0	0	0	0	0	0	0	0	0	0	0	0	0	0	1	0	0	1	1	0	0	0	0	0	0	0	0	null	null	0	0	0	0	0	0	0	0	0	0	0	0	null	null	null	0	0	0	0	0	0	0	null	0	0	0	0	0	0	0	null	0	0	0	0	0	0	0	0	0	0	22.1	25.1
"00-0036223"	"J.Taylor"	"Jonathan Taylor"	"RB"	"RB"	"https://static.www.nfl.com/image/upload/f_auto,q_auto/league/yw46ky6akdm7h7siofu8"	2026	2	"REG"	"2026_02_IND_KC"	"IND"	"KC"	0	0	0	0	0	0	0	0	0	0	0	0	null	null	0	null	0	0	0	0	24	92	2	0	0	6	3.8266839192947373	0	3	2	1	0	4	4	40	0	0	0	-1	41	3	2.5271988808626475	0	2	0	0	0	-40	0.13333333333333333	-0.006172839506172839	0.19567901234567903	0	0	0	0	0	0	0	0	0	0	0	0	0	0	0	0	0	0	0	0	0	0	0	0	0	0	0	1	5	0	0	0	0	0	0	0	0	0	0	0	0	0	null	null	0	0	0	0	0	0	0	0	0	0	0	0	null	null	null	0	0	0	0	0	0	0	null	0	0	0	0	0	0	0	null	0	0	0	0	0	0	0	0	0	0	25.200000000000003	29.200000000000003
"00-0036223"	"J.Taylor"	"Jonathan Taylor"	"RB"	"RB"	"https://static.www.nfl.com/image/upload/f_auto,q_auto/league/yw46ky6akdm7h7siofu8"	2026	3	"REG"	"2026_03_HOU_IND"	"IND"	"HOU"	0	0	0	0	0	0	0	0	0	0	0	0	null	null	0	null	0	0	0	0	23	68	0	0	0	3	-4.045765328686684	0	1	0	0	0	2	3	4	0	0	0	-13	11	0	-1.024115654930938	0	0	0	0	0	-0.3076923076923077	0.08571428571428572	-0.046263345195729534	0.09618708693441788	0	0	0	0	0	0	0	0	0	0	0	0	0	0	0	0	0	0	0	0	0	0	1	0	0	0	0	0	0	0	0	0	0	0	0	0	0	0	0	0	0	0	null	null	0	0	0	0	0	0	0	0	0	0	0	0	null	null	null	0	0	0	0	0	0	0	null	0	0	0	0	0	0	0	null	0	0	0	0	0	0	0	0	0	0	7.2	9.2
"00-0036252"	"M.Pittman"	"Michael Pittman"	"WR"	"WR"	"https://static.www.nfl.com/image/upload/f_auto,q_auto/league/q1ythn05kwcmdr4mwzll"	2026	1	"REG"	"2026_01_ATL_PIT"	"PIT"	"ATL"	0	0	0	0	0	0	0	0	0	0	0	0	null	null	0	null	0	0	0	0	0	0	0	0	0	0	null	0	0	0	0	0	3	3	58	0	0	0	33	25	2	3.4478909641038626	0	2	2	2	0	1.7575757575757576	0.08108108108108109	0.08108108108108109	0.1783783783783784	0	0	0	0	0	0	0	0	0	0	0	0	0	0	0	0	0	0	0	0	0	0	0	0	0	0	0	1	5	0	0	0	0	0	0	0	0	0	0	0	0	0	null	null	0	0	0	0	0	0	0	0	0	0	0	0	null	null	null	0	0	0	0	0	0	0	null	0	0	0	0	0	0	0	null	0	0	0	0	0	0	0	0	0	0	5.800000000000001	8.8
"00-0036252"	"M.Pittman"	"Michael Pittman"	"WR"	"WR"	"https://static.www.nfl.com/image/upload/f_auto,q_auto/league/q1ythn05kwcmdr4mwzll"	2026	3	"REG"	"2026_03_CIN_PIT"	"PIT"	"CIN"	0	0	0	0	0	0	0	0	0	0	0	0	null	null	0	null	0	0	0	0	0	0	0	0	0	0	null	0	0	0	0	0	2	5	16	0	0	0	40	5	1	-0.8154743071055175	0	0	0	0	0	0.4	0.16129032258064516	0.10178117048346055	0.3131823032093901	0	0	0	0	0	0	0	0	0	0	0	0	0	0	0	0	0	0	0	0	0	0	0	0	0	0	0	1	5	0	0	0	0	0	0	0	0	0	0	0	0	0	null	null	0	0	0	0	0	0	0	0	0	0	0	0	null	null	null	0	0	0	0	0	0	0	null	0	0	0	0	0	0	0	null	0	0	0	0	0	0	0	0	0	0	1.6	3.6
"00-0036275"	"D.Swift"	"D'Andre Swift"	"RB"	"RB"	"https://static.www.nfl.com/image/upload/f_auto,q_auto/league/owpmwzoilitcodc6cmxo"	2026	1	"REG"	"2026_01_CHI_CAR"	"CHI"	"CAR"	0	0	0	0	0	0	0	0	0	0	0	0	null	null	0	null	0	0	0	0	18	124	3	0	0	5	9.22019312880002	0	2	2	2	0	1	1	10	0	0	0	4	6	1	0.7390210069715977	0	1	0	0	0	2.5	0.038461538461538464	0.012539184952978056	0.06646973715939233	0	0	0	0	0	0	0	0	0	0	0	0	0	0	0	0	0	0	0	0	0	0	0	0	0	0	0	0	0	0	0	0	0	0	0	0	0	0	0	0	0	0	null	null	0	0	0	0	0	0	0	0	0	0	0	0	null	null	null	0	0	0	0	0	0	0	null	0	0	0	0	0	0	0	null	0	0	0	0	0	0	0	0	0	0	31.4	32.4
"00-0036275"	"D.Swift"	"D'Andre Swift"	"RB"	"RB"	"https://static.www.nfl.com/image/upload/f_auto,q_auto/league/owpmwzoilitcodc6cmxo"	2026	2	"REG"	"2026_02_MIN_CHI"	"CHI"	"MIN"	0	0	0	0	0	0	0	0	0	0	0	0	null	null	0	null	0	0	0	0	16	45	0	1	1	3	-8.873665691091446	0	1	1	0	0	5	5	54	0	0	0	-15	69	2	4.614509757026099	0	2	1	1	0	-3.6	0.16666666666666666	-0.07936507936507936	0.19444444444444445	0	0	0	0	0	0	0	0	0	0	0	0	0	0	0	0	0	0	0	0	0	0	0	0	0	0	0	0	0	1	0	0	1	1	0	0	0	0	0	0	0	0	null	null	0	0	0	0	0	0	0	0	0	0	0	0	null	null	null	0	0	0	0	0	0	0	null	0	0	0	0	0	0	0	null	0	0	0	0	0	0	0	0	0	0	7.9	12.9
"00-0036358"	"C.Lamb"	"CeeDee Lamb"	"WR"	"WR"	"https://static.www.nfl.com/image/upload/f_auto,q_auto/league/mbblzwtynxr15ovzkevi"	2026	1	"REG"	"2026_01_DAL_NYG"	"DAL"	"NYG"	0	0	0	0	0	0	0	0	0	0	0	0	null	null	0	null	0	0	0	0	1	0	0	0	0	0	-0.837553194956854	0	0	0	0	0	5	8	44	1	0	0	90	19	5	5.593274411454331	0	2	0	0	0	0.4888888888888889	0.26666666666666666	0.2912621359223301	0.6038834951456311	0	0	0	0	0	0	0	0	0	0	0	0	0	0	0	0	0	0	0	0	0	0	0	0	0	0	0	0	0	0	0	0	0	0	0	0	0	0	0	0	0	0	null	null	0	0	0	0	0	0	0	0	0	0	0	0	null	null	null	0	0	0	0	0	0	0	null	0	0	0	0	0	0	0	null	0	0	0	0	0	0	0	0	0	0	10.4	15.4
"00-0036358"	"C.Lamb"	"CeeDee Lamb"	"WR"	"WR"	"https://static.www.nfl.com/image/upload/f_auto,q_auto/league/mbblzwtynxr15ovzkevi"	2026	3	"REG"	"2026_03_BAL_DAL"	"DAL"	"BAL"	0	0	0	0	0	0	0	0	0	0	0	0	null	null	0	null	0	0	0	0	0	0	0	0	0	0	null	0	0	0	0	0	7	8	112	0	0	0	85	39	5	11.066625437859447	1	5	1	1	1	1.3176470588235294	0.2	0.3125	0.51875	0	0	0	0	0	0	0	0	0	0	0	0	0	0	0	0	0	0	0	0	0	0	0	0	0	0	0	0	0	0	0	0	0	0	0	0	0	0	0	0	0	0	null	null	0	0	0	0	0	0	0	0	0	0	0	0	null	null	null	0	0	0	0	0	0	0	null	0	0	0	0	0	0	0	null	0	0	0	0	0	0	0	0	0	0	13.200000000000001	20.200000000000003
"00-0036410"	"T.Higgins"	"Tee Higgins"	"WR"	"WR"	"https://static.www.nfl.com/image/upload/f_auto,q_auto/league/gpwtyv3viwy9q4ewderl"	2026	1	"REG"	"2026_01_TB_CIN"	"CIN"	"TB"	0	0	0	0	0	0	0	0	0	0	0	0	null	null	0	null	0	0	0	0	0	0	0	0	0	0	null	0	0	0	0	0	3	6	59	0	0	0	117	26	3	2.332813120854553	0	3	2	1	0	0.5042735042735043	0.17647058823529413	0.5176991150442478	0.6270952628839146	0	0	0	0	0	0	0	0	0	0	0	0	0	0	0	0	0	0	0	0	0	0	0	0	0	0	0	0	0	0	0	0	0	0	0	0	0	0	0	0	0	0	null	null	0	0	0	0	0	0	0	0	0	0	0	0	null	null	null	0	0	0	0	0	0	0	null	0	0	0	0	0	0	0	null	0	0	0	0	0	0	0	0	0	0	5.9	8.9
"00-0036410"	"T.Higgins"	"Tee Higgins"	"WR"	"WR"	"https://static.www.nfl.com/image/upload/f_auto,q_auto/league/gpwtyv3viwy9q4ewderl"	2026	2	"REG"	"2026_02_CIN_HOU"	"CIN"	"HOU"	0	0	0	0	0	0	0	0	0	0	0	0	null	null	0	null	0	0	0	0	0	0	0	0	0	0	null	0	0	0	0	0	5	10	95	0	0	0	93	33	5	5.463931852362417	0	5	4	3	0	1.021505376344086	0.3225806451612903	0.5375722543352601	0.8601715457766176	0	0	0	0	0	0	0	0	0	0	0	0	0	0	0	0	0	0	0	0	0	0	0	0	0	0	0	0	0	0	0	0	0	0	0	0	0	0	0	0	0	0	null	null	0	0	0	0	0	0	0	0	0	0	0	0	null	null	null	0	0	0	0	0	0	0	null	0	0	0	0	0	0	0	null	0	0	0	0	0	0	0	0	0	0	9.5	14.5
"00-0036410"	"T.Higgins"	"Tee Higgins"	"WR"	"WR"	"https://static.www.nfl.com/image/upload/f_auto,q_auto/league/gpwtyv3viwy9q4ewderl"	2026	3	"REG"	"2026_03_CIN_PIT"	"CIN"	"PIT"	0	0	0	0	0	0	0	0	0	0	0	0	null	null	0	null	0	0	0	0	0	0	0	0	0	0	null	0	0	0	0	0	6	7	90	1	0	0	92	7	4	9.885196248578337	0	5	2	1	0	0.9782608695652174	0.1891891891891892	0.3552123552123552	0.5324324324324324	0	0	0	0	0	0	0	0	0	0	0	0	0	0	0	0	0	0	0	0	0	0	0	0	0	0	0	0	0	0	0	0	0	0	0	0	0	0	0	0	0	0	null	null	0	0	0	0	0	0	0	0	0	0	0	0	null	null	null	0	0	0	0	0	0	0	null	0	0	0	0	0	0	0	null	0	0	0	0	0	0	0	0	0	0	15	21
"00-0036554"	"N.Collins"	"Nico Collins"	"WR"	"WR"	"https://static.www.nfl.com/image/upload/f_auto,q_auto/league/fguybjrn1kwflxm5szwq"	2026	1	"REG"	"2026_01_BUF_HOU"	"HOU"	"BUF"	0	0	0	0	0	0	0	0	0	0	0	0	null	null	0	null	0	0	0	0	1	7	0	0	0	1	0.906610255362466	0	0	0	0	0	7	10	75	1	0	0	120	8	3	4.906799838790158	0	3	1	1	0	0.625	0.2702702702702703	0.37267080745341613	0.6662749706227967	0	0	0	0	0	0	0	0	0	0	0	0	0	0	0	0	0	0	0	0	0	0	0	0	0	0	0	0	0	0	0	0	0	0	0	0	0	0	0	0	0	0	null	null	0	0	0	0	0	0	0	0	0	0	0	0	null	null	null	0	0	0	0	0	0	0	null	0	0	0	0	0	0	0	null	0	0	0	0	0	0	0	0	0	0	14.200000000000001	21.200000000000003
"00-0036555"	"C.Hubbard"	"Chuba Hubbard"	"RB"	"RB"	"https://static.www.nfl.com/image/upload/f_auto,q_auto/league/rzsvnt0pxsaize2ndhxm"	2026	1	"REG"	"2026_01_CHI_CAR"	"CAR"	"CHI"	0	0	0	0	0	0	0	0	0	0	0	0	null	null	0	null	0	0	0	0	10	49	1	0	0	2	1.469135292165447	0	1	0	0	0	3	3	38	1	0	0	0	38	2	4.322450569365174	0	1	1	1	0	0	0.08823529411764706	0	0.1323529411764706	0	0	0	0	0	0	0	0	0	0	0	0	0	0	0	0	0	0	0	0	0	0	0	0	0	0	0	0	0	0	0	0	0	0	0	0	0	0	0	0	0	0	null	null	0	0	0	0	0	0	0	0	0	0	0	0	null	null	null	0	0	0	0	0	0	0	null	0	0	0	0	0	0	0	null	0	0	0	0	0	0	0	0	0	0	20.700000000000003	23.700000000000003
"00-0036555"	"C.Hubbard"	"Chuba Hubbard"	"RB"	"RB"	"https://static.www.nfl.com/image/upload/f_auto,q_auto/league/rzsvnt0pxsaize2ndhxm"	2026	2	"REG"	"2026_02_CAR_ATL"	"CAR"	"ATL"	0	0	0	0	0	0	0	0	0	0	0	0	null	null	0	null	0	0	0	0	12	53	0	0	0	4	0.16913629695773125	0	1	1	0	0	2	2	11	1	0	0	-4	15	1	4.633689856622368	0	0	0	0	0	-2.75	0.0625	-0.012861736334405145	0.0847467845659164	0	0	0	0	0	0	0	0	0	0	0	0	0	0	0	0	0	0	0	0	0	0	0	0	0	0	0	0	0	0	0	0	0	0	0	0	0	0	0	0	0	0	null	null	0	0	0	0	0	0	0	0	0	0	0	0	null	null	null	0	0	0	0	0	0	0	null	0	0	0	0	0	0	0	null	0	0	0	0	0	0	0	0	0	0	12.4	14.4
"00-0036555"	"C.Hubbard"	"Chuba Hubbard"	"RB"	"RB"	"https://static.www.nfl.com/image/upload/f_auto,q_auto/league/rzsvnt0pxsaize2ndhxm"	2026	3	"REG"	"2026_03_CAR_CLE"	"CAR"	"CLE"	0	0	0	0	0	0	0	0	0	0	0	0	null	null	0	null	0	0	0	0	19	82	0	0	0	3	-3.43855538843479	0	3	1	0	0	4	4	28	0	0	0	-14	42	1	1.233867560105864	0	1	1	1	0	-2	0.09523809523809523	-0.03160270880361174	0.12073524669461463	0	0	0	0	0	0	0	0	0	0	0	0	0	0	0	0	0	0	0	0	0	0	0	0	0	0	0	0	0	0	0	0	0	0	0	0	0	0	0	0	0	0	null	null	0	0	0	0	0	0	0	0	0	0	0	0	null	null	null	0	0	0	0	0	0	0	null	0	0	0	0	0	0	0	null	0	0	0	0	0	0	0	0	0	0	11	15
"00-0036613"	"J.Waddle"	"Jaylen Waddle"	"WR"	"WR"	"https://static.www.nfl.com/image/upload/f_auto,q_auto/league/gkh7m1jedon9mwn5jlf1"	2026	1	"REG"	"2026_01_DEN_KC"	"DEN"	"KC"	0	0	0	0	0	0	0	0	0	0	0	0	null	null	0	null	0	0	0	0	0	0	0	0	0	0	null	0	0	0	0	0	1	3	2	0	0	0	13	0	0	-4.2759635027032346	0	0	0	0	0	0.15384615384615385	0.1111111111111111	0.14130434782608695	0.26557971014492754	0	0	0	0	0	0	0	0	0	0	0	0	0	0	0	0	0	0	0	0	0	0	0	0	0	0	0	0	0	0	0	0	0	0	0	0	0	0	0	0	0	0	null	null	0	0	0	0	0	0	0	0	0	0	0	0	null	null	null	0	0	0	0	0	0	0	null	0	0	0	0	0	0	0	null	0	0	0	0	0	0	0	0	0	0	0.2	1.2
"00-0036613"	"J.Waddle"	"Jaylen Waddle"	"WR"	"WR"	"https://static.www.nfl.com/image/upload/f_auto,q_auto/league/gkh7m1jedon9mwn5jlf1"	2026	2	"REG"	"2026_02_JAX_DEN"	"DEN"	"JAX"	0	0	0	0	0	0	0	0	0	0	0	0	null	null	0	null	0	0	0	0	0	0	0	0	0	0	null	0	0	0	0	0	8	10	138	0	0	0	153	35	6	8.748655959090684	0	5	4	3	1	0.9019607843137255	0.3448275862068966	0.5708955223880597	0.9168682449819867	0	0	0	0	0	0	0	0	0	0	0	0	0	0	0	0	0	0	0	0	0	0	0	0	0	0	0	1	5	0	0	0	0	0	0	0	0	0	0	0	0	0	null	null	0	0	0	0	0	0	0	0	0	0	0	0	null	null	null	0	0	0	0	0	0	0	null	0	0	0	0	0	0	0	null	0	0	0	0	0	0	0	0	0	0	13.8	21.8
"00-0036875"	"R.Stevenson"	"Rhamondre Stevenson"	"RB"	"RB"	"https://static.www.nfl.com/image/upload/f_auto,q_auto/league/zmpuirvuw4r04inxth5i"	2026	1	"REG"	"2026_01_NE_SEA"	"NE"	"SEA"	0	0	0	0	0	0	0	0	0	0	0	0	null	null	0	null	0	0	0	0	18	51	0	0	0	2	-8.050340764282737	0	1	1	0	0	5	6	44	0	0	0	-6	45	1	-0.10112951417069538	0	2	1	0	0	-7.333333333333333	0.1935483870967742	-0.027149321266968326	0.27131805575828344	0	0	0	0	0	0	0	0	0	0	0	0	0	0	0	0	0	0	0	0	0	0	0	0	0	0	0	0	0	0	0	0	0	0	0	0	0	0	0	0	0	0	null	null	0	0	0	0	0	0	0	0	0	0	0	0	null	null	null	0	0	0	0	0	0	0	null	0	0	0	0	0	0	0	null	0	0	0	0	0	0	0	0	0	0	9.5	14.5
"00-0036875"	"R.Stevenson"	"Rhamondre Stevenson"	"RB"	"RB"	"https://static.www.nfl.com/image/upload/f_auto,q_auto/league/zmpuirvuw4r04inxth5i"	2026	2	"REG"	"2026_02_PIT_NE"	"NE"	"PIT"	0	0	0	0	0	0	0	0	0	0	0	0	null	null	0	null	0	0	0	0	6	43	0	0	0	3	1.8175322865135968	0	1	1	1	0	1	2	3	0	1	1	3	5	0	-4.947870889795013	0	0	0	0	0	1	0.09523809523809523	0.015306122448979591	0.15357142857142855	0	0	0	0	0	0	0	0	0	0	0	0	0	0	0	0	0	0	0	0	0	0	0	0	0	0	0	0	0	1	0	0	1	1	0	0	0	0	0	0	0	0	null	null	0	0	0	0	0	0	0	0	0	0	0	0	null	null	null	0	0	0	0	0	0	0	null	0	0	0	0	0	0	0	null	0	0	0	0	0	0	0	0	0	0	2.6000000000000005	3.6000000000000005
"00-0036875"	"R.Stevenson"	"Rhamondre Stevenson"	"RB"	"RB"	"https://static.www.nfl.com/image/upload/f_auto,q_auto/league/zmpuirvuw4r04inxth5i"	2026	3	"REG"	"2026_03_NE_JAX"	"NE"	"JAX"	0	0	0	0	0	0	0	0	0	0	0	0	null	null	0	null	0	0	0	0	7	22	0	0	0	3	3.5713202860206366	0	0	0	0	0	3	3	16	0	0	0	0	16	0	0.27209364500595257	0	1	0	0	0	0	0.1	0	0.15000000000000002	0	0	0	0	0	0	0	0	0	0	0	0	0	0	0	0	0	0	0	0	0	0	0	0	0	0	0	0	0	0	0	0	0	0	0	0	0	0	0	0	0	0	null	null	0	0	0	0	0	0	0	0	0	0	0	0	null	null	null	0	0	0	0	0	0	0	null	0	0	0	0	0	0	0	null	0	0	0	0	0	0	0	0	0	0	3.8000000000000003	6.800000000000001
"00-0036919"	"K.Gainwell"	"Kenny Gainwell"	"RB"	"RB"	"https://static.www.nfl.com/image/upload/f_auto,q_auto/league/eo62l8ec8e3lzt86ihth"	2026	1	"REG"	"2026_01_TB_CIN"	"TB"	"CIN"	0	0	0	0	0	0	0	0	0	0	0	0	null	null	0	null	0	0	0	0	5	15	0	0	0	1	-1.1174855452845804	0	0	0	0	0	1	1	3	0	0	0	-5	8	0	-0.39287165901623666	0	0	0	0	0	-0.6	0.037037037037037035	-0.03496503496503497	0.031080031080031077	0	0	0	0	0	0	0	0	0	0	0	0	0	0	0	0	0	0	0	0	0	0	0	0	0	0	0	0	0	0	0	0	0	0	0	0	1	22	0	0	0	0	null	null	0	0	0	0	0	0	0	0	0	0	0	0	null	null	null	0	0	0	0	0	0	0	null	0	0	0	0	0	0	0	null	0	0	0	0	0	0	0	0	0	0	1.8	2.8
"00-0036919"	"K.Gainwell"	"Kenny Gainwell"	"RB"	"RB"	"https://static.www.nfl.com/image/upload/f_auto,q_auto/league/eo62l8ec8e3lzt86ihth"	2026	2	"REG"	"2026_02_CLE_TB"	"TB"	"CLE"	0	0	0	0	0	0	0	0	0	0	0	0	null	null	0	null	0	0	0	0	2	10	0	0	0	2	1.1503069178725127	0	0	0	0	0	3	4	5	0	0	0	-15	25	0	-2.7014372508903786	0	0	0	0	0	-0.3333333333333333	0.12121212121212122	-0.035629453681710214	0.15687756424098467	0	0	0	0	0	0	0	0	0	0	0	0	0	0	0	0	0	0	0	0	0	0	0	0	0	0	0	0	0	0	0	0	0	0	0	0	3	78	0	0	0	0	null	null	0	0	0	0	0	0	0	0	0	0	0	0	null	null	null	0	0	0	0	0	0	0	null	0	0	0	0	0	0	0	null	0	0	0	0	0	0	0	0	0	0	1.5	4.5
"00-0036919"	"K.Gainwell"	"Kenny Gainwell"	"RB"	"RB"	"https://static.www.nfl.com/image/upload/f_auto,q_auto/league/eo62l8ec8e3lzt86ihth"	2026	3	"REG"	"2026_03_MIN_TB"	"TB"	"MIN"	0	0	0	0	0	0	0	0	0	0	0	0	null	null	0	null	0	0	0	0	3	-4	0	0	0	0	-2.3820636278251186	0	0	0	0	0	2	5	14	0	0	0	15	18	1	-3.031000974260744	0	1	0	0	0	0.9333333333333333	0.14285714285714285	0.03807106598984772	0.24093546047860767	0	1	0	0	0	0	0	0	0	0	0	0	0	0	0	0	0	0	0	0	0	0	0	0	0	0	0	0	0	0	0	0	0	0	0	0	6	160	0	0	0	0	null	null	0	0	0	0	0	0	0	0	0	0	0	0	null	null	null	0	0	0	0	0	0	0	null	0	0	0	0	0	0	0	null	0	0	0	0	0	0	0	0	0	0	1	3
"00-0036971"	"T.Lawrence"	"Trevor Lawrence"	"QB"	"QB"	"https://static.www.nfl.com/image/upload/f_auto,q_auto/league/k9uzdernqkx7oquy7dkg"	2026	1	"REG"	"2026_01_CLE_JAX"	"JAX"	"CLE"	18	23	245	4	0	1	-11	0	0	242	61	13	19.021475746762007	22.325369857606432	0	1.012396694214876	11	6	4	0	2	3	0	0	0	1	-0.39904270810075104	0	0	0	0	0	0	0	0	0	0	0	0	0	0	null	0	0	0	0	0	null	0	0	0	0	0	0	0	0	0	0	0	0	0	0	0	0	0	0	0	0	0	0	0	0	0	0	0	0	0	0	1	5	0	0	0	0	0	0	0	0	0	0	0	0	0	null	null	0	0	0	0	0	0	0	0	0	0	0	0	null	null	null	0	0	0	0	0	0	0	null	0	0	0	0	0	0	0	null	0	0	0	0	0	0	0	0	0	0	26.1	26.1
"00-0036971"	"T.Lawrence"	"Trevor Lawrence"	"QB"	"QB"	"https://static.www.nfl.com/image/upload/f_auto,q_auto/league/k9uzdernqkx7oquy7dkg"	2026	2	"REG"	"2026_02_JAX_DEN"	"JAX"	"DEN"	17	29	189	0	1	2	-16	0	0	302	36	8	-4.11505365912874	0.9153743407555989	0	0.6258278145695364	7	5	3	0	2	6	0	0	0	1	0.3875430150073953	0	0	0	0	0	0	0	0	0	0	0	0	0	0	null	0	0	0	0	0	null	0	0	0	0	0	0	0	0	0	0	0	0	0	0	0	0	0	0	0	0	0	0	0	0	0	0	0	0	0	0	0	0	0	0	0	0	0	0	0	0	0	0	0	0	0	null	null	0	0	0	0	0	0	0	0	0	0	0	0	null	null	null	0	0	0	0	0	0	0	null	0	0	0	0	0	0	0	null	0	0	0	0	0	0	0	0	0	0	6.16	6.16
"00-0036971"	"T.Lawrence"	"Trevor Lawrence"	"QB"	"QB"	"https://static.www.nfl.com/image/upload/f_auto,q_auto/league/k9uzdernqkx7oquy7dkg"	2026	3	"REG"	"2026_03_NE_JAX"	"JAX"	"NE"	19	29	182	3	1	1	-4	0	0	180	78	10	7.557687205646852	5.962850539772599	0	1.011111111111111	10	3	1	0	4	25	0	0	0	2	2.4905280206003226	0	1	1	0	0	0	0	0	0	0	0	0	0	0	null	0	0	0	0	0	null	0	0	0	0	0	0	0	0	0	0	0	0	0	0	0	0	0	0	0	0	0	0	0	0	0	0	0	0	0	0	0	0	0	0	0	0	0	0	0	0	0	0	0	0	0	null	null	0	0	0	0	0	0	0	0	0	0	0	0	null	null	null	0	0	0	0	0	0	0	null	0	0	0	0	0	0	0	null	0	0	0	0	0	0	0	0	0	0	19.78	19.78
"00-0036997"	"J.Williams"	"Javonte Williams"	"RB"	"RB"	"https://static.www.nfl.com/image/upload/f_auto,q_auto/league/xvwroirev2kie6oiphtz"	2026	1	"REG"	"2026_01_DAL_NYG"	"DAL"	"NYG"	0	0	0	0	0	0	0	0	0	0	0	0	null	null	0	null	0	0	0	0	12	41	1	0	0	2	1.386812248674687	0	0	0	0	0	5	5	31	1	0	0	-11	42	2	1.6393467944581062	0	2	1	0	0	-2.8181818181818183	0.16666666666666666	-0.03559870550161812	0.2250809061488673	0	0	0	0	0	0	0	0	0	0	0	0	0	0	0	0	0	0	0	0	0	0	0	0	0	0	0	1	15	0	0	0	0	0	0	0	0	0	0	0	0	0	null	null	0	0	0	0	0	0	0	0	0	0	0	0	null	null	null	0	0	0	0	0	0	0	null	0	0	0	0	0	0	0	null	0	0	0	0	0	0	0	0	0	0	19.2	24.2
"00-0036997"	"J.Williams"	"Javonte Williams"	"RB"	"RB"	"https://static.www.nfl.com/image/upload/f_auto,q_auto/league/xvwroirev2kie6oiphtz"	2026	3	"REG"	"2026_03_BAL_DAL"	"DAL"	"BAL"	0	0	0	0	0	0	0	0	0	0	0	0	null	null	0	null	0	0	0	0	19	98	1	1	0	7	-0.8968257895321585	0	3	3	1	0	2	3	5	0	0	0	-9	9	1	0.7502372389426455	0	0	0	0	0	-0.5555555555555556	0.075	-0.03308823529411765	0.08933823529411763	0	0	0	0	0	0	0	0	0	0	0	0	0	0	0	0	0	0	0	0	0	0	1	0	0	0	0	0	0	1	0	0	1	0	0	0	0	0	0	0	0	0	null	null	0	0	0	0	0	0	0	0	0	0	0	0	null	null	null	0	0	0	0	0	0	0	null	0	0	0	0	0	0	0	null	0	0	0	0	0	0	0	0	0	0	16.3	18.3
"00-0037228"	"J.Warren"	"Jaylen Warren"	"RB"	"RB"	"https://static.www.nfl.com/image/upload/f_auto,q_auto/league/dkiteytgnxar1mpaxcxv"	2026	1	"REG"	"2026_01_ATL_PIT"	"PIT"	"ATL"	0	0	0	0	0	0	0	0	0	0	0	0	null	null	0	null	0	0	0	0	10	46	0	0	0	3	-1.2445042914478108	0	1	1	0	0	5	6	27	0	1	1	-6	36	1	-4.967117736523505	0	1	1	0	0	-4.5	0.16216216216216217	-0.014742014742014743	0.23292383292383295	0	0	0	0	0	0	0	0	0	0	0	0	0	0	0	0	0	0	0	0	0	0	0	0	0	0	0	0	0	1	0	0	1	1	0	0	0	0	0	0	0	0	null	null	0	0	0	0	0	0	0	0	0	0	0	0	null	null	null	0	0	0	0	0	0	0	null	0	0	0	0	0	0	0	null	0	0	0	0	0	0	0	0	0	0	5.300000000000001	10.3
"00-0037228"	"J.Warren"	"Jaylen Warren"	"RB"	"RB"	"https://static.www.nfl.com/image/upload/f_auto,q_auto/league/dkiteytgnxar1mpaxcxv"	2026	2	"REG"	"2026_02_PIT_NE"	"PIT"	"NE"	0	0	0	0	0	0	0	0	0	0	0	0	null	null	0	null	0	0	0	0	11	43	0	0	0	1	-2.2326591441524215	0	1	0	0	0	2	4	34	0	0	0	-11	39	1	-0.02509172594248854	0	1	1	1	0	-3.090909090909091	0.10810810810810811	-0.05116279069767442	0.1263482086737901	0	0	0	0	0	0	0	0	0	0	0	0	0	0	0	0	0	0	0	0	0	0	0	0	0	0	0	0	0	0	0	0	0	0	0	0	0	0	0	0	0	0	null	null	0	0	0	0	0	0	0	0	0	0	0	0	null	null	null	0	0	0	0	0	0	0	null	0	0	0	0	0	0	0	null	0	0	0	0	0	0	0	0	0	0	7.7	9.7
"00-0037228"	"J.Warren"	"Jaylen Warren"	"RB"	"RB"	"https://static.www.nfl.com/image/upload/f_auto,q_auto/league/dkiteytgnxar1mpaxcxv"	2026	3	"REG"	"2026_03_CIN_PIT"	"PIT"	"CIN"	0	0	0	0	0	0	0	0	0	0	0	0	null	null	0	null	0	0	0	0	17	127	0	0	0	5	3.2766127756622154	0	3	3	2	0	3	4	49	0	0	0	-2	57	2	2.2116995951510035	0	2	1	1	0	-24.5	0.12903225806451613	-0.005089058524173028	0.18998604612985306	0	0	0	0	0	0	0	0	0	0	0	0	0	0	0	0	0	0	0	0	0	0	0	0	0	0	0	0	0	0	0	0	0	0	0	0	0	0	0	0	0	0	null	null	0	0	0	0	0	0	0	0	0	0	0	0	null	null	null	0	0	0	0	0	0	0	null	0	0	0	0	0	0	0	null	0	0	0	0	0	0	0	0	0	0	17.6	20.6
"00-0037238"	"D.London"	"Drake London"	"WR"	"WR"	"https://static.www.nfl.com/image/upload/f_auto,q_auto/league/mcllowcfrmmdeo4zy3g1"	2026	1	"REG"	"2026_01_ATL_PIT"	"ATL"	"PIT"	0	0	0	0	0	0	0	0	0	0	0	0	null	null	0	null	0	0	0	0	1	6	0	0	0	0	0.5856784461066127	0	0	0	0	0	2	4	29	0	0	0	22	7	1	0.7192505864448684	0	1	1	1	0	1.3181818181818181	0.21052631578947367	0.2857142857142857	0.5157894736842105	0	0	0	0	0	0	0	0	0	0	0	0	0	0	0	0	0	0	0	0	0	0	0	0	0	0	0	0	0	0	0	0	0	0	0	0	0	0	0	0	0	0	null	null	0	0	0	0	0	0	0	0	0	0	0	0	null	null	null	0	0	0	0	0	0	0	null	0	0	0	0	0	0	0	null	0	0	0	0	0	0	0	0	0	0	3.5	5.5
"00-0037238"	"D.London"	"Drake London"	"WR"	"WR"	"https://static.www.nfl.com/image/upload/f_auto,q_auto/league/mcllowcfrmmdeo4zy3g1"	2026	2	"REG"	"2026_02_CAR_ATL"	"ATL"	"CAR"	0	0	0	0	0	0	0	0	0	0	0	0	null	null	0	null	0	0	0	0	1	-2	0	0	0	0	-4.0876256324118	0	0	0	0	0	4	5	51	0	0	0	23	33	4	3.30427900882205	0	3	1	0	0	2.217391304347826	0.16129032258064516	0.14465408805031446	0.34319334550618785	0	1	0	1	0	0	0	0	0	0	0	0	0	0	0	0	0	0	0	0	0	0	0	0	0	0	0	0	0	0	0	0	0	0	0	0	0	0	0	0	0	0	null	null	0	0	0	0	0	0	0	0	0	0	0	0	null	null	null	0	0	0	0	0	0	0	null	0	0	0	0	0	0	0	null	0	0	0	0	0	0	0	0	0	0	4.9	8.9
"00-0037238"	"D.London"	"Drake London"	"WR"	"WR"	"https://static.www.nfl.com/image/upload/f_auto,q_auto/league/mcllowcfrmmdeo4zy3g1"	2026	3	"REG"	"2026_03_ATL_GB"	"ATL"	"GB"	0	0	0	0	0	0	0	0	0	0	0	0	null	null	0	null	0	0	0	0	0	0	0	0	0	0	null	0	0	0	0	0	9	10	194	0	0	0	97	112	5	12.256203975052312	0	6	6	3	2	2	0.43478260869565216	0.6510067114093959	1.1078786110300554	0	1	0	0	0	0	0	0	0	0	0	0	0	0	0	0	0	0	0	0	0	0	0	0	0	0	0	0	0	0	0	0	0	0	0	0	0	0	0	0	0	0	null	null	0	0	0	0	0	0	0	0	0	0	0	0	null	null	null	0	0	0	0	0	0	0	null	0	0	0	0	0	0	0	null	0	0	0	0	0	0	0	0	0	0	19.400000000000002	28.400000000000002
"00-0037239"	"C.Olave"	"Chris Olave"	"WR"	"WR"	"https://static.www.nfl.com/image/upload/f_auto,q_auto/league/onmxufsprtvglhejg94o"	2026	2	"REG"	"2026_02_NO_BAL"	"NO"	"BAL"	0	0	0	0	0	0	0	0	0	0	0	0	null	null	0	null	0	0	0	0	0	0	0	0	0	0	null	0	0	0	0	0	8	10	86	1	0	0	104	18	6	6.4742311519092235	0	5	2	2	0	0.8269230769230769	0.3125	0.48826291079812206	0.8105340375586854	0	0	0	0	0	0	0	0	0	0	0	0	0	0	0	0	0	0	0	0	0	0	0	0	0	0	0	1	15	0	0	0	0	0	0	0	0	0	0	0	0	0	null	null	0	0	0	0	0	0	0	0	0	0	0	0	null	null	null	0	0	0	0	0	0	0	null	0	0	0	0	0	0	0	null	0	0	0	0	0	0	0	0	0	0	14.6	22.6
"00-0037239"	"C.Olave"	"Chris Olave"	"WR"	"WR"	"https://static.www.nfl.com/image/upload/f_auto,q_auto/league/onmxufsprtvglhejg94o"	2026	3	"REG"	"2026_03_LV_NO"	"NO"	"LV"	0	0	0	0	0	0	0	0	0	0	0	0	null	null	0	null	0	0	0	0	0	0	0	0	0	0	null	0	0	0	0	0	9	13	107	0	0	0	134	30	7	7.68045180849731	0	6	2	0	0	0.7985074626865671	0.325	0.43086816720257237	0.7891077170418006	0	0	0	0	0	0	0	0	0	0	0	0	0	0	0	0	0	0	0	0	0	0	0	0	0	0	0	0	0	0	0	0	0	0	0	0	0	0	0	0	0	0	null	null	0	0	0	0	0	0	0	0	0	0	0	0	null	null	null	0	0	0	0	0	0	0	null	0	0	0	0	0	0	0	null	0	0	0	0	0	0	0	0	0	0	10.700000000000001	19.700000000000003
"00-0037247"	"G.Pickens"	"George Pickens"	"WR"	"WR"	"https://static.www.nfl.com/image/upload/f_auto,q_auto/league/cbpyykoguf7rsxezqzvk"	2026	1	"REG"	"2026_01_DAL_NYG"	"DAL"	"NYG"	0	0	0	0	0	0	0	0	0	0	0	0	null	null	0	null	0	0	0	0	0	0	0	0	0	0	null	0	0	0	0	0	3	6	28	0	0	0	104	5	2	0.6187375413719565	0	1	0	0	0	0.2692307692307692	0.2	0.3365695792880259	0.5355987055016181	0	0	0	0	0	0	0	0	0	0	0	0	0	0	0	0	0	0	0	0	0	0	0	0	0	0	0	0	0	0	0	0	0	0	0	0	0	0	0	0	0	0	null	null	0	0	0	0	0	0	0	0	0	0	0	0	null	null	null	0	0	0	0	0	0	0	null	0	0	0	0	0	0	0	null	0	0	0	0	0	0	0	0	0	0	2.8000000000000003	5.800000000000001
"00-0037247"	"G.Pickens"	"George Pickens"	"WR"	"WR"	"https://static.www.nfl.com/image/upload/f_auto,q_auto/league/cbpyykoguf7rsxezqzvk"	2026	3	"REG"	"2026_03_BAL_DAL"	"DAL"	"BAL"	0	0	0	0	0	0	0	0	0	0	0	0	null	null	0	null	0	0	0	0	0	0	0	0	0	0	null	0	0	0	0	0	7	11	82	0	0	0	80	23	4	5.130736434041236	0	5	2	0	0	1.025	0.275	0.29411764705882354	0.6183823529411765	0	0	0	0	0	0	0	0	0	0	0	0	0	0	0	0	0	0	0	0	0	0	0	0	0	0	0	0	0	0	0	0	0	0	0	0	0	0	0	0	0	0	null	null	0	0	0	0	0	0	0	0	0	0	0	0	null	null	null	0	0	0	0	0	0	0	null	0	0	0	0	0	0	0	null	0	0	0	0	0	0	0	0	0	0	8.200000000000001	15.200000000000001
"00-0037525"	"J.Mason"	"Jordan Mason"	"RB"	"RB"	"https://static.www.nfl.com/image/upload/f_auto,q_auto/league/qeeucinnxl8mpzaw23hc"	2026	1	"REG"	"2026_01_GB_MIN"	"MIN"	"GB"	0	0	0	0	0	0	0	0	0	0	0	0	null	null	0	null	0	0	0	0	15	59	1	0	0	2	-2.965089153178269	0	1	1	1	0	0	0	0	0	0	0	0	0	0	null	0	0	0	0	0	null	0	0	0	0	0	0	0	0	0	0	0	0	0	0	0	0	0	0	0	0	0	0	0	0	0	0	0	0	0	0	0	0	0	0	0	0	0	0	0	0	0	0	0	0	0	null	null	0	0	0	0	0	0	0	0	0	0	0	0	null	null	null	0	0	0	0	0	0	0	null	0	0	0	0	0	0	0	null	0	0	0	0	0	0	0	0	0	0	11.9	11.9
"00-0037545"	"R.Shaheed"	"Rashid Shaheed"	"WR"	"WR"	"https://static.www.nfl.com/image/upload/f_auto,q_auto/league/ku2naisfbxmzgagxojnm"	2026	1	"REG"	"2026_01_NE_SEA"	"SEA"	"NE"	0	0	0	0	0	0	0	0	0	0	0	0	null	null	0	null	0	0	0	0	0	0	0	0	0	0	null	0	0	0	0	0	1	3	4	0	0	0	19	2	0	-2.89760249434039	0	0	0	0	0	0.21052631578947367	0.125	0.12337662337662338	0.27386363636363636	0	0	0	0	0	0	0	0	0	0	0	0	0	0	0	0	0	0	0	0	0	0	0	0	0	0	0	0	0	0	0	0	0	0	1	9	3	80	0	0	0	0	null	null	0	0	0	0	0	0	0	0	0	0	0	0	null	null	null	0	0	0	0	0	0	0	null	0	0	0	0	0	0	0	null	0	0	0	0	0	0	0	0	0	0	0.4	1.4
"00-0037545"	"R.Shaheed"	"Rashid Shaheed"	"WR"	"WR"	"https://static.www.nfl.com/image/upload/f_auto,q_auto/league/ku2naisfbxmzgagxojnm"	2026	2	"REG"	"2026_02_SEA_ARI"	"SEA"	"ARI"	0	0	0	0	0	0	0	0	0	0	0	0	null	null	0	null	0	0	0	0	1	4	0	0	0	0	-0.40209928702097386	0	0	0	0	0	3	6	35	0	0	0	67	25	1	-1.5592749578566663	0	1	1	1	0	0.5223880597014925	0.23076923076923078	0.29515418502202645	0.5527617756692647	0	0	0	0	0	0	0	0	0	0	0	0	0	0	0	0	0	0	0	0	0	0	0	0	0	0	0	0	0	1	0	0	1	0	3	29	2	47	0	0	0	0	null	null	0	0	0	0	0	0	0	0	0	0	0	0	null	null	null	0	0	0	0	0	0	0	null	0	0	0	0	0	0	0	null	0	0	0	0	0	0	0	0	0	0	3.9000000000000004	6.9
"00-0037664"	"A.Pierce"	"Alec Pierce"	"WR"	"WR"	"https://static.www.nfl.com/image/upload/f_auto,q_auto/league/qcg9t51wgp3hicavmkmy"	2026	1	"REG"	"2026_01_BAL_IND"	"IND"	"BAL"	0	0	0	0	0	0	0	0	0	0	0	0	null	null	0	null	0	0	0	0	0	0	0	0	0	0	null	0	0	0	0	0	4	6	61	0	0	0	103	9	4	1.8953161090612411	0	4	1	1	0	0.5922330097087378	0.20689655172413793	0.5124378109452736	0.6690512952478984	0	0	0	0	0	0	0	0	0	0	0	0	0	0	0	0	0	0	0	0	0	0	0	0	0	0	0	0	0	0	0	0	0	0	0	0	0	0	0	0	0	0	null	null	0	0	0	0	0	0	0	0	0	0	0	0	null	null	null	0	0	0	0	0	0	0	null	0	0	0	0	0	0	0	null	0	0	0	0	0	0	0	0	0	0	6.1000000000000005	10.100000000000001
"00-0037664"	"A.Pierce"	"Alec Pierce"	"WR"	"WR"	"https://static.www.nfl.com/image/upload/f_auto,q_auto/league/qcg9t51wgp3hicavmkmy"	2026	2	"REG"	"2026_02_IND_KC"	"IND"	"KC"	0	0	0	0	0	0	0	0	0	0	0	0	null	null	0	null	0	0	0	0	0	0	0	0	0	0	null	0	0	0	0	0	1	1	11	0	0	0	10	1	1	0.6705118014942855	0	1	0	0	0	1.1	0.03333333333333333	0.06172839506172839	0.09320987654320988	0	0	0	0	0	0	0	0	0	0	0	0	0	0	0	0	0	0	0	0	0	0	0	0	0	0	0	0	0	0	0	0	0	0	0	0	0	0	0	0	0	0	null	null	0	0	0	0	0	0	0	0	0	0	0	0	null	null	null	0	0	0	0	0	0	0	null	0	0	0	0	0	0	0	null	0	0	0	0	0	0	0	0	0	0	1.1	2.1
"00-0037740"	"G.Wilson"	"Garrett Wilson"	"WR"	"WR"	"https://static.www.nfl.com/image/upload/f_auto,q_auto/league/upxwxmhdd8xluztgqwhe"	2026	1	"REG"	"2026_01_NYJ_TEN"	"NYJ"	"TEN"	0	0	0	0	0	0	0	0	0	0	0	0	null	null	0	null	0	0	0	0	0	0	0	0	0	0	null	0	0	0	0	0	6	7	79	0	0	0	77	18	3	5.489221004563235	0	2	2	2	0	1.025974025974026	0.30434782608695654	0.4583333333333333	0.7773550724637681	0	0	0	0	0	0	0	0	0	0	0	0	0	0	0	0	0	0	0	0	0	0	0	0	0	0	0	1	5	0	0	0	0	0	0	0	0	0	0	0	0	0	null	null	0	0	0	0	0	0	0	0	0	0	0	0	null	null	null	0	0	0	0	0	0	0	null	0	0	0	0	0	0	0	null	0	0	0	0	0	0	0	0	0	0	7.9	13.9
"00-0037740"	"G.Wilson"	"Garrett Wilson"	"WR"	"WR"	"https://static.www.nfl.com/image/upload/f_auto,q_auto/league/upxwxmhdd8xluztgqwhe"	2026	2	"REG"	"2026_02_GB_NYJ"	"NYJ"	"GB"	0	0	0	0	0	0	0	0	0	0	0	0	null	null	0	null	0	0	0	0	0	0	0	0	0	0	null	0	0	0	0	0	5	7	57	1	0	0	75	3	4	2.661482501833234	0	3	2	0	0	0.76	0.19444444444444445	0.29880478087649404	0.5008300132802125	0	0	0	0	0	0	0	0	0	0	0	0	0	0	0	0	0	0	0	0	0	0	0	0	0	0	0	0	0	0	0	0	0	0	0	0	0	0	0	0	0	0	null	null	0	0	0	0	0	0	0	0	0	0	0	0	null	null	null	0	0	0	0	0	0	0	null	0	0	0	0	0	0	0	null	0	0	0	0	0	0	0	0	0	0	11.7	16.7
"00-0037816"	"R.Doubs"	"Romeo Doubs"	"WR"	"WR"	"https://static.www.nfl.com/image/upload/f_auto,q_auto/league/yxvzijmgwyyigljxfmyb"	2026	1	"REG"	"2026_01_NE_SEA"	"NE"	"SEA"	0	0	0	0	0	0	0	0	0	0	0	0	null	null	0	null	0	0	0	0	0	0	0	0	0	0	null	0	0	0	0	0	0	3	0	0	0	0	75	0	0	-5.969859673758037	0	0	0	0	0	0	0.0967741935483871	0.3393665158371041	0.38271785140855347	0	0	0	0	0	0	0	0	0	0	0	0	0	0	0	0	0	0	0	0	0	0	0	0	0	0	0	0	0	0	0	0	0	0	0	0	0	0	0	0	0	0	null	null	0	0	0	0	0	0	0	0	0	0	0	0	null	null	null	0	0	0	0	0	0	0	null	0	0	0	0	0	0	0	null	0	0	0	0	0	0	0	0	0	0	0	0
"00-0037816"	"R.Doubs"	"Romeo Doubs"	"WR"	"WR"	"https://static.www.nfl.com/image/upload/f_auto,q_auto/league/yxvzijmgwyyigljxfmyb"	2026	2	"REG"	"2026_02_PIT_NE"	"NE"	"PIT"	0	0	0	0	0	0	0	0	0	0	0	0	null	null	0	null	0	0	0	0	0	0	0	0	0	0	null	0	0	0	0	0	3	4	96	0	1	0	76	26	2	5.5575940064154565	0	2	2	2	1	1.263157894736842	0.19047619047619047	0.3877551020408163	0.5571428571428572	0	0	0	0	0	0	0	0	0	0	0	0	0	0	0	0	0	0	0	0	0	0	0	0	0	0	0	0	0	1	0	1	1	0	0	0	0	0	0	0	0	0	null	null	0	0	0	0	0	0	0	0	0	0	0	0	null	null	null	0	0	0	0	0	0	0	null	0	0	0	0	0	0	0	null	0	0	0	0	0	0	0	0	0	0	9.600000000000001	12.600000000000001
"00-0037816"	"R.Doubs"	"Romeo Doubs"	"WR"	"WR"	"https://static.www.nfl.com/image/upload/f_auto,q_auto/league/yxvzijmgwyyigljxfmyb"	2026	3	"REG"	"2026_03_NE_JAX"	"NE"	"JAX"	0	0	0	0	0	0	0	0	0	0	0	0	null	null	0	null	0	0	0	0	0	0	0	0	0	0	null	0	0	0	0	0	3	4	49	0	0	0	51	12	2	3.1388645464156744	0	2	2	2	0	0.9607843137254902	0.13333333333333333	0.1408839779005525	0.29861878453038676	0	0	0	0	0	0	0	0	0	0	0	0	0	0	0	0	0	0	0	0	0	0	0	0	0	0	0	1	10	0	0	0	0	0	0	0	0	0	0	0	0	0	null	null	0	0	0	0	0	0	0	0	0	0	0	0	null	null	null	0	0	0	0	0	0	0	null	0	0	0	0	0	0	0	null	0	0	0	0	0	0	0	0	0	0	4.9	7.9
"00-0037834"	"B.Purdy"	"Brock Purdy"	"QB"	"QB"	"https://static.www.nfl.com/image/upload/f_auto,q_auto/league/xs2fyj1sqdgwvt9ihbri"	2026	2	"REG"	"2026_02_MIA_SF"	"SF"	"MIA"	20	22	287	2	0	0	0	0	0	180	110	16	23.33041352633154	29.040403025490896	0	1.5944444444444446	12	9	5	1	3	30	1	0	0	3	3.1168110375874676	0	2	1	0	0	0	0	0	0	0	0	0	0	0	null	0	0	0	0	0	null	0	0	0	0	0	0	0	0	0	0	0	0	0	0	0	0	0	0	0	0	0	0	0	0	0	0	0	0	0	0	1	18	0	0	0	0	0	0	0	0	0	0	0	0	0	null	null	0	0	0	0	0	0	0	0	0	0	0	0	null	null	null	0	0	0	0	0	0	0	null	0	0	0	0	0	0	0	null	0	0	0	0	0	0	0	0	0	0	28.48	28.48
"00-0037834"	"B.Purdy"	"Brock Purdy"	"QB"	"QB"	"https://static.www.nfl.com/image/upload/f_auto,q_auto/league/xs2fyj1sqdgwvt9ihbri"	2026	3	"REG"	"2026_03_ARI_SF"	"SF"	"ARI"	15	27	297	4	0	0	0	0	0	294	158	14	22.930293110517283	-4.913242849019857	0	1.010204081632653	13	6	5	1	2	34	0	0	0	1	0.8743337252526544	0	1	1	1	0	0	0	0	0	0	0	0	0	0	null	0	0	0	0	0	null	0	0	0	0	0	0	0	0	0	0	0	0	0	0	0	0	0	0	0	0	0	0	0	0	0	0	0	0	0	0	0	0	0	0	0	0	0	0	0	0	0	0	0	0	0	null	null	0	0	0	0	0	0	0	0	0	0	0	0	null	null	null	0	0	0	0	0	0	0	null	0	0	0	0	0	0	0	null	0	0	0	0	0	0	0	0	0	0	31.28	31.28
"00-0037838"	"I.Likely"	"Isaiah Likely"	"TE"	"TE"	"https://static.www.nfl.com/image/upload/f_auto,q_auto/league/b1pahldt9ixp9lssxi2d"	2026	1	"REG"	"2026_01_DAL_NYG"	"NYG"	"DAL"	0	0	0	0	0	0	0	0	0	0	0	0	null	null	0	null	0	0	0	0	0	0	0	0	0	0	null	0	0	0	0	0	8	8	78	2	1	0	64	14	6	11.029123293497832	0	4	1	0	0	1.21875	0.27586206896551724	0.2612244897959184	0.5966502463054187	0	0	0	0	0	0	0	0	0	0	0	0	0	0	0	0	0	0	0	0	0	0	0	0	0	0	0	0	0	1	0	0	1	0	0	0	0	0	0	0	0	0	null	null	0	0	0	0	0	0	0	0	0	0	0	0	null	null	null	0	0	0	0	0	0	0	null	0	0	0	0	0	0	0	null	0	0	0	0	0	0	0	0	0	0	19.8	27.8
"00-0037838"	"I.Likely"	"Isaiah Likely"	"TE"	"TE"	"https://static.www.nfl.com/image/upload/f_auto,q_auto/league/b1pahldt9ixp9lssxi2d"	2026	3	"REG"	"2026_03_TEN_NYG"	"NYG"	"TEN"	0	0	0	0	0	0	0	0	0	0	0	0	null	null	0	null	0	0	0	0	0	0	0	0	0	0	null	0	0	0	0	0	2	5	13	0	0	0	21	5	1	-1.111016487586312	0	1	0	0	0	0.6190476190476191	0.23809523809523808	0.15441176470588236	0.46523109243697475	0	0	0	0	0	0	0	0	0	0	0	0	0	0	0	0	0	0	0	0	0	0	0	0	0	0	0	0	0	0	0	0	0	0	0	0	0	0	0	0	0	0	null	null	0	0	0	0	0	0	0	0	0	0	0	0	null	null	null	0	0	0	0	0	0	0	null	0	0	0	0	0	0	0	null	0	0	0	0	0	0	0	0	0	0	1.3	3.3
"00-0038117"	"W.Robinson"	"Wan'Dale Robinson"	"WR"	"WR"	"https://static.www.nfl.com/image/upload/f_auto,q_auto/league/yzcvyhmilvxedfjfjglc"	2026	1	"REG"	"2026_01_NYJ_TEN"	"TEN"	"NYJ"	0	0	0	0	0	0	0	0	0	0	0	0	null	null	0	null	0	0	0	0	0	0	0	0	0	0	null	0	0	0	0	0	5	6	38	0	0	0	23	13	3	2.9655132087646052	0	1	0	0	0	1.6521739130434783	0.21428571428571427	0.12105263157894737	0.40616541353383456	0	0	0	0	0	0	0	0	0	0	0	0	0	0	0	0	0	0	0	0	0	0	0	0	0	0	0	0	0	0	0	0	0	0	0	0	0	0	0	0	0	0	null	null	0	0	0	0	0	0	0	0	0	0	0	0	null	null	null	0	0	0	0	0	0	0	null	0	0	0	0	0	0	0	null	0	0	0	0	0	0	0	0	0	0	3.8000000000000003	8.8
"00-0038117"	"W.Robinson"	"Wan'Dale Robinson"	"WR"	"WR"	"https://static.www.nfl.com/image/upload/f_auto,q_auto/league/yzcvyhmilvxedfjfjglc"	2026	3	"REG"	"2026_03_TEN_NYG"	"TEN"	"NYG"	0	0	0	0	0	0	0	0	0	0	0	0	null	null	0	null	0	0	0	0	0	0	0	0	0	0	null	0	0	0	0	0	7	11	57	1	0	0	62	35	4	-0.18374038860201836	0	2	1	0	0	0.9193548387096774	0.3142857142857143	0.2719298245614035	0.6617794486215539	0	0	0	0	0	0	0	0	0	0	0	0	0	0	0	0	0	0	0	0	0	0	0	0	0	0	0	0	0	0	0	0	0	0	0	0	0	0	0	0	0	0	null	null	0	0	0	0	0	0	0	0	0	0	0	0	null	null	null	0	0	0	0	0	0	0	null	0	0	0	0	0	0	0	null	0	0	0	0	0	0	0	0	0	0	11.7	18.7
"00-0038120"	"B.Hall"	"Breece Hall"	"RB"	"RB"	"https://static.www.nfl.com/image/upload/f_auto,q_auto/league/i01xtqbfajfq68lb6orh"	2026	1	"REG"	"2026_01_NYJ_TEN"	"NYJ"	"TEN"	0	0	0	0	0	0	0	0	0	0	0	0	null	null	0	null	0	0	0	0	22	102	1	0	0	7	2.3495652517303824	0	3	3	0	0	2	2	16	0	0	0	3	13	0	1.2427129313582554	0	0	0	0	0	5.333333333333333	0.08695652173913043	0.017857142857142856	0.14293478260869566	0	0	0	0	0	0	0	0	0	0	0	0	0	0	0	0	0	0	0	0	0	0	0	0	0	0	0	0	0	0	0	0	0	0	0	0	0	0	0	0	0	0	null	null	0	0	0	0	0	0	0	0	0	0	0	0	null	null	null	0	0	0	0	0	0	0	null	0	0	0	0	0	0	0	null	0	0	0	0	0	0	0	0	0	0	17.8	19.8
"00-0038120"	"B.Hall"	"Breece Hall"	"RB"	"RB"	"https://static.www.nfl.com/image/upload/f_auto,q_auto/league/i01xtqbfajfq68lb6orh"	2026	2	"REG"	"2026_02_GB_NYJ"	"NYJ"	"GB"	0	0	0	0	0	0	0	0	0	0	0	0	null	null	0	null	0	0	0	0	16	29	0	0	0	2	-7.023093998024706	0	1	1	0	0	5	5	63	0	0	0	-1	64	2	5.072172730520833	0	2	1	1	1	-63	0.1388888888888889	-0.00398406374501992	0.2055444887118194	0	0	0	0	0	0	0	0	0	0	0	0	0	0	0	0	0	0	0	0	0	0	0	0	0	0	0	0	0	0	0	0	0	0	0	0	0	0	0	0	0	0	null	null	0	0	0	0	0	0	0	0	0	0	0	0	null	null	null	0	0	0	0	0	0	0	null	0	0	0	0	0	0	0	null	0	0	0	0	0	0	0	0	0	0	9.200000000000001	14.200000000000001
"00-0038124"	"C.Watson"	"Christian Watson"	"WR"	"WR"	"https://static.www.nfl.com/image/upload/f_auto,q_auto/league/tumeg4d32sirkab2xzu5"	2026	1	"REG"	"2026_01_GB_MIN"	"GB"	"MIN"	0	0	0	0	0	0	0	0	0	0	0	0	null	null	0	null	0	0	0	0	0	0	0	0	0	0	null	0	0	0	0	0	6	8	147	2	0	0	127	72	5	6.882247817498865	0	4	3	2	1	1.1574803149606299	0.2	0.27078891257995735	0.4895522388059702	0	0	0	0	0	0	0	0	0	0	0	0	0	0	0	0	0	0	0	0	0	0	0	0	0	0	0	0	0	0	0	0	0	0	0	0	0	0	0	0	0	0	null	null	0	0	0	0	0	0	0	0	0	0	0	0	null	null	null	0	0	0	0	0	0	0	null	0	0	0	0	0	0	0	null	0	0	0	0	0	0	0	0	0	0	26.700000000000003	32.7
"00-0038124"	"C.Watson"	"Christian Watson"	"WR"	"WR"	"https://static.www.nfl.com/image/upload/f_auto,q_auto/league/tumeg4d32sirkab2xzu5"	2026	2	"REG"	"2026_02_GB_NYJ"	"GB"	"NYJ"	0	0	0	0	0	0	0	0	0	0	0	0	null	null	0	null	0	0	0	0	0	0	0	0	0	0	null	0	0	0	0	0	4	11	41	1	0	0	86	6	2	-3.7542474910749473	0	2	1	1	0	0.47674418604651164	0.3793103448275862	0.39814814814814814	0.8476692209450829	0	0	0	0	0	0	0	0	0	0	0	0	0	0	0	0	0	0	0	0	0	0	0	0	0	0	0	1	4	0	0	0	0	0	0	0	0	0	0	0	0	0	null	null	0	0	0	0	0	0	0	0	0	0	0	0	null	null	null	0	0	0	0	0	0	0	null	0	0	0	0	0	0	0	null	0	0	0	0	0	0	0	0	0	0	10.100000000000001	14.100000000000001
"00-0038124"	"C.Watson"	"Christian Watson"	"WR"	"WR"	"https://static.www.nfl.com/image/upload/f_auto,q_auto/league/tumeg4d32sirkab2xzu5"	2026	3	"REG"	"2026_03_ATL_GB"	"GB"	"ATL"	0	0	0	0	0	0	0	0	0	0	0	0	null	null	0	null	0	0	0	0	0	0	0	0	0	0	null	0	0	0	0	0	7	10	96	1	0	0	91	26	5	1.9746219164226204	0	4	2	2	0	1.054945054945055	0.19607843137254902	0.23214285714285715	0.4566176470588236	0	0	0	0	0	0	0	0	0	0	0	0	0	0	0	0	0	0	0	0	0	0	0	0	0	0	0	1	10	0	0	0	0	0	0	0	0	0	0	0	0	0	null	null	0	0	0	0	0	0	0	0	0	0	0	0	null	null	null	0	0	0	0	0	0	0	null	0	0	0	0	0	0	0	null	0	0	0	0	0	0	0	0	0	0	15.600000000000001	22.6
"00-0038134"	"K.Walker"	"Kenneth Walker III"	"RB"	"RB"	"https://static.www.nfl.com/image/upload/f_auto,q_auto/league/vk6nruaqdewdglofcwwg"	2026	1	"REG"	"2026_01_DEN_KC"	"KC"	"DEN"	0	0	0	0	0	0	0	0	0	0	0	0	null	null	0	null	0	0	0	0	23	173	1	0	0	8	10.102564174274448	0	4	4	2	1	3	6	18	1	0	0	-2	18	2	0.6422774181701243	0	1	0	0	0	-9	0.24	-0.015037593984962405	0.3494736842105263	0	0	0	0	0	0	0	0	0	0	0	0	0	0	0	0	0	0	0	0	0	0	0	0	0	0	0	0	0	0	0	0	0	0	0	0	0	0	0	0	0	0	null	null	0	0	0	0	0	0	0	0	0	0	0	0	null	null	null	0	0	0	0	0	0	0	null	0	0	0	0	0	0	0	null	0	0	0	0	0	0	0	0	0	0	31.1	34.1
"00-0038134"	"K.Walker"	"Kenneth Walker III"	"RB"	"RB"	"https://static.www.nfl.com/image/upload/f_auto,q_auto/league/vk6nruaqdewdglofcwwg"	2026	2	"REG"	"2026_02_IND_KC"	"KC"	"IND"	0	0	0	0	0	0	0	0	0	0	0	0	null	null	0	null	0	0	0	0	24	117	0	0	0	7	0.8259264166681399	0	3	2	0	0	6	10	61	0	0	0	13	54	2	-0.4918742167108281	0	3	1	1	0	4.6923076923076925	0.23255813953488372	0.04961832061068702	0.3835700337298065	0	0	0	0	0	0	0	0	0	0	0	0	0	0	0	0	0	0	0	0	0	0	0	0	0	0	0	0	0	0	0	0	0	0	0	0	0	0	0	0	0	0	null	null	0	0	0	0	0	0	0	0	0	0	0	0	null	null	null	0	0	0	0	0	0	0	null	0	0	0	0	0	0	0	null	0	0	0	0	0	0	0	0	0	0	17.8	23.8
"00-0038134"	"K.Walker"	"Kenneth Walker III"	"RB"	"RB"	"https://static.www.nfl.com/image/upload/f_auto,q_auto/league/vk6nruaqdewdglofcwwg"	2026	3	"REG"	"2026_03_KC_MIA"	"KC"	"MIA"	0	0	0	0	0	0	0	0	0	0	0	0	null	null	0	null	0	0	0	0	18	70	1	0	0	4	-4.940486280131154	0	3	2	1	0	2	2	3	1	0	0	-7	10	1	1.2487181458861127	0	0	0	0	0	-0.42857142857142855	0.08695652173913043	-0.043478260869565216	0.1	0	0	0	0	0	0	0	0	0	0	0	0	0	0	0	0	0	0	0	0	0	0	0	0	0	0	0	0	0	0	0	0	0	0	0	0	0	0	0	0	0	0	null	null	0	0	0	0	0	0	0	0	0	0	0	0	null	null	null	0	0	0	0	0	0	0	null	0	0	0	0	0	0	0	null	0	0	0	0	0	0	0	0	0	0	19.3	21.3
"00-0038559"	"Mi.Wilson"	"Michael Wilson"	"WR"	"WR"	"https://static.www.nfl.com/image/upload/f_auto,q_auto/league/hm2b9z4zujjmbiyldh8n"	2026	2	"REG"	"2026_02_SEA_ARI"	"ARI"	"SEA"	0	0	0	0	0	0	0	0	0	0	0	0	null	null	0	null	0	0	0	0	0	0	0	0	0	0	null	0	0	0	0	0	2	7	18	0	0	0	50	11	1	-4.991260324313771	0	0	0	0	0	0.36	0.2692307692307692	0.45871559633027525	0.7249470712773465	0	0	0	0	0	0	0	0	0	0	0	0	0	0	0	0	0	0	0	0	0	0	0	0	0	0	0	0	0	0	0	0	0	0	0	0	0	0	0	0	0	0	null	null	0	0	0	0	0	0	0	0	0	0	0	0	null	null	null	0	0	0	0	0	0	0	null	0	0	0	0	0	0	0	null	0	0	0	0	0	0	0	0	0	0	1.8	3.8
"00-0038559"	"Mi.Wilson"	"Michael Wilson"	"WR"	"WR"	"https://static.www.nfl.com/image/upload/f_auto,q_auto/league/hm2b9z4zujjmbiyldh8n"	2026	3	"REG"	"2026_03_ARI_SF"	"ARI"	"SF"	0	0	0	0	0	0	0	0	0	0	0	0	null	null	0	null	0	0	0	0	0	0	0	0	0	0	null	0	0	0	0	0	11	17	89	1	0	0	162	28	7	5.886165163363315	0	3	2	0	0	0.5493827160493827	0.34	0.5094339622641509	0.8666037735849057	0	0	0	0	0	0	0	0	0	0	0	0	0	0	0	0	0	0	0	0	0	0	0	0	0	0	0	0	0	0	0	0	0	0	0	0	0	0	0	0	0	0	null	null	0	0	0	0	0	0	0	0	0	0	0	0	null	null	null	0	0	0	0	0	0	0	null	0	0	0	0	0	0	0	null	0	0	0	0	0	0	0	0	0	0	14.9	25.9
"00-0038597"	"C.Brown"	"Chase Brown"	"RB"	"RB"	"https://static.www.nfl.com/image/upload/f_auto,q_auto/league/tch3y6jlj7khvyi9jg0c"	2026	1	"REG"	"2026_01_TB_CIN"	"CIN"	"TB"	0	0	0	0	0	0	0	0	0	0	0	0	null	null	0	null	0	0	0	0	16	56	1	0	0	4	-1.0608258471474983	0	2	1	0	0	5	6	22	0	0	0	-12	32	0	-1.138997828878928	0	0	0	0	0	-1.8333333333333333	0.17647058823529413	-0.05309734513274336	0.2275377407600208	0	0	0	0	0	0	0	0	0	0	0	0	0	0	0	0	0	0	0	0	0	0	0	0	0	0	0	0	0	0	0	0	0	0	0	0	0	0	0	0	0	0	null	null	0	0	0	0	0	0	0	0	0	0	0	0	null	null	null	0	0	0	0	0	0	0	null	0	0	0	0	0	0	0	null	0	0	0	0	0	0	0	0	0	0	13.8	18.8
"00-0038597"	"C.Brown"	"Chase Brown"	"RB"	"RB"	"https://static.www.nfl.com/image/upload/f_auto,q_auto/league/tch3y6jlj7khvyi9jg0c"	2026	2	"REG"	"2026_02_CIN_HOU"	"CIN"	"HOU"	0	0	0	0	0	0	0	0	0	0	0	0	null	null	0	null	0	0	0	0	20	80	0	0	0	3	-3.869727588898968	0	2	0	0	0	3	5	2	0	0	0	-15	11	0	-4.138061813078821	0	0	0	0	0	-0.13333333333333333	0.16129032258064516	-0.08670520231213873	0.18124184225247064	0	0	0	0	0	0	0	0	0	0	0	0	0	0	0	0	0	0	0	0	0	0	0	0	0	0	0	0	0	0	0	0	0	0	0	0	0	0	0	0	0	0	null	null	0	0	0	0	0	0	0	0	0	0	0	0	null	null	null	0	0	0	0	0	0	0	null	0	0	0	0	0	0	0	null	0	0	0	0	0	0	0	0	0	0	8.200000000000001	11.200000000000001
"00-0038597"	"C.Brown"	"Chase Brown"	"RB"	"RB"	"https://static.www.nfl.com/image/upload/f_auto,q_auto/league/tch3y6jlj7khvyi9jg0c"	2026	3	"REG"	"2026_03_CIN_PIT"	"CIN"	"PIT"	0	0	0	0	0	0	0	0	0	0	0	0	null	null	0	null	0	0	0	0	13	61	0	0	0	3	0.8553136904956773	0	2	2	0	0	2	2	8	0	0	0	-1	9	1	-0.43511660408694297	0	1	0	0	0	-8	0.05405405405405406	-0.003861003861003861	0.07837837837837838	0	0	0	0	0	0	0	0	0	0	0	0	0	0	0	0	0	0	0	0	0	0	0	0	0	0	0	0	0	0	0	0	0	0	0	0	0	0	0	0	0	0	null	null	0	0	0	0	0	0	0	0	0	0	0	0	null	null	null	0	0	0	0	0	0	0	null	0	0	0	0	0	0	0	null	0	0	0	0	0	0	0	0	0	0	6.9	8.9
"00-0038606"	"P.Washington"	"Parker Washington"	"WR"	"WR"	"https://static.www.nfl.com/image/upload/f_auto,q_auto/league/yn0hc5xrz5nqeccg8two"	2026	1	"REG"	"2026_01_CLE_JAX"	"JAX"	"CLE"	0	0	0	0	0	0	0	0	0	0	0	0	null	null	0	null	0	0	0	0	0	0	0	0	0	0	null	0	0	0	0	0	5	6	83	1	0	0	102	4	4	8.762311679136474	0	4	2	2	0	0.8137254901960784	0.2857142857142857	0.4214876033057851	0.7236127508854782	0	0	0	0	0	0	0	0	0	0	0	0	0	0	0	0	0	0	0	0	0	0	0	0	0	0	0	0	0	0	0	0	0	0	1	-5	0	0	0	0	0	0	null	null	0	0	0	0	0	0	0	0	0	0	0	0	null	null	null	0	0	0	0	0	0	0	null	0	0	0	0	0	0	0	null	0	0	0	0	0	0	0	0	0	0	14.3	19.3
"00-0038606"	"P.Washington"	"Parker Washington"	"WR"	"WR"	"https://static.www.nfl.com/image/upload/f_auto,q_auto/league/yn0hc5xrz5nqeccg8two"	2026	2	"REG"	"2026_02_JAX_DEN"	"JAX"	"DEN"	0	0	0	0	0	0	0	0	0	0	0	0	null	null	0	null	0	0	0	0	0	0	0	0	0	0	null	0	0	0	0	0	7	12	98	0	0	0	177	5	3	-0.37451008813358344	0	4	3	1	0	0.5536723163841808	0.42857142857142855	0.5860927152317881	1.0531220435193944	0	1	0	0	0	0	0	0	0	0	0	0	0	0	1	0	0	0	0	0	0	0	1	0	0	0	0	1	5	0	1	0	1	0	2	12	0	0	0	0	0	0	null	null	0	0	0	0	0	0	0	0	0	0	0	0	null	null	null	0	0	0	0	0	0	0	null	0	0	0	0	0	0	0	null	0	0	0	0	0	0	0	0	0	0	9.8	16.8
"00-0038606"	"P.Washington"	"Parker Washington"	"WR"	"WR"	"https://static.www.nfl.com/image/upload/f_auto,q_auto/league/yn0hc5xrz5nqeccg8two"	2026	3	"REG"	"2026_03_NE_JAX"	"JAX"	"NE"	0	0	0	0	0	0	0	0	0	0	0	0	null	null	0	null	0	0	0	0	0	0	0	0	0	0	null	0	0	0	0	0	3	5	40	1	0	0	50	4	2	4.64973959577037	0	2	2	0	0	0.8	0.18518518518518517	0.2777777777777778	0.4722222222222222	0	0	0	0	0	0	0	0	0	0	0	0	0	0	0	0	0	0	0	0	0	0	0	0	0	0	0	0	0	0	0	0	0	0	0	0	0	0	0	0	0	0	null	null	0	0	0	0	0	0	0	0	0	0	0	0	null	null	null	0	0	0	0	0	0	0	null	0	0	0	0	0	0	0	null	0	0	0	0	0	0	0	0	0	0	10	13
"00-0038611"	"C.Rodriguez"	"Chris Rodriguez Jr."	"RB"	"RB"	"https://static.www.nfl.com/image/upload/f_auto,q_auto/league/pknd5uajvpvfd8c744im"	2026	1	"REG"	"2026_01_CLE_JAX"	"JAX"	"CLE"	0	0	0	0	0	0	0	0	0	0	0	0	null	null	0	null	0	0	0	0	6	23	0	0	0	1	-0.7644281050693378	0	0	0	0	0	0	0	0	0	0	0	0	0	0	null	0	0	0	0	0	null	0	0	0	0	0	0	0	0	0	0	0	0	0	0	0	0	0	0	0	0	0	0	0	0	0	0	0	0	0	0	0	0	0	0	0	0	0	0	0	0	0	0	0	0	0	null	null	0	0	0	0	0	0	0	0	0	0	0	0	null	null	null	0	0	0	0	0	0	0	null	0	0	0	0	0	0	0	null	0	0	0	0	0	0	0	0	0	0	2.3000000000000003	2.3000000000000003
"00-0038611"	"C.Rodriguez"	"Chris Rodriguez Jr."	"RB"	"RB"	"https://static.www.nfl.com/image/upload/f_auto,q_auto/league/pknd5uajvpvfd8c744im"	2026	2	"REG"	"2026_02_JAX_DEN"	"JAX"	"DEN"	0	0	0	0	0	0	0	0	0	0	0	0	null	null	0	null	0	0	0	0	6	13	0	0	0	2	-0.6497777752229013	0	0	0	0	0	0	0	0	0	0	0	0	0	0	null	0	0	0	0	0	null	0	0	0	0	0	0	0	0	0	0	0	0	0	0	0	0	0	0	0	0	0	0	0	0	0	0	0	0	0	0	0	0	0	0	0	0	0	0	0	0	0	0	0	0	0	null	null	0	0	0	0	0	0	0	0	0	0	0	0	null	null	null	0	0	0	0	0	0	0	null	0	0	0	0	0	0	0	null	0	0	0	0	0	0	0	0	0	0	1.3	1.3
"00-0038611"	"C.Rodriguez"	"Chris Rodriguez Jr."	"RB"	"RB"	"https://static.www.nfl.com/image/upload/f_auto,q_auto/league/pknd5uajvpvfd8c744im"	2026	3	"REG"	"2026_03_NE_JAX"	"JAX"	"NE"	0	0	0	0	0	0	0	0	0	0	0	0	null	null	0	null	0	0	0	0	8	37	1	0	0	3	2.0860582185559906	0	0	0	0	0	0	0	0	0	0	0	0	0	0	null	0	0	0	0	0	null	0	0	0	0	0	0	0	0	0	0	0	0	0	0	0	0	0	0	0	0	0	0	0	0	0	0	0	0	0	0	0	0	0	0	0	0	0	0	0	0	0	0	0	0	0	null	null	0	0	0	0	0	0	0	0	0	0	0	0	null	null	null	0	0	0	0	0	0	0	null	0	0	0	0	0	0	0	null	0	0	0	0	0	0	0	0	0	0	9.7	9.7
"00-0038797"	"E.Wilson"	"Emanuel Wilson"	"RB"	"RB"	"https://static.www.nfl.com/image/upload/f_auto,q_auto/league/uorruvczsxzvffpbxu8z"	2026	1	"REG"	"2026_01_NE_SEA"	"SEA"	"NE"	0	0	0	0	0	0	0	0	0	0	0	0	null	null	0	null	0	0	0	0	2	3	0	0	0	0	-1.8990639874245971	0	0	0	0	0	0	0	0	0	0	0	0	0	0	null	0	0	0	0	0	null	0	0	0	0	0	0	0	0	0	0	0	0	0	0	0	0	0	0	0	0	0	0	0	0	0	0	0	0	0	0	0	0	0	0	0	0	0	0	0	0	0	0	0	0	0	null	null	0	0	0	0	0	0	0	0	0	0	0	0	null	null	null	0	0	0	0	0	0	0	null	0	0	0	0	0	0	0	null	0	0	0	0	0	0	0	0	0	0	0.30000000000000004	0.30000000000000004
"00-0038797"	"E.Wilson"	"Emanuel Wilson"	"RB"	"RB"	"https://static.www.nfl.com/image/upload/f_auto,q_auto/league/uorruvczsxzvffpbxu8z"	2026	2	"REG"	"2026_02_SEA_ARI"	"SEA"	"ARI"	0	0	0	0	0	0	0	0	0	0	0	0	null	null	0	null	0	0	0	0	21	92	0	0	0	6	-3.896946490276605	0	2	1	0	0	0	1	0	0	0	0	1	0	0	-0.4748541915905662	0	0	0	0	0	0	0.038461538461538464	0.004405286343612335	0.06077600813283633	0	0	0	0	0	0	0	0	0	0	0	0	0	0	0	0	0	0	0	0	0	0	0	0	0	0	0	0	0	0	0	0	0	0	0	0	0	0	0	0	0	0	null	null	0	0	0	0	0	0	0	0	0	0	0	0	null	null	null	0	0	0	0	0	0	0	null	0	0	0	0	0	0	0	null	0	0	0	0	0	0	0	0	0	0	9.200000000000001	9.200000000000001
"00-0038933"	"D.Kincaid"	"Dalton Kincaid"	"TE"	"TE"	"https://static.www.nfl.com/image/upload/f_auto,q_auto/league/z7k857flehljboaixj8m"	2026	1	"REG"	"2026_01_BUF_HOU"	"BUF"	"HOU"	0	0	0	0	0	0	0	0	0	0	0	0	null	null	0	null	0	0	0	0	0	0	0	0	0	0	null	0	0	0	0	0	5	6	130	0	0	0	98	38	4	7.636758036969695	0	4	3	3	1	1.3265306122448979	0.21428571428571427	0.2558746736292428	0.5005408429690413	0	0	0	0	0	0	0	0	0	0	0	0	0	0	0	0	0	0	0	0	0	0	0	0	0	0	0	0	0	0	0	0	0	0	0	0	0	0	0	0	0	0	null	null	0	0	0	0	0	0	0	0	0	0	0	0	null	null	null	0	0	0	0	0	0	0	null	0	0	0	0	0	0	0	null	0	0	0	0	0	0	0	0	0	0	13	18
"00-0038994"	"J.Addison"	"Jordan Addison"	"WR"	"WR"	"https://static.www.nfl.com/image/upload/f_auto,q_auto/league/mi4lzk9gvjrvo6rwdf1e"	2026	1	"REG"	"2026_01_GB_MIN"	"MIN"	"GB"	0	0	0	0	0	0	0	0	0	0	0	0	null	null	0	null	0	0	0	0	0	0	0	0	0	0	null	0	0	0	0	0	0	2	0	0	0	0	27	0	0	-3.277210511809625	0	0	0	0	0	0	0.08695652173913043	0.1534090909090909	0.2378211462450593	0	0	0	0	0	0	0	0	0	0	0	0	0	0	0	0	0	0	0	0	0	0	0	0	0	0	0	0	0	0	0	0	0	0	0	0	0	0	0	0	0	0	null	null	0	0	0	0	0	0	0	0	0	0	0	0	null	null	null	0	0	0	0	0	0	0	null	0	0	0	0	0	0	0	null	0	0	0	0	0	0	0	0	0	0	0	0
"00-0038994"	"J.Addison"	"Jordan Addison"	"WR"	"WR"	"https://static.www.nfl.com/image/upload/f_auto,q_auto/league/mi4lzk9gvjrvo6rwdf1e"	2026	2	"REG"	"2026_02_MIN_CHI"	"MIN"	"CHI"	0	0	0	0	0	0	0	0	0	0	0	0	null	null	0	null	0	0	0	0	0	0	0	0	0	0	null	0	0	0	0	0	2	5	21	0	0	0	43	8	1	-0.603559652576223	0	1	0	0	0	0.4883720930232558	0.2631578947368421	0.27388535031847133	0.5864565873281931	0	0	0	0	0	0	0	0	0	0	0	0	0	0	0	0	0	0	0	0	0	0	0	0	0	0	0	0	0	0	0	0	0	0	0	0	0	0	0	0	0	0	null	null	0	0	0	0	0	0	0	0	0	0	0	0	null	null	null	0	0	0	0	0	0	0	null	0	0	0	0	0	0	0	null	0	0	0	0	0	0	0	0	0	0	2.1	4.1
"00-0038994"	"J.Addison"	"Jordan Addison"	"WR"	"WR"	"https://static.www.nfl.com/image/upload/f_auto,q_auto/league/mi4lzk9gvjrvo6rwdf1e"	2026	3	"REG"	"2026_03_MIN_TB"	"MIN"	"TB"	0	0	0	0	0	0	0	0	0	0	0	0	null	null	0	null	0	0	0	0	0	0	0	0	0	0	null	0	0	0	0	0	5	9	90	1	0	0	151	9	3	0.5308060250245035	0	3	2	2	1	0.5960264900662252	0.36	0.5992063492063492	0.9594444444444444	0	0	0	0	0	0	0	0	0	0	0	0	0	0	0	0	0	0	0	0	0	0	0	0	0	0	0	0	0	0	0	0	0	0	0	0	0	0	0	0	0	0	null	null	0	0	0	0	0	0	0	0	0	0	0	0	null	null	null	0	0	0	0	0	0	0	null	0	0	0	0	0	0	0	null	0	0	0	0	0	0	0	0	0	0	15	20
"00-0038996"	"T.Kraft"	"Tucker Kraft"	"TE"	"TE"	"https://static.www.nfl.com/image/upload/f_auto,q_auto/league/n6vu44jbq31rydoaadaq"	2026	1	"REG"	"2026_01_GB_MIN"	"GB"	"MIN"	0	0	0	0	0	0	0	0	0	0	0	0	null	null	0	null	0	0	0	0	0	0	0	0	0	0	null	0	0	0	0	0	3	6	65	0	0	0	82	20	3	1.797986097226385	0	3	2	2	0	0.7926829268292683	0.15	0.17484008528784648	0.3473880597014925	0	0	0	0	0	0	0	0	0	0	0	0	0	0	0	0	0	0	0	0	0	0	0	0	0	0	0	0	0	0	0	0	0	0	0	0	0	0	0	0	0	0	null	null	0	0	0	0	0	0	0	0	0	0	0	0	null	null	null	0	0	0	0	0	0	0	null	0	0	0	0	0	0	0	null	0	0	0	0	0	0	0	0	0	0	6.5	9.5
"00-0038996"	"T.Kraft"	"Tucker Kraft"	"TE"	"TE"	"https://static.www.nfl.com/image/upload/f_auto,q_auto/league/n6vu44jbq31rydoaadaq"	2026	2	"REG"	"2026_02_GB_NYJ"	"GB"	"NYJ"	0	0	0	0	0	0	0	0	0	0	0	0	null	null	0	null	0	0	0	0	0	0	0	0	0	0	null	0	0	0	0	0	2	3	15	0	1	0	10	12	0	-0.22127502143848687	0	1	0	0	0	1.5	0.10344827586206896	0.046296296296296294	0.18757982120051087	0	0	0	0	0	0	0	0	0	0	0	0	0	0	0	0	0	0	0	0	0	0	1	0	0	0	0	1	10	1	0	0	1	0	0	0	0	0	0	0	0	0	null	null	0	0	0	0	0	0	0	0	0	0	0	0	null	null	null	0	0	0	0	0	0	0	null	0	0	0	0	0	0	0	null	0	0	0	0	0	0	0	0	0	0	1.5	3.5
"00-0038996"	"T.Kraft"	"Tucker Kraft"	"TE"	"TE"	"https://static.www.nfl.com/image/upload/f_auto,q_auto/league/n6vu44jbq31rydoaadaq"	2026	3	"REG"	"2026_03_ATL_GB"	"GB"	"ATL"	0	0	0	0	0	0	0	0	0	0	0	0	null	null	0	null	0	0	0	0	0	0	0	0	0	0	null	0	0	0	0	0	4	8	26	0	0	0	36	18	1	-1.9915410505491309	0	0	0	0	0	0.7222222222222222	0.1568627450980392	0.09183673469387756	0.2995798319327731	0	0	0	0	0	0	0	0	0	0	0	0	0	0	0	0	0	0	0	0	0	0	1	5	0	0	0	0	0	0	0	0	0	0	0	0	0	0	0	0	0	0	null	null	0	0	0	0	0	0	0	0	0	0	0	0	null	null	null	0	0	0	0	0	0	0	null	0	0	0	0	0	0	0	null	0	0	0	0	0	0	0	0	0	0	2.6	6.6
"00-0038997"	"J.Downs"	"Josh Downs"	"WR"	"WR"	"https://static.www.nfl.com/image/upload/f_auto,q_auto/league/z3wahaxpmc6d5lcxgh60"	2026	1	"REG"	"2026_01_BAL_IND"	"IND"	"BAL"	0	0	0	0	0	0	0	0	0	0	0	0	null	null	0	null	0	0	0	0	0	0	0	0	0	0	null	0	0	0	0	0	2	4	37	0	0	0	36	22	2	3.3877164045115933	0	2	1	1	0	1.0277777777777777	0.13793103448275862	0.1791044776119403	0.3322696860524961	0	1	0	0	0	0	0	0	0	0	0	0	0	0	0	0	0	0	0	0	0	0	0	0	0	0	0	0	0	0	0	0	0	0	0	0	0	0	0	0	0	0	null	null	0	0	0	0	0	0	0	0	0	0	0	0	null	null	null	0	0	0	0	0	0	0	null	0	0	0	0	0	0	0	null	0	0	0	0	0	0	0	0	0	0	3.7	5.7
"00-0038997"	"J.Downs"	"Josh Downs"	"WR"	"WR"	"https://static.www.nfl.com/image/upload/f_auto,q_auto/league/z3wahaxpmc6d5lcxgh60"	2026	2	"REG"	"2026_02_IND_KC"	"IND"	"KC"	0	0	0	0	0	0	0	0	0	0	0	0	null	null	0	null	0	0	0	0	0	0	0	0	0	0	null	0	0	0	0	0	7	9	72	0	0	0	73	22	6	8.182997891737614	0	3	1	1	0	0.9863013698630136	0.3	0.4506172839506173	0.7654320987654321	0	0	0	0	0	0	0	0	0	0	0	0	0	0	0	0	0	0	0	0	0	0	0	0	0	0	0	0	0	0	0	0	0	0	0	0	0	0	0	0	0	0	null	null	0	0	0	0	0	0	0	0	0	0	0	0	null	null	null	0	0	0	0	0	0	0	null	0	0	0	0	0	0	0	null	0	0	0	0	0	0	0	0	0	0	7.2	14.2
"00-0038997"	"J.Downs"	"Josh Downs"	"WR"	"WR"	"https://static.www.nfl.com/image/upload/f_auto,q_auto/league/z3wahaxpmc6d5lcxgh60"	2026	3	"REG"	"2026_03_HOU_IND"	"IND"	"HOU"	0	0	0	0	0	0	0	0	0	0	0	0	null	null	0	null	0	0	0	0	0	0	0	0	0	0	null	0	0	0	0	0	5	11	77	0	0	0	172	25	4	1.5179737167200074	0	4	3	1	0	0.4476744186046512	0.3142857142857143	0.6120996441281139	0.8998983223182511	0	0	0	0	0	0	0	0	0	0	0	0	0	0	0	0	0	0	0	0	0	0	0	0	0	0	0	0	0	0	0	0	0	0	0	0	0	0	0	0	0	0	null	null	0	0	0	0	0	0	0	0	0	0	0	0	null	null	null	0	0	0	0	0	0	0	null	0	0	0	0	0	0	0	null	0	0	0	0	0	0	0	0	0	0	7.7	12.7
"00-0039040"	"D.Achane"	"De'Von Achane"	"RB"	"RB"	"https://static.www.nfl.com/image/upload/f_auto,q_auto/league/xk1xwio0bryfxo1ylweu"	2026	1	"REG"	"2026_01_MIA_LV"	"MIA"	"LV"	0	0	0	0	0	0	0	0	0	0	0	0	null	null	0	null	0	0	0	0	11	36	0	0	0	2	-2.709587912309461	0	1	0	0	0	4	5	30	0	0	0	4	19	1	1.4293985213153064	0	1	0	0	0	7.5	0.18518518518518517	0.012944983818770227	0.28683926645091695	0	0	0	0	0	0	0	0	0	0	0	0	0	0	0	0	0	0	0	0	0	0	0	0	0	0	0	0	0	0	0	0	0	0	0	0	0	0	0	0	0	0	null	null	0	0	0	0	0	0	0	0	0	0	0	0	null	null	null	0	0	0	0	0	0	0	null	0	0	0	0	0	0	0	null	0	0	0	0	0	0	0	0	0	0	6.6000000000000005	10.600000000000001
"00-0039040"	"D.Achane"	"De'Von Achane"	"RB"	"RB"	"https://static.www.nfl.com/image/upload/f_auto,q_auto/league/xk1xwio0bryfxo1ylweu"	2026	2	"REG"	"2026_02_MIA_SF"	"MIA"	"SF"	0	0	0	0	0	0	0	0	0	0	0	0	null	null	0	null	0	0	0	0	20	74	0	0	0	2	-3.883058213513923	0	1	1	0	0	3	6	19	0	0	0	24	15	1	-0.6974219257433081	0	0	0	0	0	0.7916666666666666	0.2608695652173913	0.14201183431952663	0.49071263184975555	0	0	0	0	0	0	0	0	0	0	0	0	0	0	0	0	0	0	0	0	0	0	0	0	0	0	0	0	0	0	0	0	0	0	0	0	0	0	0	0	0	0	null	null	0	0	0	0	0	0	0	0	0	0	0	0	null	null	null	0	0	0	0	0	0	0	null	0	0	0	0	0	0	0	null	0	0	0	0	0	0	0	0	0	0	9.3	12.3
"00-0039040"	"D.Achane"	"De'Von Achane"	"RB"	"RB"	"https://static.www.nfl.com/image/upload/f_auto,q_auto/league/xk1xwio0bryfxo1ylweu"	2026	3	"REG"	"2026_03_KC_MIA"	"MIA"	"KC"	0	0	0	0	0	0	0	0	0	0	0	0	null	null	0	null	0	0	0	0	3	17	0	0	0	1	0.7654180529061705	0	1	0	0	0	0	1	0	0	0	0	10	0	0	-0.5938099110499024	0	0	0	0	0	0	0.02857142857142857	0.02544529262086514	0.06066884769174845	0	0	0	0	0	0	0	0	0	0	0	0	0	0	0	0	0	0	0	0	0	0	0	0	0	0	0	0	0	0	0	0	0	0	0	0	0	0	0	0	0	0	null	null	0	0	0	0	0	0	0	0	0	0	0	0	null	null	null	0	0	0	0	0	0	0	null	0	0	0	0	0	0	0	null	0	0	0	0	0	0	0	0	0	0	1.7000000000000002	1.7000000000000002
"00-0039064"	"Z.Flowers"	"Zay Flowers"	"WR"	"WR"	"https://static.www.nfl.com/image/upload/f_auto,q_auto/league/xzhto2dejy2pflkfx40c"	2026	1	"REG"	"2026_01_BAL_IND"	"BAL"	"IND"	0	0	0	0	0	0	0	0	0	0	0	0	null	null	0	null	0	0	0	0	0	0	0	0	0	0	null	0	0	0	0	0	5	6	150	1	0	0	91	83	5	13.05230246623978	0	5	4	2	2	1.6483516483516483	0.25	0.3382899628252788	0.6118029739776951	0	0	0	0	0	0	0	0	0	0	0	0	0	0	0	0	0	0	0	0	0	0	0	0	0	0	0	0	0	0	0	0	0	0	0	0	0	0	0	0	0	0	null	null	0	0	0	0	0	0	0	0	0	0	0	0	null	null	null	0	0	0	0	0	0	0	null	0	0	0	0	0	0	0	null	0	0	0	0	0	0	0	0	0	0	21	26
"00-0039064"	"Z.Flowers"	"Zay Flowers"	"WR"	"WR"	"https://static.www.nfl.com/image/upload/f_auto,q_auto/league/xzhto2dejy2pflkfx40c"	2026	3	"REG"	"2026_03_BAL_DAL"	"BAL"	"DAL"	0	0	0	0	0	0	0	0	0	0	0	0	null	null	0	null	0	0	0	0	1	20	0	0	0	1	1.6493406644149218	0	1	1	1	0	5	6	84	0	0	0	55	34	5	6.617378515668273	0	4	2	2	0	1.5272727272727273	0.3	0.30386740331491713	0.6627071823204419	0	0	0	0	0	0	0	0	0	0	0	0	0	0	0	0	0	0	0	0	0	0	0	0	0	0	0	0	0	0	0	0	0	0	0	0	0	0	0	0	0	0	null	null	0	0	0	0	0	0	0	0	0	0	0	0	null	null	null	0	0	0	0	0	0	0	null	0	0	0	0	0	0	0	null	0	0	0	0	0	0	0	0	0	0	10.4	15.4
"00-0039067"	"R.Rice"	"Rashee Rice"	"WR"	"WR"	"https://static.www.nfl.com/image/upload/f_auto,q_auto/league/qhkbqrydjeur8zvrrmfl"	2026	1	"REG"	"2026_01_DEN_KC"	"KC"	"DEN"	0	0	0	0	0	0	0	0	0	0	0	0	null	null	0	null	0	0	0	0	0	0	0	0	0	0	null	0	0	0	0	0	2	2	19	1	0	0	6	13	1	2.125817969266791	0	1	0	0	0	3.1666666666666665	0.08	0.045112781954887216	0.15157894736842104	0	0	0	0	0	0	0	0	0	0	0	0	0	0	0	0	0	0	0	0	0	0	0	0	0	0	0	0	0	0	0	0	0	0	0	0	0	0	0	0	0	0	null	null	0	0	0	0	0	0	0	0	0	0	0	0	null	null	null	0	0	0	0	0	0	0	null	0	0	0	0	0	0	0	null	0	0	0	0	0	0	0	0	0	0	7.9	9.9
"00-0039067"	"R.Rice"	"Rashee Rice"	"WR"	"WR"	"https://static.www.nfl.com/image/upload/f_auto,q_auto/league/qhkbqrydjeur8zvrrmfl"	2026	2	"REG"	"2026_02_IND_KC"	"KC"	"IND"	0	0	0	0	0	0	0	0	0	0	0	0	null	null	0	null	0	0	0	0	0	0	0	0	0	0	null	0	0	0	0	0	4	6	83	0	0	0	45	51	3	1.3309772371692352	0	3	3	2	0	1.8444444444444446	0.13953488372093023	0.1717557251908397	0.3295313332149831	0	0	0	0	0	0	0	0	0	0	0	0	0	0	0	0	0	0	0	0	0	0	0	0	0	0	0	0	0	0	0	0	0	0	0	0	0	0	0	0	0	0	null	null	0	0	0	0	0	0	0	0	0	0	0	0	null	null	null	0	0	0	0	0	0	0	null	0	0	0	0	0	0	0	null	0	0	0	0	0	0	0	0	0	0	8.3	12.3
"00-0039067"	"R.Rice"	"Rashee Rice"	"WR"	"WR"	"https://static.www.nfl.com/image/upload/f_auto,q_auto/league/qhkbqrydjeur8zvrrmfl"	2026	3	"REG"	"2026_03_KC_MIA"	"KC"	"MIA"	0	0	0	0	0	0	0	0	0	0	0	0	null	null	0	null	0	0	0	0	0	0	0	0	0	0	null	0	0	0	0	0	7	9	88	0	0	0	75	55	2	0.2357574692578055	0	4	1	1	0	1.1733333333333333	0.391304347826087	0.4658385093167702	0.9130434782608696	0	0	0	0	0	0	0	0	0	0	0	0	0	0	0	0	0	0	0	0	0	0	0	0	0	0	0	1	6	0	0	0	0	0	0	0	0	0	0	0	0	0	null	null	0	0	0	0	0	0	0	0	0	0	0	0	null	null	null	0	0	0	0	0	0	0	null	0	0	0	0	0	0	0	null	0	0	0	0	0	0	0	0	0	0	8.8	15.8
"00-0039146"	"J.Reed"	"Jayden Reed"	"WR"	"WR"	"https://static.www.nfl.com/image/upload/f_auto,q_auto/league/uhb95fij1uo92ymqxpmg"	2026	1	"REG"	"2026_01_GB_MIN"	"GB"	"MIN"	0	0	0	0	0	0	0	0	0	0	0	0	null	null	0	null	0	0	0	0	0	0	0	0	0	0	null	0	0	0	0	0	3	7	20	0	0	0	50	3	1	-1.2048071527723132	0	0	0	0	0	0.4	0.175	0.10660980810234541	0.33712686567164174	0	0	0	0	0	0	0	0	0	0	0	0	0	0	0	0	0	0	0	0	0	0	0	0	0	0	0	0	0	0	0	0	0	0	0	0	0	0	0	0	0	0	null	null	0	0	0	0	0	0	0	0	0	0	0	0	null	null	null	0	0	0	0	0	0	0	null	0	0	0	0	0	0	0	null	0	0	0	0	0	0	0	0	0	0	2	5
"00-0039146"	"J.Reed"	"Jayden Reed"	"WR"	"WR"	"https://static.www.nfl.com/image/upload/f_auto,q_auto/league/uhb95fij1uo92ymqxpmg"	2026	2	"REG"	"2026_02_GB_NYJ"	"GB"	"NYJ"	0	0	0	0	0	0	0	0	0	0	0	0	null	null	0	null	0	0	0	0	0	0	0	0	0	0	null	0	0	0	0	0	1	1	4	0	0	0	-5	9	0	-0.09835515823215246	0	0	0	0	0	0	0.034482758620689655	-0.023148148148148147	0.03552043422733078	0	0	0	0	0	0	0	0	0	0	0	0	0	0	0	0	0	0	0	0	0	0	0	0	0	0	0	0	0	0	0	0	0	0	0	0	0	0	0	0	0	0	null	null	0	0	0	0	0	0	0	0	0	0	0	0	null	null	null	0	0	0	0	0	0	0	null	0	0	0	0	0	0	0	null	0	0	0	0	0	0	0	0	0	0	0.4	1.4
"00-0039150"	"B.Young"	"Bryce Young"	"QB"	"QB"	"https://static.www.nfl.com/image/upload/f_auto,q_auto/league/vcvhmxvxw2a3armle0af"	2026	1	"REG"	"2026_01_CHI_CAR"	"CAR"	"CHI"	23	37	361	3	1	2	-8	0	0	363	156	17	15.51976329782577	6.634585333592964	0	0.9944903581267218	15	8	5	2	2	10	1	0	0	1	1.6883257256704383	0	0	0	0	0	0	0	0	0	0	0	0	0	0	null	0	0	0	0	0	null	0	0	0	0	0	0	0	0	0	0	0	0	0	0	0	0	0	0	0	0	0	0	0	0	0	0	0	0	0	0	0	0	0	0	0	0	0	0	0	0	0	0	0	0	0	null	null	0	0	0	0	0	0	0	0	0	0	0	0	null	null	null	0	0	0	0	0	0	0	null	0	0	0	0	0	0	0	null	0	0	0	0	0	0	0	0	0	0	31.439999999999998	31.439999999999998
"00-0039150"	"B.Young"	"Bryce Young"	"QB"	"QB"	"https://static.www.nfl.com/image/upload/f_auto,q_auto/league/vcvhmxvxw2a3armle0af"	2026	2	"REG"	"2026_02_CAR_ATL"	"CAR"	"ATL"	23	36	287	3	0	2	-15	0	0	311	88	12	11.070034799896211	11.589164519682527	0	0.9228295819935691	10	5	5	1	1	6	0	0	0	1	1.0795394857414067	0	0	0	0	0	0	0	0	0	0	0	0	0	0	null	0	0	0	0	0	null	0	0	0	0	0	0	0	0	0	0	0	0	0	0	0	0	0	0	0	0	0	0	0	0	0	0	0	0	0	0	0	0	0	0	0	0	0	0	0	0	0	0	0	0	0	null	null	0	0	0	0	0	0	0	0	0	0	0	0	null	null	null	0	0	0	0	0	0	0	null	0	0	0	0	0	0	0	null	0	0	0	0	0	0	0	0	0	0	24.080000000000002	24.080000000000002
"00-0039150"	"B.Young"	"Bryce Young"	"QB"	"QB"	"https://static.www.nfl.com/image/upload/f_auto,q_auto/league/vcvhmxvxw2a3armle0af"	2026	3	"REG"	"2026_03_CAR_CLE"	"CAR"	"CLE"	26	48	291	1	1	3	-29	0	0	443	133	17	-5.9139815356301515	-2.686138025351933	0	0.6568848758465011	15	7	3	0	0	0	0	0	0	0	null	0	0	0	0	0	0	0	0	0	0	0	0	0	0	null	0	0	0	0	0	null	0	0	0	0	0	0	0	0	0	0	0	0	0	0	0	0	0	0	0	0	0	0	0	0	0	0	0	0	0	0	1	10	0	0	0	0	0	0	0	0	0	0	0	0	0	null	null	0	0	0	0	0	0	0	0	0	0	0	0	null	null	null	0	0	0	0	0	0	0	null	0	0	0	0	0	0	0	null	0	0	0	0	0	0	0	0	0	0	13.64	13.64
"00-0039337"	"M.Nabers"	"Malik Nabers"	"WR"	"WR"	"https://static.www.nfl.com/image/upload/f_auto,q_auto/league/w3edoyyuomqlovvp9ixc"	2026	1	"REG"	"2026_01_DAL_NYG"	"NYG"	"DAL"	0	0	0	0	0	0	0	0	0	0	0	0	null	null	0	null	0	0	0	0	0	0	0	0	0	0	null	0	0	0	0	0	6	9	69	0	0	0	103	10	3	5.013376748771407	0	3	2	0	0	0.6699029126213593	0.3103448275862069	0.4204081632653061	0.7598029556650246	0	0	0	0	0	0	0	0	0	0	0	0	0	0	0	0	0	0	0	0	0	0	0	0	0	0	0	0	0	0	0	0	0	0	0	0	0	0	0	0	0	0	null	null	0	0	0	0	0	0	0	0	0	0	0	0	null	null	null	0	0	0	0	0	0	0	null	0	0	0	0	0	0	0	null	0	0	0	0	0	0	0	0	0	0	6.9	12.9
"00-0039337"	"M.Nabers"	"Malik Nabers"	"WR"	"WR"	"https://static.www.nfl.com/image/upload/f_auto,q_auto/league/w3edoyyuomqlovvp9ixc"	2026	3	"REG"	"2026_03_TEN_NYG"	"NYG"	"TEN"	0	0	0	0	0	0	0	0	0	0	0	0	null	null	0	null	0	0	0	0	0	0	0	0	0	0	null	0	0	0	0	0	5	6	26	0	0	0	5	21	2	-2.9432326579794066	0	2	0	0	0	5.2	0.2857142857142857	0.03676470588235294	0.4543067226890756	0	0	0	0	0	0	0	0	0	0	0	0	0	0	0	0	0	0	0	0	0	0	0	0	0	0	0	0	0	0	0	0	0	0	0	0	0	0	0	0	0	0	null	null	0	0	0	0	0	0	0	0	0	0	0	0	null	null	null	0	0	0	0	0	0	0	null	0	0	0	0	0	0	0	null	0	0	0	0	0	0	0	0	0	0	2.6	7.6
"00-0039338"	"B.Bowers"	"Brock Bowers"	"TE"	"TE"	"https://static.www.nfl.com/image/upload/f_auto,q_auto/league/waorceny0ggpaeckaol8"	2026	3	"REG"	"2026_03_LV_NO"	"LV"	"NO"	0	0	0	0	0	0	0	0	0	0	0	0	null	null	0	null	0	0	0	0	0	0	0	0	0	0	null	0	0	0	0	0	10	13	116	1	0	0	106	28	7	8.588910686220647	0	6	3	1	0	1.0943396226415094	0.43333333333333335	0.3882783882783883	0.9217948717948719	0	0	0	0	0	0	0	0	0	0	0	0	0	0	0	0	0	0	0	0	0	0	0	0	0	0	0	0	0	0	0	0	0	0	0	0	0	0	0	0	0	0	null	null	0	0	0	0	0	0	0	0	0	0	0	0	null	null	null	0	0	0	0	0	0	0	null	0	0	0	0	0	0	0	null	0	0	0	0	0	0	0	0	0	0	17.6	27.6
"00-0039344"	"J.Brooks"	"Jonathon Brooks"	"RB"	"RB"	"https://static.www.nfl.com/image/upload/f_auto,q_auto/league/txl39rwjrs2fkm1shtxh"	2026	1	"REG"	"2026_01_CHI_CAR"	"CAR"	"CHI"	0	0	0	0	0	0	0	0	0	0	0	0	null	null	0	null	0	0	0	0	4	14	0	0	0	0	-1.6380114221246913	0	0	0	0	0	1	2	48	0	0	0	30	26	1	1.5480945424060337	0	1	1	1	1	1.6	0.058823529411764705	0.08196721311475409	0.1456123432979749	0	0	0	0	0	0	0	0	0	0	0	0	0	0	0	0	0	0	0	0	0	0	0	0	0	0	0	0	0	0	0	0	0	0	0	0	0	0	0	0	0	0	null	null	0	0	0	0	0	0	0	0	0	0	0	0	null	null	null	0	0	0	0	0	0	0	null	0	0	0	0	0	0	0	null	0	0	0	0	0	0	0	0	0	0	6.2	7.2
"00-0039344"	"J.Brooks"	"Jonathon Brooks"	"RB"	"RB"	"https://static.www.nfl.com/image/upload/f_auto,q_auto/league/txl39rwjrs2fkm1shtxh"	2026	2	"REG"	"2026_02_CAR_ATL"	"CAR"	"ATL"	0	0	0	0	0	0	0	0	0	0	0	0	null	null	0	null	0	0	0	0	5	16	0	0	0	0	-0.8299612355185673	0	0	0	0	0	1	1	-5	0	0	0	-6	1	0	-1.4787289230735041	0	0	0	0	0	0.8333333333333334	0.03125	-0.01929260450160772	0.0333701768488746	0	0	0	0	0	0	0	0	0	0	0	0	0	0	0	0	0	0	0	0	0	0	0	0	0	0	0	0	0	0	0	0	0	0	0	0	0	0	0	0	0	0	null	null	0	0	0	0	0	0	0	0	0	0	0	0	null	null	null	0	0	0	0	0	0	0	null	0	0	0	0	0	0	0	null	0	0	0	0	0	0	0	0	0	0	1.1	2.1
"00-0039361"	"B.Irving"	"Bucky Irving"	"RB"	"RB"	"https://static.www.nfl.com/image/upload/f_auto,q_auto/league/vkc00rvnix3f2b96vkwo"	2026	1	"REG"	"2026_01_TB_CIN"	"TB"	"CIN"	0	0	0	0	0	0	0	0	0	0	0	0	null	null	0	null	0	0	0	0	8	45	1	0	0	3	3.555616171914153	0	1	0	0	0	7	7	48	0	1	1	-25	73	2	-0.29903526476118714	0	2	1	1	0	-1.92	0.25925925925925924	-0.17482517482517482	0.26651126651126644	0	0	0	0	0	0	0	0	0	0	0	0	0	0	0	0	0	0	0	0	0	0	0	0	0	0	0	0	0	1	0	0	1	1	0	0	0	0	0	0	0	0	null	null	0	0	0	0	0	0	0	0	0	0	0	0	null	null	null	0	0	0	0	0	0	0	null	0	0	0	0	0	0	0	null	0	0	0	0	0	0	0	0	0	0	13.3	20.3
"00-0039361"	"B.Irving"	"Bucky Irving"	"RB"	"RB"	"https://static.www.nfl.com/image/upload/f_auto,q_auto/league/vkc00rvnix3f2b96vkwo"	2026	2	"REG"	"2026_02_CLE_TB"	"TB"	"CLE"	0	0	0	0	0	0	0	0	0	0	0	0	null	null	0	null	0	0	0	0	17	89	0	0	0	3	-0.1389371122349985	0	2	2	1	0	4	4	1	0	0	0	-22	23	0	-2.3184698454570025	0	0	0	0	0	-0.045454545454545456	0.12121212121212122	-0.052256532066508314	0.145238609371626	0	0	0	0	0	0	0	0	0	0	0	0	0	0	0	0	0	0	0	0	0	0	0	0	0	0	0	0	0	0	0	0	0	0	0	0	0	0	0	0	0	0	null	null	0	0	0	0	0	0	0	0	0	0	0	0	null	null	null	0	0	0	0	0	0	0	null	0	0	0	0	0	0	0	null	0	0	0	0	0	0	0	0	0	0	9	13
"00-0039361"	"B.Irving"	"Bucky Irving"	"RB"	"RB"	"https://static.www.nfl.com/image/upload/f_auto,q_auto/league/vkc00rvnix3f2b96vkwo"	2026	3	"REG"	"2026_03_MIN_TB"	"TB"	"MIN"	0	0	0	0	0	0	0	0	0	0	0	0	null	null	0	null	0	0	0	0	15	46	0	0	0	1	-2.7296753718401305	0	0	0	0	0	2	4	12	0	0	0	14	2	1	-0.405810188211035	0	0	0	0	0	0.8571428571428571	0.11428571428571428	0.03553299492385787	0.19630166787527192	0	0	0	0	0	0	0	0	0	0	0	0	0	0	0	0	0	0	0	0	0	0	0	0	0	0	0	1	14	0	0	0	0	0	0	0	0	0	0	0	0	0	null	null	0	0	0	0	0	0	0	0	0	0	0	0	null	null	null	0	0	0	0	0	0	0	null	0	0	0	0	0	0	0	null	0	0	0	0	0	0	0	0	0	0	5.800000000000001	7.800000000000001
"00-0039424"	"D.Vele"	"Devaughn Vele"	"WR"	"WR"	"https://static.www.nfl.com/image/upload/f_auto,q_auto/league/fa3dwsu8nxzkbf2knczm"	2026	2	"REG"	"2026_02_NO_BAL"	"NO"	"BAL"	0	0	0	0	0	0	0	0	0	0	0	0	null	null	0	null	0	0	0	0	0	0	0	0	0	0	null	0	0	0	0	0	5	7	64	0	0	0	69	13	3	5.427399358944967	0	3	1	1	0	0.927536231884058	0.21875	0.323943661971831	0.5548855633802817	0	0	0	0	0	0	0	0	0	0	0	0	0	0	0	0	0	0	0	0	0	0	0	0	0	0	0	0	0	0	0	0	0	0	0	0	0	0	0	0	0	0	null	null	0	0	0	0	0	0	0	0	0	0	0	0	null	null	null	0	0	0	0	0	0	0	null	0	0	0	0	0	0	0	null	0	0	0	0	0	0	0	0	0	0	6.4	11.4
"00-0039424"	"D.Vele"	"Devaughn Vele"	"WR"	"WR"	"https://static.www.nfl.com/image/upload/f_auto,q_auto/league/fa3dwsu8nxzkbf2knczm"	2026	3	"REG"	"2026_03_LV_NO"	"NO"	"LV"	0	0	0	0	0	0	0	0	0	0	0	0	null	null	0	null	0	0	0	0	0	0	0	0	0	0	null	0	0	0	0	0	3	6	39	0	0	0	94	12	3	-0.13128682831302285	0	3	1	0	0	0.4148936170212766	0.15	0.3022508038585209	0.4365755627009646	0	0	0	0	0	0	0	0	0	0	0	0	0	0	0	0	0	0	0	0	0	0	0	0	0	0	0	0	0	0	0	0	0	0	0	0	0	0	0	0	0	0	null	null	0	0	0	0	0	0	0	0	0	0	0	0	null	null	null	0	0	0	0	0	0	0	null	0	0	0	0	0	0	0	null	0	0	0	0	0	0	0	0	0	0	3.9000000000000004	6.9
"00-0039491"	"J.Coker"	"Jalen Coker"	"WR"	"WR"	"https://static.www.nfl.com/image/upload/f_auto,q_auto/league/yynz8rxen6tsvhojggiv"	2026	1	"REG"	"2026_01_CHI_CAR"	"CAR"	"CHI"	0	0	0	0	0	0	0	0	0	0	0	0	null	null	0	null	0	0	0	0	0	0	0	0	0	0	null	0	0	0	0	0	8	9	138	2	0	0	124	36	6	12.455403671250679	0	5	3	2	1	1.1129032258064515	0.2647058823529412	0.33879781420765026	0.634217293474767	0	0	0	0	0	0	0	0	0	0	0	0	0	0	0	0	0	0	0	0	0	0	0	0	0	0	0	1	10	0	0	0	0	0	0	0	0	0	0	0	0	0	null	null	0	0	0	0	0	0	0	0	0	0	0	0	null	null	null	0	0	0	0	0	0	0	null	0	0	0	0	0	0	0	null	0	0	0	0	0	0	0	0	0	0	25.8	33.8
"00-0039491"	"J.Coker"	"Jalen Coker"	"WR"	"WR"	"https://static.www.nfl.com/image/upload/f_auto,q_auto/league/yynz8rxen6tsvhojggiv"	2026	2	"REG"	"2026_02_CAR_ATL"	"CAR"	"ATL"	0	0	0	0	0	0	0	0	0	0	0	0	null	null	0	null	0	0	0	0	0	0	0	0	0	0	null	0	0	0	0	0	8	9	66	0	0	0	48	21	3	1.6981778909103014	0	2	1	1	0	1.375	0.28125	0.15434083601286175	0.5299135852090032	0	0	0	0	0	0	0	0	0	0	0	0	0	0	0	0	0	0	0	0	0	0	0	0	0	0	0	0	0	0	0	0	0	0	2	49	0	0	0	0	0	0	null	null	0	0	0	0	0	0	0	0	0	0	0	0	null	null	null	0	0	0	0	0	0	0	null	0	0	0	0	0	0	0	null	0	0	0	0	0	0	0	0	0	0	6.6000000000000005	14.600000000000001
"00-0039491"	"J.Coker"	"Jalen Coker"	"WR"	"WR"	"https://static.www.nfl.com/image/upload/f_auto,q_auto/league/yynz8rxen6tsvhojggiv"	2026	3	"REG"	"2026_03_CAR_CLE"	"CAR"	"CLE"	0	0	0	0	0	0	0	0	0	0	0	0	null	null	0	null	0	0	0	0	0	0	0	0	0	0	null	0	0	0	0	0	2	4	18	0	0	0	80	8	1	-1.4921990223228931	0	1	0	0	0	0.225	0.09523809523809523	0.18058690744920994	0.2692679780715898	0	0	0	0	0	0	0	0	0	0	0	0	0	0	0	0	0	0	0	0	0	0	0	0	0	0	0	0	0	0	0	0	0	0	0	0	0	0	0	0	0	0	null	null	0	0	0	0	0	0	0	0	0	0	0	0	null	null	null	0	0	0	0	0	0	0	null	0	0	0	0	0	0	0	null	0	0	0	0	0	0	0	0	0	0	1.8	3.8
"00-0039732"	"B.Nix"	"Bo Nix"	"QB"	"QB"	"https://static.www.nfl.com/image/upload/f_auto,q_auto/league/zvo9xatffmqn9lnukpgk"	2026	1	"REG"	"2026_01_DEN_KC"	"DEN"	"KC"	17	28	131	1	1	4	-16	2	1	92	90	6	-14.381391775154043	-7.779540839018645	0	1.423913043478261	5	1	0	0	3	2	0	1	0	0	-1.3086503233110323	0	0	0	0	0	0	0	0	0	0	0	0	0	0	null	0	0	0	0	0	null	0	0	0	0	0	0	0	0	0	0	0	0	0	0	0	0	0	0	0	0	0	0	0	0	0	1	-5	0	0	0	0	0	1	2	1	3	1	0	0	0	0	0	0	0	0	null	null	0	0	0	0	0	0	0	0	0	0	0	0	null	null	null	0	0	0	0	0	0	0	null	0	0	0	0	0	0	0	null	0	0	0	0	0	0	0	0	0	0	5.44	5.44
"00-0039732"	"B.Nix"	"Bo Nix"	"QB"	"QB"	"https://static.www.nfl.com/image/upload/f_auto,q_auto/league/zvo9xatffmqn9lnukpgk"	2026	2	"REG"	"2026_02_JAX_DEN"	"DEN"	"JAX"	22	31	288	1	1	0	0	0	0	268	97	13	8.430866376152082	11.475787594400604	0	1.0746268656716418	10	8	5	1	5	6	0	0	0	2	-2.099344825837761	0	0	0	0	0	0	0	0	0	0	0	0	0	0	null	0	0	0	0	0	null	0	0	0	0	0	0	0	0	0	0	0	0	0	0	0	0	0	0	0	0	0	0	0	0	0	0	0	0	0	0	0	0	0	0	0	0	0	0	0	0	0	0	0	0	0	null	null	0	0	0	0	0	0	0	0	0	0	0	0	null	null	null	0	0	0	0	0	0	0	null	0	0	0	0	0	0	0	null	0	0	0	0	0	0	0	0	0	0	14.12	14.12
"00-0039811"	"M.Lloyd"	"MarShawn Lloyd"	"RB"	"RB"	"https://static.www.nfl.com/image/upload/f_auto,q_auto/league/xp8sd4enimuk4zd0aqgu"	2026	1	"REG"	"2026_01_GB_MIN"	"GB"	"MIN"	0	0	0	0	0	0	0	0	0	0	0	0	null	null	0	null	0	0	0	0	13	37	0	0	0	2	-3.840893025859259	0	1	1	0	0	0	1	0	0	0	0	18	0	0	-0.5133272050879896	0	0	0	0	0	0	0.025	0.03837953091684435	0.06436567164179105	0	0	0	0	0	0	0	0	0	0	0	0	0	0	0	0	0	0	0	0	0	0	0	0	0	0	0	0	0	0	0	0	0	0	0	0	0	0	0	0	0	0	null	null	0	0	0	0	0	0	0	0	0	0	0	0	null	null	null	0	0	0	0	0	0	0	null	0	0	0	0	0	0	0	null	0	0	0	0	0	0	0	0	0	0	3.7	3.7
"00-0039811"	"M.Lloyd"	"MarShawn Lloyd"	"RB"	"RB"	"https://static.www.nfl.com/image/upload/f_auto,q_auto/league/xp8sd4enimuk4zd0aqgu"	2026	2	"REG"	"2026_02_GB_NYJ"	"GB"	"NYJ"	0	0	0	0	0	0	0	0	0	0	0	0	null	null	0	null	0	0	0	0	6	20	0	1	1	1	-5.269788127916399	0	0	0	0	0	2	2	6	1	0	0	-4	10	1	1.4928581250132993	0	0	0	0	0	-1.5	0.06896551724137931	-0.018518518518518517	0.090485312899106	0	0	0	0	0	0	0	0	0	0	0	0	0	0	0	0	0	0	0	0	0	0	0	0	0	0	0	0	0	1	0	0	1	1	0	0	0	0	0	0	0	0	null	null	0	0	0	0	0	0	0	0	0	0	0	0	null	null	null	0	0	0	0	0	0	0	null	0	0	0	0	0	0	0	null	0	0	0	0	0	0	0	0	0	0	6.6	8.6
"00-0039811"	"M.Lloyd"	"MarShawn Lloyd"	"RB"	"RB"	"https://static.www.nfl.com/image/upload/f_auto,q_auto/league/xp8sd4enimuk4zd0aqgu"	2026	3	"REG"	"2026_03_ATL_GB"	"GB"	"ATL"	0	0	0	0	0	0	0	0	0	0	0	0	null	null	0	null	0	0	0	0	4	11	0	0	0	1	-0.6027331071090885	0	0	0	0	0	2	3	7	0	0	0	-12	17	0	-0.32727482251357287	0	1	0	0	0	-0.5833333333333334	0.058823529411764705	-0.030612244897959183	0.06680672268907563	0	0	0	0	0	0	0	0	0	0	0	0	0	0	0	0	0	0	0	0	0	0	0	0	0	0	0	0	0	0	0	0	0	0	0	0	0	0	0	0	0	0	null	null	0	0	0	0	0	0	0	0	0	0	0	0	null	null	null	0	0	0	0	0	0	0	null	0	0	0	0	0	0	0	null	0	0	0	0	0	0	0	0	0	0	1.8	3.8
"00-0039849"	"M.Harrison"	"Marvin Harrison Jr."	"WR"	"WR"	"https://static.www.nfl.com/image/upload/f_auto,q_auto/league/hwpoo1icpnh8emjvqaii"	2026	2	"REG"	"2026_02_SEA_ARI"	"ARI"	"SEA"	0	0	0	0	0	0	0	0	0	0	0	0	null	null	0	null	0	0	0	0	0	0	0	0	0	0	null	0	0	0	0	0	0	1	0	0	0	0	3	0	0	-0.25507980218390003	0	0	0	0	0	0	0.038461538461538464	0.027522935779816515	0.07695836273817926	0	0	0	0	0	0	0	0	0	0	0	0	0	0	0	0	0	0	0	0	0	0	0	0	0	0	0	0	0	0	0	0	0	0	0	0	0	0	0	0	0	0	null	null	0	0	0	0	0	0	0	0	0	0	0	0	null	null	null	0	0	0	0	0	0	0	null	0	0	0	0	0	0	0	null	0	0	0	0	0	0	0	0	0	0	0	0
"00-0039849"	"M.Harrison"	"Marvin Harrison Jr."	"WR"	"WR"	"https://static.www.nfl.com/image/upload/f_auto,q_auto/league/hwpoo1icpnh8emjvqaii"	2026	3	"REG"	"2026_03_ARI_SF"	"ARI"	"SF"	0	0	0	0	0	0	0	0	0	0	0	0	null	null	0	null	0	0	0	0	0	0	0	0	0	0	null	0	0	0	0	0	3	5	40	0	0	0	85	3	3	1.061414111754857	0	2	1	0	0	0.47058823529411764	0.1	0.2672955974842767	0.33710691823899375	0	0	0	0	0	0	0	0	0	0	0	0	0	0	0	0	0	0	0	0	0	0	0	0	0	0	0	0	0	0	0	0	0	0	0	0	0	0	0	0	0	0	null	null	0	0	0	0	0	0	0	0	0	0	0	0	null	null	null	0	0	0	0	0	0	0	null	0	0	0	0	0	0	0	null	0	0	0	0	0	0	0	0	0	0	4	7
"00-0039851"	"D.Maye"	"Drake Maye"	"QB"	"QB"	"https://static.www.nfl.com/image/upload/f_auto,q_auto/league/s1nmoon2xnrc3bnyulv4"	2026	1	"REG"	"2026_01_NE_SEA"	"NE"	"SEA"	23	33	178	1	3	3	-10	0	0	221	111	9	-4.621354154985982	5.9704506589520365	0	0.8054298642533937	9	2	0	0	7	47	0	0	0	5	7.311890353099443	0	2	1	0	0	0	0	0	0	0	0	0	0	0	null	0	0	0	0	0	null	0	0	0	0	0	0	0	0	0	0	0	0	0	0	0	0	0	0	0	0	0	0	0	0	0	0	0	0	0	0	0	0	0	0	0	0	0	0	0	0	0	0	0	0	0	null	null	0	0	0	0	0	0	0	0	0	0	0	0	null	null	null	0	0	0	0	0	0	0	null	0	0	0	0	0	0	0	null	0	0	0	0	0	0	0	0	0	0	9.82	9.82
"00-0039851"	"D.Maye"	"Drake Maye"	"QB"	"QB"	"https://static.www.nfl.com/image/upload/f_auto,q_auto/league/s1nmoon2xnrc3bnyulv4"	2026	2	"REG"	"2026_02_PIT_NE"	"NE"	"PIT"	14	22	208	0	1	3	-17	0	0	196	69	6	-1.2634178513651566	0.8523635921024141	0	1.0612244897959184	6	4	4	1	4	17	0	0	0	1	1.7792894626036286	0	1	1	0	0	0	0	0	0	0	0	0	0	0	null	0	0	0	0	0	null	0	0	0	0	0	0	0	0	0	0	0	0	0	0	0	0	0	0	0	0	0	0	0	0	0	0	0	0	0	0	0	0	0	0	0	0	0	0	0	0	0	0	0	0	0	null	null	0	0	0	0	0	0	0	0	0	0	0	0	null	null	null	0	0	0	0	0	0	0	null	0	0	0	0	0	0	0	null	0	0	0	0	0	0	0	0	0	0	8.02	8.02
"00-0039851"	"D.Maye"	"Drake Maye"	"QB"	"QB"	"https://static.www.nfl.com/image/upload/f_auto,q_auto/league/s1nmoon2xnrc3bnyulv4"	2026	3	"REG"	"2026_03_NE_JAX"	"NE"	"JAX"	14	25	199	0	2	3	-11	1	1	287	70	6	-14.168945050232717	0.4008680582046509	0	0.6933797909407665	8	5	4	0	4	18	0	1	0	2	-0.3665637474041432	0	0	0	0	0	0	0	0	0	0	0	0	0	0	null	0	0	0	0	0	null	0	0	0	0	1	0	0	0	0	0	0	0	0	0	0	0	0	0	0	0	0	0	0	0	0	1	0	0	0	0	0	0	1	1	0	2	1	0	0	0	0	0	0	0	0	null	null	0	0	0	0	0	0	0	0	0	0	0	0	null	null	null	0	0	0	0	0	0	0	null	0	0	0	0	0	0	0	null	0	0	0	0	0	0	0	0	0	0	3.76	3.76
"00-0039890"	"A.Mitchell"	"Adonai Mitchell"	"WR"	"WR"	"https://static.www.nfl.com/image/upload/f_auto,q_auto/league/hwwacoa3pqapd7pgahfx"	2026	1	"REG"	"2026_01_NYJ_TEN"	"NYJ"	"TEN"	0	0	0	0	0	0	0	0	0	0	0	0	null	null	0	null	0	0	0	0	0	0	0	0	0	0	null	0	0	0	0	0	3	3	60	0	0	0	59	1	2	3.093464803416282	0	2	2	1	1	1.0169491525423728	0.13043478260869565	0.35119047619047616	0.44148550724637675	0	0	0	0	0	0	0	0	0	0	0	0	0	0	0	0	0	0	0	0	0	0	0	0	0	0	0	0	0	0	0	0	0	0	0	0	0	0	0	0	0	0	null	null	0	0	0	0	0	0	0	0	0	0	0	0	null	null	null	0	0	0	0	0	0	0	null	0	0	0	0	0	0	0	null	0	0	0	0	0	0	0	0	0	0	6	9
"00-0039890"	"A.Mitchell"	"Adonai Mitchell"	"WR"	"WR"	"https://static.www.nfl.com/image/upload/f_auto,q_auto/league/hwwacoa3pqapd7pgahfx"	2026	2	"REG"	"2026_02_GB_NYJ"	"NYJ"	"GB"	0	0	0	0	0	0	0	0	0	0	0	0	null	null	0	null	0	0	0	0	0	0	0	0	0	0	null	0	0	0	0	0	6	12	63	0	0	0	178	25	5	5.550797904026695	0	3	0	0	0	0.3539325842696629	0.3333333333333333	0.7091633466135459	0.996414342629482	0	0	0	0	0	0	0	0	0	0	0	0	0	0	0	0	0	0	0	0	0	0	0	0	0	0	0	0	0	0	0	0	0	0	0	0	0	0	0	0	0	0	null	null	0	0	0	0	0	0	0	0	0	0	0	0	null	null	null	0	0	0	0	0	0	0	null	0	0	0	0	0	0	0	null	0	0	0	0	0	0	0	0	0	0	6.300000000000001	12.3
"00-0039893"	"Bri.Thomas"	"Brian Thomas Jr."	"WR"	"WR"	"https://static.www.nfl.com/image/upload/f_auto,q_auto/league/plnekkriys4cm11rnxwl"	2026	1	"REG"	"2026_01_CLE_JAX"	"JAX"	"CLE"	0	0	0	0	0	0	0	0	0	0	0	0	null	null	0	null	0	0	0	0	0	0	0	0	0	0	null	0	0	0	0	0	3	3	40	0	1	0	44	-4	3	2.977148315985687	0	3	1	0	0	0.9090909090909091	0.14285714285714285	0.18181818181818182	0.3415584415584415	0	0	0	0	0	0	0	0	0	0	0	0	0	0	0	0	0	0	0	0	0	0	0	0	0	0	0	0	0	1	0	0	1	0	0	0	0	0	0	0	0	0	null	null	0	0	0	0	0	0	0	0	0	0	0	0	null	null	null	0	0	0	0	0	0	0	null	0	0	0	0	0	0	0	null	0	0	0	0	0	0	0	0	0	0	4	7
"00-0039893"	"Bri.Thomas"	"Brian Thomas Jr."	"WR"	"WR"	"https://static.www.nfl.com/image/upload/f_auto,q_auto/league/plnekkriys4cm11rnxwl"	2026	2	"REG"	"2026_02_JAX_DEN"	"JAX"	"DEN"	0	0	0	0	0	0	0	0	0	0	0	0	null	null	0	null	0	0	0	0	0	0	0	0	0	0	null	0	0	0	0	0	3	8	40	0	0	0	82	7	3	-1.1908730487339199	0	1	1	1	0	0.4878048780487805	0.2857142857142857	0.271523178807947	0.6186376537369914	0	0	0	0	0	0	0	0	0	0	0	0	0	0	0	0	0	0	0	0	0	0	0	0	0	0	0	0	0	0	0	0	0	0	0	0	0	0	0	0	0	0	null	null	0	0	0	0	0	0	0	0	0	0	0	0	null	null	null	0	0	0	0	0	0	0	null	0	0	0	0	0	0	0	null	0	0	0	0	0	0	0	0	0	0	4	7
"00-0039893"	"Bri.Thomas"	"Brian Thomas Jr."	"WR"	"WR"	"https://static.www.nfl.com/image/upload/f_auto,q_auto/league/plnekkriys4cm11rnxwl"	2026	3	"REG"	"2026_03_NE_JAX"	"JAX"	"NE"	0	0	0	0	0	0	0	0	0	0	0	0	null	null	0	null	0	0	0	0	0	0	0	0	0	0	null	0	0	0	0	0	1	1	8	0	0	0	4	4	0	0.4972757577197626	0	0	0	0	0	2	0.037037037037037035	0.022222222222222223	0.07111111111111111	0	0	0	0	0	0	0	0	0	0	0	0	0	0	0	0	0	0	0	0	0	0	0	0	0	0	0	0	0	0	0	0	0	0	0	0	0	0	0	0	0	0	null	null	0	0	0	0	0	0	0	0	0	0	0	0	null	null	null	0	0	0	0	0	0	0	null	0	0	0	0	0	0	0	null	0	0	0	0	0	0	0	0	0	0	0.8	1.8
"00-0039894"	"X.Worthy"	"Xavier Worthy"	"WR"	"WR"	"https://static.www.nfl.com/image/upload/f_auto,q_auto/league/u6fmnffwteccoxn3uguq"	2026	1	"REG"	"2026_01_DEN_KC"	"KC"	"DEN"	0	0	0	0	0	0	0	0	0	0	0	0	null	null	0	null	0	0	0	0	0	0	0	0	0	0	null	0	0	0	0	0	3	6	18	0	0	0	42	15	1	-8.44858313005534	0	0	0	0	0	0.42857142857142855	0.24	0.3157894736842105	0.5810526315789473	0	0	0	0	0	0	0	0	0	0	0	0	0	0	0	0	0	0	0	0	0	0	0	0	0	0	0	0	0	0	0	0	0	0	0	0	0	0	0	0	0	0	null	null	0	0	0	0	0	0	0	0	0	0	0	0	null	null	null	0	0	0	0	0	0	0	null	0	0	0	0	0	0	0	null	0	0	0	0	0	0	0	0	0	0	1.8	4.8
"00-0039894"	"X.Worthy"	"Xavier Worthy"	"WR"	"WR"	"https://static.www.nfl.com/image/upload/f_auto,q_auto/league/u6fmnffwteccoxn3uguq"	2026	2	"REG"	"2026_02_IND_KC"	"KC"	"IND"	0	0	0	0	0	0	0	0	0	0	0	0	null	null	0	null	0	0	0	0	0	0	0	0	0	0	null	0	0	0	0	0	5	7	25	1	0	0	40	19	2	0.44614601554349065	0	1	1	0	0	0.625	0.16279069767441862	0.15267175572519084	0.3510562755192615	0	0	0	0	0	0	0	0	0	0	0	0	0	0	0	0	0	0	0	0	0	0	0	0	0	0	0	0	0	0	0	0	0	0	0	0	0	0	0	0	0	0	null	null	0	0	0	0	0	0	0	0	0	0	0	0	null	null	null	0	0	0	0	0	0	0	null	0	0	0	0	0	0	0	null	0	0	0	0	0	0	0	0	0	0	8.5	13.5
"00-0039894"	"X.Worthy"	"Xavier Worthy"	"WR"	"WR"	"https://static.www.nfl.com/image/upload/f_auto,q_auto/league/u6fmnffwteccoxn3uguq"	2026	3	"REG"	"2026_03_KC_MIA"	"KC"	"MIA"	0	0	0	0	0	0	0	0	0	0	0	0	null	null	0	null	0	0	0	0	0	0	0	0	0	0	null	0	0	0	0	0	2	2	20	0	0	0	13	7	1	0.9716916258330457	0	1	1	0	0	1.5384615384615385	0.08695652173913043	0.08074534161490683	0.1869565217391304	0	1	0	0	0	0	0	0	0	0	0	0	0	0	0	0	0	0	0	0	0	0	0	0	0	0	0	0	0	0	0	0	0	0	0	0	0	0	0	0	0	0	null	null	0	0	0	0	0	0	0	0	0	0	0	0	null	null	null	0	0	0	0	0	0	0	null	0	0	0	0	0	0	0	null	0	0	0	0	0	0	0	0	0	0	2	4
"00-0039918"	"C.Williams"	"Caleb Williams"	"QB"	"QB"	"https://static.www.nfl.com/image/upload/f_auto,q_auto/league/h4qs11kutwiw7whekmyt"	2026	1	"REG"	"2026_01_CHI_CAR"	"CHI"	"CAR"	21	29	269	2	0	2	-8	0	0	319	80	13	18.565287171866746	16.58033785911707	0	0.8432601880877743	11	5	4	1	10	65	2	0	0	4	3.408446441462729	0	1	1	1	0	0	0	0	0	0	0	0	0	0	null	0	0	0	0	0	null	0	0	0	0	0	0	0	0	0	0	0	0	0	0	0	0	0	0	0	0	0	0	0	0	0	0	0	0	0	0	0	0	0	0	0	0	0	0	0	0	0	0	0	0	0	null	null	0	0	0	0	0	0	0	0	0	0	0	0	null	null	null	0	0	0	0	0	0	0	null	0	0	0	0	0	0	0	null	0	0	0	0	0	0	0	0	0	0	37.26	37.26
"00-0039918"	"C.Williams"	"Caleb Williams"	"QB"	"QB"	"https://static.www.nfl.com/image/upload/f_auto,q_auto/league/h4qs11kutwiw7whekmyt"	2026	2	"REG"	"2026_02_MIN_CHI"	"CHI"	"MIN"	15	26	138	0	1	3	-20	0	0	118	120	5	-1.0478820464049932	-5.577057211295418	0	1.1694915254237288	4	2	1	0	5	42	0	1	0	3	2.9637913201285047	0	3	1	0	0	0	0	0	0	0	0	0	0	0	null	0	0	0	0	0	null	0	0	0	0	0	0	0	0	0	0	0	0	0	0	0	0	0	0	0	0	0	0	0	0	0	1	0	0	0	0	1	13	0	1	0	1	0	0	0	0	0	0	0	0	0	null	null	0	0	0	0	0	0	0	0	0	0	0	0	null	null	null	0	0	0	0	0	0	0	null	0	0	0	0	0	0	0	null	0	0	0	0	0	0	0	0	0	0	7.720000000000001	7.720000000000001
"00-0039919"	"R.Odunze"	"Rome Odunze"	"WR"	"WR"	"https://static.www.nfl.com/image/upload/f_auto,q_auto/league/niewdl2p2325kpohbw9v"	2026	1	"REG"	"2026_01_CHI_CAR"	"CHI"	"CAR"	0	0	0	0	0	0	0	0	0	0	0	0	null	null	0	null	0	0	0	0	0	0	0	0	0	0	null	0	0	0	0	0	2	3	52	0	0	0	90	3	1	4.017067888344172	0	1	1	1	1	0.5777777777777777	0.11538461538461539	0.28213166144200624	0.37056908608632744	0	0	0	0	0	0	0	0	0	0	0	0	0	0	0	0	0	0	0	0	0	0	0	0	0	0	0	1	10	0	0	0	0	0	0	0	0	0	0	0	0	0	null	null	0	0	0	0	0	0	0	0	0	0	0	0	null	null	null	0	0	0	0	0	0	0	null	0	0	0	0	0	0	0	null	0	0	0	0	0	0	0	0	0	0	5.2	7.2
"00-0039919"	"R.Odunze"	"Rome Odunze"	"WR"	"WR"	"https://static.www.nfl.com/image/upload/f_auto,q_auto/league/niewdl2p2325kpohbw9v"	2026	2	"REG"	"2026_02_MIN_CHI"	"CHI"	"MIN"	0	0	0	0	0	0	0	0	0	0	0	0	null	null	0	null	0	0	0	0	0	0	0	0	0	0	null	0	0	0	0	0	3	4	43	0	0	0	47	2	2	1.5529760183417238	0	2	1	1	0	0.9148936170212766	0.13333333333333333	0.24867724867724866	0.37407407407407406	0	1	0	0	0	0	0	0	0	0	0	0	0	0	0	0	0	0	0	0	0	0	0	0	0	0	0	0	0	0	0	0	0	0	0	0	0	0	0	0	0	0	null	null	0	0	0	0	0	0	0	0	0	0	0	0	null	null	null	0	0	0	0	0	0	0	null	0	0	0	0	0	0	0	null	0	0	0	0	0	0	0	0	0	0	4.3	7.3
"00-0040122"	"A.Jeanty"	"Ashton Jeanty"	"RB"	"RB"	"https://static.www.nfl.com/image/upload/f_auto,q_auto/league/syspis1mntov9kgspb7r"	2026	1	"REG"	"2026_01_MIA_LV"	"LV"	"MIA"	0	0	0	0	0	0	0	0	0	0	0	0	null	null	0	null	0	0	0	0	23	102	0	0	0	7	-0.7251734532183036	0	3	1	0	0	6	6	45	2	0	0	18	27	2	2.7588022393756546	0	2	0	0	0	2.5	0.20689655172413793	0.07964601769911504	0.3660970399755874	0	0	0	0	0	0	0	0	0	0	0	0	0	0	0	0	0	0	0	0	0	0	0	0	0	0	0	0	0	0	0	0	0	0	0	0	0	0	0	0	0	0	null	null	0	0	0	0	0	0	0	0	0	0	0	0	null	null	null	0	0	0	0	0	0	0	null	0	0	0	0	0	0	0	null	0	0	0	0	0	0	0	0	0	0	26.700000000000003	32.7
"00-0040122"	"A.Jeanty"	"Ashton Jeanty"	"RB"	"RB"	"https://static.www.nfl.com/image/upload/f_auto,q_auto/league/syspis1mntov9kgspb7r"	2026	3	"REG"	"2026_03_LV_NO"	"LV"	"NO"	0	0	0	0	0	0	0	0	0	0	0	0	null	null	0	null	0	0	0	0	19	56	0	0	0	1	-6.5799966712947935	0	1	1	0	0	3	3	37	0	0	0	13	24	2	0.8894426819025539	0	2	1	1	0	2.8461538461538463	0.1	0.047619047619047616	0.18333333333333335	0	0	0	0	0	0	0	0	0	0	0	0	0	0	0	0	0	0	0	0	0	0	0	0	0	0	0	0	0	0	0	0	0	0	0	0	0	0	0	0	0	0	null	null	0	0	0	0	0	0	0	0	0	0	0	0	null	null	null	0	0	0	0	0	0	0	null	0	0	0	0	0	0	0	null	0	0	0	0	0	0	0	0	0	0	9.3	12.3
"00-0040124"	"T.McMillan"	"Tetairoa McMillan"	"WR"	"WR"	"https://static.www.nfl.com/image/upload/f_auto,q_auto/league/gilgvjemumd6kpc9eiku"	2026	1	"REG"	"2026_01_CHI_CAR"	"CAR"	"CHI"	0	0	0	0	0	0	0	0	0	0	0	0	null	null	0	null	0	0	0	0	0	0	0	0	0	0	null	0	0	0	0	0	5	8	75	0	1	1	119	23	4	-2.5160977692576125	0	4	2	1	0	0.6302521008403361	0.23529411764705882	0.3251366120218579	0.5805368048858888	0	0	0	0	0	0	0	0	0	0	0	0	0	0	0	0	0	0	0	0	0	0	0	0	0	0	0	0	0	1	0	0	1	1	0	0	0	0	0	0	0	0	null	null	0	0	0	0	0	0	0	0	0	0	0	0	null	null	null	0	0	0	0	0	0	0	null	0	0	0	0	0	0	0	null	0	0	0	0	0	0	0	0	0	0	5.5	10.5
"00-0040124"	"T.McMillan"	"Tetairoa McMillan"	"WR"	"WR"	"https://static.www.nfl.com/image/upload/f_auto,q_auto/league/gilgvjemumd6kpc9eiku"	2026	2	"REG"	"2026_02_CAR_ATL"	"CAR"	"ATL"	0	0	0	0	0	0	0	0	0	0	0	0	null	null	0	null	0	0	0	0	0	0	0	0	0	0	null	0	0	0	0	0	5	10	101	0	0	0	132	16	4	3.5815185154968754	0	4	3	3	0	0.7651515151515151	0.3125	0.42443729903536975	0.7658561093247588	0	0	0	0	0	0	0	0	0	0	0	0	0	0	0	0	0	0	0	0	0	0	0	0	0	0	0	0	0	0	0	0	0	0	0	0	0	0	0	0	0	0	null	null	0	0	0	0	0	0	0	0	0	0	0	0	null	null	null	0	0	0	0	0	0	0	null	0	0	0	0	0	0	0	null	0	0	0	0	0	0	0	0	0	0	10.100000000000001	15.100000000000001
"00-0040124"	"T.McMillan"	"Tetairoa McMillan"	"WR"	"WR"	"https://static.www.nfl.com/image/upload/f_auto,q_auto/league/gilgvjemumd6kpc9eiku"	2026	3	"REG"	"2026_03_CAR_CLE"	"CAR"	"CLE"	0	0	0	0	0	0	0	0	0	0	0	0	null	null	0	null	0	0	0	0	0	0	0	0	0	0	null	0	0	0	0	0	2	5	17	0	0	0	44	0	1	-1.8289524498977698	0	1	0	0	0	0.38636363636363635	0.11904761904761904	0.09932279909706546	0.24809738793937436	0	0	0	0	0	0	0	0	0	0	0	0	0	0	0	0	0	0	0	0	0	0	0	0	0	0	0	0	0	0	0	0	0	0	0	0	0	0	0	0	0	0	null	null	0	0	0	0	0	0	0	0	0	0	0	0	null	null	null	0	0	0	0	0	0	0	null	0	0	0	0	0	0	0	null	0	0	0	0	0	0	0	0	0	0	1.7000000000000002	3.7
"00-0040126"	"C.Loveland"	"Colston Loveland"	"TE"	"TE"	"https://static.www.nfl.com/image/upload/f_auto,q_auto/league/cnxiyi76jeahgx94nh6d"	2026	1	"REG"	"2026_01_CHI_CAR"	"CHI"	"CAR"	0	0	0	0	0	0	0	0	0	0	0	0	null	null	0	null	0	0	0	0	0	0	0	0	0	0	null	0	0	0	0	0	0	2	0	0	0	0	30	0	0	-1.0136120551615022	0	0	0	0	0	0	0.07692307692307693	0.09404388714733543	0.18121533638775017	0	0	0	0	0	0	0	0	0	0	0	0	0	0	0	0	0	0	0	0	0	0	0	0	0	0	0	1	10	0	0	0	0	0	0	0	0	0	0	0	0	0	null	null	0	0	0	0	0	0	0	0	0	0	0	0	null	null	null	0	0	0	0	0	0	0	null	0	0	0	0	0	0	0	null	0	0	0	0	0	0	0	0	0	0	0	0
"00-0040126"	"C.Loveland"	"Colston Loveland"	"TE"	"TE"	"https://static.www.nfl.com/image/upload/f_auto,q_auto/league/cnxiyi76jeahgx94nh6d"	2026	2	"REG"	"2026_02_MIN_CHI"	"CHI"	"MIN"	0	0	0	0	0	0	0	0	0	0	0	0	null	null	0	null	0	0	0	0	0	0	0	0	0	0	null	0	0	0	0	0	1	3	3	0	0	0	13	-1	0	-1.5100290833215695	0	0	0	0	0	0.23076923076923078	0.1	0.06878306878306878	0.19814814814814816	0	0	0	0	0	0	0	0	0	0	0	0	0	0	0	0	0	0	0	0	0	0	0	0	0	0	0	0	0	0	0	0	0	0	0	0	0	0	0	0	0	0	null	null	0	0	0	0	0	0	0	0	0	0	0	0	null	null	null	0	0	0	0	0	0	0	null	0	0	0	0	0	0	0	null	0	0	0	0	0	0	0	0	0	0	0.30000000000000004	1.3
"00-0040128"	"T.Warren"	"Tyler Warren"	"TE"	"TE"	"https://static.www.nfl.com/image/upload/f_auto,q_auto/league/f1mfwwrr3qvnxuiackgq"	2026	1	"REG"	"2026_01_BAL_IND"	"IND"	"BAL"	0	0	0	0	0	0	0	0	0	0	0	0	null	null	0	null	0	0	0	0	0	0	0	0	0	0	null	0	0	0	0	0	3	5	13	1	0	0	23	7	1	-0.5529438516241498	0	0	0	0	0	0.5652173913043478	0.1724137931034483	0.11442786069651742	0.33872019214273463	0	0	0	0	0	0	0	0	0	0	0	0	0	0	0	0	0	0	0	0	0	0	0	0	0	0	0	0	0	0	0	0	0	0	0	0	0	0	0	0	0	0	null	null	0	0	0	0	0	0	0	0	0	0	0	0	null	null	null	0	0	0	0	0	0	0	null	0	0	0	0	0	0	0	null	0	0	0	0	0	0	0	0	0	0	7.3	10.3
"00-0040128"	"T.Warren"	"Tyler Warren"	"TE"	"TE"	"https://static.www.nfl.com/image/upload/f_auto,q_auto/league/f1mfwwrr3qvnxuiackgq"	2026	2	"REG"	"2026_02_IND_KC"	"IND"	"KC"	0	0	0	0	0	0	0	0	0	0	0	0	null	null	0	null	0	0	0	0	1	3	0	0	0	1	0.6795282831881195	0	0	0	0	0	6	7	21	1	0	0	-13	35	1	-0.062457171676214784	0	0	0	0	0	0	0.23333333333333334	-0.08024691358024691	0.2938271604938271	0	0	0	0	0	0	0	0	0	0	0	0	0	0	0	0	0	0	0	0	0	0	0	0	0	0	0	0	0	0	0	0	0	0	0	0	0	0	0	0	0	0	null	null	0	0	0	0	0	0	0	0	0	0	0	0	null	null	null	0	0	0	0	0	0	0	null	0	0	0	0	0	0	0	null	0	0	0	0	0	0	0	0	0	0	8.4	14.4
"00-0040128"	"T.Warren"	"Tyler Warren"	"TE"	"TE"	"https://static.www.nfl.com/image/upload/f_auto,q_auto/league/f1mfwwrr3qvnxuiackgq"	2026	3	"REG"	"2026_03_HOU_IND"	"IND"	"HOU"	0	0	0	0	0	0	0	0	0	0	0	0	null	null	0	null	0	0	0	0	1	2	0	0	0	1	0.3835393936606124	0	0	0	0	0	9	10	55	0	0	0	28	38	2	1.9387566460645758	0	1	0	0	0	1.9642857142857142	0.2857142857142857	0.099644128113879	0.4983223182511438	0	0	0	0	0	0	0	0	0	0	0	0	0	0	0	0	0	0	0	0	0	0	0	0	0	0	0	0	0	0	0	0	0	0	0	0	0	0	0	0	0	0	null	null	0	0	0	0	0	0	0	0	0	0	0	0	null	null	null	0	0	0	0	0	0	0	null	0	0	0	0	0	0	0	null	0	0	0	0	0	0	0	0	0	0	5.7	14.7
"00-0040129"	"E.Egbuka"	"Emeka Egbuka"	"WR"	"WR"	"https://static.www.nfl.com/image/upload/f_auto,q_auto/league/z224kbzs62rjuykc0vha"	2026	1	"REG"	"2026_01_TB_CIN"	"TB"	"CIN"	0	0	0	0	0	0	0	0	0	0	0	0	null	null	0	null	0	0	0	0	0	0	0	0	0	0	null	0	0	0	0	0	5	6	63	0	0	0	84	20	3	4.751720571424812	0	5	1	0	0	0.75	0.2222222222222222	0.5874125874125874	0.7445221445221445	0	0	0	0	0	0	0	0	0	0	0	0	0	0	0	0	0	0	0	0	0	0	0	0	0	0	0	0	0	0	0	0	0	0	0	0	0	0	0	0	0	0	null	null	0	0	0	0	0	0	0	0	0	0	0	0	null	null	null	0	0	0	0	0	0	0	null	0	0	0	0	0	0	0	null	0	0	0	0	0	0	0	0	0	0	6.300000000000001	11.3
"00-0040129"	"E.Egbuka"	"Emeka Egbuka"	"WR"	"WR"	"https://static.www.nfl.com/image/upload/f_auto,q_auto/league/z224kbzs62rjuykc0vha"	2026	2	"REG"	"2026_02_CLE_TB"	"TB"	"CLE"	0	0	0	0	0	0	0	0	0	0	0	0	null	null	0	null	0	0	0	0	1	-3	0	0	0	0	-1.6227113718632609	0	0	0	0	0	3	5	16	1	0	0	75	0	1	-1.724276582535822	0	0	0	0	0	0.21333333333333335	0.15151515151515152	0.17814726840855108	0.351975815158713	0	0	0	0	0	0	0	0	0	0	0	0	0	0	0	0	0	0	0	0	0	0	0	0	0	0	0	0	0	0	0	0	0	0	0	0	0	0	0	0	0	0	null	null	0	0	0	0	0	0	0	0	0	0	0	0	null	null	null	0	0	0	0	0	0	0	null	0	0	0	0	0	0	0	null	0	0	0	0	0	0	0	0	0	0	7.3	10.3
"00-0040129"	"E.Egbuka"	"Emeka Egbuka"	"WR"	"WR"	"https://static.www.nfl.com/image/upload/f_auto,q_auto/league/z224kbzs62rjuykc0vha"	2026	3	"REG"	"2026_03_MIN_TB"	"TB"	"MIN"	0	0	0	0	0	0	0	0	0	0	0	0	null	null	0	null	0	0	0	0	0	0	0	0	0	0	null	0	0	0	0	0	5	9	62	0	0	0	91	20	2	-0.4800554933026433	0	4	1	1	0	0.6813186813186813	0.2571428571428571	0.23096446700507614	0.5473894126178389	0	0	0	0	0	0	0	0	0	0	0	0	0	0	0	0	0	0	0	0	0	0	0	0	0	0	0	0	0	0	0	0	0	0	0	0	0	0	0	0	0	0	null	null	0	0	0	0	0	0	0	0	0	0	0	0	null	null	null	0	0	0	0	0	0	0	null	0	0	0	0	0	0	0	null	0	0	0	0	0	0	0	0	0	0	6.2	11.2
"00-0040236"	"K.Monangai"	"Kyle Monangai"	"RB"	"RB"	"https://static.www.nfl.com/image/upload/f_auto,q_auto/league/bkkk3uuouhcobydqawro"	2026	1	"REG"	"2026_01_CHI_CAR"	"CHI"	"CAR"	0	0	0	0	0	0	0	0	0	0	0	0	null	null	0	null	0	0	0	0	10	100	1	0	0	2	2.459764665341936	0	2	2	1	1	2	2	24	0	0	0	9	15	1	1.4655994670465589	0	1	1	0	0	2.6666666666666665	0.07692307692307693	0.02821316614420063	0.13513383168555582	0	0	0	0	0	0	0	0	0	0	0	0	0	0	0	0	0	0	0	0	0	0	0	0	0	0	0	0	0	0	0	0	0	0	0	0	0	0	0	0	0	0	null	null	0	0	0	0	0	0	0	0	0	0	0	0	null	null	null	0	0	0	0	0	0	0	null	0	0	0	0	0	0	0	null	0	0	0	0	0	0	0	0	0	0	18.4	20.4
"00-0040236"	"K.Monangai"	"Kyle Monangai"	"RB"	"RB"	"https://static.www.nfl.com/image/upload/f_auto,q_auto/league/bkkk3uuouhcobydqawro"	2026	2	"REG"	"2026_02_MIN_CHI"	"CHI"	"MIN"	0	0	0	0	0	0	0	0	0	0	0	0	null	null	0	null	0	0	0	0	10	47	0	0	0	3	0.9509426158620045	0	2	2	0	0	2	2	11	0	0	0	1	10	0	-0.678499951667618	0	0	0	0	0	11	0.06666666666666667	0.005291005291005291	0.10370370370370371	0	0	0	0	0	0	0	0	0	0	0	0	0	0	0	0	0	0	0	0	0	0	0	0	0	0	0	0	0	0	0	0	0	0	0	0	0	0	0	0	0	0	null	null	0	0	0	0	0	0	0	0	0	0	0	0	null	null	null	0	0	0	0	0	0	0	null	0	0	0	0	0	0	0	null	0	0	0	0	0	0	0	0	0	0	5.800000000000001	7.800000000000001
"00-0040663"	"H.Fannin"	"Harold Fannin Jr."	"TE"	"TE"	"https://static.www.nfl.com/image/upload/f_auto,q_auto/league/fxublmpnxx9uggsddwik"	2026	1	"REG"	"2026_01_CLE_JAX"	"CLE"	"JAX"	0	0	0	0	0	0	0	0	0	0	0	0	null	null	0	null	0	0	0	0	0	0	0	0	0	0	null	0	0	0	0	0	2	3	21	0	0	0	10	14	1	-0.18391186511144042	0	1	0	0	0	2.1	0.13636363636363635	0.043859649122807015	0.23524720893141943	0	0	0	0	0	0	0	0	0	0	0	0	0	0	0	0	0	0	0	0	0	0	0	0	0	0	0	0	0	0	0	0	0	0	0	0	0	0	0	0	0	0	null	null	0	0	0	0	0	0	0	0	0	0	0	0	null	null	null	0	0	0	0	0	0	0	null	0	0	0	0	0	0	0	null	0	0	0	0	0	0	0	0	0	0	2.1	4.1
"00-0040663"	"H.Fannin"	"Harold Fannin Jr."	"TE"	"TE"	"https://static.www.nfl.com/image/upload/f_auto,q_auto/league/fxublmpnxx9uggsddwik"	2026	2	"REG"	"2026_02_CLE_TB"	"CLE"	"TB"	0	0	0	0	0	0	0	0	0	0	0	0	null	null	0	null	0	0	0	0	0	0	0	0	0	0	null	0	0	0	0	0	5	6	54	0	0	0	24	34	3	2.146612489654217	0	2	1	1	0	2.25	0.2	0.2222222222222222	0.4555555555555556	0	0	0	0	0	0	0	0	0	0	0	0	0	0	0	0	0	0	0	0	0	0	0	0	0	0	0	0	0	0	0	0	0	0	0	0	0	0	0	0	0	0	null	null	0	0	0	0	0	0	0	0	0	0	0	0	null	null	null	0	0	0	0	0	0	0	null	0	0	0	0	0	0	0	null	0	0	0	0	0	0	0	0	0	0	5.4	10.4
"00-0040663"	"H.Fannin"	"Harold Fannin Jr."	"TE"	"TE"	"https://static.www.nfl.com/image/upload/f_auto,q_auto/league/fxublmpnxx9uggsddwik"	2026	3	"REG"	"2026_03_CAR_CLE"	"CLE"	"CAR"	0	0	0	0	0	0	0	0	0	0	0	0	null	null	0	null	0	0	0	0	0	0	0	0	0	0	null	0	0	0	0	0	7	9	51	2	0	0	75	26	3	7.2169311548932455	0	2	0	0	0	0.68	0.3	0.436046511627907	0.7552325581395348	0	0	0	0	0	0	0	0	0	0	0	0	0	0	0	0	0	0	0	0	0	0	0	0	0	0	0	0	0	0	0	0	0	0	0	0	0	0	0	0	0	0	null	null	0	0	0	0	0	0	0	0	0	0	0	0	null	null	null	0	0	0	0	0	0	0	null	0	0	0	0	0	0	0	null	0	0	0	0	0	0	0	0	0	0	17.1	24.1
"00-0040667"	"M.Golden"	"Matthew Golden"	"WR"	"WR"	"https://static.www.nfl.com/image/upload/f_auto,q_auto/league/dbjki6b0swksr7mk17wk"	2026	1	"REG"	"2026_01_GB_MIN"	"GB"	"MIN"	0	0	0	0	0	0	0	0	0	0	0	0	null	null	0	null	0	0	0	0	0	0	0	0	0	0	null	0	0	0	0	0	6	12	95	0	0	0	137	35	4	0.7613586612529175	0	3	2	2	1	0.6934306569343066	0.3	0.2921108742004264	0.6544776119402984	0	0	0	0	0	0	0	0	0	0	0	0	0	0	0	0	0	0	0	0	0	0	0	0	0	0	0	0	0	0	0	0	0	0	0	0	0	0	0	0	0	0	null	null	0	0	0	0	0	0	0	0	0	0	0	0	null	null	null	0	0	0	0	0	0	0	null	0	0	0	0	0	0	0	null	0	0	0	0	0	0	0	0	0	0	9.5	15.5
"00-0040667"	"M.Golden"	"Matthew Golden"	"WR"	"WR"	"https://static.www.nfl.com/image/upload/f_auto,q_auto/league/dbjki6b0swksr7mk17wk"	2026	2	"REG"	"2026_02_GB_NYJ"	"GB"	"NYJ"	0	0	0	0	0	0	0	0	0	0	0	0	null	null	0	null	0	0	0	0	0	0	0	0	0	0	null	0	0	0	0	0	4	6	58	0	0	0	80	32	4	1.2930306562623493	0	3	2	0	0	0.725	0.20689655172413793	0.37037037037037035	0.5696040868454662	0	0	0	0	0	0	0	0	0	0	0	0	0	0	0	0	0	0	0	0	0	0	0	0	0	0	0	0	0	0	0	0	0	0	0	0	0	0	0	0	0	0	null	null	0	0	0	0	0	0	0	0	0	0	0	0	null	null	null	0	0	0	0	0	0	0	null	0	0	0	0	0	0	0	null	0	0	0	0	0	0	0	0	0	0	5.800000000000001	9.8
"00-0040667"	"M.Golden"	"Matthew Golden"	"WR"	"WR"	"https://static.www.nfl.com/image/upload/f_auto,q_auto/league/dbjki6b0swksr7mk17wk"	2026	3	"REG"	"2026_03_ATL_GB"	"GB"	"ATL"	0	0	0	0	0	0	0	0	0	0	0	0	null	null	0	null	0	0	0	0	0	0	0	0	0	0	null	0	0	0	0	0	5	12	100	1	0	0	199	30	4	4.615771652883058	0	4	2	2	1	0.5025125628140703	0.23529411764705882	0.5076530612244898	0.708298319327731	0	0	0	0	0	0	0	0	0	0	0	0	0	0	0	0	0	0	0	0	0	0	0	0	0	0	0	0	0	0	0	0	0	0	0	0	0	0	0	0	0	0	null	null	0	0	0	0	0	0	0	0	0	0	0	0	null	null	null	0	0	0	0	0	0	0	null	0	0	0	0	0	0	0	null	0	0	0	0	0	0	0	0	0	0	16	21
"00-0040691"	"J.Dart"	"Jaxson Dart"	"QB"	"QB"	"https://static.www.nfl.com/image/upload/f_auto,q_auto/league/n6uymxssgiicjmxkzxoc"	2026	1	"REG"	"2026_01_DAL_NYG"	"NYG"	"DAL"	23	29	230	3	0	2	-1	1	0	245	86	14	21.912451848300407	13.383558186991461	0	0.9387755102040817	10	5	0	0	11	54	0	0	0	4	3.6880225634085946	0	2	2	1	0	0	0	0	0	0	0	0	0	0	null	0	0	0	0	0	null	0	0	0	0	0	0	0	0	0	0	0	0	0	0	0	0	0	0	0	0	0	0	0	0	0	0	0	0	0	0	0	0	1	0	0	1	0	0	0	0	0	0	0	0	0	null	null	0	0	0	0	0	0	0	0	0	0	0	0	null	null	null	0	0	0	0	0	0	0	null	0	0	0	0	0	0	0	null	0	0	0	0	0	0	0	0	0	0	26.6	26.6
"00-0040715"	"C.Skattebo"	"Cam Skattebo"	"RB"	"RB"	"https://static.www.nfl.com/image/upload/f_auto,q_auto/league/hlggiqdfvj1f4kntkafr"	2026	1	"REG"	"2026_01_DAL_NYG"	"NYG"	"DAL"	0	0	0	0	0	0	0	0	0	0	0	0	null	null	0	null	0	0	0	0	18	81	1	1	0	6	-0.6451099434925709	0	2	1	0	0	0	0	0	0	0	0	0	0	0	null	0	0	0	0	0	null	0	0	0	0	0	0	0	0	0	0	0	0	0	0	0	0	0	0	0	0	0	0	0	0	0	1	0	0	0	0	0	0	1	0	0	1	0	0	0	0	0	0	0	0	0	null	null	0	0	0	0	0	0	0	0	0	0	0	0	null	null	null	0	0	0	0	0	0	0	null	0	0	0	0	0	0	0	null	0	0	0	0	0	0	0	0	0	0	14.1	14.1
"00-0040715"	"C.Skattebo"	"Cam Skattebo"	"RB"	"RB"	"https://static.www.nfl.com/image/upload/f_auto,q_auto/league/hlggiqdfvj1f4kntkafr"	2026	3	"REG"	"2026_03_TEN_NYG"	"NYG"	"TEN"	0	0	0	0	0	0	0	0	0	0	0	0	null	null	0	null	0	0	0	0	20	60	0	1	0	3	-5.274697973209474	0	2	1	0	0	3	4	40	0	0	0	34	10	1	2.3338391568977386	0	1	1	1	0	1.1764705882352942	0.19047619047619047	0.25	0.4607142857142857	0	0	0	0	0	0	0	0	0	0	0	0	0	0	0	0	0	0	0	0	0	0	0	0	0	0	0	0	0	1	0	1	1	0	0	0	0	0	0	0	0	0	null	null	0	0	0	0	0	0	0	0	0	0	0	0	null	null	null	0	0	0	0	0	0	0	null	0	0	0	0	0	0	0	null	0	0	0	0	0	0	0	0	0	0	10	13
"00-0040718"	"T.Hunter"	"Travis Hunter"	"CB"	"DB"	"https://static.www.nfl.com/image/upload/f_auto,q_auto/league/absw1gfqoiztajjagmf6"	2026	1	"REG"	"2026_01_CLE_JAX"	"JAX"	"CLE"	0	0	0	0	0	0	0	0	0	0	0	0	null	null	0	null	0	0	0	0	1	3	0	0	0	0	-0.27012661239132285	0	0	0	0	0	1	1	8	0	0	0	-3	11	0	0.3343129815766588	0	0	0	0	0	0	0.047619047619047616	-0.012396694214876033	0.0627508854781582	0	1	0	0	0	0	0	0	0	0	0	0	0	0	0	0	0	0	0	0	0	0	0	0	0	0	0	0	0	0	0	0	0	0	0	0	0	0	0	0	0	0	null	null	0	0	0	0	0	0	0	0	0	0	0	0	null	null	null	0	0	0	0	0	0	0	null	0	0	0	0	0	0	0	null	0	0	0	0	0	0	0	0	0	0	1.1	2.1
"00-0040718"	"T.Hunter"	"Travis Hunter"	"CB"	"DB"	"https://static.www.nfl.com/image/upload/f_auto,q_auto/league/absw1gfqoiztajjagmf6"	2026	2	"REG"	"2026_02_JAX_DEN"	"JAX"	"DEN"	0	0	0	0	0	0	0	0	0	0	0	0	null	null	0	null	0	0	0	0	0	0	0	0	0	0	null	0	0	0	0	0	0	0	0	0	0	0	0	0	0	null	0	0	0	0	0	null	0	0	0	0	4	0	0	0	0	0	0	0	0	0	0	1	0	0	0	0	0	0	0	0	0	0	0	0	0	0	1	22	0	0	0	0	0	0	0	0	0	0	0	0	0	null	null	0	0	0	0	0	0	0	0	0	0	0	0	null	null	null	0	0	0	0	0	0	0	null	0	0	0	0	0	0	0	null	0	0	0	0	0	0	0	0	0	0	0	0
"00-0040718"	"T.Hunter"	"Travis Hunter"	"CB"	"DB"	"https://static.www.nfl.com/image/upload/f_auto,q_auto/league/absw1gfqoiztajjagmf6"	2026	3	"REG"	"2026_03_NE_JAX"	"JAX"	"NE"	0	0	0	0	0	0	0	0	0	0	0	0	null	null	0	null	0	0	0	0	0	0	0	0	0	0	null	0	0	0	0	0	0	0	0	0	0	0	0	0	0	null	0	0	0	0	0	null	0	0	0	0	1	0	3	0	0	0	0	0	0	1	0	1	0	0	0	0	0	0	0	0	0	0	0	0	0	0	0	0	0	0	0	0	0	0	0	0	0	0	0	0	0	null	null	0	0	0	0	0	0	0	0	0	0	0	0	null	null	null	0	0	0	0	0	0	0	null	0	0	0	0	0	0	0	null	0	0	0	0	0	0	0	0	0	0	0	0
"00-0040719"	"B.Tuten"	"Bhayshul Tuten"	"RB"	"RB"	"https://static.www.nfl.com/image/upload/f_auto,q_auto/league/ryjnphuyjbedmgpx5qqj"	2026	1	"REG"	"2026_01_CLE_JAX"	"JAX"	"CLE"	0	0	0	0	0	0	0	0	0	0	0	0	null	null	0	null	0	0	0	0	15	66	0	0	0	4	-1.0888271614676341	0	3	2	0	0	1	1	22	0	0	0	-5	27	1	1.2613721593515947	0	1	1	1	0	-4.4	0.047619047619047616	-0.02066115702479339	0.05696576151121605	0	0	0	0	0	0	0	0	0	0	0	0	0	0	0	0	0	0	0	0	0	0	1	0	0	0	0	0	0	0	0	0	0	0	0	0	0	0	0	0	0	0	null	null	0	0	0	0	0	0	0	0	0	0	0	0	null	null	null	0	0	0	0	0	0	0	null	0	0	0	0	0	0	0	null	0	0	0	0	0	0	0	0	0	0	8.8	9.8
"00-0040719"	"B.Tuten"	"Bhayshul Tuten"	"RB"	"RB"	"https://static.www.nfl.com/image/upload/f_auto,q_auto/league/ryjnphuyjbedmgpx5qqj"	2026	2	"REG"	"2026_02_JAX_DEN"	"JAX"	"DEN"	0	0	0	0	0	0	0	0	0	0	0	0	null	null	0	null	0	0	0	0	13	65	1	0	0	4	1.2003644297656137	0	2	1	0	0	2	2	-3	0	0	0	-8	5	0	-1.939465964853298	0	0	0	0	0	0.375	0.07142857142857142	-0.026490066225165563	0.08859981078524125	0	0	0	0	0	0	0	0	0	0	0	0	0	0	0	0	0	0	0	0	0	0	0	0	0	0	0	0	0	0	0	0	0	0	0	0	0	0	0	0	0	0	null	null	0	0	0	0	0	0	0	0	0	0	0	0	null	null	null	0	0	0	0	0	0	0	null	0	0	0	0	0	0	0	null	0	0	0	0	0	0	0	0	0	0	12.2	14.2
"00-0040719"	"B.Tuten"	"Bhayshul Tuten"	"RB"	"RB"	"https://static.www.nfl.com/image/upload/f_auto,q_auto/league/ryjnphuyjbedmgpx5qqj"	2026	3	"REG"	"2026_03_NE_JAX"	"JAX"	"NE"	0	0	0	0	0	0	0	0	0	0	0	0	null	null	0	null	0	0	0	0	15	73	1	0	0	5	2.5535539148258977	0	1	1	0	0	2	2	17	0	0	0	-7	24	1	0.9217289523221552	0	1	0	0	0	-2.4285714285714284	0.07407407407407407	-0.03888888888888889	0.08388888888888889	0	0	0	0	0	0	0	0	0	0	0	0	0	0	0	0	0	0	0	0	0	0	0	0	0	0	0	0	0	0	0	0	0	0	0	0	0	0	0	0	0	0	null	null	0	0	0	0	0	0	0	0	0	0	0	0	null	null	null	0	0	0	0	0	0	0	null	0	0	0	0	0	0	0	null	0	0	0	0	0	0	0	0	0	0	15	17
"00-0040730"	"R.Harvey"	"RJ Harvey"	"RB"	"RB"	"https://static.www.nfl.com/image/upload/f_auto,q_auto/league/szxmro5enrxlscvv67xg"	2026	1	"REG"	"2026_01_DEN_KC"	"DEN"	"KC"	0	0	0	0	0	0	0	0	0	0	0	0	null	null	0	null	0	0	0	0	3	18	0	0	0	1	1.1602134217973799	0	0	0	0	0	4	4	23	0	0	0	-22	45	0	-0.08042227197438478	0	1	0	0	0	-1.0454545454545454	0.14814814814814814	-0.2391304347826087	0.05483091787439612	0	0	0	0	0	0	0	0	0	0	0	0	0	0	0	0	0	0	0	0	0	0	0	0	0	0	0	0	0	0	0	0	0	0	0	0	4	111	0	0	0	0	null	null	0	0	0	0	0	0	0	0	0	0	0	0	null	null	null	0	0	0	0	0	0	0	null	0	0	0	0	0	0	0	null	0	0	0	0	0	0	0	0	0	0	4.1000000000000005	8.100000000000001
"00-0040734"	"T.Henderson"	"TreVeyon Henderson"	"RB"	"RB"	"https://static.www.nfl.com/image/upload/f_auto,q_auto/league/ebcjvwytgu2y4kqm8ihv"	2026	2	"REG"	"2026_02_PIT_NE"	"NE"	"PIT"	0	0	0	0	0	0	0	0	0	0	0	0	null	null	0	null	0	0	0	0	16	76	1	0	0	3	-1.5980435101082548	0	2	1	1	0	0	0	0	0	0	0	0	0	0	null	0	0	0	0	0	null	0	0	0	0	0	0	0	0	0	0	0	0	0	0	0	0	0	0	0	0	0	0	0	0	0	0	0	0	0	0	0	0	0	0	0	0	0	0	0	0	0	0	0	0	0	null	null	0	0	0	0	0	0	0	0	0	0	0	0	null	null	null	0	0	0	0	0	0	0	null	0	0	0	0	0	0	0	null	0	0	0	0	0	0	0	0	0	0	13.600000000000001	13.600000000000001
"00-0040734"	"T.Henderson"	"TreVeyon Henderson"	"RB"	"RB"	"https://static.www.nfl.com/image/upload/f_auto,q_auto/league/ebcjvwytgu2y4kqm8ihv"	2026	3	"REG"	"2026_03_NE_JAX"	"NE"	"JAX"	0	0	0	0	0	0	0	0	0	0	0	0	null	null	0	null	0	0	0	0	8	23	0	0	0	0	-2.372373469406739	0	0	0	0	0	1	1	6	0	0	0	4	2	0	0.257351893465966	0	0	0	0	0	1.5	0.03333333333333333	0.011049723756906077	0.057734806629834254	0	0	0	0	0	0	0	0	0	0	0	0	0	0	0	0	0	0	0	0	0	0	0	0	0	0	0	0	0	0	0	0	0	0	0	0	0	0	0	0	0	0	null	null	0	0	0	0	0	0	0	0	0	0	0	0	null	null	null	0	0	0	0	0	0	0	null	0	0	0	0	0	0	0	null	0	0	0	0	0	0	0	0	0	0	2.9000000000000004	3.9000000000000004
"00-0040735"	"L.Burden"	"Luther Burden III"	"WR"	"WR"	"https://static.www.nfl.com/image/upload/f_auto,q_auto/league/iyuwdz7pbowdkwzq2tg5"	2026	1	"REG"	"2026_01_CHI_CAR"	"CHI"	"CAR"	0	0	0	0	0	0	0	0	0	0	0	0	null	null	0	null	0	0	0	0	1	2	0	0	0	0	-0.356950203422457	0	0	0	0	0	5	5	63	0	1	1	36	27	2	1.54251239891164	0	3	1	1	0	1.75	0.19230769230769232	0.11285266457680251	0.36745840366530025	0	0	0	0	0	0	0	0	0	0	0	0	0	0	0	0	0	0	0	0	0	0	0	0	0	0	0	0	0	1	0	0	1	1	0	0	0	0	0	0	0	0	null	null	0	0	0	0	0	0	0	0	0	0	0	0	null	null	null	0	0	0	0	0	0	0	null	0	0	0	0	0	0	0	null	0	0	0	0	0	0	0	0	0	0	4.5	9.5
"00-0040735"	"L.Burden"	"Luther Burden III"	"WR"	"WR"	"https://static.www.nfl.com/image/upload/f_auto,q_auto/league/iyuwdz7pbowdkwzq2tg5"	2026	2	"REG"	"2026_02_MIN_CHI"	"CHI"	"MIN"	0	0	0	0	0	0	0	0	0	0	0	0	null	null	0	null	0	0	0	0	0	0	0	0	0	0	null	0	0	0	0	0	3	7	32	0	0	0	87	5	1	-3.592847387015354	0	1	1	0	0	0.367816091954023	0.23333333333333334	0.4603174603174603	0.6722222222222222	0	0	0	0	0	0	0	0	0	0	0	0	0	0	0	0	0	0	0	0	0	0	0	0	0	0	0	0	0	0	0	0	0	0	0	0	0	0	0	0	0	0	null	null	0	0	0	0	0	0	0	0	0	0	0	0	null	null	null	0	0	0	0	0	0	0	null	0	0	0	0	0	0	0	null	0	0	0	0	0	0	0	0	0	0	3.2	6.2
"00-0040743"	"T.Shough"	"Tyler Shough"	"QB"	"QB"	"https://static.www.nfl.com/image/upload/f_auto,q_auto/league/toiafc7qighw86geo7jf"	2026	2	"REG"	"2026_02_NO_BAL"	"NO"	"BAL"	27	34	252	1	0	3	-19	0	0	213	115	11	10.928983345086273	14.051038026809692	0	1.1830985915492958	11	5	5	0	9	23	1	1	0	3	1.6595590406211227	0	1	0	0	0	0	0	0	0	0	0	0	0	0	null	0	0	0	0	0	null	0	0	0	0	0	0	0	0	0	0	0	0	0	0	0	0	0	0	0	0	0	0	0	0	0	0	-7	0	0	0	0	0	0	1	0	1	0	0	0	0	0	0	0	0	0	null	null	0	0	0	0	0	0	0	0	0	0	0	0	null	null	null	0	0	0	0	0	0	0	null	0	0	0	0	0	0	0	null	0	0	0	0	0	0	0	0	0	0	22.38	22.38
"00-0040743"	"T.Shough"	"Tyler Shough"	"QB"	"QB"	"https://static.www.nfl.com/image/upload/f_auto,q_auto/league/toiafc7qighw86geo7jf"	2026	3	"REG"	"2026_03_LV_NO"	"NO"	"LV"	29	42	255	4	1	2	-22	2	2	311	123	18	-3.6271009749616496	4.3605937063694	0	0.819935691318328	13	5	1	0	1	36	0	0	0	1	2.068683269782923	0	1	1	1	0	0	0	0	0	0	0	0	0	0	null	0	0	0	0	0	null	0	0	0	0	0	0	0	0	0	0	0	0	0	0	0	0	0	0	0	0	0	0	0	0	0	0	0	0	0	0	0	0	2	0	0	2	2	0	0	0	0	0	0	0	0	null	null	0	0	0	0	0	0	0	0	0	0	0	0	null	null	null	0	0	0	0	0	0	0	null	0	0	0	0	0	0	0	null	0	0	0	0	0	0	0	0	0	0	23.800000000000004	23.800000000000004
"00-0040784"	"Q.Judkins"	"Quinshon Judkins"	"RB"	"RB"	"https://static.www.nfl.com/image/upload/f_auto,q_auto/league/ojtce2im0wp2ltyel0vc"	2026	1	"REG"	"2026_01_CLE_JAX"	"CLE"	"JAX"	0	0	0	0	0	0	0	0	0	0	0	0	null	null	0	null	0	0	0	0	12	33	0	0	0	1	-2.7271186485886574	0	0	0	0	0	2	2	17	0	0	0	1	16	1	0.1333734256331809	0	1	1	0	0	17	0.09090909090909091	0.0043859649122807015	0.13943381180223285	0	0	0	0	0	0	0	0	0	0	0	0	0	0	0	0	0	0	0	0	0	0	0	0	0	0	0	0	0	0	0	0	0	0	0	0	0	0	0	0	0	0	null	null	0	0	0	0	0	0	0	0	0	0	0	0	null	null	null	0	0	0	0	0	0	0	null	0	0	0	0	0	0	0	null	0	0	0	0	0	0	0	0	0	0	5	7
"00-0040784"	"Q.Judkins"	"Quinshon Judkins"	"RB"	"RB"	"https://static.www.nfl.com/image/upload/f_auto,q_auto/league/ojtce2im0wp2ltyel0vc"	2026	2	"REG"	"2026_02_CLE_TB"	"CLE"	"TB"	0	0	0	0	0	0	0	0	0	0	0	0	null	null	0	null	0	0	0	0	12	21	0	0	0	1	-8.321492130518891	0	0	0	0	0	5	5	27	0	0	0	-8	35	1	1.117867014138028	0	1	0	0	0	-3.375	0.16666666666666666	-0.07407407407407407	0.19814814814814816	0	0	0	0	0	0	0	0	0	0	0	0	0	0	0	0	0	0	0	0	0	0	0	0	0	0	0	0	0	0	0	0	0	0	0	0	0	0	0	0	0	0	null	null	0	0	0	0	0	0	0	0	0	0	0	0	null	null	null	0	0	0	0	0	0	0	null	0	0	0	0	0	0	0	null	0	0	0	0	0	0	0	0	0	0	4.800000000000001	9.8
"00-0040784"	"Q.Judkins"	"Quinshon Judkins"	"RB"	"RB"	"https://static.www.nfl.com/image/upload/f_auto,q_auto/league/ojtce2im0wp2ltyel0vc"	2026	3	"REG"	"2026_03_CAR_CLE"	"CLE"	"CAR"	0	0	0	0	0	0	0	0	0	0	0	0	null	null	0	null	0	0	0	0	18	70	0	0	0	2	-3.891792394249933	0	2	0	0	0	2	2	9	0	0	0	-6	15	0	0.361476672522258	0	0	0	0	0	-1.5	0.06666666666666667	-0.03488372093023256	0.07558139534883722	0	0	0	0	0	0	0	0	0	0	0	0	0	0	0	0	0	0	0	0	0	0	0	0	0	0	0	0	0	0	0	0	0	0	0	0	0	0	0	0	0	0	null	null	0	0	0	0	0	0	0	0	0	0	0	0	null	null	null	0	0	0	0	0	0	0	null	0	0	0	0	0	0	0	null	0	0	0	0	0	0	0	0	0	0	7.9	9.9
"00-0041037"	"D.Boston"	"Denzel Boston"	"WR"	"WR"	"https://static.www.nfl.com/image/upload/f_auto,q_auto/league/ybkny6eh5eegq3bqmony"	2026	1	"REG"	"2026_01_CLE_JAX"	"CLE"	"JAX"	0	0	0	0	0	0	0	0	0	0	0	0	null	null	0	null	0	0	0	0	0	0	0	0	0	0	null	0	0	0	0	0	2	4	59	1	0	0	114	2	2	5.169828865567287	0	2	1	1	1	0.5175438596491229	0.18181818181818182	0.5	0.6227272727272727	0	0	0	0	0	0	0	0	0	0	0	0	0	0	0	0	0	0	0	0	0	0	0	0	0	0	0	0	0	0	0	0	0	0	0	0	0	0	0	0	0	0	null	null	0	0	0	0	0	0	0	0	0	0	0	0	null	null	null	0	0	0	0	0	0	0	null	0	0	0	0	0	0	0	null	0	0	0	0	0	0	0	0	0	0	11.9	13.9
"00-0041037"	"D.Boston"	"Denzel Boston"	"WR"	"WR"	"https://static.www.nfl.com/image/upload/f_auto,q_auto/league/ybkny6eh5eegq3bqmony"	2026	2	"REG"	"2026_02_CLE_TB"	"CLE"	"TB"	0	0	0	0	0	0	0	0	0	0	0	0	null	null	0	null	0	0	0	0	0	0	0	0	0	0	null	0	0	0	0	0	5	7	95	1	0	0	60	50	3	6.993959088716558	0	2	1	1	1	1.5833333333333333	0.23333333333333334	0.5555555555555556	0.7388888888888889	0	0	0	0	0	0	0	0	0	0	0	0	0	0	0	0	0	0	0	0	0	0	0	0	0	0	0	0	0	0	0	0	0	0	0	0	0	0	0	0	0	0	null	null	0	0	0	0	0	0	0	0	0	0	0	0	null	null	null	0	0	0	0	0	0	0	null	0	0	0	0	0	0	0	null	0	0	0	0	0	0	0	0	0	0	15.5	20.5
"00-0041037"	"D.Boston"	"Denzel Boston"	"WR"	"WR"	"https://static.www.nfl.com/image/upload/f_auto,q_auto/league/ybkny6eh5eegq3bqmony"	2026	3	"REG"	"2026_03_CAR_CLE"	"CLE"	"CAR"	0	0	0	0	0	0	0	0	0	0	0	0	null	null	0	null	0	0	0	0	0	0	0	0	0	0	null	0	0	0	0	0	2	4	41	0	0	0	51	17	2	1.570217015090864	1	2	1	1	0	0.803921568627451	0.13333333333333333	0.29651162790697677	0.40755813953488373	0	0	0	0	0	0	0	0	0	0	0	0	0	0	0	0	0	0	0	0	0	0	0	0	0	0	0	0	0	0	0	0	0	0	0	0	0	0	0	0	0	0	null	null	0	0	0	0	0	0	0	0	0	0	0	0	null	null	null	0	0	0	0	0	0	0	null	0	0	0	0	0	0	0	null	0	0	0	0	0	0	0	0	0	0	6.1000000000000005	8.100000000000001
"00-0041438"	"C.Tate"	"Carnell Tate"	"WR"	"WR"	"https://static.www.nfl.com/image/upload/f_auto,q_auto/league/ghpmpzcnigxrdbyvcxke"	2026	1	"REG"	"2026_01_NYJ_TEN"	"TEN"	"NYJ"	0	0	0	0	0	0	0	0	0	0	0	0	null	null	0	null	0	0	0	0	0	0	0	0	0	0	null	0	0	0	0	0	4	6	38	0	0	0	67	9	1	0.3036130403634161	0	2	0	0	0	0.5671641791044776	0.21428571428571427	0.3526315789473684	0.5682706766917293	0	0	0	0	0	0	0	0	0	0	0	0	0	0	0	0	0	0	0	0	0	0	0	0	0	0	0	0	0	0	0	0	0	0	0	0	0	0	0	0	0	0	null	null	0	0	0	0	0	0	0	0	0	0	0	0	null	null	null	0	0	0	0	0	0	0	null	0	0	0	0	0	0	0	null	0	0	0	0	0	0	0	0	0	0	3.8000000000000003	7.800000000000001
"00-0041438"	"C.Tate"	"Carnell Tate"	"WR"	"WR"	"https://static.www.nfl.com/image/upload/f_auto,q_auto/league/ghpmpzcnigxrdbyvcxke"	2026	3	"REG"	"2026_03_TEN_NYG"	"TEN"	"NYG"	0	0	0	0	0	0	0	0	0	0	0	0	null	null	0	null	0	0	0	0	0	0	0	0	0	0	null	0	0	0	0	0	6	9	58	0	0	0	102	15	3	1.6728613745654002	0	2	1	1	0	0.5686274509803921	0.2571428571428571	0.4473684210526316	0.6988721804511278	0	0	0	0	0	0	0	0	0	0	0	0	0	0	0	0	0	0	0	0	0	0	0	0	0	0	0	0	0	0	0	0	0	0	0	0	0	0	0	0	0	0	null	null	0	0	0	0	0	0	0	0	0	0	0	0	null	null	null	0	0	0	0	0	0	0	null	0	0	0	0	0	0	0	null	0	0	0	0	0	0	0	0	0	0	5.800000000000001	11.8
"00-0041496"	"J.Coleman"	"Jonah Coleman"	"RB"	"RB"	"https://static.www.nfl.com/image/upload/f_auto,q_auto/league/qbauucaxakkhtxihuvmr"	2026	1	"REG"	"2026_01_DEN_KC"	"DEN"	"KC"	0	0	0	0	0	0	0	0	0	0	0	0	null	null	0	null	0	0	0	0	0	0	0	0	0	0	null	0	0	0	0	0	0	0	0	0	0	0	0	0	0	null	0	0	0	0	0	null	0	0	0	0	0	0	0	0	0	0	0	0	0	0	0	0	0	0	0	0	0	0	0	0	0	0	0	0	0	0	0	0	0	0	0	0	0	0	0	1	27	0	0	0	0	null	null	0	0	0	0	0	0	0	0	0	0	0	0	null	null	null	0	0	0	0	0	0	0	null	0	0	0	0	0	0	0	null	0	0	0	0	0	0	0	0	0	0	0	0
"00-0041496"	"J.Coleman"	"Jonah Coleman"	"RB"	"RB"	"https://static.www.nfl.com/image/upload/f_auto,q_auto/league/qbauucaxakkhtxihuvmr"	2026	2	"REG"	"2026_02_JAX_DEN"	"DEN"	"JAX"	0	0	0	0	0	0	0	0	0	0	0	0	null	null	0	null	0	0	0	0	10	39	1	0	0	3	-0.20742969581624493	0	2	2	0	0	3	3	19	0	0	0	0	19	0	0.2980042831040919	0	0	0	0	0	0	0.10344827586206896	0	0.15517241379310345	0	0	0	0	0	0	0	0	0	0	0	0	0	0	0	0	0	0	0	0	0	0	0	0	0	0	0	0	0	0	0	0	0	0	0	0	0	0	0	0	0	0	null	null	0	0	0	0	0	0	0	0	0	0	0	0	null	null	null	0	0	0	0	0	0	0	null	0	0	0	0	0	0	0	null	0	0	0	0	0	0	0	0	0	0	11.8	14.8
"00-0041512"	"J.Price"	"Jadarian Price"	"RB"	"RB"	"https://static.www.nfl.com/image/upload/f_auto,q_auto/league/toy90i08oumgbdlvctja"	2026	1	"REG"	"2026_01_NE_SEA"	"SEA"	"NE"	0	0	0	0	0	0	0	0	0	0	0	0	null	null	0	null	0	0	0	0	10	52	0	0	0	4	1.0258847177028656	0	2	2	0	0	2	2	6	0	0	0	-1	7	0	-0.6971553706098348	0	0	0	0	0	-6	0.08333333333333333	-0.006493506493506494	0.12045454545454545	0	0	0	0	0	0	0	0	0	0	0	0	0	0	0	0	0	0	0	0	0	0	0	0	0	0	0	0	0	0	0	0	0	0	0	0	0	0	0	0	0	0	null	null	0	0	0	0	0	0	0	0	0	0	0	0	null	null	null	0	0	0	0	0	0	0	null	0	0	0	0	0	0	0	null	0	0	0	0	0	0	0	0	0	0	5.800000000000001	7.800000000000001
"00-0041512"	"J.Price"	"Jadarian Price"	"RB"	"RB"	"https://static.www.nfl.com/image/upload/f_auto,q_auto/league/toy90i08oumgbdlvctja"	2026	2	"REG"	"2026_02_SEA_ARI"	"SEA"	"ARI"	0	0	0	0	0	0	0	0	0	0	0	0	null	null	0	null	0	0	0	0	13	52	0	1	1	2	-7.471524262015009	0	2	1	1	0	1	2	8	0	0	0	16	16	1	0.5060431441524997	0	0	0	0	0	0.5	0.07692307692307693	0.07048458149779736	0.16472382243307354	0	0	0	0	0	0	0	0	0	0	0	0	0	0	0	0	0	0	0	0	0	0	0	0	0	0	0	0	0	1	0	0	1	1	0	0	0	0	0	0	0	0	null	null	0	0	0	0	0	0	0	0	0	0	0	0	null	null	null	0	0	0	0	0	0	0	null	0	0	0	0	0	0	0	null	0	0	0	0	0	0	0	0	0	0	4	5
"00-0041523"	"C.Douglas"	"Caleb Douglas"	"WR"	"WR"	"https://static.www.nfl.com/image/upload/f_auto,q_auto/league/stwypvmutplwvi1zzbmu"	2026	1	"REG"	"2026_01_MIA_LV"	"MIA"	"LV"	0	0	0	0	0	0	0	0	0	0	0	0	null	null	0	null	0	0	0	0	0	0	0	0	0	0	null	0	0	0	0	0	5	7	94	0	0	0	97	35	3	1.5838158996372567	0	5	2	2	0	0.9690721649484536	0.25925925925925924	0.313915857605178	0.6086299892125134	0	1	0	0	0	0	0	0	0	0	0	0	0	0	0	0	0	0	0	0	0	0	0	0	0	0	0	0	0	0	0	0	0	0	0	0	0	0	0	0	0	0	null	null	0	0	0	0	0	0	0	0	0	0	0	0	null	null	null	0	0	0	0	0	0	0	null	0	0	0	0	0	0	0	null	0	0	0	0	0	0	0	0	0	0	9.4	14.4
"00-0041523"	"C.Douglas"	"Caleb Douglas"	"WR"	"WR"	"https://static.www.nfl.com/image/upload/f_auto,q_auto/league/stwypvmutplwvi1zzbmu"	2026	2	"REG"	"2026_02_MIA_SF"	"MIA"	"SF"	0	0	0	0	0	0	0	0	0	0	0	0	null	null	0	null	0	0	0	0	0	0	0	0	0	0	null	0	0	0	0	0	2	3	19	0	0	0	17	6	2	1.930950730049517	0	1	0	0	0	1.1176470588235294	0.13043478260869565	0.10059171597633136	0.2660663750964754	0	0	0	0	0	0	0	0	0	0	0	0	0	0	0	0	0	0	0	0	0	0	0	0	0	0	0	0	0	0	0	0	0	0	0	0	0	0	0	0	0	0	null	null	0	0	0	0	0	0	0	0	0	0	0	0	null	null	null	0	0	0	0	0	0	0	null	0	0	0	0	0	0	0	null	0	0	0	0	0	0	0	0	0	0	1.9000000000000001	3.9000000000000004
"00-0041547"	"K.Concepcion"	"KC Concepcion"	"WR"	"WR"	"https://static.www.nfl.com/image/upload/f_auto,q_auto/league/ztdyzyngqr1pexyghlt3"	2026	1	"REG"	"2026_01_CLE_JAX"	"CLE"	"JAX"	0	0	0	0	0	0	0	0	0	0	0	0	null	null	0	null	0	0	0	0	3	15	0	0	0	1	0.07867541164159775	0	1	0	0	0	4	5	43	0	1	1	63	15	2	-1.8038932220079005	0	1	1	1	0	0.6825396825396826	0.22727272727272727	0.27631578947368424	0.5343301435406699	0	0	0	0	0	0	0	0	0	0	0	0	0	0	0	0	0	0	0	0	0	0	0	0	0	0	0	0	0	1	0	0	1	1	1	10	0	0	0	0	0	0	null	null	0	0	0	0	0	0	0	0	0	0	0	0	null	null	null	0	0	0	0	0	0	0	null	0	0	0	0	0	0	0	null	0	0	0	0	0	0	0	0	0	0	3.8000000000000007	7.800000000000001
"00-0041547"	"K.Concepcion"	"KC Concepcion"	"WR"	"WR"	"https://static.www.nfl.com/image/upload/f_auto,q_auto/league/ztdyzyngqr1pexyghlt3"	2026	2	"REG"	"2026_02_CLE_TB"	"CLE"	"TB"	0	0	0	0	0	0	0	0	0	0	0	0	null	null	0	null	0	0	0	0	1	-6	0	0	0	0	-1.919495469192043	0	0	0	0	0	6	6	28	0	0	0	12	16	1	0.21950789843685925	0	0	0	0	0	2.3333333333333335	0.2	0.1111111111111111	0.3777777777777778	0	0	0	0	0	0	0	0	0	0	0	0	0	0	0	0	0	0	0	0	0	0	0	0	0	0	0	0	0	0	0	0	0	0	0	0	0	0	0	0	0	0	null	null	0	0	0	0	0	0	0	0	0	0	0	0	null	null	null	0	0	0	0	0	0	0	null	0	0	0	0	0	0	0	null	0	0	0	0	0	0	0	0	0	0	2.2	8.2
"00-0041547"	"K.Concepcion"	"KC Concepcion"	"WR"	"WR"	"https://static.www.nfl.com/image/upload/f_auto,q_auto/league/ztdyzyngqr1pexyghlt3"	2026	3	"REG"	"2026_03_CAR_CLE"	"CLE"	"CAR"	0	0	0	0	0	0	0	0	0	0	0	0	null	null	0	null	0	0	0	0	0	0	0	0	0	0	null	0	0	0	0	0	2	9	9	0	0	0	36	0	1	-1.904897921718657	0	0	0	0	0	0.25	0.3	0.20930232558139536	0.5965116279069766	0	0	0	0	0	0	0	0	0	0	0	0	0	0	0	0	0	0	0	0	0	0	0	0	0	0	0	0	0	0	0	0	0	0	1	1	0	0	0	0	0	0	null	null	0	0	0	0	0	0	0	0	0	0	0	0	null	null	null	0	0	0	0	0	0	0	null	0	0	0	0	0	0	0	null	0	0	0	0	0	0	0	0	0	0	0.9	2.9
