air_yards	complete_pass	defteam	down	epa	extra_point_result	field_goal_result	fumble_lost	game_id	goal_to_go	interception	kick_distance	kicker_player_id	kickoff_returner_player_id	pass_attempt	pass_oe	pass_touchdown	passer_player_id	play_id	play_type	posteam	punt_returner_player_id	qb_dropback	qb_kneel	qb_scramble	qb_spike	qtr	receiver_player_id	return_touchdown	return_yards	rush_attempt	rush_touchdown	rusher_player_id	sack	safety	season	season_type	success	td_player_id	td_team	touchdown	two_point_attempt	two_point_conv_result	week	wp	xpass	yardline_100	yards_gained	ydstogo
22	1	"LAC"	1	1.7302686194889247	null	null	0	"2026_01_ARI_LAC"	0	0	null	null	null	1	54.65175211429596	0	"00-0033119"	62	"pass"	"ARI"	null	1	0	0	0	1	"00-0037744"	0	0	0	0	null	0	0	2026	"REG"	1	null	null	0	0	null	1	0.433546245098114	0.4534824788570404	70	27	10
null	0	"LAC"	1	-0.5270993440644816	null	null	0	"2026_01_ARI_LAC"	0	0	null	null	null	0	-38.73371183872223	0	null	225	"run"	"ARI"	null	0	0	0	0	1	null	0	0	1	0	"00-0041027"	0	0	2026	"REG"	0	null	null	0	0	null	1	0.5600779056549072	0.3873371183872223	19	0	10
null	0	"LAC"	1	-0.05518015811685473	null	null	0	"2026_01_ARI_LAC"	1	0	null	null	null	0	-32.51425921916962	0	null	272	"run"	"ARI"	null	0	0	0	0	1	null	0	0	1	0	"00-0041027"	0	0	2026	"REG"	0	null	null	0	0	null	1	0.5732327699661255	0.32514259219169617	8	3	8
null	0	"LAC"	2	1.6324822311289608	null	null	0	"2026_01_ARI_LAC"	1	0	null	null	null	0	-57.161253690719604	0	null	301	"run"	"ARI"	null	0	0	0	0	1	null	0	0	1	1	"00-0041027"	0	0	2026	"REG"	1	"00-0041027"	"ARI"	1	0	null	1	0.5673747062683105	0.571612536907196	5	5	5
10	1	"LAC"	1	1.3452076783869416	null	null	0	"2026_01_ARI_LAC"	0	0	null	null	null	1	32.10601210594177	0	"00-0033119"	678	"pass"	"ARI"	null	1	0	0	0	1	"00-0037744"	0	0	0	0	null	0	0	2026	"REG"	1	null	null	0	0	null	1	0.42624926567077637	0.6789398789405823	69	17	20
6	1	"LAC"	2	0.7955163642764091	null	null	0	"2026_01_ARI_LAC"	0	0	null	null	null	1	61.6999089717865	0	"00-0033119"	703	"pass"	"ARI"	null	1	0	0	0	1	"00-0037744"	0	0	0	0	null	0	0	2026	"REG"	1	null	null	0	0	null	1	0.4743749797344208	0.383000910282135	52	10	3
null	0	"LAC"	1	-0.49669274501502514	null	null	0	"2026_01_ARI_LAC"	0	0	null	null	null	0	-46.00686430931091	0	null	728	"run"	"ARI"	null	0	0	0	0	1	null	0	0	1	0	"00-0041027"	0	0	2026	"REG"	0	null	null	0	0	null	1	0.4841236472129822	0.46006864309310913	42	1	10
4	1	"LAC"	2	-0.07257849373854697	null	null	0	"2026_01_ARI_LAC"	0	0	null	null	null	1	31.391292810440063	0	"00-0033119"	753	"pass"	"ARI"	null	1	0	0	0	1	"00-0041027"	0	0	0	0	null	0	0	2026	"REG"	0	null	null	0	0	null	1	0.48371875286102295	0.6860870718955994	41	5	9
null	0	"LAC"	2	1.3893004192505032	null	null	0	"2026_01_ARI_LAC"	0	0	null	null	null	0	-50.20664930343628	0	null	1018	"run"	"ARI"	null	0	0	0	0	2	null	0	0	1	0	"00-0041027"	0	0	2026	"REG"	1	null	null	0	0	null	1	0.4431227445602417	0.5020664930343628	61	18	5
0	1	"LAC"	1	-0.0762718883343041	null	null	0	"2026_01_ARI_LAC"	0	0	null	null	null	1	53.446197509765625	0	"00-0033119"	1045	"pass"	"ARI"	null	1	0	0	0	2	"00-0041027"	0	0	0	0	null	0	0	2026	"REG"	0	null	null	0	0	null	1	0.4812835156917572	0.46553802490234375	43	4	10
null	0	"LAC"	2	0.25740079022943974	null	null	0	"2026_01_ARI_LAC"	0	0	null	null	null	0	-60.10376811027527	0	null	1072	"run"	"ARI"	null	0	0	0	0	2	null	0	0	1	0	"00-0041027"	0	0	2026	"REG"	1	null	null	0	0	null	1	0.5007419586181641	0.6010376811027527	39	5	6
4	1	"LAC"	2	0.3426153351319954	null	null	0	"2026_01_ARI_LAC"	0	0	null	null	null	1	17.605143785476685	0	"00-0033119"	1172	"pass"	"ARI"	null	1	0	0	0	2	"00-0037744"	0	0	0	0	null	0	0	2026	"REG"	1	null	null	0	0	null	1	0.5011022090911865	0.8239485621452332	34	6	14
3	0	"LAC"	3	-1.423295811535985	null	null	0	"2026_01_ARI_LAC"	0	0	null	null	null	1	12.680202722549438	0	"00-0033119"	1269	"pass"	"ARI"	null	1	0	0	0	2	"00-0037744"	0	0	0	0	null	0	0	2026	"REG"	0	null	null	0	0	null	1	0.5834282040596008	0.8731979727745056	9	0	3
4	1	"ARI"	2	2.1068258926970884	null	null	0	"2026_01_ARI_LAC"	0	0	null	null	null	1	23.105305433273315	0	"00-0036355"	1502	"pass"	"LAC"	null	1	0	0	0	2	"00-0040189"	0	0	0	0	null	0	0	2026	"REG"	1	null	null	0	0	null	1	0.5340132117271423	0.7689469456672668	47	26	8
6	1	"LAC"	2	0.5338402141351253	null	null	0	"2026_01_ARI_LAC"	0	0	null	null	null	1	27.92264223098755	0	"00-0033119"	1697	"pass"	"ARI"	null	1	0	0	0	2	"00-0037744"	0	0	0	0	null	0	0	2026	"REG"	1	null	null	0	0	null	1	0.5554781556129456	0.7207735776901245	79	14	2
10	0	"LAC"	1	-0.5124618395930156	null	null	0	"2026_01_ARI_LAC"	0	0	null	null	null	1	6.065785884857178	0	"00-0033119"	1806	"pass"	"ARI"	null	1	0	0	0	2	"00-0037744"	0	0	0	0	null	0	0	2026	"REG"	0	null	null	0	0	null	1	0.6708458662033081	0.9393421411514282	22	0	10
9	0	"LAC"	1	-0.5959263016702607	null	null	0	"2026_01_ARI_LAC"	0	0	null	null	null	1	3.941744565963745	0	"00-0033119"	1861	"pass"	"ARI"	null	1	0	0	0	2	"00-0037744"	0	0	0	0	null	0	0	2026	"REG"	0	null	null	0	0	null	1	0.6886819005012512	0.9605825543403625	11	0	10
null	0	"LAC"	1	-0.4979495913721621	null	null	0	"2026_01_ARI_LAC"	0	0	null	null	null	0	-35.5051726102829	0	null	2174	"run"	"ARI"	null	0	0	0	0	3	null	0	0	1	0	"00-0041027"	0	0	2026	"REG"	0	null	null	0	0	null	1	0.7286691069602966	0.355051726102829	90	2	10
null	0	"LAC"	1	-0.5844289406668395	null	null	0	"2026_01_ARI_LAC"	0	0	null	null	null	0	-42.66519844532013	0	null	2228	"run"	"ARI"	null	0	0	0	0	3	null	0	0	1	0	"00-0041027"	0	0	2026	"REG"	0	null	null	0	0	null	1	0.7800739407539368	0.4266519844532013	55	0	10
-1	0	"LAC"	2	-0.7820281239692122	null	null	0	"2026_01_ARI_LAC"	0	0	null	null	null	1	17.63855218887329	0	"00-0033119"	2346	"pass"	"ARI"	null	1	0	0	0	3	"00-0041027"	0	0	0	0	null	0	0	2026	"REG"	0	null	null	0	0	null	1	0.8055593967437744	0.8236144781112671	15	0	11
8	0	"LAC"	3	-0.8142715008422208	null	null	0	"2026_01_ARI_LAC"	0	0	null	null	null	1	3.681635856628418	0	"00-0033119"	2369	"pass"	"ARI"	null	1	0	0	0	3	"00-0037744"	0	0	0	0	null	0	0	2026	"REG"	0	null	null	0	0	null	1	0.7896245718002319	0.9631836414337158	15	0	11
null	0	"LAC"	1	-0.24199897423386574	null	null	0	"2026_01_ARI_LAC"	0	0	null	null	null	0	-47.69501090049744	0	null	2680	"run"	"ARI"	null	0	0	0	0	3	null	0	0	1	0	"00-0041027"	0	0	2026	"REG"	0	null	null	0	0	null	1	0.6334930062294006	0.47695010900497437	59	3	10
-2	1	"LAC"	2	0.9272454455494881	null	null	0	"2026_01_ARI_LAC"	0	0	null	null	null	1	31.55754804611206	0	"00-0033119"	2702	"pass"	"ARI"	null	1	0	0	0	3	"00-0037744"	0	0	0	0	null	0	0	2026	"REG"	1	null	null	0	0	null	1	0.6264290809631348	0.6844245195388794	56	7	7
2	0	"LAC"	1	-0.6399650652892888	null	null	0	"2026_01_ARI_LAC"	0	0	null	null	null	1	28.47834825515747	0	"00-0033119"	2751	"pass"	"ARI"	null	1	0	0	0	3	"00-0041027"	0	0	0	0	null	0	0	2026	"REG"	0	null	null	0	0	null	1	0.6255267858505249	0.7152165174484253	54	0	15
4	1	"LAC"	3	-1.0174154811538756	null	null	0	"2026_01_ARI_LAC"	0	0	null	null	null	1	4.396766424179077	0	"00-0033119"	2804	"pass"	"ARI"	null	1	0	0	0	3	"00-0037744"	0	0	0	0	null	0	0	2026	"REG"	0	null	null	0	0	null	1	0.5901716947555542	0.9560323357582092	54	5	15
null	0	"LAC"	1	-0.5685471694450825	null	null	0	"2026_01_ARI_LAC"	0	0	null	null	null	0	-48.14804792404175	0	null	3035	"run"	"ARI"	null	0	0	0	0	3	null	0	0	1	0	"00-0041027"	0	0	2026	"REG"	0	null	null	0	0	null	1	0.6409834623336792	0.4814804792404175	69	0	10
3	1	"LAC"	2	1.179986584058497	null	null	0	"2026_01_ARI_LAC"	1	0	null	null	null	1	48.52474927902222	1	"00-0033119"	3285	"pass"	"ARI"	null	1	0	0	0	4	"00-0037744"	0	0	0	0	null	0	0	2026	"REG"	1	"00-0037744"	"ARI"	1	0	null	1	0.7864524722099304	0.5147525072097778	3	3	3
6	1	"LAC"	3	1.2595766326412559	null	null	0	"2026_01_ARI_LAC"	0	0	null	null	null	1	10.936468839645386	0	"00-0033119"	3518	"pass"	"ARI"	null	1	0	0	0	4	"00-0037744"	0	0	0	0	null	0	0	2026	"REG"	1	null	null	0	0	null	1	0.9058076739311218	0.8906353116035461	89	6	4
null	0	"LAC"	2	-0.0027904738672077656	null	null	0	"2026_01_ARI_LAC"	0	0	null	null	null	0	-33.76665413379669	0	null	3609	"run"	"ARI"	null	0	0	0	0	4	null	0	0	1	0	"00-0041027"	0	0	2026	"REG"	0	null	null	0	0	null	1	0.9505525231361389	0.3376665413379669	65	4	6
3	1	"ARI"	4	-1.764263738237787	null	null	0	"2026_01_ARI_LAC"	0	0	null	null	null	1	0.40799379348754883	0	"00-0036355"	4095	"pass"	"LAC"	null	1	0	0	0	4	"00-0040189"	0	0	0	0	null	0	0	2026	"REG"	0	null	null	0	0	null	1	0.005784218665212393	0.9959200620651245	62	6	7
null	0	"PIT"	1	-0.4811326880007982	null	null	0	"2026_01_ATL_PIT"	0	0	null	null	null	0	-44.107604026794434	0	null	164	"run"	"ATL"	null	0	0	0	0	1	null	0	0	1	0	"00-0038542"	0	0	2026	"REG"	0	null	null	0	0	null	1	0.48229026794433594	0.44107604026794434	83	2	10
-4	1	"PIT"	2	-0.14600206352770329	null	null	0	"2026_01_ATL_PIT"	0	0	null	null	null	1	38.523149490356445	0	"00-0033662"	186	"pass"	"ATL"	null	1	0	0	0	1	"00-0038542"	0	0	0	0	null	0	0	2026	"REG"	0	null	null	0	0	null	1	0.4717908799648285	0.6147685050964355	81	4	8
-5	1	"PIT"	1	0.4935198547318578	null	null	0	"2026_01_ATL_PIT"	0	0	null	null	null	1	53.50278615951538	0	"00-0033662"	491	"pass"	"ATL"	null	1	0	0	0	1	"00-0038542"	0	0	0	0	null	0	0	2026	"REG"	1	null	null	0	0	null	1	0.40595299005508423	0.4649721384048462	77	7	10
null	0	"PIT"	2	0.3133272882550955	null	null	0	"2026_01_ATL_PIT"	0	0	null	null	null	0	-36.83961033821106	0	null	516	"run"	"ATL"	null	0	0	0	0	1	null	0	0	1	0	"00-0038542"	0	0	2026	"REG"	1	null	null	0	0	null	1	0.4086396098136902	0.3683961033821106	70	5	3
-5	1	"PIT"	1	0.4728299791458994	null	null	0	"2026_01_ATL_PIT"	0	0	null	null	null	1	52.471452951431274	0	"00-0033662"	543	"pass"	"ATL"	null	1	0	0	0	1	"00-0038542"	0	0	0	0	null	0	0	2026	"REG"	1	null	null	0	0	null	1	0.43152180314064026	0.47528547048568726	65	7	10
26	0	"PIT"	2	-0.9124742150306702	null	null	0	"2026_01_ATL_PIT"	0	0	null	null	null	1	21.85729742050171	0	"00-0033662"	655	"pass"	"ATL"	null	1	0	0	0	1	"00-0036970"	0	0	0	0	null	0	0	2026	"REG"	0	null	null	0	0	null	1	0.4100011885166168	0.7814270257949829	60	0	19
-4	1	"PIT"	3	3.622819890268147	null	null	0	"2026_01_ATL_PIT"	0	0	null	null	null	1	2.012830972671509	1	"00-0033662"	895	"pass"	"ATL"	null	1	0	0	0	1	"00-0038542"	0	0	0	0	null	0	0	2026	"REG"	1	"00-0038542"	"ATL"	1	0	null	1	0.5020079016685486	0.9798716902732849	23	23	8
null	0	"PIT"	1	0.1518785518128425	null	null	0	"2026_01_ATL_PIT"	0	0	null	null	null	0	-48.90948235988617	0	null	1469	"run"	"ATL"	null	0	0	0	0	2	null	0	0	1	0	"00-0038542"	0	0	2026	"REG"	1	null	null	0	0	null	1	0.34231966733932495	0.4890948235988617	65	5	10
null	0	"PIT"	2	0.5078093595802784	null	null	0	"2026_01_ATL_PIT"	0	0	null	null	null	0	-50.53526759147644	0	null	1491	"run"	"ATL"	null	0	0	0	0	2	null	0	0	1	0	"00-0038542"	0	0	2026	"REG"	1	null	null	0	0	null	1	0.34124431014060974	0.5053526759147644	60	5	5
5	1	"PIT"	2	1.0353723315056413	null	null	0	"2026_01_ATL_PIT"	0	0	null	null	null	1	16.554784774780273	0	"00-0033662"	1544	"pass"	"ATL"	null	1	0	0	0	2	"00-0038542"	0	0	0	0	null	0	0	2026	"REG"	1	null	null	0	0	null	1	0.32919931411743164	0.8344521522521973	57	11	12
null	0	"PIT"	3	-2.748251114739105	null	null	0	"2026_01_ATL_PIT"	0	0	null	null	null	0	-28.077396750450134	0	null	1569	"run"	"ATL"	null	0	0	0	0	2	null	0	0	1	0	"00-0038542"	0	0	2026	"REG"	0	null	null	0	0	null	1	0.33861932158470154	0.28077396750450134	46	-7	1
null	0	"PIT"	2	0.01451623544562608	null	null	0	"2026_01_ATL_PIT"	0	0	null	null	null	0	-30.478420853614807	0	null	1828	"run"	"ATL"	null	0	0	0	0	2	null	0	0	1	0	"00-0038542"	0	0	2026	"REG"	1	null	null	0	0	null	1	0.4010615646839142	0.30478420853614807	37	3	2
null	0	"PIT"	1	-0.4716789671801962	null	null	0	"2026_01_ATL_PIT"	0	0	null	null	null	0	-47.407957911491394	0	null	1850	"run"	"ATL"	null	0	0	0	0	2	null	0	0	1	0	"00-0038542"	0	0	2026	"REG"	0	null	null	0	0	null	1	0.39595991373062134	0.47407957911491394	34	1	10
-5	1	"PIT"	3	-0.36528386113999056	null	null	0	"2026_01_ATL_PIT"	0	0	null	null	null	1	5.365794897079468	0	"00-0033662"	1931	"pass"	"ATL"	null	1	0	0	0	2	"00-0038542"	0	0	0	0	null	0	0	2026	"REG"	0	null	null	0	0	null	1	0.3104306161403656	0.9463420510292053	43	7	19
1	1	"PIT"	3	-0.2503746799775399	null	null	0	"2026_01_ATL_PIT"	0	0	null	null	null	1	7.162439823150635	0	"00-0033662"	2305	"pass"	"ATL"	null	1	0	0	0	2	"00-0038542"	0	0	0	0	null	0	0	2026	"REG"	0	null	null	0	0	null	1	0.2763974964618683	0.9283756017684937	61	7	15
null	0	"PIT"	1	0.1563620762899518	null	null	0	"2026_01_ATL_PIT"	0	0	null	null	null	0	-41.26116931438446	0	null	2515	"run"	"ATL"	null	0	0	0	0	3	null	0	0	1	0	"00-0038542"	0	0	2026	"REG"	1	null	null	0	0	null	1	0.3198331594467163	0.4126116931438446	57	5	10
null	0	"PIT"	2	-0.5679674237035215	null	null	0	"2026_01_ATL_PIT"	0	0	null	null	null	0	-48.3833372592926	0	null	2537	"run"	"ATL"	null	0	0	0	0	3	null	0	0	1	0	"00-0038542"	0	0	2026	"REG"	0	null	null	0	0	null	1	0.31152859330177307	0.483833372592926	52	2	5
null	0	"PIT"	3	1.314421301241964	null	null	0	"2026_01_ATL_PIT"	0	0	null	null	null	0	-87.66507506370544	0	null	2561	"run"	"ATL"	null	0	0	0	0	3	null	0	0	1	0	"00-0038542"	0	0	2026	"REG"	1	null	null	0	0	null	1	0.294747531414032	0.8766507506370544	50	5	3
null	0	"PIT"	2	1.1170126020442694	null	null	0	"2026_01_ATL_PIT"	0	0	null	null	null	0	-49.845921993255615	0	null	2605	"run"	"ATL"	null	0	0	0	0	3	null	0	0	1	0	"00-0038542"	0	0	2026	"REG"	1	null	null	0	0	null	1	0.32409361004829407	0.49845921993255615	40	7	5
null	0	"PIT"	1	-0.45003466424532235	null	null	0	"2026_01_ATL_PIT"	0	0	null	null	null	0	-42.14208424091339	0	null	2638	"run"	"ATL"	null	0	0	0	0	3	null	0	0	1	0	"00-0038542"	0	0	2026	"REG"	0	null	null	0	0	null	1	0.38605204224586487	0.4214208424091339	28	1	10
-1	0	"PIT"	2	-0.6163875722559169	null	null	0	"2026_01_ATL_PIT"	0	0	null	null	null	1	25.265485048294067	0	"00-0033662"	2660	"pass"	"ATL"	null	1	0	0	0	3	"00-0038542"	0	0	0	0	null	0	0	2026	"REG"	0	null	null	0	0	null	1	0.3702966868877411	0.7473451495170593	27	0	9
null	0	"PIT"	1	0.5020606312900782	null	null	0	"2026_01_ATL_PIT"	0	0	null	null	null	0	-42.01805889606476	0	null	2848	"run"	"ATL"	null	0	0	0	0	3	null	0	0	1	0	"00-0038542"	0	0	2026	"REG"	1	null	null	0	0	null	1	0.25908517837524414	0.4201805889606476	90	3	10
null	0	"PIT"	1	-0.44545435346663	null	null	0	"2026_01_ATL_PIT"	0	0	null	null	null	0	-48.645663261413574	0	null	2881	"run"	"ATL"	null	0	0	0	0	3	null	0	0	1	0	"00-0038542"	0	0	2026	"REG"	0	null	null	0	0	null	1	0.2532185912132263	0.48645663261413574	82	2	10
null	0	"PIT"	1	-0.5231444200035185	null	null	0	"2026_01_ATL_PIT"	0	0	null	null	null	0	-48.808059096336365	0	null	2939	"run"	"ATL"	null	0	0	0	0	3	null	0	0	1	0	"00-0038542"	0	0	2026	"REG"	0	null	null	0	0	null	1	0.3139652609825134	0.48808059096336365	44	0	10
-3	1	"PIT"	1	1.9056016182294115	null	null	0	"2026_01_ATL_PIT"	0	0	null	null	null	1	49.140650033950806	0	"00-0033662"	3192	"pass"	"ATL"	null	1	0	0	0	3	"00-0038542"	0	0	0	0	null	0	0	2026	"REG"	1	null	null	0	0	null	1	0.30237171053886414	0.5085934996604919	55	24	10
null	0	"PIT"	3	-0.2087083872915534	null	null	0	"2026_01_ATL_PIT"	0	0	null	null	null	0	-92.36297011375427	0	null	3282	"run"	"ATL"	null	0	0	0	0	3	null	0	0	1	0	"00-0038542"	0	0	2026	"REG"	0	null	null	0	0	null	1	0.2589498460292816	0.9236297011375427	36	4	18
null	0	"PIT"	1	1.4272149740718305	null	null	0	"2026_01_ATL_PIT"	0	0	null	null	null	0	-48.90606999397278	0	null	3456	"run"	"ATL"	null	0	0	0	0	3	null	0	0	1	0	"00-0038542"	0	0	2026	"REG"	1	null	null	0	0	null	1	0.3614082634449005	0.4890606999397278	76	20	10
null	0	"PIT"	1	-0.8059448320418596	null	null	0	"2026_01_ATL_PIT"	0	0	null	null	null	0	-52.281761169433594	0	null	3498	"run"	"ATL"	null	0	0	0	0	4	null	0	0	1	0	"00-0038542"	0	0	2026	"REG"	0	null	null	0	0	null	1	0.4008730351924896	0.5228176116943359	56	0	10
-9	0	"PIT"	2	-8.2899881885387	null	null	0	"2026_01_ATL_PIT"	0	1	null	null	null	1	34.060001373291016	0	"00-0033662"	3525	"pass"	"ATL"	null	1	0	0	0	4	"00-0038542"	1	35	0	0	null	0	0	2026	"REG"	0	"00-0033886"	"PIT"	1	0	null	1	0.37158289551734924	0.6593999862670898	56	0	10
null	0	"PIT"	3	-1.575516974493218	null	null	0	"2026_01_ATL_PIT"	0	0	null	null	null	0	-33.20917189121246	0	null	3689	"run"	"ATL"	null	0	0	0	0	4	null	0	0	1	0	"00-0038542"	0	0	2026	"REG"	0	null	null	0	0	null	1	0.22598707675933838	0.33209171891212463	24	0	1
null	0	"PIT"	1	0.926343502709642	null	null	0	"2026_01_ATL_PIT"	0	0	null	null	null	0	-69.60723996162415	0	null	3914	"run"	"ATL"	null	0	0	0	0	4	null	0	0	1	0	"00-0038542"	0	0	2026	"REG"	1	null	null	0	0	null	1	0.2035890370607376	0.6960723996162415	54	15	10
null	0	"PIT"	2	-0.21419096644967794	null	null	0	"2026_01_ATL_PIT"	0	0	null	null	null	0	-76.84096097946167	0	null	3978	"run"	"ATL"	null	0	0	0	0	4	null	0	0	1	0	"00-0038542"	0	0	2026	"REG"	0	null	null	0	0	null	1	0.1994999647140503	0.7684096097946167	39	5	10
7	1	"BAL"	2	0.18181646382436156	null	null	0	"2026_01_BAL_IND"	0	0	null	null	null	1	57.169109582901	0	"00-0035710"	80	"pass"	"IND"	null	1	0	0	0	1	"00-0030279"	0	0	0	0	null	0	0	2026	"REG"	1	null	null	0	0	null	1	0.5482982993125916	0.42830890417099	65	7	10
null	0	"IND"	1	-0.1512873349711299	null	null	0	"2026_01_BAL_IND"	1	0	null	null	null	0	-40.08689522743225	0	null	374	"run"	"BAL"	null	0	0	0	0	1	null	0	0	1	0	"00-0032764"	0	0	2026	"REG"	0	null	null	0	0	null	1	0.4269913136959076	0.4008689522743225	7	2	7
null	0	"IND"	1	0.45908227609470487	null	null	0	"2026_01_BAL_IND"	0	0	null	null	null	0	-44.971346855163574	0	null	513	"run"	"BAL"	null	0	0	0	0	1	null	0	0	1	0	"00-0032764"	0	0	2026	"REG"	1	null	null	0	0	null	1	0.6536617875099182	0.44971346855163574	31	7	10
null	0	"IND"	2	-0.1989162981044501	null	null	0	"2026_01_BAL_IND"	0	0	null	null	null	0	-37.20721900463104	0	null	535	"run"	"BAL"	null	0	0	0	0	1	null	0	0	1	0	"00-0032764"	0	0	2026	"REG"	0	null	null	0	0	null	1	0.6654462218284607	0.3720721900463104	24	2	3
null	0	"IND"	2	1.4284737833659165	null	null	0	"2026_01_BAL_IND"	1	0	null	null	null	0	-58.62635374069214	0	null	694	"run"	"BAL"	null	0	0	0	0	1	null	0	0	1	1	"00-0032764"	0	0	2026	"REG"	1	"00-0032764"	"BAL"	1	0	null	1	0.6829109787940979	0.5862635374069214	4	4	4
null	0	"IND"	1	-0.3492427507881075	null	null	0	"2026_01_BAL_IND"	0	0	null	null	null	0	-47.9774534702301	0	null	914	"run"	"BAL"	null	0	0	0	0	1	null	0	0	1	0	"00-0032764"	0	0	2026	"REG"	0	null	null	0	0	null	1	0.791318416595459	0.479774534702301	45	3	10
null	0	"IND"	1	-0.13267188263125718	null	null	0	"2026_01_BAL_IND"	0	0	null	null	null	0	-44.5688396692276	0	null	1028	"run"	"BAL"	null	0	0	0	0	2	null	0	0	1	0	"00-0032764"	0	0	2026	"REG"	0	null	null	0	0	null	1	0.8083637952804565	0.445688396692276	29	4	10
-1	1	"IND"	2	1.703148437780328	null	null	0	"2026_01_BAL_IND"	0	0	null	null	null	1	37.69565224647522	0	"00-0034796"	1052	"pass"	"BAL"	null	1	0	0	0	2	"00-0032764"	0	0	0	0	null	0	0	2026	"REG"	1	null	null	0	0	null	1	0.814393162727356	0.6230434775352478	25	19	6
null	0	"IND"	1	-0.15386339672841132	null	null	0	"2026_01_BAL_IND"	1	0	null	null	null	0	-38.032710552215576	0	null	1077	"run"	"BAL"	null	0	0	0	0	2	null	0	0	1	0	"00-0032764"	0	0	2026	"REG"	0	null	null	0	0	null	1	0.8335983157157898	0.38032710552215576	6	2	6
null	0	"IND"	1	-0.2862030854448676	null	null	0	"2026_01_BAL_IND"	0	0	null	null	null	0	-48.691123723983765	0	null	1372	"run"	"BAL"	null	0	0	0	0	2	null	0	0	1	0	"00-0032764"	0	0	2026	"REG"	0	null	null	0	0	null	1	0.7734060287475586	0.48691123723983765	66	2	10
null	0	"IND"	2	-0.9139012687373906	null	null	0	"2026_01_BAL_IND"	0	0	null	null	null	0	-74.22380447387695	0	null	1401	"run"	"BAL"	null	0	0	0	0	2	null	0	0	1	0	"00-0032764"	0	0	2026	"REG"	0	null	null	0	0	null	1	0.7829534411430359	0.7422380447387695	64	2	8
null	0	"IND"	1	-0.27289709204342216	null	null	0	"2026_01_BAL_IND"	0	0	null	null	null	0	-46.59757912158966	0	null	1601	"run"	"BAL"	null	0	0	0	0	2	null	0	0	1	0	"00-0032764"	0	0	2026	"REG"	0	null	null	0	0	null	1	0.9060220122337341	0.4659757912158966	47	3	10
null	0	"IND"	1	3.1088609876460396	null	null	0	"2026_01_BAL_IND"	0	0	null	null	null	0	-44.25675570964813	0	null	1648	"run"	"BAL"	null	0	0	0	0	2	null	0	0	1	1	"00-0032764"	0	0	2026	"REG"	1	"00-0032764"	"BAL"	1	0	null	1	0.9098150730133057	0.4425675570964813	32	32	10
-1	1	"BAL"	2	-0.3448125684517436	null	null	0	"2026_01_BAL_IND"	1	0	null	null	null	1	26.127684116363525	0	"00-0035710"	1902	"pass"	"IND"	null	1	0	0	0	2	"00-0030279"	0	0	0	0	null	0	0	2026	"REG"	0	null	null	0	0	null	1	0.04907761886715889	0.7387231588363647	6	3	6
6	1	"BAL"	1	0.0705180091317743	null	null	0	"2026_01_BAL_IND"	0	0	null	null	null	1	8.162277936935425	0	"00-0035710"	2119	"pass"	"IND"	null	1	0	0	0	2	"00-0030279"	0	0	0	0	null	0	0	2026	"REG"	1	null	null	0	0	null	1	0.11707726120948792	0.9183772206306458	82	9	10
null	0	"IND"	1	-0.5044773584231734	null	null	0	"2026_01_BAL_IND"	0	0	null	null	null	0	-45.311135053634644	0	null	2427	"run"	"BAL"	null	0	0	0	0	3	null	0	0	1	0	"00-0032764"	0	0	2026	"REG"	0	null	null	0	0	null	1	0.9225999116897583	0.45311135053634644	66	0	10
null	0	"IND"	1	0.8094061654992402	null	null	0	"2026_01_BAL_IND"	0	0	null	null	null	0	-41.29081070423126	0	null	2820	"run"	"BAL"	null	0	0	0	0	3	null	0	0	1	0	"00-0032764"	0	0	2026	"REG"	1	null	null	0	0	null	1	0.9306029081344604	0.4129081070423126	82	11	10
null	0	"IND"	1	1.3605338516645133	null	null	0	"2026_01_BAL_IND"	0	0	null	null	null	0	-42.254242300987244	0	null	2842	"run"	"BAL"	null	0	0	0	0	3	null	0	0	1	0	"00-0032764"	0	0	2026	"REG"	1	null	null	0	0	null	1	0.9371783137321472	0.42254242300987244	71	22	10
null	0	"IND"	1	-0.3841489041224122	null	null	0	"2026_01_BAL_IND"	0	0	null	null	null	0	-37.32651770114899	0	null	3147	"run"	"BAL"	null	0	0	0	0	3	null	0	0	1	0	"00-0032764"	0	0	2026	"REG"	0	null	null	0	0	null	1	0.9709830284118652	0.37326517701148987	77	2	10
null	0	"IND"	1	0.8104527441319078	null	null	0	"2026_01_BAL_IND"	0	0	null	null	null	0	-25.990736484527588	0	null	3248	"run"	"BAL"	null	0	0	0	0	4	null	0	0	1	0	"00-0032764"	0	0	2026	"REG"	1	null	null	0	0	null	1	0.9813573360443115	0.2599073648452759	19	12	10
null	0	"IND"	1	0.19294847577111796	null	null	0	"2026_01_BAL_IND"	1	0	null	null	null	0	-27.735379338264465	0	null	3281	"run"	"BAL"	null	0	0	0	0	4	null	0	0	1	0	"00-0032764"	0	0	2026	"REG"	1	null	null	0	0	null	1	0.9835083484649658	0.27735379338264465	7	4	7
null	0	"IND"	2	1.2825941751361825	null	null	0	"2026_01_BAL_IND"	1	0	null	null	null	0	-42.07470118999481	0	null	3303	"run"	"BAL"	null	0	0	0	0	4	null	0	0	1	1	"00-0032764"	0	0	2026	"REG"	1	"00-0032764"	"BAL"	1	0	null	1	0.983805239200592	0.4207470118999481	3	3	3
3	1	"BAL"	2	0.11649965262040496	null	null	0	"2026_01_BAL_IND"	0	0	null	null	null	1	34.09431576728821	0	"00-0035710"	3430	"pass"	"IND"	null	1	0	0	0	4	"00-0030279"	0	0	0	0	null	0	0	2026	"REG"	1	null	null	0	0	null	1	0.0035961116664111614	0.6590568423271179	55	3	2
3	1	"BAL"	1	0.30147332919295877	null	null	0	"2026_01_BAL_IND"	0	0	null	null	null	1	18.3557391166687	0	"00-0035710"	3485	"pass"	"IND"	null	1	0	0	0	4	"00-0030279"	0	0	0	0	null	0	0	2026	"REG"	1	null	null	0	0	null	1	0.004072810057550669	0.816442608833313	38	6	10
null	0	"IND"	1	0.2917795730754733	null	null	0	"2026_01_BAL_IND"	0	0	null	null	null	0	-20.574627816677094	0	null	3609	"run"	"BAL"	null	0	0	0	0	4	null	0	0	1	0	"00-0032764"	0	0	2026	"REG"	1	null	null	0	0	null	1	0.9856471419334412	0.20574627816677094	70	6	10
null	0	"IND"	2	0.311245278455317	null	null	0	"2026_01_BAL_IND"	0	0	null	null	null	0	-25.870731472969055	0	null	3631	"run"	"BAL"	null	0	0	0	0	4	null	0	0	1	0	"00-0032764"	0	0	2026	"REG"	1	null	null	0	0	null	1	0.9879940748214722	0.25870731472969055	64	4	4
null	0	"IND"	1	-0.40933383209630847	null	null	0	"2026_01_BAL_IND"	0	0	null	null	null	0	-16.548095643520355	0	null	3653	"run"	"BAL"	null	0	0	0	0	4	null	0	0	1	0	"00-0032764"	0	0	2026	"REG"	0	null	null	0	0	null	1	0.9907483458518982	0.16548095643520355	60	2	10
null	0	"IND"	1	-0.4659389929147437	null	null	0	"2026_01_BAL_IND"	0	0	null	null	null	0	-13.574826717376709	0	null	3708	"run"	"BAL"	null	0	0	0	0	4	null	0	0	1	0	"00-0032764"	0	0	2026	"REG"	0	null	null	0	0	null	1	0.9950469732284546	0.1357482671737671	45	1	10
null	0	"IND"	1	0.15372657356783748	null	null	0	"2026_01_BAL_IND"	0	0	null	null	null	0	-10.67219153046608	0	null	3760	"run"	"BAL"	null	0	0	0	0	4	null	0	0	1	0	"00-0032764"	0	0	2026	"REG"	1	null	null	0	0	null	1	0.9953952431678772	0.1067219153046608	34	5	10
4	1	"BAL"	2	-0.3344578348333016	null	null	0	"2026_01_BAL_IND"	0	0	null	null	null	1	8.263754844665527	0	"00-0035710"	3908	"pass"	"IND"	null	1	0	0	0	4	"00-0030279"	0	0	0	0	null	0	0	2026	"REG"	0	null	null	0	0	null	1	0.00198346353136003	0.9173624515533447	30	4	10
null	0	"IND"	1	0.7715678014792502	null	null	0	"2026_01_BAL_IND"	0	0	null	null	null	0	-4.276049509644508	0	null	4008	"run"	"BAL"	null	0	0	0	0	4	null	0	0	1	0	"00-0032764"	0	0	2026	"REG"	1	null	null	0	0	null	1	0.9989738464355469	0.042760495096445084	60	9	10
null	0	"HOU"	null	0.4767127991653979	null	null	0	"2026_01_BUF_HOU"	0	0	57	"00-0032726"	"00-0035500"	0	null	0	null	41	"kickoff"	"BUF"	null	0	0	0	0	1	null	0	26	0	0	null	0	0	2026	"REG"	1	null	null	0	0	null	1	0.4332079589366913	null	35	0	0
null	0	"HOU"	1	0.9750675542745739	null	null	0	"2026_01_BUF_HOU"	0	0	null	null	null	0	-46.38901948928833	0	null	64	"run"	"BUF"	null	0	0	0	0	1	null	0	0	1	0	"00-0037248"	0	0	2026	"REG"	1	null	null	0	0	null	1	0.4486531615257263	0.4638901948928833	66	9	10
0	1	"HOU"	2	-0.022198903374373913	null	null	0	"2026_01_BUF_HOU"	0	0	null	null	null	1	74.63725805282593	0	"00-0034857"	86	"pass"	"BUF"	null	1	0	0	0	1	"00-0037248"	0	0	0	0	null	0	0	2026	"REG"	0	null	null	0	0	null	1	0.46618005633354187	0.2536274194717407	57	3	1
null	0	"HOU"	1	0.6050643692724407	null	null	0	"2026_01_BUF_HOU"	0	0	null	null	null	0	-45.069822669029236	0	null	118	"run"	"BUF"	null	0	0	0	0	1	null	0	0	1	0	"00-0037248"	0	0	2026	"REG"	1	null	null	0	0	null	1	0.4624270498752594	0.45069822669029236	54	11	10
null	0	"HOU"	2	-0.05085755046457052	null	null	0	"2026_01_BUF_HOU"	0	0	null	null	null	0	-65.90712666511536	0	null	162	"run"	"BUF"	null	0	0	0	0	1	null	0	0	1	0	"00-0034857"	0	0	2026	"REG"	0	null	null	0	0	null	1	0.499044805765152	0.6590712666511536	40	4	7
null	0	"HOU"	3	-0.8054034672677517	null	null	0	"2026_01_BUF_HOU"	0	0	null	null	null	0	-87.80093789100647	0	null	184	"run"	"BUF"	null	0	0	0	0	1	null	0	0	1	0	"00-0037248"	0	0	2026	"REG"	0	null	null	0	0	null	1	0.49645769596099854	0.8780093789100647	36	2	3
null	0	"HOU"	4	-4.245383332949132	null	null	0	"2026_01_BUF_HOU"	0	0	null	null	null	0	-23.809941112995148	0	null	206	"run"	"BUF"	null	0	0	0	0	1	null	0	0	1	0	"00-0034857"	0	0	2026	"REG"	0	null	null	0	0	null	1	0.45537298917770386	0.23809941112995148	34	-2	1
null	0	"BUF"	3	-4.250791035010479	null	null	1	"2026_01_BUF_HOU"	0	0	null	null	null	1	2.644449472427368	0	"00-0039163"	313	"pass"	"HOU"	null	1	0	0	0	1	null	0	0	0	0	null	1	0	2026	"REG"	0	null	null	0	0	null	1	0.5933800339698792	0.9735555052757263	66	-2	12
null	0	"HOU"	1	-0.033210903871804476	null	null	0	"2026_01_BUF_HOU"	0	0	null	null	null	0	-45.971161127090454	0	null	343	"run"	"BUF"	null	0	0	0	0	1	null	0	0	1	0	"00-0037248"	0	0	2026	"REG"	0	null	null	0	0	null	1	0.5304117798805237	0.45971161127090454	32	4	10
null	0	"HOU"	2	-1.8414974252227694	null	null	0	"2026_01_BUF_HOU"	0	0	null	null	null	1	39.966219663619995	0	"00-0034857"	365	"pass"	"BUF"	null	1	0	0	0	1	null	0	0	0	0	null	1	0	2026	"REG"	0	null	null	0	0	null	1	0.5333358645439148	0.6003378033638	28	-6	6
4	1	"HOU"	3	0.9958972848253325	null	null	0	"2026_01_BUF_HOU"	0	0	null	null	null	1	5.121654272079468	0	"00-0034857"	385	"pass"	"BUF"	null	1	0	0	0	1	"00-0039901"	0	0	0	0	null	0	0	2026	"REG"	1	null	null	0	0	null	1	0.4740721583366394	0.9487834572792053	34	11	12
2	1	"BUF"	2	1.047856089193374	null	null	0	"2026_01_BUF_HOU"	0	0	null	null	null	1	38.12583684921265	0	"00-0039163"	527	"pass"	"HOU"	null	1	0	0	0	1	"00-0036554"	0	0	0	0	null	0	0	2026	"REG"	1	null	null	0	0	null	1	0.5076007843017578	0.6187416315078735	72	9	6
14	1	"BUF"	2	1.0455206637270749	null	null	0	"2026_01_BUF_HOU"	0	0	null	null	null	1	60.753169655799866	0	"00-0039163"	574	"pass"	"HOU"	null	1	0	0	0	1	"00-0041472"	0	0	0	0	null	0	0	2026	"REG"	1	null	null	0	0	null	1	0.5511905550956726	0.39246830344200134	56	16	3
18	0	"BUF"	2	-0.6338432598859072	null	null	0	"2026_01_BUF_HOU"	0	0	null	null	null	1	27.377229928970337	0	"00-0039163"	672	"pass"	"HOU"	null	1	0	0	0	1	"00-0038608"	0	0	0	0	null	0	0	2026	"REG"	0	null	null	0	0	null	1	0.6134803295135498	0.7262277007102966	27	0	8
24	1	"BUF"	3	3.0331426582997665	null	null	0	"2026_01_BUF_HOU"	0	0	null	null	null	1	2.0625293254852295	0	"00-0039163"	695	"pass"	"HOU"	null	1	0	0	0	1	"00-0036554"	0	0	0	0	null	0	0	2026	"REG"	1	null	null	0	0	null	1	0.5823655724525452	0.9793747067451477	27	25	8
null	0	"BUF"	null	0.06857135097992784	"good"	null	0	"2026_01_BUF_HOU"	0	0	33	"00-0032726"	null	0	null	0	null	794	"extra_point"	"HOU"	null	0	0	0	0	1	null	0	0	0	0	null	0	0	2026	"REG"	1	null	null	0	0	null	1	0.6850497515402831	null	15	0	0
null	0	"HOU"	null	0.7128225539345294	null	null	0	"2026_01_BUF_HOU"	0	0	64	"00-0032726"	"00-0035500"	0	null	0	null	809	"kickoff"	"BUF"	null	0	0	0	0	1	null	0	37	0	0	null	0	0	2026	"REG"	1	null	null	0	0	null	1	0.3130963444709778	null	35	0	0
19	1	"HOU"	1	1.1595830576261505	null	null	0	"2026_01_BUF_HOU"	0	0	null	null	null	1	49.423062801361084	0	"00-0034857"	839	"pass"	"BUF"	null	1	0	0	0	1	"00-0037261"	0	0	0	0	null	0	0	2026	"REG"	1	null	null	0	0	null	1	0.32521364092826843	0.5057693719863892	62	19	10
6	0	"HOU"	1	-0.5628974195569754	null	null	0	"2026_01_BUF_HOU"	0	0	null	null	null	1	31.844419240951538	0	"00-0034857"	918	"pass"	"BUF"	null	1	0	0	0	2	"00-0038933"	0	0	0	0	null	0	0	2026	"REG"	0	null	null	0	0	null	1	0.3275022804737091	0.6815558075904846	48	0	15
13	1	"HOU"	2	2.1240555898984894	null	null	0	"2026_01_BUF_HOU"	0	0	null	null	null	1	16.96872115135193	0	"00-0034857"	952	"pass"	"BUF"	null	1	0	0	0	2	"00-0037261"	0	0	0	0	null	0	0	2026	"REG"	1	null	null	0	0	null	1	0.3172609806060791	0.8303127884864807	48	16	15
null	0	"HOU"	1	0.3724114731303416	null	null	0	"2026_01_BUF_HOU"	0	0	null	null	null	0	-47.18693196773529	0	null	977	"run"	"BUF"	null	0	0	0	0	2	null	0	0	1	0	"00-0037248"	0	0	2026	"REG"	1	null	null	0	0	null	1	0.392524391412735	0.4718693196773529	32	7	10
null	0	"HOU"	2	0.3645192659460008	null	null	0	"2026_01_BUF_HOU"	0	0	null	null	null	0	-38.35340738296509	0	null	1009	"run"	"BUF"	null	0	0	0	0	2	null	0	0	1	0	"00-0037248"	0	0	2026	"REG"	1	null	null	0	0	null	1	0.41745725274086	0.3835340738296509	25	4	3
null	0	"HOU"	1	2.380496575438883	null	null	0	"2026_01_BUF_HOU"	0	0	null	null	null	0	55.70814907550812	0	null	1031	"run"	"BUF"	null	1	0	1	0	2	null	0	0	1	1	"00-0034857"	0	0	2026	"REG"	1	"00-0034857"	"BUF"	1	0	null	1	0.4374656081199646	0.4429185092449188	21	21	10
1	1	"BUF"	1	0.13757377117872238	null	null	0	"2026_01_BUF_HOU"	0	0	null	null	null	1	51.3861358165741	0	"00-0039163"	1099	"pass"	"HOU"	null	1	0	0	0	2	"00-0034981"	0	0	0	0	null	0	0	2026	"REG"	1	null	null	0	0	null	1	0.49863699078559875	0.48613864183425903	75	6	10
-8	0	"BUF"	1	-0.5022868800442666	null	null	0	"2026_01_BUF_HOU"	0	0	null	null	null	1	51.209473609924316	0	"00-0039163"	1182	"pass"	"HOU"	null	1	0	0	0	2	"00-0034383"	0	0	0	0	null	0	0	2026	"REG"	0	null	null	0	0	null	1	0.5202564001083374	0.48790526390075684	60	0	10
-2	1	"BUF"	2	-1.3744183159433305	null	null	0	"2026_01_BUF_HOU"	0	0	null	null	null	1	39.298224449157715	0	"00-0039163"	1205	"pass"	"HOU"	null	1	0	0	0	2	"00-0040583"	0	0	0	0	null	0	0	2026	"REG"	0	null	null	0	0	null	1	0.5033959746360779	0.6070177555084229	60	-2	10
null	0	"BUF"	3	2.5945115617942065	null	null	0	"2026_01_BUF_HOU"	0	0	null	null	null	0	2.0479142665863037	0	null	1230	"run"	"HOU"	null	1	0	1	0	2	null	0	0	1	0	"00-0039163"	0	0	2026	"REG"	1	null	null	0	0	null	1	0.4671603739261627	0.979520857334137	62	15	12
15	0	"BUF"	1	-0.42866596509702504	null	null	0	"2026_01_BUF_HOU"	0	0	null	null	null	1	50.95043182373047	0	"00-0039163"	1320	"pass"	"HOU"	null	1	0	0	0	2	"00-0034383"	0	0	0	0	null	0	0	2026	"REG"	0	null	null	0	0	null	1	0.5968320965766907	0.4904956817626953	36	0	10
-2	1	"BUF"	1	-0.9365780813386664	null	null	0	"2026_01_BUF_HOU"	0	0	null	null	null	1	53.14848721027374	0	"00-0039163"	1374	"pass"	"HOU"	null	1	0	0	0	2	"00-0039359"	0	0	0	0	null	0	0	2026	"REG"	0	null	null	0	0	null	1	0.6167340874671936	0.4685151278972626	24	-2	10
-4	1	"BUF"	2	-0.052831111883278936	null	null	0	"2026_01_BUF_HOU"	0	0	null	null	null	1	16.412711143493652	0	"00-0039163"	1399	"pass"	"HOU"	null	1	0	0	0	2	"00-0038618"	0	0	0	0	null	0	0	2026	"REG"	0	null	null	0	0	null	1	0.5851370692253113	0.8358728885650635	26	3	12
null	0	"BUF"	null	0.06857135097992784	"good"	null	0	"2026_01_BUF_HOU"	0	0	33	"00-0032726"	null	0	null	0	null	1481	"extra_point"	"HOU"	null	0	0	0	0	2	null	0	0	0	0	null	0	0	2026	"REG"	1	null	null	0	0	null	1	0.6811470883905117	null	15	0	0
null	0	"HOU"	null	0.613399620167911	null	null	0	"2026_01_BUF_HOU"	0	0	65	"00-0032726"	null	0	null	0	null	1496	"kickoff"	"BUF"	null	0	0	0	0	2	null	0	0	0	0	null	0	0	2026	"REG"	1	null	null	0	0	null	1	0.3169875144958496	null	35	0	0
17	1	"HOU"	1	1.264472917187959	null	null	0	"2026_01_BUF_HOU"	0	0	null	null	null	1	44.750601053237915	0	"00-0034857"	1520	"pass"	"BUF"	null	1	0	0	0	2	"00-0034827"	0	0	0	0	null	0	0	2026	"REG"	1	null	null	0	0	null	1	0.33070674538612366	0.5524939894676208	65	18	10
0	0	"HOU"	1	-0.22066283220192418	null	null	0	"2026_01_BUF_HOU"	1	0	null	null	null	1	76.84616148471832	0	"00-0034857"	1579	"pass"	"BUF"	null	1	0	0	0	2	"00-0037261"	0	0	0	0	null	0	0	2026	"REG"	0	null	null	0	0	null	1	0.5106151700019836	0.23153838515281677	1	0	1
null	0	"HOU"	2	0.7325564956699964	null	null	0	"2026_01_BUF_HOU"	1	0	null	null	null	0	-28.302815556526184	0	null	1602	"run"	"BUF"	null	0	0	0	0	2	null	0	0	1	1	"00-0034857"	0	0	2026	"REG"	1	"00-0034857"	"BUF"	1	0	null	1	0.502307116985321	0.28302815556526184	1	1	1
3	1	"BUF"	2	-0.10549120558425784	null	null	0	"2026_01_BUF_HOU"	0	0	null	null	null	1	40.37078022956848	0	"00-0039163"	1753	"pass"	"HOU"	null	1	0	0	0	2	"00-0035685"	0	0	0	0	null	0	0	2026	"REG"	0	null	null	0	0	null	1	0.5073644518852234	0.5962921977043152	64	3	5
3	0	"BUF"	3	-1.4527411159360781	null	null	0	"2026_01_BUF_HOU"	0	0	null	null	null	1	21.614402532577515	0	"00-0039163"	1785	"pass"	"HOU"	null	1	0	0	0	2	"00-0038618"	0	0	0	0	null	0	0	2026	"REG"	0	null	null	0	0	null	1	0.493711918592453	0.7838559746742249	61	0	2
38	1	"HOU"	1	1.9357832084642723	null	null	0	"2026_01_BUF_HOU"	0	0	null	null	null	1	63.00209164619446	0	"00-0034857"	1828	"pass"	"BUF"	null	1	0	0	0	2	"00-0038933"	0	0	0	0	null	0	0	2026	"REG"	1	null	null	0	0	null	1	0.5252494812011719	0.3699790835380554	96	38	10
14	1	"HOU"	1	0.817286693083588	null	null	0	"2026_01_BUF_HOU"	0	0	null	null	null	1	24.54586625099182	0	"00-0034857"	1853	"pass"	"BUF"	null	1	0	0	0	2	"00-0034827"	0	0	0	0	null	0	0	2026	"REG"	1	null	null	0	0	null	1	0.5855642557144165	0.7545413374900818	58	15	10
24	1	"HOU"	1	4.16196589631727	null	null	0	"2026_01_BUF_HOU"	0	0	null	null	null	1	13.69430422782898	1	"00-0034857"	1885	"pass"	"BUF"	null	1	0	0	0	2	"00-0034827"	0	0	0	0	null	0	0	2026	"REG"	1	"00-0034827"	"BUF"	1	0	null	1	0.6277629733085632	0.8630569577217102	43	43	10
6	1	"BUF"	1	0.3194038172950968	null	null	0	"2026_01_BUF_HOU"	0	0	null	null	null	1	11.873221397399902	0	"00-0039163"	1967	"pass"	"HOU"	null	1	0	0	0	2	"00-0034383"	0	0	0	0	null	0	0	2026	"REG"	1	null	null	0	0	null	1	0.2344180792570114	0.881267786026001	86	9	10
5	1	"BUF"	1	0.4639059817418456	null	null	0	"2026_01_BUF_HOU"	0	0	null	null	null	1	3.3460378646850586	0	"00-0039163"	2026	"pass"	"HOU"	null	1	0	0	0	2	"00-0038618"	0	0	0	0	null	0	0	2026	"REG"	1	null	null	0	0	null	1	0.2799789309501648	0.9665396213531494	56	9	10
12	1	"BUF"	2	2.4374918070971034	null	null	0	"2026_01_BUF_HOU"	0	0	null	null	null	1	8.239984512329102	0	"00-0039163"	2051	"pass"	"HOU"	null	1	0	0	0	2	"00-0040138"	0	0	0	0	null	0	0	2026	"REG"	1	null	null	0	0	null	1	0.30567365884780884	0.917600154876709	47	35	1
12	1	"BUF"	1	2.2113627598737366	null	null	0	"2026_01_BUF_HOU"	0	0	null	null	null	1	5.897790193557739	1	"00-0039163"	2081	"pass"	"HOU"	null	1	0	0	0	2	"00-0036554"	0	0	0	0	null	0	0	2026	"REG"	1	"00-0036554"	"HOU"	1	0	null	1	0.34543749690055847	0.9410220980644226	12	12	10
null	0	"BUF"	null	0.06857135097992784	"good"	null	0	"2026_01_BUF_HOU"	0	0	33	"00-0032726"	null	0	null	0	null	2107	"extra_point"	"HOU"	null	0	0	0	0	2	null	0	0	0	0	null	0	0	2026	"REG"	1	null	null	0	0	null	1	0.42871932379436395	null	15	0	0
null	0	"HOU"	null	-0.29869535856414586	null	null	0	"2026_01_BUF_HOU"	0	0	60	"00-0032726"	"00-0039875"	0	null	0	null	2122	"kickoff"	"BUF"	null	0	0	0	0	2	null	0	22	0	0	null	0	0	2026	"REG"	0	null	null	0	0	null	1	0.5693941116333008	null	35	0	0
50	0	"HOU"	1	-0.056983212765771896	null	null	0	"2026_01_BUF_HOU"	0	0	null	null	null	1	74.38870966434479	0	"00-0034857"	2156	"pass"	"BUF"	null	1	0	0	0	2	"00-0034827"	0	0	0	0	null	0	0	2026	"REG"	0	null	null	0	0	null	1	0.555611252784729	0.2561129033565521	83	0	10
5	0	"BUF"	3	-1.1183280777186155	null	null	0	"2026_01_BUF_HOU"	0	0	null	null	null	1	7.934659719467163	0	"00-0039163"	2339	"pass"	"HOU"	null	1	0	0	0	3	"00-0034383"	0	0	0	0	null	0	0	2026	"REG"	0	null	null	0	0	null	1	0.36964914202690125	0.9206534028053284	76	0	20
null	0	"HOU"	1	-0.5588039429858327	null	null	0	"2026_01_BUF_HOU"	0	0	null	null	null	0	-44.114550948143005	0	null	2409	"run"	"BUF"	null	0	0	0	0	3	null	0	0	1	0	"00-0037248"	0	0	2026	"REG"	0	null	null	0	0	null	1	0.571835994720459	0.44114550948143005	86	1	10
-2	1	"HOU"	2	-0.40688157454133034	null	null	0	"2026_01_BUF_HOU"	0	0	null	null	null	1	27.754098176956177	0	"00-0034857"	2431	"pass"	"BUF"	null	1	0	0	0	3	"00-0037261"	0	0	0	0	null	0	0	2026	"REG"	0	null	null	0	0	null	1	0.5588831901550293	0.7224590182304382	85	3	9
17	1	"HOU"	3	2.2517490754835308	null	null	0	"2026_01_BUF_HOU"	0	0	null	null	null	1	2.1387815475463867	0	"00-0034857"	2456	"pass"	"BUF"	null	1	0	0	0	3	"00-0034827"	0	0	0	0	null	0	0	2026	"REG"	1	null	null	0	0	null	1	0.5525401830673218	0.9786121845245361	82	17	6
null	0	"HOU"	1	-0.38945131516084075	null	null	0	"2026_01_BUF_HOU"	0	0	null	null	null	0	-46.675777435302734	0	null	2486	"run"	"BUF"	null	0	0	0	0	3	null	0	0	1	0	"00-0037248"	0	0	2026	"REG"	0	null	null	0	0	null	1	0.6139814853668213	0.46675777435302734	65	1	10
24	0	"HOU"	2	-0.8363444148562849	null	null	0	"2026_01_BUF_HOU"	0	0	null	null	null	1	18.74978542327881	0	"00-0034857"	2544	"pass"	"BUF"	null	1	0	0	0	3	null	0	0	0	0	null	0	0	2026	"REG"	0	null	null	0	0	null	1	0.5599623918533325	0.8125021457672119	74	0	19
4	1	"HOU"	3	-0.6136278710328043	null	null	0	"2026_01_BUF_HOU"	0	0	null	null	null	1	11.600089073181152	0	"00-0034857"	2583	"pass"	"BUF"	null	1	0	0	0	3	"00-0034827"	0	0	0	0	null	0	0	2026	"REG"	0	null	null	0	0	null	1	0.5330490469932556	0.8839991092681885	74	7	19
6	0	"BUF"	2	-0.7252816057298332	null	null	0	"2026_01_BUF_HOU"	0	0	null	null	null	1	33.07238817214966	0	"00-0039163"	2659	"pass"	"HOU"	null	1	0	0	0	3	"00-0034383"	0	0	0	0	null	0	0	2026	"REG"	0	null	null	0	0	null	1	0.3746996521949768	0.6692761182785034	98	0	12
null	0	"HOU"	1	-0.4478788268752396	null	null	0	"2026_01_BUF_HOU"	0	0	null	null	null	0	-48.61803352832794	0	null	2740	"run"	"BUF"	null	0	0	0	0	3	null	0	0	1	0	"00-0037248"	0	0	2026	"REG"	0	null	null	0	0	null	1	0.676465630531311	0.4861803352832794	43	1	10
11	1	"HOU"	1	0.6589141548029147	null	null	0	"2026_01_BUF_HOU"	0	0	null	null	null	1	54.19285595417023	0	"00-0034857"	2806	"pass"	"BUF"	null	1	0	0	0	3	"00-0038933"	0	0	0	0	null	0	0	2026	"REG"	1	null	null	0	0	null	1	0.7063629627227783	0.45807144045829773	27	11	10
null	0	"HOU"	1	-0.18472050270065665	null	null	0	"2026_01_BUF_HOU"	0	0	null	null	null	0	-38.102397322654724	0	null	2832	"run"	"BUF"	null	0	0	0	0	3	null	0	0	1	0	"00-0037248"	0	0	2026	"REG"	0	null	null	0	0	null	1	0.7406662106513977	0.38102397322654724	16	3	10
null	0	"HOU"	2	-1.429743449727539	null	null	0	"2026_01_BUF_HOU"	0	0	null	null	null	1	31.537330150604248	0	"00-0034857"	2854	"pass"	"BUF"	null	1	0	0	0	3	null	0	0	0	0	null	1	0	2026	"REG"	0	null	null	0	0	null	1	0.750676155090332	0.6846266984939575	13	-5	7
-5	1	"HOU"	3	-0.6600143700317331	null	null	0	"2026_01_BUF_HOU"	0	0	null	null	null	1	4.2377769947052	0	"00-0034857"	2874	"pass"	"BUF"	null	1	0	0	0	3	"00-0037261"	0	0	0	0	null	0	0	2026	"REG"	0	null	null	0	0	null	1	0.7145163416862488	0.957622230052948	18	2	12
27	0	"BUF"	1	-0.5736595317721367	null	null	0	"2026_01_BUF_HOU"	0	0	null	null	null	1	46.50885462760925	0	"00-0039163"	2949	"pass"	"HOU"	null	1	0	0	0	3	null	0	0	0	0	null	0	0	2026	"REG"	0	null	null	0	0	null	1	0.2891043424606323	0.5349114537239075	72	0	10
-1	1	"BUF"	2	0.8810334778390825	null	null	0	"2026_01_BUF_HOU"	0	0	null	null	null	1	34.5538854598999	0	"00-0039163"	2972	"pass"	"HOU"	null	1	0	0	0	3	"00-0035685"	0	0	0	0	null	0	0	2026	"REG"	1	null	null	0	0	null	1	0.2648152709007263	0.654461145401001	72	9	10
6	1	"BUF"	1	0.7935741401743144	null	null	0	"2026_01_BUF_HOU"	0	0	null	null	null	1	46.80495262145996	0	"00-0039163"	3046	"pass"	"HOU"	null	1	0	0	0	3	"00-0034981"	0	0	0	0	null	0	0	2026	"REG"	1	null	null	0	0	null	1	0.3040429651737213	0.5319504737854004	61	9	10
14	1	"BUF"	2	1.057525054202415	null	null	0	"2026_01_BUF_HOU"	0	0	null	null	null	1	76.13132148981094	0	"00-0039163"	3071	"pass"	"HOU"	null	1	0	0	0	3	"00-0038608"	0	0	0	0	null	0	0	2026	"REG"	1	null	null	0	0	null	1	0.31836822628974915	0.23868678510189056	52	21	1
20	0	"BUF"	1	-0.46889790042769164	null	null	0	"2026_01_BUF_HOU"	0	0	null	null	null	1	50.62028765678406	0	"00-0039163"	3096	"pass"	"HOU"	null	1	0	0	0	3	"00-0036554"	0	0	0	0	null	0	0	2026	"REG"	0	null	null	0	0	null	1	0.36868977546691895	0.4937971234321594	31	0	10
9	1	"BUF"	2	0.7328438929980621	null	null	0	"2026_01_BUF_HOU"	0	0	null	null	null	1	34.49940085411072	0	"00-0039163"	3119	"pass"	"HOU"	null	1	0	0	0	3	"00-0036554"	0	0	0	0	null	0	0	2026	"REG"	1	null	null	0	0	null	1	0.34706366062164307	0.6550059914588928	31	9	10
null	0	"BUF"	3	-1.1320632845163345	null	null	0	"2026_01_BUF_HOU"	0	0	null	null	null	0	-30.90466558933258	0	null	3144	"run"	"HOU"	null	0	0	0	0	3	null	0	0	1	0	"00-0039163"	0	0	2026	"REG"	0	null	null	0	0	null	1	0.4047951102256775	0.3090466558933258	22	0	1
12	1	"BUF"	1	0.7344047607621178	null	null	0	"2026_01_BUF_HOU"	0	0	null	null	null	1	50.39724409580231	0	"00-0039163"	3210	"pass"	"HOU"	null	1	0	0	0	4	"00-0038728"	0	0	0	0	null	0	0	2026	"REG"	1	null	null	0	0	null	1	0.4099953770637512	0.49602755904197693	19	12	10
3	1	"BUF"	2	1.8623292910633609	null	null	0	"2026_01_BUF_HOU"	1	0	null	null	null	1	27.553462982177734	1	"00-0039163"	3259	"pass"	"HOU"	null	1	0	0	0	4	"00-0035685"	0	0	0	0	null	0	0	2026	"REG"	1	"00-0035685"	"HOU"	1	0	null	1	0.4290146827697754	0.7244653701782227	7	7	7
null	0	"BUF"	null	0.06857135097992784	"good"	null	0	"2026_01_BUF_HOU"	0	0	33	"00-0032726"	null	0	null	0	null	3285	"extra_point"	"HOU"	null	0	0	0	0	4	null	0	0	0	0	null	0	0	2026	"REG"	1	null	null	0	0	null	1	0.5411940891242202	null	15	0	0
null	0	"HOU"	null	0.4586528721265495	null	null	0	"2026_01_BUF_HOU"	0	0	60	"00-0032726"	"00-0039875"	0	null	0	null	3300	"kickoff"	"BUF"	null	0	0	0	0	4	null	0	29	0	0	null	0	0	2026	"REG"	1	null	null	0	0	null	1	0.45761603116989136	null	35	0	0
-2	0	"HOU"	1	-0.5564604592509568	null	null	0	"2026_01_BUF_HOU"	0	0	null	null	null	1	47.52415418624878	0	"00-0034857"	3340	"pass"	"BUF"	null	1	0	0	0	4	"00-0037248"	0	0	0	0	null	0	0	2026	"REG"	0	null	null	0	0	null	1	0.47884008288383484	0.5247584581375122	66	0	10
5	1	"HOU"	2	-0.05338496854528785	null	null	0	"2026_01_BUF_HOU"	0	0	null	null	null	1	32.5228214263916	0	"00-0034857"	3363	"pass"	"BUF"	null	1	0	0	0	4	"00-0038933"	0	0	0	0	null	0	0	2026	"REG"	0	null	null	0	0	null	1	0.452660471200943	0.674771785736084	66	6	10
25	1	"HOU"	3	3.6681797577184625	null	null	0	"2026_01_BUF_HOU"	0	0	null	null	null	1	4.358762502670288	0	"00-0034857"	3388	"pass"	"BUF"	null	1	0	0	0	4	"00-0038933"	0	0	0	0	null	0	0	2026	"REG"	1	null	null	0	0	null	1	0.4420195519924164	0.9564123749732971	60	40	4
null	0	"HOU"	1	-0.12835627101594582	null	null	0	"2026_01_BUF_HOU"	0	0	null	null	null	0	-47.16913104057312	0	null	3413	"run"	"BUF"	null	0	0	0	0	4	null	0	0	1	0	"00-0037248"	0	0	2026	"REG"	0	null	null	0	0	null	1	0.6117458939552307	0.4716913104057312	20	3	10
-5	1	"HOU"	2	-0.29373243276495486	null	null	0	"2026_01_BUF_HOU"	0	0	null	null	null	1	30.180472135543823	0	"00-0034857"	3435	"pass"	"BUF"	null	1	0	0	0	4	"00-0037248"	0	0	0	0	null	0	0	2026	"REG"	0	null	null	0	0	null	1	0.5987996459007263	0.6981952786445618	17	3	7
14	0	"HOU"	3	-1.4468621814356681	null	null	0	"2026_01_BUF_HOU"	0	0	null	null	null	1	7.946330308914185	0	"00-0034857"	3465	"pass"	"BUF"	null	1	0	0	0	4	"00-0037261"	0	0	0	0	null	0	0	2026	"REG"	0	null	null	0	0	null	1	0.5849301218986511	0.9205366969108582	14	0	4
16	0	"BUF"	1	-0.5656822873279452	null	null	0	"2026_01_BUF_HOU"	0	0	null	null	null	1	44.41978931427002	0	"00-0039163"	3538	"pass"	"HOU"	null	1	0	0	0	4	"00-0036554"	0	0	0	0	null	0	0	2026	"REG"	0	null	null	0	0	null	1	0.4790911376476288	0.5558021068572998	65	0	10
10	1	"BUF"	3	2.5788706683088094	null	null	0	"2026_01_BUF_HOU"	0	0	null	null	null	1	1.768714189529419	0	"00-0039163"	3617	"pass"	"HOU"	null	1	0	0	0	4	"00-0038618"	0	0	0	0	null	0	0	2026	"REG"	1	null	null	0	0	null	1	0.41875386238098145	0.9823128581047058	65	20	10
6	1	"BUF"	2	0.04724799422547221	null	null	0	"2026_01_BUF_HOU"	0	0	null	null	null	1	10.229742527008057	0	"00-0039163"	3669	"pass"	"HOU"	null	1	0	0	0	4	"00-0036554"	0	0	0	0	null	0	0	2026	"REG"	1	null	null	0	0	null	1	0.4893806576728821	0.8977025747299194	47	6	12
2	1	"BUF"	3	-1.5742836764846464	null	null	0	"2026_01_BUF_HOU"	0	0	null	null	null	1	2.0500481128692627	0	"00-0039163"	3694	"pass"	"HOU"	null	1	0	0	0	4	"00-0036554"	0	0	0	0	null	0	0	2026	"REG"	0	null	null	0	0	null	1	0.5043585300445557	0.9794995188713074	41	2	6
null	0	"BUF"	4	2.2899480772037526	null	"made"	0	"2026_01_BUF_HOU"	0	0	58	"00-0032726"	null	0	null	0	null	3724	"field_goal"	"HOU"	null	0	0	0	0	4	null	0	0	0	0	null	0	0	2026	"REG"	1	null	null	0	0	null	1	0.444191038608551	null	39	0	4
null	0	"HOU"	null	-0.35327518731355667	null	null	0	"2026_01_BUF_HOU"	0	0	64	"00-0032726"	"00-0035500"	0	null	0	null	3744	"kickoff"	"BUF"	null	0	0	0	0	4	null	0	19	0	0	null	0	0	2026	"REG"	0	null	null	0	0	null	1	0.4640447795391083	null	35	0	0
null	0	"HOU"	1	-1.1300212489441037	null	null	0	"2026_01_BUF_HOU"	0	0	null	null	null	0	-59.38140153884888	0	null	3768	"run"	"BUF"	null	0	0	0	0	4	null	0	0	1	0	"00-0034857"	0	0	2026	"REG"	0	null	null	0	0	null	1	0.4374917149543762	0.5938140153884888	80	0	10
27	0	"HOU"	2	-0.6716582663357258	null	null	0	"2026_01_BUF_HOU"	0	0	null	null	null	1	11.062616109848022	0	"00-0034857"	3797	"pass"	"BUF"	null	1	0	0	0	4	"00-0034827"	0	0	0	0	null	0	0	2026	"REG"	0	null	null	0	0	null	1	0.3936783969402313	0.8893738389015198	82	0	12
5	0	"HOU"	3	-0.7765507120639086	null	null	0	"2026_01_BUF_HOU"	0	0	null	null	null	1	1.9476711750030518	0	"00-0034857"	3826	"pass"	"BUF"	null	1	0	0	0	4	"00-0034827"	0	0	0	0	null	0	0	2026	"REG"	0	null	null	0	0	null	1	0.35088783502578735	0.9805232882499695	82	0	12
-8	1	"BUF"	3	-1.3383790327934548	null	null	0	"2026_01_BUF_HOU"	0	0	null	null	null	1	2.800530195236206	0	"00-0039163"	3915	"pass"	"HOU"	null	1	0	0	0	4	"00-0034383"	0	0	0	0	null	0	0	2026	"REG"	0	null	null	0	0	null	1	0.6939024925231934	0.9719946980476379	63	0	9
null	0	"HOU"	1	0.7651948377024382	null	null	0	"2026_01_BUF_HOU"	0	0	null	null	null	0	-59.052973985672	0	null	3960	"run"	"BUF"	null	0	0	0	0	4	null	0	0	1	0	"00-0037248"	0	0	2026	"REG"	1	null	null	0	0	null	1	0.3633257746696472	0.59052973985672	96	12	10
2	1	"HOU"	1	0.29054665192961693	null	null	0	"2026_01_BUF_HOU"	0	0	null	null	null	1	25.77364444732666	0	"00-0034857"	3998	"pass"	"BUF"	null	1	0	0	0	4	"00-0035689"	0	0	0	0	null	0	0	2026	"REG"	1	null	null	0	0	null	1	0.42478400468826294	0.7422635555267334	81	7	10
3	1	"HOU"	2	0.49401793046854436	null	null	0	"2026_01_BUF_HOU"	0	0	null	null	null	1	29.278671741485596	0	"00-0034857"	4026	"pass"	"BUF"	null	1	0	0	0	4	"00-0037248"	0	0	0	0	null	0	0	2026	"REG"	1	null	null	0	0	null	1	0.42788296937942505	0.707213282585144	74	6	3
13	1	"HOU"	1	1.990163304086309	null	null	0	"2026_01_BUF_HOU"	0	0	null	null	null	1	18.01961660385132	0	"00-0034857"	4063	"pass"	"BUF"	null	1	0	0	0	4	"00-0038933"	0	0	0	0	null	0	0	2026	"REG"	1	null	null	0	0	null	1	0.4475550651550293	0.8198038339614868	68	35	10
null	0	"HOU"	1	-0.6248003654764034	null	null	0	"2026_01_BUF_HOU"	0	0	null	null	null	0	-65.51275253295898	0	null	4100	"run"	"BUF"	null	0	0	0	0	4	null	0	0	1	0	"00-0037248"	0	0	2026	"REG"	0	null	null	0	0	null	1	0.6126137375831604	0.6551275253295898	33	-1	10
34	0	"HOU"	2	-0.4682930688140914	null	null	0	"2026_01_BUF_HOU"	0	0	null	null	null	1	14.442336559295654	0	"00-0034857"	4122	"pass"	"BUF"	null	1	0	0	0	4	"00-0036988"	0	0	0	0	null	0	0	2026	"REG"	0	null	null	0	0	null	1	0.5805423259735107	0.8555766344070435	34	0	11
28	1	"HOU"	3	4.587201966671273	null	null	0	"2026_01_BUF_HOU"	0	0	null	null	null	1	6.654369831085205	1	"00-0034857"	4152	"pass"	"BUF"	null	1	0	0	0	4	"00-0036988"	0	0	0	0	null	0	0	2026	"REG"	1	"00-0036988"	"BUF"	1	0	null	1	0.5037446618080139	0.933456301689148	34	34	11
null	0	"HOU"	null	-0.947	null	null	0	"2026_01_BUF_HOU"	0	0	null	null	null	1	null	0	"00-0034857"	4178	"pass"	"BUF"	null	1	0	0	0	4	"00-0039901"	0	0	0	0	null	0	0	2026	"REG"	0	null	null	0	1	"failure"	1	0.828200727339834	null	2	0	0
5	1	"BUF"	1	0.8574261007015593	null	null	0	"2026_01_BUF_HOU"	0	0	null	null	null	1	2.732253074645996	0	"00-0039163"	4214	"pass"	"HOU"	null	1	0	0	0	4	"00-0034383"	0	0	0	0	null	0	0	2026	"REG"	1	null	null	0	0	null	1	0.24635043740272522	0.97267746925354	71	18	10
5	1	"BUF"	1	0.412810665438883	null	null	0	"2026_01_BUF_HOU"	0	0	null	null	null	1	1.8720149993896484	0	"00-0039163"	4239	"pass"	"HOU"	null	1	0	0	0	4	"00-0034383"	0	0	0	0	null	0	0	2026	"REG"	1	null	null	0	0	null	1	0.2736198604106903	0.9812798500061035	53	8	10
16	0	"BUF"	2	-0.3526166997035034	null	null	0	"2026_01_BUF_HOU"	0	0	null	null	null	1	3.721863031387329	0	"00-0039163"	4264	"pass"	"HOU"	null	1	0	0	0	4	"00-0038618"	0	0	0	0	null	0	0	2026	"REG"	0	null	null	0	0	null	1	0.3039146661758423	0.9627813696861267	45	0	2
27	0	"BUF"	1	-0.27594429394230247	null	null	0	"2026_01_BUF_HOU"	0	0	null	null	null	1	1.549994945526123	0	"00-0039163"	4344	"pass"	"HOU"	null	1	0	0	0	4	"00-0038618"	0	0	0	0	null	0	0	2026	"REG"	0	null	null	0	0	null	1	0.2889554798603058	0.9845000505447388	39	0	15
12	1	"BUF"	2	0.8356552358600311	null	null	0	"2026_01_BUF_HOU"	0	0	null	null	null	1	1.1722147464752197	0	"00-0039163"	4367	"pass"	"HOU"	null	1	0	0	0	4	"00-0036554"	0	0	0	0	null	0	0	2026	"REG"	1	null	null	0	0	null	1	0.2534923255443573	0.9882778525352478	39	12	15
14	1	"BUF"	3	1.541869826236507	null	null	0	"2026_01_BUF_HOU"	0	0	null	null	null	1	4.775673151016235	0	"00-0039163"	4392	"pass"	"HOU"	null	1	0	0	0	4	"00-0040138"	0	0	0	0	null	0	0	2026	"REG"	1	null	null	0	0	null	1	0.36736899614334106	0.9522432684898376	27	18	3
null	0	"BUF"	1	-1.6673696365614887	null	null	0	"2026_01_BUF_HOU"	1	0	null	null	null	1	4.449117183685303	0	"00-0039163"	4436	"pass"	"HOU"	null	1	0	0	0	4	null	0	0	0	0	null	1	0	2026	"REG"	0	null	null	0	0	null	1	0.5494741201400757	0.955508828163147	9	-9	9
17	0	"BUF"	2	-0.3924449274200015	null	null	0	"2026_01_BUF_HOU"	1	0	null	null	null	1	1.7030000686645508	0	"00-0039163"	4456	"pass"	"HOU"	null	1	0	0	0	4	"00-0036554"	0	0	0	0	null	0	0	2026	"REG"	0	null	null	0	0	null	1	0.3369368612766266	0.9829699993133545	18	0	18
null	0	"BUF"	3	-2.7448712023324333	null	null	1	"2026_01_BUF_HOU"	1	0	null	null	null	1	3.968137502670288	0	"00-0039163"	4486	"pass"	"HOU"	null	1	0	0	0	4	null	0	0	0	0	null	1	0	2026	"REG"	0	null	null	0	0	null	1	0.3239895701408386	0.9603186249732971	18	-6	18
null	0	"HOU"	1	0	null	null	0	"2026_01_BUF_HOU"	0	0	null	null	null	0	null	0	null	4516	"qb_kneel"	"BUF"	null	0	1	0	0	4	null	0	0	1	0	"00-0034857"	0	0	2026	"REG"	0	null	null	0	0	null	1	0.9755308032035828	null	76	-1	10
null	0	"NYG"	null	0.06757300310763314	"good"	null	0	"2026_01_DAL_NYG"	0	0	33	"00-0037692"	null	0	null	0	null	1448	"extra_point"	"DAL"	null	0	0	0	0	2	null	0	0	0	0	null	0	0	2026	"REG"	1	null	null	0	0	null	1	0.3995222021063164	null	15	0	0
null	0	"DAL"	null	-0.5896314047276974	null	null	0	"2026_01_DAL_NYG"	0	0	58	"00-0037692"	"00-0039000"	0	null	0	null	1463	"kickoff"	"NYG"	null	0	0	0	0	2	null	0	18	0	0	null	0	0	2026	"REG"	0	null	null	0	0	null	1	0.5948987007141113	null	35	0	0
null	0	"DAL"	null	0.03889364516362548	null	null	0	"2026_01_DAL_NYG"	0	0	59	"00-0037692"	"00-0039000"	0	null	0	null	2255	"kickoff"	"NYG"	null	0	0	0	0	3	null	0	19	0	0	null	0	0	2026	"REG"	1	null	null	0	0	null	1	0.7868565320968628	null	35	0	0
null	0	"NYG"	null	0.06757300310763314	"good"	null	0	"2026_01_DAL_NYG"	0	0	33	"00-0037692"	null	0	null	0	null	2979	"extra_point"	"DAL"	null	0	0	0	0	3	null	0	0	0	0	null	0	0	2026	"REG"	1	null	null	0	0	null	1	0.1698665912287447	null	15	0	0
null	0	"DAL"	null	0.5515865231864154	null	null	0	"2026_01_DAL_NYG"	0	0	65	"00-0037692"	null	0	null	0	null	2994	"kickoff"	"NYG"	null	0	0	0	0	3	null	0	0	0	0	null	0	0	2026	"REG"	1	null	null	0	0	null	1	0.8273940086364746	null	35	0	0
null	0	"NYG"	null	-0.7020713371864675	"failed"	null	0	"2026_01_DAL_NYG"	0	0	48	"00-0037692"	null	0	null	0	null	3762	"extra_point"	"DAL"	null	0	0	0	0	4	null	0	0	0	0	null	0	0	2026	"REG"	0	null	null	0	0	null	1	0.09854216306349695	null	30	0	0
null	0	"DAL"	null	0.08178929286077619	null	null	0	"2026_01_DAL_NYG"	0	0	65	"00-0037692"	"00-0034419"	0	null	0	null	3780	"kickoff"	"NYG"	null	0	0	0	0	4	null	0	28	0	0	null	0	0	2026	"REG"	1	null	null	0	0	null	1	0.9487877488136292	null	35	0	0
null	0	"GB"	null	0.5203391299583018	null	null	0	"2026_01_GB_MIN"	0	0	65	"00-0040899"	null	0	null	0	null	39	"kickoff"	"MIN"	null	0	0	0	0	1	null	0	0	0	0	null	0	0	2026	"REG"	1	null	null	0	0	null	1	0.5462617874145508	null	35	0	0
12	0	"MIN"	1	-0.5693421685136855	null	null	0	"2026_01_GB_MIN"	0	0	null	null	null	1	54.29120063781738	0	"00-0036264"	105	"pass"	"GB"	null	1	0	0	0	1	"00-0038996"	0	0	0	0	null	0	0	2026	"REG"	0	null	null	0	0	null	1	0.5299929976463318	0.45708799362182617	53	0	10
24	0	"MIN"	2	-1.0199491726234555	null	null	0	"2026_01_GB_MIN"	0	0	null	null	null	1	21.922171115875244	0	"00-0036264"	196	"pass"	"GB"	null	1	0	0	0	1	"00-0038996"	0	0	0	0	null	0	0	2026	"REG"	0	null	null	0	0	null	1	0.5509098768234253	0.7807782888412476	41	0	12
31	0	"MIN"	3	-1.1258927700441277	null	null	0	"2026_01_GB_MIN"	0	0	null	null	null	1	2.9762864112854004	0	"00-0036264"	219	"pass"	"GB"	null	1	0	0	0	1	"00-0040667"	0	0	0	0	null	0	0	2026	"REG"	0	null	null	0	0	null	1	0.5173267722129822	0.970237135887146	41	0	12
null	0	"MIN"	4	2.709617728400598	null	"made"	0	"2026_01_GB_MIN"	0	0	59	"00-0040899"	null	0	null	0	null	242	"field_goal"	"GB"	null	0	0	0	0	1	null	0	0	0	0	null	0	0	2026	"REG"	1	null	null	0	0	null	1	0.4909379780292511	null	41	0	12
null	0	"GB"	null	0.3086159867234528	null	null	0	"2026_01_GB_MIN"	0	0	64	"00-0040899"	"00-0040506"	0	null	0	null	262	"kickoff"	"MIN"	null	0	0	0	0	1	null	0	29	0	0	null	0	0	2026	"REG"	1	null	null	0	0	null	1	0.4416349232196808	null	35	0	0
9	1	"GB"	3	1.5266597319860011	null	null	0	"2026_01_GB_MIN"	0	0	null	null	null	1	4.179811477661133	0	"00-0035228"	337	"pass"	"MIN"	null	1	0	0	0	1	"00-0036322"	0	0	0	0	null	0	0	2026	"REG"	1	null	null	0	0	null	1	0.4318273961544037	0.9582018852233887	64	9	4
4	0	"MIN"	1	-0.6523025021888316	null	null	0	"2026_01_GB_MIN"	0	0	null	null	null	1	53.89809310436249	0	"00-0036264"	499	"pass"	"GB"	null	1	0	0	0	1	"00-0033858"	0	0	0	0	null	0	0	2026	"REG"	0	null	null	0	0	null	1	0.6088283658027649	0.4610190689563751	81	0	10
16	1	"MIN"	2	7.049448319710791	null	null	0	"2026_01_GB_MIN"	0	0	null	null	null	1	48.11705946922302	1	"00-0036264"	531	"pass"	"GB"	null	1	0	0	0	1	"00-0038124"	0	0	0	0	null	0	0	2026	"REG"	1	"00-0038124"	"GB"	1	0	null	1	0.5987603068351746	0.5188294053077698	81	81	10
null	0	"MIN"	null	-0.9488284339293609	"failed"	null	0	"2026_01_GB_MIN"	0	0	33	"00-0040899"	null	0	null	0	null	613	"extra_point"	"GB"	null	0	0	0	0	1	null	0	0	0	0	null	0	0	2026	"REG"	0	null	null	0	0	null	1	0.7385388042758145	null	15	0	0
null	0	"GB"	null	0.29591554310172796	null	null	0	"2026_01_GB_MIN"	0	0	61	"00-0040899"	"00-0040506"	0	null	0	null	628	"kickoff"	"MIN"	null	0	0	0	0	1	null	0	26	0	0	null	0	0	2026	"REG"	1	null	null	0	0	null	1	0.26642513275146484	null	35	0	0
-3	1	"GB"	2	-0.5640786974690855	null	null	0	"2026_01_GB_MIN"	0	0	null	null	null	1	29.791253805160522	0	"00-0035228"	680	"pass"	"MIN"	null	1	0	0	0	1	"00-0036322"	0	0	0	0	null	0	0	2026	"REG"	0	null	null	0	0	null	1	0.25620293617248535	0.7020874619483948	69	2	9
16	0	"GB"	2	-0.867967612342909	null	null	0	"2026_01_GB_MIN"	0	0	null	null	null	1	37.52250075340271	0	"00-0032950"	770	"pass"	"MIN"	null	1	0	0	0	1	"00-0036322"	0	0	0	0	null	0	0	2026	"REG"	0	null	null	0	0	null	1	0.2860172390937805	0.6247749924659729	46	0	6
9	1	"GB"	3	1.8351825920399278	null	null	0	"2026_01_GB_MIN"	0	0	null	null	null	1	1.7594754695892334	0	"00-0032950"	793	"pass"	"MIN"	null	1	0	0	0	1	"00-0036322"	0	0	0	0	null	0	0	2026	"REG"	1	null	null	0	0	null	1	0.2710898220539093	0.9824052453041077	46	9	6
5	1	"MIN"	3	2.1162002194905654	null	null	0	"2026_01_GB_MIN"	0	0	null	null	null	1	2.9418110847473145	0	"00-0036264"	1026	"pass"	"GB"	null	1	0	0	0	1	"00-0038124"	0	0	0	0	null	0	0	2026	"REG"	1	null	null	0	0	null	1	0.7602552175521851	0.9705818891525269	37	10	7
6	0	"MIN"	1	-0.4764469803776592	null	null	0	"2026_01_GB_MIN"	0	0	null	null	null	1	56.36305809020996	0	"00-0036264"	1051	"pass"	"GB"	null	1	0	0	0	1	"00-0040667"	0	0	0	0	null	0	0	2026	"REG"	0	null	null	0	0	null	1	0.7969672083854675	0.4363694190979004	27	0	10
6	1	"MIN"	3	-0.6878642480587587	null	null	0	"2026_01_GB_MIN"	0	0	null	null	null	1	2.6120901107788086	0	"00-0036264"	1116	"pass"	"GB"	null	1	0	0	0	2	"00-0038124"	0	0	0	0	null	0	0	2026	"REG"	0	null	null	0	0	null	1	0.7853537201881409	0.9738790988922119	26	6	9
null	0	"MIN"	4	0.9448194228257165	null	"made"	0	"2026_01_GB_MIN"	0	0	43	"00-0040899"	null	0	null	0	null	1170	"field_goal"	"GB"	null	0	0	0	0	2	null	0	0	0	0	null	0	0	2026	"REG"	1	null	null	0	0	null	1	0.7596642374992371	null	25	0	8
null	0	"GB"	null	0.786023628199473	null	null	0	"2026_01_GB_MIN"	0	0	59	"00-0040899"	"00-0040506"	0	null	0	null	1190	"kickoff"	"MIN"	null	0	0	0	0	2	null	0	34	0	0	null	0	0	2026	"REG"	1	null	null	0	0	null	1	0.25397172570228577	null	35	0	0
20	1	"MIN"	1	1.857873341999948	null	null	0	"2026_01_GB_MIN"	0	0	null	null	null	1	56.19983375072479	0	"00-0036264"	1369	"pass"	"GB"	null	1	0	0	0	2	"00-0038996"	0	0	0	0	null	0	0	2026	"REG"	1	null	null	0	0	null	1	0.7693096399307251	0.4380016624927521	86	30	10
18	0	"MIN"	2	-0.8264916620682925	null	null	0	"2026_01_GB_MIN"	0	0	null	null	null	1	26.717883348464966	0	"00-0036264"	1423	"pass"	"GB"	null	1	0	0	0	2	"00-0039146"	0	0	0	0	null	0	0	2026	"REG"	0	null	null	0	0	null	1	0.8118389248847961	0.7328211665153503	54	0	8
3	1	"MIN"	3	-1.0150006171315908	null	null	0	"2026_01_GB_MIN"	0	0	null	null	null	1	2.1030306816101074	0	"00-0036264"	1446	"pass"	"GB"	null	1	0	0	0	2	"00-0040667"	0	0	0	0	null	0	0	2026	"REG"	0	null	null	0	0	null	1	0.7925782799720764	0.9789696931838989	54	5	8
-9	0	"MIN"	1	-0.5228739120066166	null	null	0	"2026_01_GB_MIN"	0	0	null	null	null	1	35.00590920448303	0	"00-0036264"	1618	"pass"	"GB"	null	1	0	0	0	2	null	0	0	0	0	null	0	0	2026	"REG"	0	null	null	0	0	null	1	0.8535721302032471	0.6499409079551697	41	0	15
-6	0	"MIN"	2	-0.9074729676358402	null	null	0	"2026_01_GB_MIN"	0	0	null	null	null	1	17.490345239639282	0	"00-0036264"	1674	"pass"	"GB"	null	1	0	0	0	2	"00-0038685"	0	0	0	0	null	0	0	2026	"REG"	0	null	null	0	0	null	1	0.8298301100730896	0.8250965476036072	51	0	25
4	0	"MIN"	3	-0.9820613705087453	null	null	0	"2026_01_GB_MIN"	0	0	null	null	null	1	13.108086585998535	0	"00-0036264"	1697	"pass"	"GB"	null	1	0	0	0	2	"00-0039146"	0	0	0	0	null	0	0	2026	"REG"	0	null	null	0	0	null	1	0.8119845986366272	0.8689191341400146	51	0	25
15	1	"GB"	3	3.117119496804662	null	null	0	"2026_01_GB_MIN"	0	0	null	null	null	1	1.6022980213165283	0	"00-0032950"	1827	"pass"	"MIN"	null	1	0	0	0	2	"00-0036322"	0	0	0	0	null	0	0	2026	"REG"	1	null	null	0	0	null	1	0.19763319194316864	0.9839770197868347	83	17	8
39	1	"GB"	1	3.7970914432080463	null	null	0	"2026_01_GB_MIN"	0	0	null	null	null	1	20.695269107818604	1	"00-0032950"	1933	"pass"	"MIN"	null	1	0	0	0	2	"00-0036322"	0	0	0	0	null	0	0	2026	"REG"	1	"00-0036322"	"MIN"	1	0	null	1	0.2600455582141876	0.793047308921814	39	39	10
14	1	"MIN"	2	1.3956207252922468	null	null	0	"2026_01_GB_MIN"	0	0	null	null	null	1	12.366318702697754	0	"00-0036264"	2048	"pass"	"GB"	null	1	0	0	0	2	"00-0038996"	0	0	0	0	null	0	0	2026	"REG"	1	null	null	0	0	null	1	0.6255135536193848	0.8763368129730225	72	23	8
42	0	"MIN"	1	-0.26272108365083113	null	null	0	"2026_01_GB_MIN"	0	0	null	null	null	1	6.968802213668823	0	"00-0036264"	2073	"pass"	"GB"	null	1	0	0	0	2	"00-0038124"	0	0	0	0	null	0	0	2026	"REG"	0	null	null	0	0	null	1	0.7024980783462524	0.9303119778633118	49	0	10
10	1	"MIN"	2	0.9960427635232918	null	null	0	"2026_01_GB_MIN"	0	0	null	null	null	1	6.2569499015808105	0	"00-0036264"	2096	"pass"	"GB"	null	1	0	0	0	2	"00-0037091"	0	0	0	0	null	0	0	2026	"REG"	1	null	null	0	0	null	1	0.6892271041870117	0.9374305009841919	49	10	10
32	1	"MIN"	1	2.311434075701982	null	null	0	"2026_01_GB_MIN"	0	0	null	null	null	1	6.688547134399414	0	"00-0036264"	2121	"pass"	"GB"	null	1	0	0	0	2	"00-0038124"	0	0	0	0	null	0	0	2026	"REG"	1	null	null	0	0	null	1	0.7118701338768005	0.9331145286560059	39	32	10
2	1	"MIN"	2	1.5994083274563309	null	null	0	"2026_01_GB_MIN"	1	0	null	null	null	1	37.19809055328369	1	"00-0036264"	2184	"pass"	"GB"	null	1	0	0	0	2	"00-0038124"	0	0	0	0	null	0	0	2026	"REG"	1	"00-0038124"	"GB"	1	0	null	1	0.7302252054214478	0.6280190944671631	2	2	2
null	0	"MIN"	null	0.05117156607063911	"good"	null	0	"2026_01_GB_MIN"	0	0	33	"00-0040899"	null	0	null	0	null	2212	"extra_point"	"GB"	null	0	0	0	0	2	null	0	0	0	0	null	0	0	2026	"REG"	1	null	null	0	0	null	1	0.7935027387253355	null	15	0	0
null	0	"GB"	null	-0.2365927592618391	null	null	0	"2026_01_GB_MIN"	0	0	55	"00-0040899"	"00-0040506"	0	null	0	null	2227	"kickoff"	"MIN"	null	0	0	0	0	2	null	0	22	0	0	null	0	0	2026	"REG"	0	null	null	0	0	null	1	0.20603208243846893	null	35	0	0
11	1	"MIN"	1	0.7701730537228286	null	null	0	"2026_01_GB_MIN"	0	0	null	null	null	1	58.071961998939514	0	"00-0036264"	2348	"pass"	"GB"	null	1	0	0	0	3	"00-0038996"	0	0	0	0	null	0	0	2026	"REG"	1	null	null	0	0	null	1	0.8049947023391724	0.41928038001060486	74	12	10
24	0	"MIN"	2	-0.9072897518053651	null	null	0	"2026_01_GB_MIN"	0	0	null	null	null	1	19.031131267547607	0	"00-0036264"	2395	"pass"	"GB"	null	1	0	0	0	3	null	0	0	0	0	null	0	0	2026	"REG"	0	null	null	0	0	null	1	0.8088981509208679	0.8096886873245239	63	0	11
13	1	"MIN"	1	0.8914669821970165	null	null	0	"2026_01_GB_MIN"	0	0	null	null	null	1	59.17801856994629	0	"00-0036264"	2570	"pass"	"GB"	null	1	0	0	0	3	"00-0040667"	0	0	0	0	null	0	0	2026	"REG"	1	null	null	0	0	null	1	0.8264161944389343	0.4082198143005371	87	13	10
6	1	"MIN"	3	1.5121195309329778	null	null	0	"2026_01_GB_MIN"	0	0	null	null	null	1	5.202126502990723	0	"00-0036264"	2695	"pass"	"GB"	null	1	0	0	0	3	"00-0039146"	0	0	0	0	null	0	0	2026	"REG"	1	null	null	0	0	null	1	0.8524197340011597	0.9479787349700928	58	6	4
19	1	"MIN"	2	3.4833547798916698	null	null	0	"2026_01_GB_MIN"	0	0	null	null	null	1	29.309433698654175	0	"00-0036264"	2742	"pass"	"GB"	null	1	0	0	0	3	"00-0033858"	0	0	0	0	null	0	0	2026	"REG"	1	null	null	0	0	null	1	0.8582010269165039	0.7069056630134583	50	43	8
8	0	"MIN"	2	-0.7150941081345081	null	null	0	"2026_01_GB_MIN"	1	0	null	null	null	1	31.504017114639282	0	"00-0036264"	2789	"pass"	"GB"	null	1	0	0	0	3	"00-0040667"	0	0	0	0	null	0	0	2026	"REG"	0	null	null	0	0	null	1	0.8986493945121765	0.6849598288536072	8	0	8
4	0	"MIN"	3	-1.215856021536505	null	null	0	"2026_01_GB_MIN"	1	0	null	null	null	1	3.2305359840393066	0	"00-0036264"	2812	"pass"	"GB"	null	1	0	0	0	3	"00-0039146"	0	0	0	0	null	0	0	2026	"REG"	0	null	null	0	0	null	1	0.8870701193809509	0.9676946401596069	8	0	8
null	0	"MIN"	4	0.053650704828081874	null	"made"	0	"2026_01_GB_MIN"	1	0	26	"00-0040899"	null	0	null	0	null	2842	"field_goal"	"GB"	null	0	0	0	0	3	null	0	0	0	0	null	0	0	2026	"REG"	1	null	null	0	0	null	1	0.8774057626724243	null	8	0	8
null	0	"GB"	null	2.8511821653228253	null	null	0	"2026_01_GB_MIN"	0	0	61	"00-0040899"	"00-0040506"	0	null	0	null	2862	"kickoff"	"MIN"	null	0	0	0	0	3	null	0	68	0	0	null	0	0	2026	"REG"	1	null	null	0	0	null	1	0.12488215416669846	null	35	0	0
1	1	"MIN"	2	0.6295954415109009	null	null	0	"2026_01_GB_MIN"	0	0	null	null	null	1	54.60723638534546	0	"00-0036264"	3094	"pass"	"GB"	null	1	0	0	0	3	"00-0040667"	0	0	0	0	null	0	0	2026	"REG"	1	null	null	0	0	null	1	0.742680549621582	0.4539276361465454	65	7	4
null	0	"MIN"	1	-1.4425293144304305	null	null	0	"2026_01_GB_MIN"	0	0	null	null	null	1	54.250192642211914	0	"00-0036264"	3119	"pass"	"GB"	null	1	0	0	0	3	null	0	0	0	0	null	1	0	2026	"REG"	0	null	null	0	0	null	1	0.7753435969352722	0.45749807357788086	58	-10	10
20	1	"MIN"	2	3.490454529528506	null	null	0	"2026_01_GB_MIN"	0	0	null	null	null	1	13.63953948020935	0	"00-0036264"	3164	"pass"	"GB"	null	1	0	0	0	4	"00-0040667"	0	0	0	0	null	0	0	2026	"REG"	1	null	null	0	0	null	1	0.716785728931427	0.8636046051979065	68	42	20
1	0	"MIN"	2	-0.6363896826514974	null	null	0	"2026_01_GB_MIN"	0	0	null	null	null	1	43.71922016143799	0	"00-0036264"	3213	"pass"	"GB"	null	1	0	0	0	4	"00-0038996"	0	0	0	0	null	0	0	2026	"REG"	0	null	null	0	0	null	1	0.8428742289543152	0.5628077983856201	22	0	6
9	0	"MIN"	3	-1.2171489566098899	null	null	0	"2026_01_GB_MIN"	0	0	null	null	null	1	4.791074991226196	0	"00-0036264"	3236	"pass"	"GB"	null	1	0	0	0	4	"00-0040667"	0	0	0	0	null	0	0	2026	"REG"	0	null	null	0	0	null	1	0.8323749899864197	0.952089250087738	22	0	6
null	0	"MIN"	4	-4.35180443932768	null	null	0	"2026_01_GB_MIN"	0	0	null	null	null	0	-19.706349074840546	0	null	3290	"run"	"GB"	null	0	0	0	0	4	null	0	0	1	0	"00-0036264"	0	0	2026	"REG"	0	null	null	0	0	null	1	0.8287818431854248	0.19706349074840546	17	0	1
-2	1	"GB"	2	-0.5309144493658096	null	null	0	"2026_01_GB_MIN"	0	0	null	null	null	1	38.27710747718811	0	"00-0032950"	3464	"pass"	"MIN"	null	1	0	0	0	4	"00-0036322"	0	0	0	0	null	0	0	2026	"REG"	0	null	null	0	0	null	1	0.34891605377197266	0.6172289252281189	56	2	5
-1	1	"GB"	1	0.19045618048403412	null	null	0	"2026_01_GB_MIN"	0	0	null	null	null	1	54.09776270389557	0	"00-0032950"	3545	"pass"	"MIN"	null	1	0	0	0	4	"00-0036322"	0	0	0	0	null	0	0	2026	"REG"	1	null	null	0	0	null	1	0.4703253507614136	0.4590223729610443	11	5	10
null	0	"GB"	null	1.053	null	null	0	"2026_01_GB_MIN"	0	0	null	null	null	1	null	0	"00-0032950"	3648	"pass"	"MIN"	null	1	0	0	0	4	"00-0036322"	0	0	0	0	null	0	0	2026	"REG"	1	null	null	0	1	"success"	1	0.6017630957067013	null	2	2	0
null	0	"MIN"	2	-1.009186068084091	null	null	0	"2026_01_GB_MIN"	0	0	null	null	null	1	7.791352272033691	0	"00-0036264"	3724	"pass"	"GB"	null	1	0	0	0	4	null	0	0	0	0	null	1	0	2026	"REG"	0	null	null	0	0	null	1	0.2784121036529541	0.9220864772796631	73	-4	13
null	0	"MIN"	3	-5.843555505067343	null	null	1	"2026_01_GB_MIN"	0	0	null	null	null	1	4.176265001296997	0	"00-0036264"	3754	"pass"	"GB"	null	1	0	0	0	4	null	0	0	0	0	null	1	0	2026	"REG"	0	null	null	0	0	null	1	0.24913805723190308	0.95823734998703	77	-15	17
5	1	"MIN"	1	0.4707217630930245	null	null	0	"2026_01_GB_MIN"	0	0	null	null	null	1	6.406623125076294	0	"00-0036264"	3852	"pass"	"GB"	null	1	0	0	0	4	"00-0039146"	0	0	0	0	null	0	0	2026	"REG"	1	null	null	0	0	null	1	0.06009045988321304	0.9359337687492371	75	7	10
10	0	"MIN"	2	-6.609022748307325	null	null	0	"2026_01_GB_MIN"	0	1	null	null	null	1	10.308176279067993	0	"00-0036264"	3877	"pass"	"GB"	null	1	0	0	0	4	"00-0038124"	0	28	0	0	null	0	0	2026	"REG"	0	null	null	0	0	null	1	0.06529923528432846	0.8969182372093201	68	0	3
-2	1	"GB"	3	2.945307895017322	null	null	0	"2026_01_GB_MIN"	0	0	null	null	null	1	37.653303146362305	1	"00-0032950"	3963	"pass"	"MIN"	null	1	0	0	0	4	"00-0036322"	0	0	0	0	null	0	0	2026	"REG"	1	"00-0036322"	"MIN"	1	0	null	1	0.9835604429244995	0.623466968536377	9	9	5
11	0	"MIN"	1	-0.5346627790713683	null	null	0	"2026_01_GB_MIN"	0	0	null	null	null	1	11.10427975654602	0	"00-0036264"	4023	"pass"	"GB"	null	1	0	0	0	4	"00-0040667"	0	0	0	0	null	0	0	2026	"REG"	0	null	null	0	0	null	1	0.002108378103002906	0.8889572024345398	65	0	10
14	1	"MIN"	2	1.3653649551561102	null	null	0	"2026_01_GB_MIN"	0	0	null	null	null	1	10.554295778274536	0	"00-0036264"	4046	"pass"	"GB"	null	1	0	0	0	4	"00-0038124"	0	0	0	0	null	0	0	2026	"REG"	1	null	null	0	0	null	1	0.0016063061775639653	0.8944570422172546	65	16	10
null	0	"MIN"	1	-1.0925003949087113	null	null	0	"2026_01_GB_MIN"	0	0	null	null	null	1	8.167767524719238	0	"00-0036264"	4071	"pass"	"GB"	null	1	0	0	0	4	null	0	0	0	0	null	1	0	2026	"REG"	0	null	null	0	0	null	1	0.0024403135757893324	0.9183223247528076	49	-5	10
16	1	"MIN"	2	1.8700426151044667	null	null	0	"2026_01_GB_MIN"	0	0	null	null	null	1	6.733638048171997	0	"00-0036264"	4110	"pass"	"GB"	null	1	0	0	0	4	"00-0040667"	0	0	0	0	null	0	0	2026	"REG"	1	null	null	0	0	null	1	0.001443715998902917	0.93266361951828	54	20	15
7	0	"MIN"	1	-0.46883476118091494	null	null	0	"2026_01_GB_MIN"	0	0	null	null	null	1	10.830670595169067	0	"00-0036264"	4135	"pass"	"GB"	null	1	0	0	0	4	"00-0039146"	0	0	0	0	null	0	0	2026	"REG"	0	null	null	0	0	null	1	0.0015916851116344333	0.8916932940483093	34	0	10
6	1	"MIN"	2	0.30559536849614233	null	null	0	"2026_01_GB_MIN"	0	0	null	null	null	1	9.706562757492065	0	"00-0036264"	4158	"pass"	"GB"	null	1	0	0	0	4	"00-0039146"	0	0	0	0	null	0	0	2026	"REG"	1	null	null	0	0	null	1	0.001434227917343378	0.9029343724250793	34	7	10
1	1	"MIN"	3	1.1319278325536288	null	null	0	"2026_01_GB_MIN"	0	0	null	null	null	1	7.561707496643066	0	"00-0036264"	4183	"pass"	"GB"	null	1	0	0	0	4	"00-0033858"	0	0	0	0	null	0	0	2026	"REG"	1	null	null	0	0	null	1	0.001338660134933889	0.9243829250335693	27	7	3
18	0	"MIN"	1	-0.5133272050879896	null	null	0	"2026_01_GB_MIN"	0	0	null	null	null	1	10.704296827316284	0	"00-0036264"	4208	"pass"	"GB"	null	1	0	0	0	4	"00-0039811"	0	0	0	0	null	0	0	2026	"REG"	0	null	null	0	0	null	1	0.0012358403764665127	0.8929570317268372	20	0	10
7	1	"MIN"	2	0.545924122503493	null	null	0	"2026_01_GB_MIN"	0	0	null	null	null	1	8.149731159210205	0	"00-0036264"	4238	"pass"	"GB"	null	1	0	0	0	4	"00-0040667"	0	0	0	0	null	0	0	2026	"REG"	1	null	null	0	0	null	1	0.0011135457316413522	0.918502688407898	20	8	10
12	0	"MIN"	3	-1.5818788182223216	null	null	0	"2026_01_GB_MIN"	0	0	null	null	null	1	18.172752857208252	0	"00-0036264"	4263	"pass"	"GB"	null	1	0	0	0	4	"00-0040667"	0	0	0	0	null	0	0	2026	"REG"	0	null	null	0	0	null	1	0.003840837860479951	0.8182724714279175	12	0	2
12	0	"MIN"	4	-3.6607192716328427	null	null	0	"2026_01_GB_MIN"	0	0	null	null	null	1	8.977532386779785	0	"00-0036264"	4286	"pass"	"GB"	null	1	0	0	0	4	"00-0038090"	0	0	0	0	null	0	0	2026	"REG"	0	null	null	0	0	null	1	0.002865305170416832	0.9102246761322021	12	0	2
11	1	"NE"	1	0.825319406343624	null	null	0	"2026_01_NE_SEA"	0	0	null	null	null	1	53.846871852874756	0	"00-0034869"	86	"pass"	"SEA"	null	1	0	0	0	1	"00-0038543"	0	0	0	0	null	0	0	2026	"REG"	1	null	null	0	0	null	1	0.5725733637809753	0.46153128147125244	63	13	10
4	1	"NE"	1	0.8575155693106353	null	null	0	"2026_01_NE_SEA"	0	0	null	null	null	1	51.52098536491394	0	"00-0035704"	505	"pass"	"SEA"	null	1	0	0	0	1	"00-0038543"	0	0	0	0	null	0	0	2026	"REG"	1	null	null	0	0	null	1	0.5421303510665894	0.4847901463508606	79	8	10
-3	1	"NE"	2	-0.49569859355688095	null	null	0	"2026_01_NE_SEA"	0	0	null	null	null	1	17.01074242591858	0	"00-0035704"	1321	"pass"	"SEA"	null	1	0	0	0	2	"00-0038543"	0	0	0	0	null	0	0	2026	"REG"	0	null	null	0	0	null	1	0.3029889166355133	0.8298925757408142	67	5	22
21	1	"NE"	3	1.1018780568847433	null	null	0	"2026_01_NE_SEA"	0	0	null	null	null	1	13.21842074394226	0	"00-0035704"	1370	"pass"	"SEA"	null	1	0	0	0	2	"00-0038543"	0	0	0	0	null	0	0	2026	"REG"	1	null	null	0	0	null	1	0.277717649936676	0.8678157925605774	67	21	22
-6	1	"SEA"	2	-0.11571719101630151	null	null	0	"2026_01_NE_SEA"	0	0	null	null	null	1	44.55244541168213	0	"00-0039851"	1479	"pass"	"NE"	null	1	0	0	0	2	"00-0033090"	0	0	0	0	null	0	0	2026	"REG"	0	null	null	0	0	null	1	0.7137050628662109	0.5544755458831787	88	3	6
6	1	"NE"	3	0.36872884491458535	null	null	0	"2026_01_NE_SEA"	0	0	null	null	null	1	32.983481884002686	0	"00-0035704"	1755	"pass"	"SEA"	null	1	0	0	0	2	"00-0038543"	0	0	0	0	null	0	0	2026	"REG"	1	null	null	0	0	null	1	0.25992658734321594	0.6701651811599731	88	6	5
13	1	"SEA"	1	0.8170192008838058	null	null	0	"2026_01_NE_SEA"	0	0	null	null	null	1	60.59853434562683	0	"00-0039851"	1934	"pass"	"NE"	null	1	0	0	0	3	"00-0033090"	0	0	0	0	null	0	0	2026	"REG"	1	null	null	0	0	null	1	0.733015239238739	0.3940146565437317	71	13	10
12	0	"NE"	3	-1.0775907684407162	null	null	0	"2026_01_NE_SEA"	0	0	null	null	null	1	1.453942060470581	0	"00-0035704"	2656	"pass"	"SEA"	null	1	0	0	0	3	"00-0038543"	0	0	0	0	null	0	0	2026	"REG"	0	null	null	0	0	null	1	0.25422319769859314	0.9854605793952942	12	0	9
13	1	"NE"	1	0.9189064532984048	null	null	0	"2026_01_NE_SEA"	0	0	null	null	null	1	39.032453298568726	0	"00-0035704"	2972	"pass"	"SEA"	null	1	0	0	0	4	"00-0038543"	0	0	0	0	null	0	0	2026	"REG"	1	null	null	0	0	null	1	0.23196500539779663	0.6096754670143127	67	13	10
4	1	"NE"	4	6.136083335150033	null	null	0	"2026_01_NE_SEA"	0	0	null	null	null	1	64.55999612808228	1	"00-0035704"	3070	"pass"	"SEA"	null	1	0	0	0	4	"00-0038543"	0	0	0	0	null	0	0	2026	"REG"	1	"00-0038543"	"SEA"	1	0	null	1	0.1716577708721161	0.35440003871917725	45	45	1
4	1	"NE"	1	0.8843979050870985	null	null	0	"2026_01_NE_SEA"	0	0	null	null	null	1	58.20303559303284	0	"00-0035704"	3330	"pass"	"SEA"	null	1	0	0	0	4	"00-0038543"	0	0	0	0	null	0	0	2026	"REG"	1	null	null	0	0	null	1	0.6619092226028442	0.41796964406967163	34	11	10
2	0	"NE"	2	-0.7962338736979291	null	null	0	"2026_01_NE_SEA"	0	0	null	null	null	1	45.583975315093994	0	"00-0035704"	3460	"pass"	"SEA"	null	1	0	0	0	4	"00-0038543"	0	0	0	0	null	0	0	2026	"REG"	0	null	null	0	0	null	1	0.7403993606567383	0.5441602468490601	8	0	6
2	0	"NE"	3	-1.0462609059522099	null	null	0	"2026_01_NE_SEA"	0	0	null	null	null	1	5.291032791137695	0	"00-0035704"	3483	"pass"	"SEA"	null	1	0	0	0	4	"00-0038543"	0	0	0	0	null	0	0	2026	"REG"	0	null	null	0	0	null	1	0.7145896553993225	0.947089672088623	8	0	6
5	1	"SEA"	3	-0.6035643260693178	null	null	0	"2026_01_NE_SEA"	0	0	null	null	null	1	2.9810547828674316	0	"00-0039851"	3785	"pass"	"NE"	null	1	0	0	0	4	"00-0033090"	0	0	0	0	null	0	0	2026	"REG"	0	null	null	0	0	null	1	0.257040798664093	0.9701894521713257	57	10	19
5	1	"NO"	2	0.6525882622227073	null	null	0	"2026_01_NO_DET"	0	0	null	null	null	1	36.11378073692322	0	"00-0033106"	88	"pass"	"DET"	null	1	0	0	0	1	"00-0036963"	0	0	0	0	null	0	0	2026	"REG"	1	null	null	0	0	null	1	0.5339870452880859	0.6388621926307678	78	5	6
null	0	"DET"	1	-0.6523446966893971	null	null	0	"2026_01_NO_DET"	0	0	null	null	null	0	-43.73997747898102	0	null	175	"run"	"NO"	null	0	0	0	0	1	null	0	0	1	0	"00-0036973"	0	0	2026	"REG"	0	null	null	0	0	null	1	0.49442026019096375	0.4373997747898102	77	0	10
9	0	"NO"	2	-0.7959986454807222	null	null	0	"2026_01_NO_DET"	0	0	null	null	null	1	23.66231679916382	0	"00-0033106"	624	"pass"	"DET"	null	1	0	0	0	1	"00-0036963"	0	0	0	0	null	0	0	2026	"REG"	0	null	null	0	0	null	1	0.6626503467559814	0.7633768320083618	11	0	8
null	0	"DET"	2	-0.48539719032123685	null	null	0	"2026_01_NO_DET"	0	0	null	null	null	0	-54.46499586105347	0	null	765	"run"	"NO"	null	0	0	0	0	1	null	0	0	1	0	"00-0036973"	0	0	2026	"REG"	0	null	null	0	0	null	1	0.28346484899520874	0.5446499586105347	73	3	10
0	1	"NO"	2	0.9046804073732346	null	null	0	"2026_01_NO_DET"	0	0	null	null	null	1	29.630059003829956	0	"00-0033106"	876	"pass"	"DET"	null	1	0	0	0	1	"00-0036963"	0	0	0	0	null	0	0	2026	"REG"	1	null	null	0	0	null	1	0.7406895160675049	0.7036994099617004	71	8	7
5	1	"NO"	3	1.5442520396318287	null	null	0	"2026_01_NO_DET"	0	0	null	null	null	1	2.737945318222046	0	"00-0033106"	946	"pass"	"DET"	null	1	0	0	0	1	"00-0036963"	0	0	0	0	null	0	0	2026	"REG"	1	null	null	0	0	null	1	0.7417119741439819	0.9726205468177795	58	5	5
16	0	"NO"	3	-1.2635523173958063	null	null	0	"2026_01_NO_DET"	0	0	null	null	null	1	3.632783889770508	0	"00-0033106"	1072	"pass"	"DET"	null	1	0	0	0	2	"00-0036963"	0	0	0	0	null	0	0	2026	"REG"	0	null	null	0	0	null	1	0.7215914726257324	0.9636721611022949	58	0	15
0	0	"DET"	2	-0.8519398760981858	null	null	0	"2026_01_NO_DET"	0	0	null	null	null	1	40.82803726196289	0	"00-0040743"	1194	"pass"	"NO"	null	1	0	0	0	2	"00-0036973"	0	0	0	0	null	0	0	2026	"REG"	0	null	null	0	0	null	1	0.30627408623695374	0.5917196273803711	62	0	10
-3	1	"NO"	2	-0.976443805731833	null	null	0	"2026_01_NO_DET"	0	0	null	null	null	1	14.369863271713257	0	"00-0033106"	1447	"pass"	"DET"	null	1	0	0	0	2	"00-0036963"	0	0	0	0	null	0	0	2026	"REG"	0	null	null	0	0	null	1	0.727891743183136	0.8563013672828674	68	0	16
null	0	"DET"	1	-0.5417197002097964	null	null	0	"2026_01_NO_DET"	0	0	null	null	null	0	-44.335633516311646	0	null	1569	"run"	"NO"	null	0	0	0	0	2	null	0	0	1	0	"00-0036973"	0	0	2026	"REG"	0	null	null	0	0	null	1	0.28026843070983887	0.44335633516311646	86	1	10
8	1	"NO"	3	-0.4197999103926122	null	null	0	"2026_01_NO_DET"	0	0	null	null	null	1	2.510637044906616	0	"00-0033106"	2010	"pass"	"DET"	null	1	0	0	0	2	"00-0036963"	0	0	0	0	null	0	0	2026	"REG"	0	null	null	0	0	null	1	0.7454498410224915	0.9748936295509338	65	9	11
null	0	"DET"	1	-0.3769430094398558	null	null	0	"2026_01_NO_DET"	0	0	null	null	null	0	-53.238481283187866	0	null	2087	"run"	"NO"	null	0	0	0	0	2	null	0	0	1	0	"00-0036973"	0	0	2026	"REG"	0	null	null	0	0	null	1	0.27209389209747314	0.5323848128318787	86	2	10
-4	1	"DET"	2	-0.2921617024112493	null	null	0	"2026_01_NO_DET"	0	0	null	null	null	1	25.208085775375366	0	"00-0040743"	2118	"pass"	"NO"	null	1	0	0	0	2	"00-0036973"	0	0	0	0	null	0	0	2026	"REG"	0	null	null	0	0	null	1	0.2604553997516632	0.7479191422462463	84	3	8
1	0	"DET"	1	-0.2723115475382656	null	null	0	"2026_01_NO_DET"	0	0	null	null	null	1	13.272696733474731	0	"00-0040743"	2175	"pass"	"NO"	null	1	0	0	0	2	"00-0036973"	0	0	0	0	null	0	0	2026	"REG"	0	null	null	0	0	null	1	0.28022900223731995	0.8672730326652527	74	0	10
16	1	"NO"	3	2.805312717682682	null	null	0	"2026_01_NO_DET"	0	0	null	null	null	1	6.290555000305176	1	"00-0033106"	2871	"pass"	"DET"	null	1	0	0	0	3	"00-0036963"	0	0	0	0	null	0	0	2026	"REG"	1	"00-0036963"	"DET"	1	0	null	1	0.9506787657737732	0.9370944499969482	19	19	4
null	0	"DET"	2	-0.5104511227691546	null	null	0	"2026_01_NO_DET"	0	0	null	null	null	0	-25.691017508506775	0	null	3000	"run"	"NO"	null	0	0	0	0	3	null	0	0	1	0	"00-0036973"	0	0	2026	"REG"	0	null	null	0	0	null	1	0.07830164581537247	0.25691017508506775	23	0	1
null	0	"DET"	2	0.19701884279493243	null	null	0	"2026_01_NO_DET"	0	0	null	null	null	0	-69.04297471046448	0	null	3067	"run"	"NO"	null	0	0	0	0	3	null	0	0	1	0	"00-0036973"	0	0	2026	"REG"	1	null	null	0	0	null	1	0.05760795623064041	0.6904297471046448	20	7	10
5	1	"DET"	3	1.1536394783761352	null	null	0	"2026_01_NO_DET"	0	0	null	null	null	1	11.56650185585022	0	"00-0040743"	3089	"pass"	"NO"	null	1	0	0	0	3	"00-0036973"	0	0	0	0	null	0	0	2026	"REG"	1	null	null	0	0	null	1	0.05375787243247032	0.8843349814414978	13	6	3
1	0	"NO"	1	-0.6266041840426624	null	null	0	"2026_01_NO_DET"	0	0	null	null	null	1	56.7589670419693	0	"00-0033106"	3198	"pass"	"DET"	null	1	0	0	0	3	"00-0036963"	0	0	0	0	null	0	0	2026	"REG"	0	null	null	0	0	null	1	0.9500126838684082	0.432410329580307	80	0	10
-5	1	"DET"	1	-0.5598304092418402	null	null	0	"2026_01_NO_DET"	0	0	null	null	null	1	44.54328417778015	0	"00-0040743"	3295	"pass"	"NO"	null	1	0	0	0	3	"00-0036973"	0	0	0	0	null	0	0	2026	"REG"	0	null	null	0	0	null	1	0.08902136981487274	0.5545671582221985	54	0	10
-4	1	"DET"	1	-0.07563499826937914	null	null	0	"2026_01_NO_DET"	0	0	null	null	null	1	45.22319436073303	0	"00-0040743"	3352	"pass"	"NO"	null	1	0	0	0	3	"00-0036973"	0	0	0	0	null	0	0	2026	"REG"	0	null	null	0	0	null	1	0.09877831488847733	0.5477680563926697	43	4	10
5	1	"DET"	2	1.6100242733955383	null	null	0	"2026_01_NO_DET"	0	0	null	null	null	1	31.266915798187256	0	"00-0040743"	3382	"pass"	"NO"	null	1	0	0	0	3	"00-0036973"	0	0	0	0	null	0	0	2026	"REG"	1	null	null	0	0	null	1	0.0912829115986824	0.6873308420181274	39	16	6
6	1	"NO"	2	-0.041284382343292236	null	null	0	"2026_01_NO_DET"	0	0	null	null	null	1	25.65150260925293	0	"00-0033106"	3636	"pass"	"DET"	null	1	0	0	0	4	"00-0036963"	0	0	0	0	null	0	0	2026	"REG"	0	null	null	0	0	null	1	0.8465561866760254	0.7434849739074707	61	6	9
4	0	"NO"	3	-1.8262177531141788	null	null	0	"2026_01_NO_DET"	0	0	null	null	null	1	8.00657868385315	0	"00-0033106"	3661	"pass"	"DET"	null	1	0	0	0	4	"00-0036963"	0	0	0	0	null	0	0	2026	"REG"	0	null	null	0	0	null	1	0.8632510900497437	0.9199342131614685	55	0	3
null	0	"DET"	1	0.882806237321347	null	null	0	"2026_01_NO_DET"	0	0	null	null	null	0	-56.62264823913574	0	null	3704	"run"	"NO"	null	0	0	0	0	4	null	0	0	1	0	"00-0036973"	0	0	2026	"REG"	1	null	null	0	0	null	1	0.16541439294815063	0.5662264823913574	76	14	10
1	1	"DET"	1	-0.4313933062367141	null	null	0	"2026_01_NO_DET"	0	0	null	null	null	1	42.409443855285645	0	"00-0040743"	3726	"pass"	"NO"	null	1	0	0	0	4	"00-0036973"	0	0	0	0	null	0	0	2026	"REG"	0	null	null	0	0	null	1	0.19162361323833466	0.5759055614471436	62	2	10
-1	1	"DET"	3	-1.275189784194966	null	null	0	"2026_01_NO_DET"	0	0	null	null	null	1	3.9840102195739746	0	"00-0040743"	3954	"pass"	"NO"	null	1	0	0	0	4	"00-0036973"	0	0	0	0	null	0	0	2026	"REG"	0	null	null	0	0	null	1	0.29237595200538635	0.9601598978042603	11	1	5
-3	1	"NO"	3	-0.8198060334537245	null	null	0	"2026_01_NO_DET"	1	0	null	null	null	1	9.002304077148438	0	"00-0033106"	4279	"pass"	"DET"	null	1	0	0	0	4	"00-0036963"	0	0	0	0	null	0	0	2026	"REG"	0	null	null	0	0	null	1	0.8793052434921265	0.9099769592285156	9	4	9
4	1	"NO"	2	0.14668535185046494	null	null	0	"2026_01_NO_DET"	0	0	null	null	null	1	8.065342903137207	0	"00-0033106"	4639	"pass"	"DET"	null	1	0	0	0	4	"00-0036963"	0	0	0	0	null	0	0	2026	"REG"	1	null	null	0	0	null	1	0.6801249384880066	0.9193465709686279	63	7	8
null	0	"DET"	1	0.11637829354731366	null	null	0	"2026_01_NO_DET"	0	0	null	null	null	0	-79.80394959449768	0	null	4705	"run"	"NO"	null	0	0	0	0	4	null	0	0	1	0	"00-0036973"	0	0	2026	"REG"	1	null	null	0	0	null	1	0.5485785007476807	0.7980394959449768	80	18	10
2	1	"NO"	2	1.5271168612525798	null	null	0	"2026_01_NO_DET"	1	0	null	null	null	1	55.59138357639313	1	"00-0033106"	5097	"pass"	"DET"	null	1	0	0	0	5	"00-0036963"	0	0	0	0	null	0	0	2026	"REG"	1	"00-0036963"	"DET"	1	0	null	1	0.9304068047786132	0.4440861642360687	4	4	4
null	0	"DET"	1	-0.46168818447040394	null	null	0	"2026_01_NO_DET"	0	0	null	null	null	0	-67.98733472824097	0	null	5270	"run"	"NO"	null	0	0	0	0	5	null	0	0	1	0	"00-0036973"	0	0	2026	"REG"	0	null	null	0	0	null	1	0.5460417259018868	0.6798733472824097	53	1	10
1	1	"TB"	2	-0.6761500644497573	null	null	0	"2026_01_TB_CIN"	0	0	null	null	null	1	34.75934863090515	0	"00-0036442"	412	"pass"	"CIN"	null	1	0	0	0	1	"00-0038597"	0	0	0	0	null	0	0	2026	"REG"	0	null	null	0	0	null	1	0.5070710778236389	0.6524065136909485	71	1	7
10	0	"TB"	3	-1.4607325033284724	null	null	0	"2026_01_TB_CIN"	0	0	null	null	null	1	1.8080055713653564	0	"00-0036442"	437	"pass"	"CIN"	null	1	0	0	0	1	"00-0036900"	0	0	0	0	null	0	0	2026	"REG"	0	null	null	0	0	null	1	0.4926210939884186	0.9819199442863464	70	0	6
11	1	"TB"	1	0.7621686353813857	null	null	0	"2026_01_TB_CIN"	0	0	null	null	null	1	53.05781364440918	0	"00-0036442"	720	"pass"	"CIN"	null	1	0	0	0	1	"00-0038619"	0	0	0	0	null	0	0	2026	"REG"	1	null	null	0	0	null	1	0.7913928031921387	0.4694218635559082	33	12	10
14	0	"TB"	2	-0.727355744864326	null	null	0	"2026_01_TB_CIN"	0	0	null	null	null	1	36.946189403533936	0	"00-0036442"	767	"pass"	"CIN"	null	1	0	0	0	1	"00-0036900"	0	0	0	0	null	0	0	2026	"REG"	0	null	null	0	0	null	1	0.7988598346710205	0.6305381059646606	17	0	6
null	0	"TB"	3	1.2925029443576932	null	null	0	"2026_01_TB_CIN"	0	0	null	null	null	0	3.1597673892974854	0	null	790	"run"	"CIN"	null	1	0	1	0	1	null	0	0	1	0	"00-0036442"	0	0	2026	"REG"	1	null	null	0	0	null	1	0.7834898233413696	0.9684023261070251	17	6	6
1	1	"TB"	3	1.2547430866397917	null	null	0	"2026_01_TB_CIN"	0	0	null	null	null	1	70.86454629898071	1	"00-0036442"	861	"pass"	"CIN"	null	1	0	0	0	1	"00-0034829"	0	0	0	0	null	0	0	2026	"REG"	1	"00-0034829"	"CIN"	1	0	null	1	0.8027397394180298	0.29135453701019287	2	2	1
45	0	"TB"	1	-0.5163592007011175	null	null	0	"2026_01_TB_CIN"	0	0	null	null	null	1	52.602097392082214	0	"00-0036442"	1252	"pass"	"CIN"	null	1	0	0	0	2	"00-0036410"	0	0	0	0	null	0	0	2026	"REG"	0	null	null	0	0	null	1	0.8623172044754028	0.47397902607917786	80	0	10
0	1	"TB"	3	1.8722085591871291	null	null	0	"2026_01_TB_CIN"	0	0	null	null	null	1	2.1614372730255127	0	"00-0036442"	1304	"pass"	"CIN"	null	1	0	0	0	2	"00-0033526"	0	0	0	0	null	0	0	2026	"REG"	1	null	null	0	0	null	1	0.8573660254478455	0.9783856272697449	77	9	7
-6	1	"TB"	1	0.6969176649581641	null	null	0	"2026_01_TB_CIN"	0	0	null	null	null	1	50.26615262031555	0	"00-0036442"	1329	"pass"	"CIN"	null	1	0	0	0	2	"00-0038597"	0	0	0	0	null	0	0	2026	"REG"	1	null	null	0	0	null	1	0.87579345703125	0.4973384737968445	68	9	10
16	1	"TB"	1	0.8945304037770256	null	null	0	"2026_01_TB_CIN"	0	0	null	null	null	1	51.123496890068054	0	"00-0036442"	1376	"pass"	"CIN"	null	1	0	0	0	2	"00-0036900"	0	0	0	0	null	0	0	2026	"REG"	1	null	null	0	0	null	1	0.8905182480812073	0.48876503109931946	55	16	10
-3	1	"TB"	1	-0.3725062300218269	null	null	0	"2026_01_TB_CIN"	0	0	null	null	null	1	52.50513255596161	0	"00-0036442"	1406	"pass"	"CIN"	null	1	0	0	0	2	"00-0035631"	0	0	0	0	null	0	0	2026	"REG"	0	null	null	0	0	null	1	0.9016290307044983	0.4749486744403839	39	2	10
1	1	"TB"	2	0.48135968146380037	null	null	0	"2026_01_TB_CIN"	0	0	null	null	null	1	26.283884048461914	0	"00-0036442"	1431	"pass"	"CIN"	null	1	0	0	0	2	"00-0033526"	0	0	0	0	null	0	0	2026	"REG"	1	null	null	0	0	null	1	0.8959563374519348	0.7371611595153809	37	7	8
null	0	"TB"	3	0.47573743923567235	null	null	0	"2026_01_TB_CIN"	0	0	null	null	null	0	-25.79939067363739	0	null	1456	"run"	"CIN"	null	0	0	0	0	2	null	0	0	1	0	"00-0036442"	0	0	2026	"REG"	1	null	null	0	0	null	1	0.9028788805007935	0.2579939067363739	30	2	1
3	1	"TB"	1	0.696412933699321	null	null	0	"2026_01_TB_CIN"	0	0	null	null	null	1	53.9249986410141	0	"00-0036442"	1478	"pass"	"CIN"	null	1	0	0	0	2	"00-0036410"	0	0	0	0	null	0	0	2026	"REG"	1	null	null	0	0	null	1	0.9059689044952393	0.460750013589859	28	12	10
2	1	"TB"	1	1.0015354808419943	null	null	0	"2026_01_TB_CIN"	0	0	null	null	null	1	57.73847699165344	0	"00-0036442"	1506	"pass"	"CIN"	null	1	0	0	0	2	"00-0035631"	0	0	0	0	null	0	0	2026	"REG"	1	null	null	0	0	null	1	0.9163012504577637	0.4226152300834656	16	11	10
4	0	"TB"	1	-0.21527606761083007	null	null	0	"2026_01_TB_CIN"	0	0	null	null	null	1	24.041789770126343	0	"00-0036442"	1849	"pass"	"CIN"	null	1	0	0	0	2	"00-0034829"	0	0	0	0	null	0	0	2026	"REG"	0	null	null	0	0	null	1	0.9017111659049988	0.7595821022987366	72	0	10
10	1	"TB"	2	0.961041777394712	null	null	0	"2026_01_TB_CIN"	0	0	null	null	null	1	20.64393162727356	0	"00-0036442"	1872	"pass"	"CIN"	null	1	0	0	0	2	"00-0034829"	0	0	0	0	null	0	0	2026	"REG"	1	null	null	0	0	null	1	0.8950034976005554	0.7935606837272644	72	16	10
-2	0	"TB"	1	-0.26009302644524723	null	null	0	"2026_01_TB_CIN"	0	0	null	null	null	1	12.342172861099243	0	"00-0036442"	1897	"pass"	"CIN"	null	1	0	0	0	2	"00-0038597"	0	0	0	0	null	0	0	2026	"REG"	0	null	null	0	0	null	1	0.9103288054466248	0.8765782713890076	56	0	10
7	1	"TB"	2	0.9043454359052703	null	null	0	"2026_01_TB_CIN"	0	0	null	null	null	1	10.716480016708374	0	"00-0036442"	1920	"pass"	"CIN"	null	1	0	0	0	2	"00-0034829"	0	0	0	0	null	0	0	2026	"REG"	1	null	null	0	0	null	1	0.9041467308998108	0.8928351998329163	56	11	10
15	1	"TB"	1	1.6176296832272783	null	null	0	"2026_01_TB_CIN"	0	0	null	null	null	1	7.515650987625122	0	"00-0036442"	1945	"pass"	"CIN"	null	1	0	0	0	2	"00-0034829"	0	0	0	0	null	0	0	2026	"REG"	1	null	null	0	0	null	1	0.9114990830421448	0.9248434901237488	45	25	10
null	0	"TB"	1	1.6288215657987166	null	null	0	"2026_01_TB_CIN"	0	0	null	null	null	0	-86.51500344276428	0	null	1970	"run"	"CIN"	null	0	0	0	0	2	null	0	0	1	0	"00-0036442"	0	0	2026	"REG"	1	null	null	0	0	null	1	0.9235162138938904	0.8651500344276428	20	12	10
2	0	"TB"	2	-0.7969705411233008	null	null	0	"2026_01_TB_CIN"	1	0	null	null	null	1	26.651984453201294	0	"00-0036442"	2032	"pass"	"CIN"	null	1	0	0	0	2	"00-0034829"	0	0	0	0	null	0	0	2026	"REG"	0	null	null	0	0	null	1	0.9395344257354736	0.7334801554679871	2	0	2
0	1	"TB"	3	-1.6370061996742642	null	null	0	"2026_01_TB_CIN"	1	0	null	null	null	1	15.469402074813843	0	"00-0036442"	2062	"pass"	"CIN"	null	1	0	0	0	2	"00-0038619"	0	0	0	0	null	0	0	2026	"REG"	0	null	null	0	0	null	1	0.9331647753715515	0.8453059792518616	2	0	2
-6	1	"TB"	2	-1.2435970627702773	null	null	0	"2026_01_TB_CIN"	0	0	null	null	null	1	40.71696400642395	0	"00-0036442"	2231	"pass"	"CIN"	null	1	0	0	0	3	"00-0036900"	0	0	0	0	null	0	0	2026	"REG"	0	null	null	0	0	null	1	0.9124200344085693	0.5928303599357605	69	-4	6
12	1	"TB"	3	2.9607594925910234	null	null	0	"2026_01_TB_CIN"	0	0	null	null	null	1	2.9549717903137207	0	"00-0036442"	2256	"pass"	"CIN"	null	1	0	0	0	3	"00-0036410"	0	0	0	0	null	0	0	2026	"REG"	1	null	null	0	0	null	1	0.9026621580123901	0.9704502820968628	73	29	10
4	1	"TB"	2	-0.05948304303456098	null	null	0	"2026_01_TB_CIN"	0	0	null	null	null	1	18.389207124710083	0	"00-0036442"	2352	"pass"	"CIN"	null	1	0	0	0	3	"00-0034613"	0	0	0	0	null	0	0	2026	"REG"	0	null	null	0	0	null	1	0.9337368607521057	0.8161079287528992	32	4	11
null	0	"TB"	3	-2.759445096928292	null	null	0	"2026_01_TB_CIN"	0	0	null	null	null	1	3.44388484954834	0	"00-0036442"	2377	"pass"	"CIN"	null	1	0	0	0	3	null	0	0	0	0	null	1	0	2026	"REG"	0	null	null	0	0	null	1	0.9283769726753235	0.9655611515045166	28	-9	7
-2	1	"TB"	1	-0.5403677588328719	null	null	0	"2026_01_TB_CIN"	0	0	null	null	null	1	56.87189996242523	0	"00-0036442"	2758	"pass"	"CIN"	null	1	0	0	0	3	"00-0038597"	0	0	0	0	null	0	0	2026	"REG"	0	null	null	0	0	null	1	0.9478334188461304	0.4312810003757477	71	1	10
4	0	"TB"	3	-7.484114614780992	null	null	0	"2026_01_TB_CIN"	0	1	null	null	null	1	3.849005699157715	0	"00-0036442"	2805	"pass"	"CIN"	null	1	0	0	0	3	"00-0038619"	1	38	0	0	null	0	0	2026	"REG"	0	"00-0041502"	"TB"	1	0	null	1	0.9437931180000305	0.9615099430084229	66	0	5
29	0	"TB"	1	-0.5591434873640537	null	null	0	"2026_01_TB_CIN"	0	0	null	null	null	1	52.95386612415314	0	"00-0036442"	2935	"pass"	"CIN"	null	1	0	0	0	3	"00-0036410"	0	0	0	0	null	0	0	2026	"REG"	0	null	null	0	0	null	1	0.8150384426116943	0.47046133875846863	78	0	10
10	0	"TB"	2	-0.821858471725136	null	null	0	"2026_01_TB_CIN"	0	0	null	null	null	1	39.79706168174744	0	"00-0036442"	2960	"pass"	"CIN"	null	1	0	0	0	3	"00-0036410"	0	0	0	0	null	0	0	2026	"REG"	0	null	null	0	0	null	1	0.7976794242858887	0.6020293831825256	78	0	10
24	1	"TB"	3	3.1333971046842635	null	null	0	"2026_01_TB_CIN"	0	0	null	null	null	1	2.8404593467712402	0	"00-0036442"	3023	"pass"	"CIN"	null	1	0	0	0	3	"00-0034829"	0	0	0	0	null	0	0	2026	"REG"	1	null	null	0	0	null	1	0.7795332670211792	0.9715954065322876	78	24	10
0	1	"TB"	1	0.5655838274396956	null	null	0	"2026_01_TB_CIN"	0	0	null	null	null	1	54.71554696559906	0	"00-0036442"	3070	"pass"	"CIN"	null	1	0	0	0	3	"00-0038597"	0	0	0	0	null	0	0	2026	"REG"	1	null	null	0	0	null	1	0.8503710627555847	0.4528445303440094	44	8	10
0	0	"TB"	3	-1.996120831606396	null	null	0	"2026_01_TB_CIN"	0	0	null	null	null	1	3.908604383468628	0	"00-0036442"	3142	"pass"	"CIN"	null	1	0	0	0	4	null	0	0	0	0	null	0	0	2026	"REG"	0	null	null	0	0	null	1	0.8551519513130188	0.9609139561653137	40	0	6
1	1	"TB"	1	0.2522557091433555	null	null	0	"2026_01_TB_CIN"	0	0	null	null	null	1	66.5339469909668	0	"00-0036442"	3429	"pass"	"CIN"	null	1	0	0	0	4	"00-0035631"	0	0	0	0	null	0	0	2026	"REG"	1	null	null	0	0	null	1	0.932712972164154	0.33466053009033203	44	6	10
-3	1	"TB"	3	-0.9248884715489112	null	null	0	"2026_01_TB_CIN"	0	0	null	null	null	1	14.561766386032104	0	"00-0036442"	3571	"pass"	"CIN"	null	1	0	0	0	4	"00-0038597"	0	0	0	0	null	0	0	2026	"REG"	0	null	null	0	0	null	1	0.9704434275627136	0.854382336139679	12	3	5
2	1	"TB"	1	1.0343024519388564	null	null	0	"2026_01_TB_CIN"	0	0	null	null	null	1	80.76259046792984	0	"00-0036442"	3941	"pass"	"CIN"	null	1	0	0	0	4	"00-0040785"	0	0	0	0	null	0	0	2026	"REG"	1	null	null	0	0	null	1	0.895710289478302	0.1923740953207016	76	18	10
2	1	"TB"	1	0.7623215717612766	null	null	0	"2026_01_TB_CIN"	0	0	null	null	null	1	86.95904165506363	0	"00-0036442"	3966	"pass"	"CIN"	null	1	0	0	0	4	"00-0033526"	0	0	0	0	null	0	0	2026	"REG"	1	null	null	0	0	null	1	0.9376670122146606	0.1304095834493637	58	14	10
18	1	"TB"	2	0.5730018543545157	null	null	0	"2026_01_TB_CIN"	0	0	null	null	null	1	82.83778578042984	0	"00-0036442"	4020	"pass"	"CIN"	null	1	0	0	0	4	"00-0036410"	0	0	0	0	null	0	0	2026	"REG"	1	null	null	0	0	null	1	0.9624745845794678	0.1716221421957016	44	18	10
null	0	"TB"	3	0.2739808313199319	null	null	0	"2026_01_TB_CIN"	0	0	null	null	null	0	-6.524332612752914	0	null	4136	"run"	"CIN"	null	0	0	0	0	4	null	0	0	1	0	"00-0036442"	0	0	2026	"REG"	1	null	null	0	0	null	1	0.9914606809616089	0.06524332612752914	17	1	1
null	0	"TB"	1	-3.1864033907768317	null	null	0	"2026_01_TB_CIN"	0	0	null	null	null	0	null	0	null	4158	"qb_kneel"	"CIN"	null	0	1	0	0	4	null	0	0	1	0	"00-0036442"	0	0	2026	"REG"	0	null	null	0	0	null	1	0.9946742057800293	null	16	-1	10
2	1	"WAS"	2	-0.4999430605676025	null	null	0	"2026_01_WAS_PHI"	0	0	null	null	null	1	22.220677137374878	0	"00-0036389"	380	"pass"	"PHI"	null	1	0	0	0	1	"00-0040867"	0	0	0	0	null	0	0	2026	"REG"	0	null	null	0	0	null	1	0.5240640640258789	0.7777932286262512	55	3	11
-5	1	"WAS"	1	-1.0968404235318303	null	null	0	"2026_01_WAS_PHI"	0	0	null	null	null	1	27.877318859100342	0	"00-0036389"	579	"pass"	"PHI"	null	1	0	0	0	1	"00-0040867"	0	0	0	0	null	0	0	2026	"REG"	0	null	null	0	0	null	1	0.5121179223060608	0.7212268114089966	70	-5	19
8	0	"WAS"	2	-0.7847801570314914	null	null	0	"2026_01_WAS_PHI"	0	0	null	null	null	1	35.60352325439453	0	"00-0036389"	1141	"pass"	"PHI"	null	1	0	0	0	2	"00-0040867"	0	0	0	0	null	0	0	2026	"REG"	0	null	null	0	0	null	1	0.7217967510223389	0.6439647674560547	69	0	6
-5	1	"WAS"	2	-1.5036211675032973	null	null	0	"2026_01_WAS_PHI"	0	0	null	null	null	1	19.714069366455078	0	"00-0036389"	2188	"pass"	"PHI"	null	1	0	0	0	3	"00-0040867"	0	0	0	0	null	0	0	2026	"REG"	0	null	null	0	0	null	1	0.6940373778343201	0.8028593063354492	75	-3	11
null	0	"CAR"	1	-0.12113160197623074	null	null	0	"2026_02_CAR_ATL"	0	0	null	null	null	0	-46.0319459438324	0	null	505	"run"	"ATL"	null	0	0	0	0	1	null	0	0	1	0	"00-0038542"	0	0	2026	"REG"	0	null	null	0	0	null	2	0.36215293407440186	0.460319459438324	57	4	10
null	0	"CAR"	2	-0.7430269957985729	null	null	0	"2026_02_CAR_ATL"	0	0	null	null	null	0	-60.02092957496643	0	null	527	"run"	"ATL"	null	0	0	0	0	1	null	0	0	1	0	"00-0038542"	0	0	2026	"REG"	0	null	null	0	0	null	2	0.3501811623573303	0.6002092957496643	53	1	6
11	0	"CAR"	3	-3.9450910622254014	null	null	0	"2026_02_CAR_ATL"	0	1	null	null	null	1	2.7774810791015625	0	"00-0033662"	549	"pass"	"ATL"	null	1	0	0	0	1	"00-0038542"	0	3	0	0	null	0	0	2026	"REG"	0	null	null	0	0	null	2	0.333469033241272	0.9722251892089844	52	0	5
null	0	"CAR"	1	-0.4280609586276114	null	null	0	"2026_02_CAR_ATL"	0	0	null	null	null	0	-46.29939794540405	0	null	701	"run"	"ATL"	null	0	0	0	0	1	null	0	0	1	0	"00-0038542"	0	0	2026	"REG"	0	null	null	0	0	null	2	0.30877941846847534	0.4629939794540405	84	3	10
null	0	"CAR"	2	-0.5757633415050805	null	null	0	"2026_02_CAR_ATL"	0	0	null	null	null	0	-64.71607685089111	0	null	730	"run"	"ATL"	null	0	0	0	0	1	null	0	0	1	0	"00-0038542"	0	0	2026	"REG"	0	null	null	0	0	null	2	0.305719792842865	0.6471607685089111	81	2	7
4	0	"CAR"	3	-1.559619742911309	null	null	0	"2026_02_CAR_ATL"	0	0	null	null	null	1	2.4120569229125977	0	"00-0033662"	752	"pass"	"ATL"	null	1	0	0	0	1	"00-0036970"	0	0	0	0	null	0	0	2026	"REG"	0	null	null	0	0	null	2	0.3023921847343445	0.975879430770874	79	0	5
null	0	"CAR"	2	0.2185801644809544	null	null	0	"2026_02_CAR_ATL"	0	0	null	null	null	0	-69.35321092605591	0	null	1111	"run"	"ATL"	null	0	0	0	0	1	null	0	0	1	0	"00-0038542"	0	0	2026	"REG"	1	null	null	0	0	null	2	0.29470404982566833	0.6935321092605591	37	5	7
null	0	"CAR"	3	-1.0039179497398436	null	null	0	"2026_02_CAR_ATL"	0	0	null	null	null	0	-65.56100249290466	0	null	1133	"run"	"ATL"	null	0	0	0	0	1	null	0	0	1	0	"00-0038542"	0	0	2026	"REG"	0	null	null	0	0	null	2	0.3010668456554413	0.6556100249290466	32	1	2
null	0	"CAR"	1	-0.4737597922794521	null	null	0	"2026_02_CAR_ATL"	0	0	null	null	null	0	-49.341630935668945	0	null	1317	"run"	"ATL"	null	0	0	0	0	2	null	0	0	1	0	"00-0038542"	0	0	2026	"REG"	0	null	null	0	0	null	2	0.24368779361248016	0.49341630935668945	81	2	10
null	0	"CAR"	1	-0.5304494821466506	null	null	0	"2026_02_CAR_ATL"	0	0	null	null	null	0	-50.10658502578735	0	null	1371	"run"	"ATL"	null	0	0	0	0	2	null	0	0	1	0	"00-0038542"	0	0	2026	"REG"	0	null	null	0	0	null	2	0.2541030943393707	0.5010658502578735	71	2	10
-2	1	"CAR"	2	-0.42198176169767976	null	null	0	"2026_02_CAR_ATL"	0	0	null	null	null	1	24.578315019607544	0	"00-0033662"	1393	"pass"	"ATL"	null	1	0	0	0	2	"00-0038542"	0	0	0	0	null	0	0	2026	"REG"	0	null	null	0	0	null	2	0.23011650145053864	0.7542168498039246	69	3	8
null	0	"CAR"	1	0.26357527379877865	null	null	0	"2026_02_CAR_ATL"	0	0	null	null	null	0	-56.15845322608948	0	null	1785	"run"	"ATL"	null	0	0	0	0	2	null	0	0	1	0	"00-0038542"	0	0	2026	"REG"	1	null	null	0	0	null	2	0.12233861535787582	0.5615845322608948	94	6	16
11	1	"CAR"	1	1.2969571674475446	null	null	0	"2026_02_CAR_ATL"	0	0	null	null	null	1	24.687641859054565	0	"00-0033662"	1881	"pass"	"ATL"	null	1	0	0	0	2	"00-0036970"	0	0	0	0	null	0	0	2026	"REG"	1	null	null	0	0	null	2	0.14164413511753082	0.7531235814094543	82	15	15
null	0	"CAR"	1	0.344112079590559	null	null	0	"2026_02_CAR_ATL"	0	0	null	null	null	0	-64.72080945968628	0	null	1911	"run"	"ATL"	null	0	0	0	0	2	null	0	0	1	0	"00-0038542"	0	0	2026	"REG"	1	null	null	0	0	null	2	0.15851953625679016	0.6472080945968628	67	8	10
null	0	"CAR"	1	-0.33796711452305317	null	null	0	"2026_02_CAR_ATL"	0	0	null	null	null	0	-83.13868641853333	0	null	1986	"run"	"ATL"	null	0	0	0	0	2	null	0	0	1	0	"00-0038542"	0	0	2026	"REG"	0	null	null	0	0	null	2	0.17285464704036713	0.8313868641853333	42	2	10
null	0	"CAR"	2	1.1095966593711637	null	null	0	"2026_02_CAR_ATL"	0	0	null	null	null	0	-90.40141105651855	0	null	2008	"run"	"ATL"	null	0	0	0	0	2	null	0	0	1	0	"00-0038542"	0	0	2026	"REG"	1	null	null	0	0	null	2	0.1616925448179245	0.9040141105651855	40	11	8
-1	1	"CAR"	1	-0.3208503869827837	null	null	0	"2026_02_CAR_ATL"	0	0	null	null	null	1	12.635481357574463	0	"00-0033662"	2052	"pass"	"ATL"	null	1	0	0	0	2	"00-0038542"	0	0	0	0	null	0	0	2026	"REG"	0	null	null	0	0	null	2	0.18451081216335297	0.8736451864242554	29	2	10
4	1	"CAR"	2	0.17799404705874622	null	null	0	"2026_02_CAR_ATL"	0	0	null	null	null	1	9.237068891525269	0	"00-0033662"	2087	"pass"	"ATL"	null	1	0	0	0	2	"00-0038542"	0	0	0	0	null	0	0	2026	"REG"	1	null	null	0	0	null	2	0.19678033888339996	0.9076293110847473	27	4	8
null	0	"CAR"	1	0.2658271885011345	null	null	0	"2026_02_CAR_ATL"	0	0	null	null	null	0	-62.466466426849365	0	null	2924	"run"	"ATL"	null	0	0	0	0	3	null	0	0	1	0	"00-0038542"	0	0	2026	"REG"	1	null	null	0	0	null	2	0.01535237580537796	0.6246646642684937	65	6	10
null	0	"CAR"	1	0.58109608781524	null	null	0	"2026_02_CAR_ATL"	0	0	null	null	null	0	-62.678200006484985	0	null	2971	"run"	"ATL"	null	0	0	0	0	3	null	0	0	1	0	"00-0038542"	0	0	2026	"REG"	1	null	null	0	0	null	2	0.012894307263195515	0.6267820000648499	53	11	10
null	0	"CAR"	1	-0.1715660966001451	null	null	0	"2026_02_CAR_ATL"	0	0	null	null	null	0	-62.53032684326172	0	null	2998	"run"	"ATL"	null	0	0	0	0	3	null	0	0	1	0	"00-0038542"	0	0	2026	"REG"	0	null	null	0	0	null	2	0.013230246491730213	0.6253032684326172	42	4	10
11	0	"CAR"	2	-8.047858335776255	null	null	0	"2026_02_CAR_ATL"	0	1	null	null	null	1	23.36326241493225	0	"00-0033662"	3020	"pass"	"ATL"	null	1	0	0	0	3	"00-0036970"	0	53	0	0	null	0	0	2026	"REG"	0	null	null	0	0	null	2	0.01238726731389761	0.7663673758506775	38	0	6
null	0	"CAR"	1	-0.27884987997822464	null	null	0	"2026_02_CAR_ATL"	0	0	null	null	null	0	-71.28121256828308	0	null	3403	"run"	"ATL"	null	0	0	0	0	3	null	0	0	1	0	"00-0038542"	0	0	2026	"REG"	0	null	null	0	0	null	2	0.0006354470970109105	0.7128121256828308	50	4	10
null	0	"HOU"	null	0.9793857608456165	null	null	0	"2026_02_CIN_HOU"	0	0	64	"00-0032726"	"00-0040785"	0	null	0	null	40	"kickoff"	"CIN"	null	0	0	0	0	1	null	0	40	0	0	null	0	0	2026	"REG"	1	null	null	0	0	null	2	0.4332079589366913	null	35	0	0
-1	0	"HOU"	1	-0.5693389903753996	null	null	0	"2026_02_CIN_HOU"	0	0	null	null	null	1	52.869442105293274	0	"00-0036442"	63	"pass"	"CIN"	null	1	0	0	0	1	"00-0038597"	0	0	0	0	null	0	0	2026	"REG"	0	null	null	0	0	null	2	0.454899400472641	0.47130557894706726	59	0	10
6	1	"HOU"	2	-0.017816887702792883	null	null	0	"2026_02_CIN_HOU"	0	0	null	null	null	1	56.22555911540985	0	"00-0036442"	86	"pass"	"CIN"	null	1	0	0	0	1	"00-0036900"	0	0	0	0	null	0	0	2026	"REG"	0	null	null	0	0	null	2	0.43678146600723267	0.4377444088459015	59	6	10
15	0	"HOU"	3	-1.8947947674896568	null	null	0	"2026_02_CIN_HOU"	0	0	null	null	null	1	5.858629941940308	0	"00-0036442"	111	"pass"	"CIN"	null	1	0	0	0	1	"00-0036900"	0	0	0	0	null	0	0	2026	"REG"	0	null	null	0	0	null	2	0.4307655692100525	0.9414137005805969	53	0	4
4	0	"CIN"	2	-0.7944905706681311	null	null	0	"2026_02_CIN_HOU"	0	0	null	null	null	1	34.30996537208557	0	"00-0039163"	229	"pass"	"HOU"	null	1	0	0	0	1	"00-0038618"	0	0	0	0	null	0	0	2026	"REG"	0	null	null	0	0	null	2	0.5930930376052856	0.6569003462791443	85	0	8
7	0	"CIN"	3	-1.4257311900146306	null	null	0	"2026_02_CIN_HOU"	0	0	null	null	null	1	1.873713731765747	0	"00-0039163"	252	"pass"	"HOU"	null	1	0	0	0	1	"00-0038728"	0	0	0	0	null	0	0	2026	"REG"	0	null	null	0	0	null	2	0.5677096843719482	0.9812628626823425	85	0	8
7	1	"HOU"	2	1.0309153164271265	null	null	0	"2026_02_CIN_HOU"	0	0	null	null	null	1	33.012545108795166	0	"00-0036442"	336	"pass"	"CIN"	null	1	0	0	0	1	"00-0036900"	0	0	0	0	null	0	0	2026	"REG"	1	null	null	0	0	null	2	0.46184656023979187	0.6698745489120483	52	8	8
-5	0	"HOU"	2	-0.9568262051325291	null	null	0	"2026_02_CIN_HOU"	0	0	null	null	null	1	23.278439044952393	0	"00-0036442"	407	"pass"	"CIN"	null	1	0	0	0	1	"00-0038597"	0	0	0	0	null	0	0	2026	"REG"	0	null	null	0	0	null	2	0.453743040561676	0.7672156095504761	45	0	11
null	0	"HOU"	3	-1.955193959409371	null	null	0	"2026_02_CIN_HOU"	0	0	null	null	null	1	2.25641131401062	0	"00-0036442"	430	"pass"	"CIN"	null	1	0	0	0	1	null	0	0	0	0	null	1	0	2026	"REG"	0	null	null	0	0	null	2	0.42158278822898865	0.9774358868598938	45	-6	11
8	0	"CIN"	3	-1.4472293364815414	null	null	0	"2026_02_CIN_HOU"	0	0	null	null	null	1	3.6683976650238037	0	"00-0039163"	521	"pass"	"HOU"	null	1	0	0	0	1	"00-0038618"	0	0	0	0	null	0	0	2026	"REG"	0	null	null	0	0	null	2	0.5677953958511353	0.963316023349762	87	0	5
6	1	"HOU"	1	-0.2051023761741817	null	null	0	"2026_02_CIN_HOU"	0	0	null	null	null	1	29.16162610054016	0	"00-0036442"	667	"pass"	"CIN"	null	1	0	0	0	1	"00-0041069"	0	0	0	0	null	0	0	2026	"REG"	0	null	null	0	0	null	2	0.4530066251754761	0.7083837389945984	55	7	20
-3	1	"HOU"	2	-0.7135067114140838	null	null	0	"2026_02_CIN_HOU"	0	0	null	null	null	1	19.21166181564331	0	"00-0036442"	692	"pass"	"CIN"	null	1	0	0	0	1	"00-0036900"	0	0	0	0	null	0	0	2026	"REG"	0	null	null	0	0	null	2	0.4590127170085907	0.8078833818435669	48	2	13
-2	1	"HOU"	3	-0.8858616873621941	null	null	0	"2026_02_CIN_HOU"	0	0	null	null	null	1	2.211064100265503	0	"00-0036442"	724	"pass"	"CIN"	null	1	0	0	0	1	"00-0038597"	0	0	0	0	null	0	0	2026	"REG"	0	null	null	0	0	null	2	0.42999565601348877	0.977889358997345	46	6	11
0	0	"CIN"	1	-0.6008416777476668	null	null	0	"2026_02_CIN_HOU"	0	0	null	null	null	1	59.7656786441803	0	"00-0039163"	809	"pass"	"HOU"	null	1	0	0	0	1	"00-0040138"	0	0	0	0	null	0	0	2026	"REG"	0	null	null	0	0	null	2	0.5864290595054626	0.402343213558197	92	0	10
5	1	"CIN"	2	0.09040267276577652	null	null	0	"2026_02_CIN_HOU"	0	0	null	null	null	1	48.33606481552124	0	"00-0039163"	848	"pass"	"HOU"	null	1	0	0	0	1	"00-0034383"	0	0	0	0	null	0	0	2026	"REG"	1	null	null	0	0	null	2	0.5692716240882874	0.5166393518447876	92	7	10
5	1	"CIN"	3	3.238122530048713	null	null	0	"2026_02_CIN_HOU"	0	0	null	null	null	1	8.190536499023438	0	"00-0039163"	873	"pass"	"HOU"	null	1	0	0	0	1	"00-0034383"	0	0	0	0	null	0	0	2026	"REG"	1	null	null	0	0	null	2	0.5802634954452515	0.9180946350097656	85	35	3
14	1	"CIN"	1	0.9259977545589209	null	null	0	"2026_02_CIN_HOU"	0	0	null	null	null	1	27.0027756690979	0	"00-0039163"	936	"pass"	"HOU"	null	1	0	0	0	1	"00-0038608"	0	0	0	0	null	0	0	2026	"REG"	1	null	null	0	0	null	2	0.6329304575920105	0.729972243309021	60	15	20
2	0	"CIN"	2	-0.7979507175041363	null	null	0	"2026_02_CIN_HOU"	0	0	null	null	null	1	18.492788076400757	0	"00-0039163"	1005	"pass"	"HOU"	null	1	0	0	0	1	"00-0038618"	0	0	0	0	null	0	0	2026	"REG"	0	null	null	0	0	null	2	0.6741420030593872	0.8150721192359924	34	0	12
4	1	"CIN"	3	2.5478853067033924	null	null	0	"2026_02_CIN_HOU"	0	0	null	null	null	1	4.0306031703948975	0	"00-0039163"	1028	"pass"	"HOU"	null	1	0	0	0	1	"00-0040583"	0	0	0	0	null	0	0	2026	"REG"	1	null	null	0	0	null	2	0.6450853943824768	0.959693968296051	34	12	12
0	1	"CIN"	3	-0.8730259282747284	null	null	0	"2026_02_CIN_HOU"	0	0	null	null	null	1	2.249586582183838	0	"00-0039163"	1117	"pass"	"HOU"	null	1	0	0	0	2	"00-0040583"	0	0	0	0	null	0	0	2026	"REG"	0	null	null	0	0	null	2	0.6733067631721497	0.9775041341781616	20	4	8
15	1	"HOU"	2	1.4733047077897936	null	null	0	"2026_02_CIN_HOU"	0	0	null	null	null	1	62.3367965221405	0	"00-0036442"	1235	"pass"	"CIN"	null	1	0	0	0	2	"00-0036410"	0	0	0	0	null	0	0	2026	"REG"	1	null	null	0	0	null	2	0.42744988203048706	0.37663203477859497	77	21	3
8	0	"HOU"	1	-0.45533850556239486	null	null	0	"2026_02_CIN_HOU"	0	0	null	null	null	1	52.20952928066254	0	"00-0036442"	1260	"pass"	"CIN"	null	1	0	0	0	2	"00-0036410"	0	0	0	0	null	0	0	2026	"REG"	0	null	null	0	0	null	2	0.4681582748889923	0.47790470719337463	56	0	10
null	0	"HOU"	2	-1.2108711004257202	null	null	0	"2026_02_CIN_HOU"	0	0	null	null	null	1	17.45588183403015	0	"00-0036442"	1307	"pass"	"CIN"	null	1	0	0	0	2	null	0	0	0	0	null	1	0	2026	"REG"	0	null	null	0	0	null	2	0.4277534484863281	0.8254411816596985	61	-6	15
-3	1	"HOU"	3	-0.5935335070826113	null	null	0	"2026_02_CIN_HOU"	0	0	null	null	null	1	28.57884168624878	0	"00-0036442"	1351	"pass"	"CIN"	null	1	0	0	0	2	"00-0038597"	0	0	0	0	null	0	0	2026	"REG"	0	null	null	0	0	null	2	0.38590073585510254	0.7142115831375122	72	-1	26
14	1	"CIN"	1	1.462703513680026	null	null	0	"2026_02_CIN_HOU"	0	0	null	null	null	1	51.25477910041809	0	"00-0039163"	1395	"pass"	"HOU"	null	1	0	0	0	2	"00-0034981"	0	0	0	0	null	0	0	2026	"REG"	1	null	null	0	0	null	2	0.6215268969535828	0.4874522089958191	67	25	10
9	1	"CIN"	2	1.094027704326436	null	null	0	"2026_02_CIN_HOU"	0	0	null	null	null	1	38.65675926208496	0	"00-0039163"	1449	"pass"	"HOU"	null	1	0	0	0	2	"00-0034383"	0	0	0	0	null	0	0	2026	"REG"	1	null	null	0	0	null	2	0.678280234336853	0.6134324073791504	38	11	6
1	1	"CIN"	1	-0.42641639546491206	null	null	0	"2026_02_CIN_HOU"	0	0	null	null	null	1	55.636051297187805	0	"00-0039163"	1474	"pass"	"HOU"	null	1	0	0	0	2	"00-0038608"	0	0	0	0	null	0	0	2026	"REG"	0	null	null	0	0	null	2	0.7001413106918335	0.44363948702812195	27	1	10
4	1	"CIN"	3	0.252128800842911	null	null	0	"2026_02_CIN_HOU"	0	0	null	null	null	1	2.25483775138855	0	"00-0039163"	1521	"pass"	"HOU"	null	1	0	0	0	2	"00-0035685"	0	0	0	0	null	0	0	2026	"REG"	1	null	null	0	0	null	2	0.6720613241195679	0.9774516224861145	26	8	9
-4	1	"HOU"	2	-1.1325014231260866	null	null	0	"2026_02_CIN_HOU"	0	0	null	null	null	1	49.11684989929199	0	"00-0036442"	1600	"pass"	"CIN"	null	1	0	0	0	2	"00-0038597"	0	0	0	0	null	0	0	2026	"REG"	0	null	null	0	0	null	2	0.430675208568573	0.5088315010070801	76	-3	5
14	1	"HOU"	3	2.3808986090589315	null	null	0	"2026_02_CIN_HOU"	0	0	null	null	null	1	1.7155051231384277	0	"00-0036442"	1625	"pass"	"CIN"	null	1	0	0	0	2	"00-0036410"	0	0	0	0	null	0	0	2026	"REG"	1	null	null	0	0	null	2	0.4008912742137909	0.9828449487686157	79	18	8
6	0	"HOU"	2	-0.7492018680786714	null	null	0	"2026_02_CIN_HOU"	0	0	null	null	null	1	56.06195330619812	0	"00-0036442"	1675	"pass"	"CIN"	null	1	0	0	0	2	"00-0036900"	0	0	0	0	null	0	0	2026	"REG"	0	null	null	0	0	null	2	0.4637039303779602	0.4393804669380188	55	0	4
5	1	"HOU"	3	2.3122945461655036	null	null	0	"2026_02_CIN_HOU"	0	0	null	null	null	1	5.168968439102173	0	"00-0036442"	1698	"pass"	"CIN"	null	1	0	0	0	2	"00-0036410"	0	0	0	0	null	0	0	2026	"REG"	1	null	null	0	0	null	2	0.4427538812160492	0.9483103156089783	55	23	4
32	1	"HOU"	1	3.293495084857568	null	null	0	"2026_02_CIN_HOU"	0	0	null	null	null	1	54.61132824420929	1	"00-0036442"	1723	"pass"	"CIN"	null	1	0	0	0	2	"00-0036900"	0	0	0	0	null	0	0	2026	"REG"	1	"00-0036900"	"CIN"	1	0	null	2	0.54608553647995	0.4538867175579071	32	32	10
7	1	"CIN"	1	0.7688942267559469	null	null	0	"2026_02_CIN_HOU"	0	0	null	null	null	1	41.03341102600098	0	"00-0039163"	1800	"pass"	"HOU"	null	1	0	0	0	2	"00-0038618"	0	0	0	0	null	0	0	2026	"REG"	1	null	null	0	0	null	2	0.3549729287624359	0.5896658897399902	73	13	10
8	1	"CIN"	1	0.9479181079077534	null	null	0	"2026_02_CIN_HOU"	0	0	null	null	null	1	36.660927534103394	0	"00-0039163"	1825	"pass"	"HOU"	null	1	0	0	0	2	"00-0034383"	0	0	0	0	null	0	0	2026	"REG"	1	null	null	0	0	null	2	0.3844101130962372	0.6333907246589661	60	15	10
5	1	"CIN"	1	0.3432025035144761	null	null	0	"2026_02_CIN_HOU"	0	0	null	null	null	1	25.758516788482666	0	"00-0039163"	1850	"pass"	"HOU"	null	1	0	0	0	2	"00-0038618"	0	0	0	0	null	0	0	2026	"REG"	1	null	null	0	0	null	2	0.40830835700035095	0.7424148321151733	45	6	10
37	0	"CIN"	2	-0.6421598481247202	null	null	0	"2026_02_CIN_HOU"	0	0	null	null	null	1	31.990009546279907	0	"00-0039163"	1875	"pass"	"HOU"	null	1	0	0	0	2	"00-0038728"	0	0	0	0	null	0	0	2026	"REG"	0	null	null	0	0	null	2	0.40486598014831543	0.6800999045372009	39	0	4
13	1	"CIN"	1	1.2334672977449372	null	null	0	"2026_02_CIN_HOU"	0	0	null	null	null	1	21.13783359527588	0	"00-0039163"	1939	"pass"	"HOU"	null	1	0	0	0	2	"00-0038618"	0	0	0	0	null	0	0	2026	"REG"	1	null	null	0	0	null	2	0.42197185754776	0.7886216640472412	34	18	10
-7	1	"CIN"	2	-1.5901468159281649	null	null	0	"2026_02_CIN_HOU"	0	0	null	null	null	1	16.942888498306274	0	"00-0039163"	1991	"pass"	"HOU"	null	1	0	0	0	2	"00-0040583"	0	0	0	0	null	0	0	2026	"REG"	0	null	null	0	0	null	2	0.45027872920036316	0.8305711150169373	13	-6	7
14	0	"CIN"	3	-0.38384032696212644	null	null	0	"2026_02_CIN_HOU"	0	0	null	null	null	1	4.829919338226318	0	"00-0039163"	2023	"pass"	"HOU"	null	1	0	0	0	2	null	0	0	0	0	null	0	0	2026	"REG"	0	null	null	0	0	null	2	0.40291815996170044	0.9517008066177368	19	0	13
null	0	"CIN"	4	0.40347986067372377	null	"made"	0	"2026_02_CIN_HOU"	0	0	37	"00-0032726"	null	0	null	0	null	2053	"field_goal"	"HOU"	null	0	0	0	0	2	null	0	0	0	0	null	0	0	2026	"REG"	1	null	null	0	0	null	2	0.3705078065395355	null	19	0	13
null	0	"HOU"	null	-0.3320369237335399	null	null	0	"2026_02_CIN_HOU"	0	0	62	"00-0032726"	"00-0040785"	0	null	0	null	2073	"kickoff"	"CIN"	null	0	0	0	0	2	null	0	25	0	0	null	0	0	2026	"REG"	0	null	null	0	0	null	2	0.5866528749465942	null	35	0	0
9	0	"HOU"	1	-0.11491383041720837	null	null	0	"2026_02_CIN_HOU"	0	0	null	null	null	1	23.512864112854004	0	"00-0036442"	2107	"pass"	"CIN"	null	1	0	0	0	2	"00-0036410"	0	0	0	0	null	0	0	2026	"REG"	0	null	null	0	0	null	2	0.5714642405509949	0.76487135887146	82	0	10
6	1	"HOU"	2	0.1521602957509458	null	null	0	"2026_02_CIN_HOU"	0	0	null	null	null	1	29.06671166419983	0	"00-0036442"	2130	"pass"	"CIN"	null	1	0	0	0	2	"00-0036410"	0	0	0	0	null	0	0	2026	"REG"	1	null	null	0	0	null	2	0.5585088729858398	0.7093328833580017	82	10	10
8	0	"HOU"	1	-0.12164973106700927	null	null	0	"2026_02_CIN_HOU"	0	0	null	null	null	1	14.691650867462158	0	"00-0036442"	2155	"pass"	"CIN"	null	1	0	0	0	2	"00-0036410"	0	0	0	0	null	0	0	2026	"REG"	0	null	null	0	0	null	2	0.5939568281173706	0.8530834913253784	72	0	10
null	0	"HOU"	2	-0.3451582539710216	null	null	0	"2026_02_CIN_HOU"	0	0	null	null	null	1	14.391881227493286	0	"00-0036442"	2178	"pass"	"CIN"	null	1	0	0	0	2	null	0	0	0	0	null	1	0	2026	"REG"	0	null	null	0	0	null	2	0.5761544108390808	0.8560811877250671	72	-5	10
14	1	"CIN"	1	0.17606809921562672	null	null	0	"2026_02_CIN_HOU"	0	0	null	null	null	1	24.937212467193604	0	"00-0039163"	2260	"pass"	"HOU"	null	1	0	0	0	2	"00-0038728"	0	0	0	0	null	0	0	2026	"REG"	1	null	null	0	0	null	2	0.4276188611984253	0.750627875328064	76	18	10
-1	0	"CIN"	1	-0.0937308354768902	null	null	0	"2026_02_CIN_HOU"	0	0	null	null	null	1	1.862567663192749	0	"00-0039163"	2329	"pass"	"HOU"	null	1	0	0	0	2	"00-0040138"	0	0	0	0	null	0	0	2026	"REG"	0	null	null	0	0	null	2	0.4066309332847595	0.9813743233680725	53	0	10
13	0	"CIN"	2	-0.3205880800378509	null	null	0	"2026_02_CIN_HOU"	0	0	null	null	null	1	3.1682729721069336	0	"00-0039163"	2352	"pass"	"HOU"	null	1	0	0	0	2	null	0	0	0	0	null	0	0	2026	"REG"	0	null	null	0	0	null	2	0.3904559016227722	0.9683172702789307	53	0	10
14	0	"CIN"	1	-0.49710161285474896	null	null	0	"2026_02_CIN_HOU"	0	0	null	null	null	1	53.65188717842102	0	"00-0039163"	2421	"pass"	"HOU"	null	1	0	0	0	3	"00-0038618"	0	0	0	0	null	0	0	2026	"REG"	0	null	null	0	0	null	2	0.4234278202056885	0.4634811282157898	64	0	10
8	0	"CIN"	2	-0.8579321652650833	null	null	0	"2026_02_CIN_HOU"	0	0	null	null	null	1	47.22996950149536	0	"00-0039163"	2444	"pass"	"HOU"	null	1	0	0	0	3	"00-0040138"	0	0	0	0	null	0	0	2026	"REG"	0	null	null	0	0	null	2	0.40448054671287537	0.5277003049850464	64	0	10
10	0	"CIN"	3	-1.5456242403015494	null	null	0	"2026_02_CIN_HOU"	0	0	null	null	null	1	2.236044406890869	0	"00-0039163"	2467	"pass"	"HOU"	null	1	0	0	0	3	"00-0038728"	0	0	0	0	null	0	0	2026	"REG"	0	null	null	0	0	null	2	0.36569374799728394	0.9776395559310913	64	0	10
0	1	"HOU"	1	0.01056878746021539	null	null	0	"2026_02_CIN_HOU"	0	0	null	null	null	1	67.41738617420197	0	"00-0036442"	2532	"pass"	"CIN"	null	1	0	0	0	3	"00-0039814"	0	0	0	0	null	0	0	2026	"REG"	1	null	null	0	0	null	2	0.6918197870254517	0.32582613825798035	41	5	10
6	1	"HOU"	3	-0.3141842043863068	null	null	0	"2026_02_CIN_HOU"	0	0	null	null	null	1	2.2211015224456787	0	"00-0036442"	2586	"pass"	"CIN"	null	1	0	0	0	3	"00-0038619"	0	0	0	0	null	0	0	2026	"REG"	0	null	null	0	0	null	2	0.6805709004402161	0.9777889847755432	40	7	9
0	1	"CIN"	2	1.0271852489095181	null	null	0	"2026_02_CIN_HOU"	0	0	null	null	null	1	29.20372486114502	0	"00-0039163"	2683	"pass"	"HOU"	null	1	0	0	0	3	"00-0034981"	0	0	0	0	null	0	0	2026	"REG"	1	null	null	0	0	null	2	0.2923997640609741	0.7079627513885498	70	9	7
null	0	"CIN"	1	1.3783822583500296	null	null	0	"2026_02_CIN_HOU"	0	0	null	null	null	0	25.827080011367798	0	null	2732	"run"	"HOU"	null	1	0	1	0	3	null	0	0	1	0	"00-0039163"	0	0	2026	"REG"	1	null	null	0	0	null	2	0.29792821407318115	0.741729199886322	66	14	15
3	1	"CIN"	1	0.7191165263066068	null	null	0	"2026_02_CIN_HOU"	0	0	null	null	null	1	49.11733269691467	0	"00-0039163"	2776	"pass"	"HOU"	null	1	0	0	0	3	"00-0040583"	0	0	0	0	null	0	0	2026	"REG"	1	null	null	0	0	null	2	0.3323436379432678	0.5088266730308533	49	9	10
4	0	"CIN"	2	-0.5903351785382256	null	null	0	"2026_02_CIN_HOU"	0	0	null	null	null	1	77.67972648143768	0	"00-0039163"	2801	"pass"	"HOU"	null	1	0	0	0	3	"00-0040583"	0	0	0	0	null	0	0	2026	"REG"	0	null	null	0	0	null	2	0.36416247487068176	0.22320273518562317	40	0	1
null	0	"CIN"	4	-3.007411968720642	null	"missed"	0	"2026_02_CIN_HOU"	0	0	58	"00-0032726"	null	0	null	0	null	2846	"field_goal"	"HOU"	null	0	0	0	0	3	null	0	0	0	0	null	0	0	2026	"REG"	0	null	null	0	0	null	2	0.27697864174842834	null	40	0	1
4	1	"HOU"	1	-0.1896256257314235	null	null	0	"2026_02_CIN_HOU"	0	0	null	null	null	1	56.39728903770447	0	"00-0036442"	2867	"pass"	"CIN"	null	1	0	0	0	3	"00-0036900"	0	0	0	0	null	0	0	2026	"REG"	0	null	null	0	0	null	2	0.817859411239624	0.4360271096229553	52	4	10
7	1	"HOU"	3	2.5203633540077135	null	null	0	"2026_02_CIN_HOU"	0	0	null	null	null	1	2.3138225078582764	0	"00-0036442"	2945	"pass"	"CIN"	null	1	0	0	0	3	"00-0033526"	0	0	0	0	null	0	0	2026	"REG"	1	null	null	0	0	null	2	0.7871680855751038	0.9768617749214172	49	16	7
-1	0	"HOU"	1	-0.44011120311915874	null	null	0	"2026_02_CIN_HOU"	0	0	null	null	null	1	56.9975346326828	0	"00-0036442"	2970	"pass"	"CIN"	null	1	0	0	0	3	"00-0039814"	0	0	0	0	null	0	0	2026	"REG"	0	null	null	0	0	null	2	0.8344540596008301	0.430024653673172	33	0	10
18	1	"HOU"	3	3.1590106085059233	null	null	0	"2026_02_CIN_HOU"	0	0	null	null	null	1	3.440481424331665	1	"00-0036442"	3064	"pass"	"CIN"	null	1	0	0	0	3	"00-0036900"	0	0	0	0	null	0	0	2026	"REG"	1	"00-0036900"	"CIN"	1	0	null	2	0.8508491516113281	0.9655951857566833	18	18	6
null	0	"CIN"	1	1.0399814422708005	null	null	0	"2026_02_CIN_HOU"	0	0	null	null	null	0	40.444380044937134	0	null	3135	"run"	"HOU"	null	1	0	1	0	3	null	0	0	1	0	"00-0039163"	0	0	2026	"REG"	1	null	null	0	0	null	2	0.1019914299249649	0.5955561995506287	69	11	10
5	1	"CIN"	1	0.1780556996818632	null	null	0	"2026_02_CIN_HOU"	0	0	null	null	null	1	40.177011489868164	0	"00-0039163"	3173	"pass"	"HOU"	null	1	0	0	0	3	"00-0035685"	0	0	0	0	null	0	0	2026	"REG"	1	null	null	0	0	null	2	0.1108352467417717	0.5982298851013184	53	6	10
20	1	"CIN"	2	1.5505508680362254	null	null	0	"2026_02_CIN_HOU"	0	0	null	null	null	1	45.07836699485779	0	"00-0039163"	3198	"pass"	"HOU"	null	1	0	0	0	3	"00-0038608"	0	0	0	0	null	0	0	2026	"REG"	1	null	null	0	0	null	2	0.10737066715955734	0.5492163300514221	47	21	4
null	0	"CIN"	1	-0.18096889648586512	null	null	0	"2026_02_CIN_HOU"	0	0	null	null	null	0	44.07944679260254	0	null	3223	"run"	"HOU"	null	1	0	1	0	3	null	0	0	1	0	"00-0039163"	0	0	2026	"REG"	0	null	null	0	0	null	2	0.13620124757289886	0.5592055320739746	26	4	10
22	0	"CIN"	2	-0.6211982172681019	null	null	0	"2026_02_CIN_HOU"	0	0	null	null	null	1	26.955807209014893	0	"00-0039163"	3245	"pass"	"HOU"	null	1	0	0	0	3	"00-0038728"	0	0	0	0	null	0	0	2026	"REG"	0	null	null	0	0	null	2	0.14568756520748138	0.7304419279098511	22	0	6
21	0	"CIN"	3	-1.0534092012477965	null	null	0	"2026_02_CIN_HOU"	0	0	null	null	null	1	1.456153392791748	0	"00-0039163"	3292	"pass"	"HOU"	null	1	0	0	0	3	"00-0034383"	0	0	0	0	null	0	0	2026	"REG"	0	null	null	0	0	null	2	0.10286734998226166	0.9854384660720825	27	0	11
null	0	"CIN"	4	0.9871565769810156	null	"made"	0	"2026_02_CIN_HOU"	0	0	45	"00-0032726"	null	0	null	0	null	3315	"field_goal"	"HOU"	null	0	0	0	0	3	null	0	0	0	0	null	0	0	2026	"REG"	1	null	null	0	0	null	2	0.0834847092628479	null	27	0	11
null	0	"HOU"	null	0.08620937634259462	null	null	0	"2026_02_CIN_HOU"	0	0	77	"00-0032726"	"00-0040785"	0	null	0	null	3346	"kickoff"	"CIN"	null	0	0	0	0	3	null	0	25	0	0	null	0	0	2026	"REG"	1	null	null	0	0	null	2	0.9221285581588745	null	20	0	0
null	0	"HOU"	2	-0.8486082591116428	null	null	0	"2026_02_CIN_HOU"	0	0	null	null	null	1	55.01036047935486	0	"00-0036442"	3411	"pass"	"CIN"	null	1	0	0	0	4	null	0	0	0	0	null	1	0	2026	"REG"	0	null	null	0	0	null	2	0.9113956689834595	0.4498963952064514	67	0	5
22	1	"HOU"	3	2.553379460121505	null	null	0	"2026_02_CIN_HOU"	0	0	null	null	null	1	4.109251499176025	0	"00-0036442"	3431	"pass"	"CIN"	null	1	0	0	0	4	"00-0036410"	0	0	0	0	null	0	0	2026	"REG"	1	null	null	0	0	null	2	0.9081938862800598	0.9589074850082397	67	23	5
4	0	"HOU"	3	-1.3645757428674774	null	null	0	"2026_02_CIN_HOU"	0	0	null	null	null	1	5.474942922592163	0	"00-0036442"	3505	"pass"	"CIN"	null	1	0	0	0	4	"00-0036410"	0	0	0	0	null	0	0	2026	"REG"	0	null	null	0	0	null	2	0.9328816533088684	0.9452505707740784	39	0	5
31	1	"CIN"	1	1.8789330860599875	null	null	0	"2026_02_CIN_HOU"	0	0	null	null	null	1	18.00653338432312	0	"00-0039163"	3572	"pass"	"HOU"	null	1	0	0	0	4	"00-0040138"	0	0	0	0	null	0	0	2026	"REG"	1	null	null	0	0	null	2	0.048989273607730865	0.8199346661567688	80	31	10
1	0	"CIN"	1	-0.49359128694050014	null	null	0	"2026_02_CIN_HOU"	0	0	null	null	null	1	20.469164848327637	0	"00-0039163"	3602	"pass"	"HOU"	null	1	0	0	0	4	"00-0040138"	0	0	0	0	null	0	0	2026	"REG"	0	null	null	0	0	null	2	0.06034461408853531	0.7953083515167236	49	0	10
-9	0	"CIN"	3	-1.9977630032226443	null	null	0	"2026_02_CIN_HOU"	0	0	null	null	null	1	0.7283389568328857	0	"00-0039163"	3647	"pass"	"HOU"	null	1	0	0	0	4	null	0	0	0	0	null	0	0	2026	"REG"	0	null	null	0	0	null	2	0.04343678057193756	0.9927166104316711	50	0	11
-4	1	"HOU"	1	-0.024141299538314342	null	null	0	"2026_02_CIN_HOU"	0	0	null	null	null	1	75.16363859176636	0	"00-0036442"	3707	"pass"	"CIN"	null	1	0	0	0	4	"00-0036900"	0	0	0	0	null	0	0	2026	"REG"	0	null	null	0	0	null	2	0.9693527221679688	0.24836361408233643	82	5	10
-4	0	"HOU"	2	-0.8032539207488298	null	null	0	"2026_02_CIN_HOU"	0	0	null	null	null	1	67.9306298494339	0	"00-0036442"	3744	"pass"	"CIN"	null	1	0	0	0	4	"00-0040785"	0	0	0	0	null	0	0	2026	"REG"	0	null	null	0	0	null	2	0.9652670621871948	0.320693701505661	77	0	5
2	0	"HOU"	3	-1.351627956610173	null	null	0	"2026_02_CIN_HOU"	0	0	null	null	null	1	5.9561192989349365	0	"00-0036442"	3779	"pass"	"CIN"	null	1	0	0	0	4	"00-0036410"	0	0	0	0	null	0	0	2026	"REG"	0	null	null	0	0	null	2	0.96355140209198	0.9404388070106506	77	0	5
5	1	"CIN"	1	0.35743420268408954	null	null	0	"2026_02_CIN_HOU"	0	0	null	null	null	1	7.146590948104858	0	"00-0039163"	3845	"pass"	"HOU"	null	1	0	0	0	4	"00-0034383"	0	0	0	0	null	0	0	2026	"REG"	1	null	null	0	0	null	2	0.050323374569416046	0.9285340905189514	64	9	15
null	0	"CIN"	2	-1.5883404423948377	null	null	0	"2026_02_CIN_HOU"	0	0	null	null	null	1	12.766820192337036	0	"00-0039163"	3870	"pass"	"HOU"	null	1	0	0	0	4	null	0	0	0	0	null	1	0	2026	"REG"	0	null	null	0	0	null	2	0.04910936579108238	0.8723317980766296	55	-5	6
19	0	"CIN"	3	-1.2359326239675283	null	null	0	"2026_02_CIN_HOU"	0	0	null	null	null	1	0.6469309329986572	0	"00-0039163"	3890	"pass"	"HOU"	null	1	0	0	0	4	"00-0038608"	0	0	0	0	null	0	0	2026	"REG"	0	null	null	0	0	null	2	0.03693658858537674	0.9935306906700134	60	0	11
0	1	"HOU"	1	-0.5381908006966114	null	null	0	"2026_02_CIN_HOU"	0	0	null	null	null	1	87.23625838756561	0	"00-0036442"	3989	"pass"	"CIN"	null	1	0	0	0	4	"00-0039814"	0	0	0	0	null	0	0	2026	"REG"	0	null	null	0	0	null	2	0.9937939643859863	0.12763741612434387	67	0	10
null	0	"HOU"	3	-1.6381875441875309	null	null	0	"2026_02_CIN_HOU"	0	0	null	null	null	1	18.391084671020508	0	"00-0036442"	4036	"pass"	"CIN"	null	1	0	0	0	4	null	0	0	0	0	null	1	0	2026	"REG"	0	null	null	0	0	null	2	0.9893854260444641	0.8160891532897949	65	-8	8
5	1	"CIN"	1	0.7986689605750144	null	null	0	"2026_02_CIN_HOU"	0	0	null	null	null	1	4.183864593505859	0	"00-0039163"	4107	"pass"	"HOU"	null	1	0	0	0	4	"00-0034383"	0	0	0	0	null	0	0	2026	"REG"	1	null	null	0	0	null	2	0.031567610800266266	0.9581613540649414	79	9	10
2	1	"CIN"	2	-0.03632687870413065	null	null	0	"2026_02_CIN_HOU"	0	0	null	null	null	1	12.71214485168457	0	"00-0039163"	4132	"pass"	"HOU"	null	1	0	0	0	4	"00-0034383"	0	0	0	0	null	0	0	2026	"REG"	0	null	null	0	0	null	2	0.027993083000183105	0.8728785514831543	70	2	1
3	1	"CIN"	1	-0.023118862882256508	null	null	0	"2026_02_CIN_HOU"	0	0	null	null	null	1	4.754245281219482	0	"00-0039163"	4181	"pass"	"HOU"	null	1	0	0	0	4	"00-0034383"	0	0	0	0	null	0	0	2026	"REG"	0	null	null	0	0	null	2	0.035663068294525146	0.9524575471878052	63	4	5
null	0	"CIN"	2	-1.6563889452954754	null	null	0	"2026_02_CIN_HOU"	0	0	null	null	null	1	9.495848417282104	0	"00-0039163"	4206	"pass"	"HOU"	null	1	0	0	0	4	null	0	0	0	0	null	1	0	2026	"REG"	0	null	null	0	0	null	2	0.02893853187561035	0.905041515827179	59	-8	1
7	1	"CIN"	3	-0.35985325858928263	null	null	0	"2026_02_CIN_HOU"	0	0	null	null	null	1	0.5584120750427246	0	"00-0039163"	4226	"pass"	"HOU"	null	1	0	0	0	4	"00-0040583"	0	0	0	0	null	0	0	2026	"REG"	0	null	null	0	0	null	2	0.020139850676059723	0.9944158792495728	67	8	9
12	0	"CIN"	4	-3.0756731419241987	null	null	0	"2026_02_CIN_HOU"	0	0	null	null	null	1	36.94290518760681	0	"00-0039163"	4251	"pass"	"HOU"	null	1	0	0	0	4	"00-0038728"	0	0	0	0	null	0	0	2026	"REG"	0	null	null	0	0	null	2	0.01652183011174202	0.6305709481239319	59	0	1
6	0	"CIN"	1	-0.30625850334763527	null	null	0	"2026_02_CIN_HOU"	0	0	null	null	null	1	5.286884307861328	0	"00-0039163"	4407	"pass"	"HOU"	null	1	0	0	0	4	"00-0034383"	0	0	0	0	null	0	0	2026	"REG"	0	null	null	0	0	null	2	0.0030686596874147654	0.9471311569213867	88	0	10
4	1	"CIN"	2	-0.03847460728138685	null	null	0	"2026_02_CIN_HOU"	0	0	null	null	null	1	5.775028467178345	0	"00-0039163"	4430	"pass"	"HOU"	null	1	0	0	0	4	"00-0034383"	0	0	0	0	null	0	0	2026	"REG"	0	null	null	0	0	null	2	0.0025756361428648233	0.9422497153282166	88	7	10
5	1	"CIN"	3	0.8926716146524996	null	null	0	"2026_02_CIN_HOU"	0	0	null	null	null	1	2.6116490364074707	0	"00-0039163"	4455	"pass"	"HOU"	null	1	0	0	0	4	"00-0034383"	0	0	0	0	null	0	0	2026	"REG"	1	null	null	0	0	null	2	0.0034227301366627216	0.9738835096359253	81	11	3
-1	0	"CIN"	1	-0.2563712049741298	null	null	0	"2026_02_CIN_HOU"	0	0	null	null	null	1	null	0	"00-0039163"	4487	"qb_spike"	"HOU"	null	0	0	0	1	4	null	0	0	0	0	null	0	0	2026	"REG"	0	null	null	0	0	null	2	0.003001787234097719	null	70	0	10
3	1	"CIN"	2	-0.3757608173182234	null	null	0	"2026_02_CIN_HOU"	0	0	null	null	null	1	4.286879301071167	0	"00-0039163"	4510	"pass"	"HOU"	null	1	0	0	0	4	"00-0034383"	0	0	0	0	null	0	0	2026	"REG"	0	null	null	0	0	null	2	0.00209872517734766	0.9571312069892883	70	5	10
23	1	"CIN"	3	1.9057985618128441	null	null	0	"2026_02_CIN_HOU"	0	0	null	null	null	1	3.2468795776367188	0	"00-0039163"	4535	"pass"	"HOU"	null	1	0	0	0	4	"00-0034383"	0	0	0	0	null	0	0	2026	"REG"	1	null	null	0	0	null	2	0.0019132037414237857	0.9675312042236328	65	25	5
-1	0	"CIN"	1	-0.29856050660600886	null	null	0	"2026_02_CIN_HOU"	0	0	null	null	null	1	null	0	"00-0039163"	4560	"qb_spike"	"HOU"	null	0	0	0	1	4	null	0	0	0	0	null	0	0	2026	"REG"	0	null	null	0	0	null	2	0.0028221283573657274	null	40	0	10
40	0	"CIN"	2	-0.40046184515813366	null	null	0	"2026_02_CIN_HOU"	0	0	null	null	null	1	2.392047643661499	0	"00-0039163"	4583	"pass"	"HOU"	null	1	0	0	0	4	"00-0038618"	0	0	0	0	null	0	0	2026	"REG"	0	null	null	0	0	null	2	0.0022665769793093204	0.976079523563385	40	0	10
2	1	"CIN"	3	2.6641464640852064	null	null	0	"2026_02_CIN_HOU"	0	0	null	null	null	1	2.1563470363616943	0	"00-0039163"	4606	"pass"	"HOU"	null	1	0	0	0	4	"00-0038728"	0	0	0	0	null	0	0	2026	"REG"	1	null	null	0	0	null	2	0.0018903318559750915	0.9784365296363831	40	15	10
12	0	"CIN"	1	-0.3787159878993407	null	null	0	"2026_02_CIN_HOU"	0	0	null	null	null	1	1.20583176612854	0	"00-0039163"	4642	"pass"	"HOU"	null	1	0	0	0	4	"00-0038608"	0	0	0	0	null	0	0	2026	"REG"	0	null	null	0	0	null	2	0.004816174972802401	0.9879416823387146	12	0	10
null	0	"CIN"	2	-1.478727501409594	null	null	0	"2026_02_CIN_HOU"	0	0	null	null	null	1	1.1606276035308838	0	"00-0039163"	4665	"pass"	"HOU"	null	1	0	0	0	4	null	0	0	0	0	null	1	0	2026	"REG"	0	null	null	0	0	null	2	0.00514260632917285	0.9883937239646912	12	-7	10
19	0	"CIN"	3	-0.4253407876822166	null	null	0	"2026_02_CIN_HOU"	0	0	null	null	null	1	1.576310396194458	0	"00-0039163"	4685	"pass"	"HOU"	null	1	0	0	0	4	"00-0038618"	0	0	0	0	null	0	0	2026	"REG"	0	null	null	0	0	null	2	0.002133225789293647	0.9842368960380554	19	0	17
null	0	"CIN"	4	-2.4252065836335532	null	null	0	"2026_02_CIN_HOU"	0	0	null	null	null	1	1.005101203918457	0	"00-0039163"	4708	"pass"	"HOU"	null	1	0	0	0	4	null	0	0	0	0	null	1	0	2026	"REG"	0	null	null	0	0	null	2	0.0014664968475699425	0.9899489879608154	19	-19	17
null	0	"HOU"	1	0	null	null	0	"2026_02_CIN_HOU"	0	0	null	null	null	0	null	0	null	4728	"qb_kneel"	"CIN"	null	0	1	0	0	4	null	0	0	1	0	"00-0036442"	0	0	2026	"REG"	0	null	null	0	0	null	2	0.9995026588439941	null	62	-1	10
-1	1	"DET"	1	0.8403154034167528	null	null	0	"2026_02_DET_BUF"	0	0	null	null	null	1	49.81095790863037	0	"00-0034857"	74	"pass"	"BUF"	null	1	0	0	0	1	"00-0037261"	0	0	0	0	null	0	0	2026	"REG"	1	null	null	0	0	null	2	0.5363776683807373	0.5018904209136963	85	9	10
null	0	"DET"	2	0.7507851596456021	null	null	0	"2026_02_DET_BUF"	0	0	null	null	null	0	-24.376332759857178	0	null	99	"run"	"BUF"	null	0	0	0	0	1	null	0	0	1	0	"00-0037248"	0	0	2026	"REG"	1	null	null	0	0	null	2	0.5610694885253906	0.24376332759857178	76	12	1
null	0	"DET"	1	-1.2614932067226619	null	null	0	"2026_02_DET_BUF"	0	0	null	null	null	1	52.33798623085022	0	"00-0034857"	121	"pass"	"BUF"	null	1	0	0	0	1	null	0	0	0	0	null	1	0	2026	"REG"	0	null	null	0	0	null	2	0.5725733637809753	0.4766201376914978	64	-5	10
null	0	"DET"	2	1.9784357924945652	null	null	0	"2026_02_DET_BUF"	0	0	null	null	null	0	24.117302894592285	0	null	156	"run"	"BUF"	null	1	0	1	0	1	null	0	0	1	0	"00-0034857"	0	0	2026	"REG"	1	null	null	0	0	null	2	0.526161253452301	0.7588269710540771	69	13	15
null	0	"DET"	1	-0.48128109122626483	null	null	0	"2026_02_DET_BUF"	0	0	null	null	null	0	-48.826685547828674	0	null	194	"run"	"BUF"	null	0	0	0	0	1	null	0	0	1	0	"00-0037248"	0	0	2026	"REG"	0	null	null	0	0	null	2	0.5844466686248779	0.48826685547828674	51	1	10
null	0	"DET"	2	1.236651909071952	null	null	0	"2026_02_DET_BUF"	0	0	null	null	null	0	29.6242356300354	0	null	216	"run"	"BUF"	null	1	0	1	0	1	null	0	0	1	0	"00-0034857"	0	0	2026	"REG"	1	null	null	0	0	null	2	0.5665315389633179	0.703757643699646	50	12	9
13	1	"DET"	1	0.7996599721955135	null	null	0	"2026_02_DET_BUF"	0	0	null	null	null	1	52.46800482273102	0	"00-0034857"	243	"pass"	"BUF"	null	1	0	0	0	1	"00-0037261"	0	0	0	0	null	0	0	2026	"REG"	1	null	null	0	0	null	2	0.6323757171630859	0.4753199517726898	38	13	10
null	0	"DET"	1	0.6184533316409215	null	null	0	"2026_02_DET_BUF"	0	0	null	null	null	0	-45.00349462032318	0	null	273	"run"	"BUF"	null	0	0	0	0	1	null	0	0	1	0	"00-0037248"	0	0	2026	"REG"	1	null	null	0	0	null	2	0.6502622365951538	0.4500349462032318	25	10	10
null	0	"DET"	1	1.3440500325814355	null	null	0	"2026_02_DET_BUF"	0	0	null	null	null	0	58.664143085479736	0	null	295	"run"	"BUF"	null	1	0	1	0	1	null	0	0	1	0	"00-0034857"	0	0	2026	"REG"	1	null	null	0	0	null	2	0.6597326993942261	0.41335856914520264	15	14	10
null	0	"DET"	1	0.48069723436492495	null	null	0	"2026_02_DET_BUF"	1	0	null	null	null	0	-20.212700963020325	0	null	317	"run"	"BUF"	null	0	0	0	0	1	null	0	0	1	1	"00-0034857"	0	0	2026	"REG"	1	"00-0034857"	"BUF"	1	0	null	2	0.7045848369598389	0.20212700963020325	1	1	1
45	0	"DET"	1	-0.5722284568473697	null	null	0	"2026_02_DET_BUF"	0	0	null	null	null	1	50.90312957763672	0	"00-0034857"	466	"pass"	"BUF"	null	1	0	0	0	1	"00-0037261"	0	0	0	0	null	0	0	2026	"REG"	0	null	null	0	0	null	2	0.7397456765174866	0.4909687042236328	79	0	10
null	0	"DET"	2	-0.19690985046327114	null	null	0	"2026_02_DET_BUF"	0	0	null	null	null	0	-57.981353998184204	0	null	496	"run"	"BUF"	null	0	0	0	0	1	null	0	0	1	0	"00-0037248"	0	0	2026	"REG"	0	null	null	0	0	null	2	0.729469358921051	0.579813539981842	79	4	10
6	1	"DET"	3	1.7437137234956026	null	null	0	"2026_02_DET_BUF"	0	0	null	null	null	1	2.106177806854248	0	"00-0034857"	518	"pass"	"BUF"	null	1	0	0	0	1	"00-0039901"	0	0	0	0	null	0	0	2026	"REG"	1	null	null	0	0	null	2	0.7219254970550537	0.9789382219314575	75	7	6
null	0	"DET"	1	-0.5384882199577987	null	null	0	"2026_02_DET_BUF"	0	0	null	null	null	0	-49.54022169113159	0	null	548	"run"	"BUF"	null	0	0	0	0	1	null	0	0	1	0	"00-0037248"	0	0	2026	"REG"	0	null	null	0	0	null	2	0.7668043375015259	0.4954022169113159	68	1	10
16	1	"DET"	2	2.0440518090035766	null	null	0	"2026_02_DET_BUF"	0	0	null	null	null	1	27.270102500915527	0	"00-0034857"	570	"pass"	"BUF"	null	1	0	0	0	1	"00-0038933"	0	0	0	0	null	0	0	2026	"REG"	1	null	null	0	0	null	2	0.7592725157737732	0.7272989749908447	67	25	9
-12	0	"DET"	2	-0.9436642285436392	null	null	0	"2026_02_DET_BUF"	0	0	null	null	null	1	19.196879863739014	0	"00-0034857"	617	"pass"	"BUF"	null	1	0	0	0	1	null	0	0	0	0	null	0	0	2026	"REG"	0	null	null	0	0	null	2	0.7740287780761719	0.8080312013626099	43	0	11
33	1	"DET"	3	5.459207284962758	null	null	0	"2026_02_DET_BUF"	0	0	null	null	null	1	2.179861068725586	1	"00-0034857"	640	"pass"	"BUF"	null	1	0	0	0	1	"00-0036988"	0	0	0	0	null	0	0	2026	"REG"	1	"00-0036988"	"BUF"	1	0	null	2	0.747820258140564	0.9782013893127441	43	43	11
null	0	"DET"	1	0.6819828276056796	null	null	0	"2026_02_DET_BUF"	0	0	null	null	null	0	-50.24735927581787	0	null	848	"run"	"BUF"	null	0	0	0	0	1	null	0	0	1	0	"00-0037248"	0	0	2026	"REG"	1	null	null	0	0	null	2	0.8980340361595154	0.5024735927581787	57	9	10
28	0	"DET"	2	-0.584918130422011	null	null	0	"2026_02_DET_BUF"	0	0	null	null	null	1	78.62589508295059	0	"00-0034857"	877	"pass"	"BUF"	null	1	0	0	0	1	"00-0038933"	0	0	0	0	null	0	0	2026	"REG"	0	null	null	0	0	null	2	0.9055824875831604	0.21374104917049408	48	0	1
null	0	"DET"	3	0.4427866351325065	null	null	0	"2026_02_DET_BUF"	0	0	null	null	null	0	-30.522683262825012	0	null	900	"run"	"BUF"	null	0	0	0	0	1	null	0	0	1	0	"00-0037248"	0	0	2026	"REG"	1	null	null	0	0	null	2	0.8979727029800415	0.3052268326282501	48	1	1
1	1	"DET"	1	0.7087669835891575	null	null	0	"2026_02_DET_BUF"	0	0	null	null	null	1	51.82584524154663	0	"00-0034857"	942	"pass"	"BUF"	null	1	0	0	0	2	"00-0038933"	0	0	0	0	null	0	0	2026	"REG"	1	null	null	0	0	null	2	0.9040010571479797	0.4817415475845337	47	12	10
11	1	"DET"	1	1.414561757701449	null	null	0	"2026_02_DET_BUF"	0	0	null	null	null	1	51.87208950519562	0	"00-0034857"	972	"pass"	"BUF"	null	1	0	0	0	2	"00-0039901"	0	0	0	0	null	0	0	2026	"REG"	1	null	null	0	0	null	2	0.9090514779090881	0.4812791049480438	35	22	10
3	1	"DET"	1	-0.27838872419670224	null	null	0	"2026_02_DET_BUF"	0	0	null	null	null	1	59.5837265253067	0	"00-0034857"	997	"pass"	"BUF"	null	1	0	0	0	2	"00-0039901"	0	0	0	0	null	0	0	2026	"REG"	0	null	null	0	0	null	2	0.9241858124732971	0.404162734746933	13	4	10
4	0	"DET"	2	-0.7573764393455349	null	null	0	"2026_02_DET_BUF"	0	0	null	null	null	1	40.9787654876709	0	"00-0034857"	1022	"pass"	"BUF"	null	1	0	0	0	2	"00-0037248"	0	0	0	0	null	0	0	2026	"REG"	0	null	null	0	0	null	2	0.9270327091217041	0.590212345123291	9	0	6
null	0	"DET"	1	-0.1191176546853967	null	null	0	"2026_02_DET_BUF"	1	0	null	null	null	0	-31.330379843711853	0	null	1117	"run"	"BUF"	null	0	0	0	0	2	null	0	0	1	0	"00-0037248"	0	0	2026	"REG"	0	null	null	0	0	null	2	0.9389909505844116	0.31330379843711853	2	1	2
1	1	"DET"	2	0.8125244426773861	null	null	0	"2026_02_DET_BUF"	1	0	null	null	null	1	75.93476325273514	1	"00-0034857"	1146	"pass"	"BUF"	null	1	0	0	0	2	"00-0035689"	0	0	0	0	null	0	0	2026	"REG"	1	"00-0035689"	"BUF"	1	0	null	2	0.9373816847801208	0.24065236747264862	1	1	1
11	1	"BUF"	2	1.0781799972173758	null	null	0	"2026_02_DET_BUF"	0	0	null	null	null	1	35.63578128814697	0	"00-0033106"	1471	"pass"	"DET"	null	1	0	0	0	2	"00-0036963"	0	0	0	0	null	0	0	2026	"REG"	1	null	null	0	0	null	2	0.11490378528833389	0.6436421871185303	28	11	10
null	0	"DET"	1	1.2314410313847475	null	null	0	"2026_02_DET_BUF"	0	0	null	null	null	0	-49.28312003612518	0	null	1594	"run"	"BUF"	null	0	0	0	0	2	null	0	0	1	0	"00-0037248"	0	0	2026	"REG"	1	null	null	0	0	null	2	0.8995640873908997	0.49283120036125183	68	20	10
null	0	"DET"	1	2.2912563317804597	null	null	0	"2026_02_DET_BUF"	0	0	null	null	null	0	-48.94770085811615	0	null	1626	"run"	"BUF"	null	0	0	0	0	2	null	0	0	1	0	"00-0037248"	0	0	2026	"REG"	1	null	null	0	0	null	2	0.9108520746231079	0.4894770085811615	48	35	10
null	0	"DET"	1	0.4792682546249125	null	null	0	"2026_02_DET_BUF"	0	0	null	null	null	0	-39.45556282997131	0	null	1653	"run"	"BUF"	null	0	0	0	0	2	null	0	0	1	0	"00-0037248"	0	0	2026	"REG"	1	null	null	0	0	null	2	0.9302356243133545	0.39455562829971313	13	7	10
16	1	"DET"	2	3.2818324829568155	null	null	0	"2026_02_DET_BUF"	0	0	null	null	null	1	16.854548454284668	1	"00-0034857"	1712	"pass"	"BUF"	null	1	0	0	0	2	"00-0038933"	0	0	0	0	null	0	0	2026	"REG"	1	"00-0038933"	"BUF"	1	0	null	2	0.924443781375885	0.8314545154571533	16	16	13
2	1	"DET"	1	0.20039944013115019	null	null	0	"2026_02_DET_BUF"	0	0	null	null	null	1	36.141955852508545	0	"00-0034857"	1957	"pass"	"BUF"	null	1	0	0	0	2	"00-0038933"	0	0	0	0	null	0	0	2026	"REG"	1	null	null	0	0	null	2	0.9582052826881409	0.6385804414749146	82	6	10
5	1	"DET"	2	-0.04709794116206467	null	null	0	"2026_02_DET_BUF"	0	0	null	null	null	1	25.25489330291748	0	"00-0034857"	1985	"pass"	"BUF"	null	1	0	0	0	2	"00-0038933"	0	0	0	0	null	0	0	2026	"REG"	0	null	null	0	0	null	2	0.9449960589408875	0.7474510669708252	76	6	4
6	0	"DET"	1	-0.27436665201094	null	null	0	"2026_02_DET_BUF"	0	0	null	null	null	1	12.81900405883789	0	"00-0034857"	2051	"pass"	"BUF"	null	1	0	0	0	2	"00-0036988"	0	0	0	0	null	0	0	2026	"REG"	0	null	null	0	0	null	2	0.9469157457351685	0.8718099594116211	65	0	5
0	0	"DET"	2	-0.36475487786810845	null	null	0	"2026_02_DET_BUF"	0	0	null	null	null	1	11.52348518371582	0	"00-0034857"	2074	"pass"	"BUF"	null	1	0	0	0	2	"00-0036988"	0	0	0	0	null	0	0	2026	"REG"	0	null	null	0	0	null	2	0.9439995288848877	0.8847651481628418	65	0	5
2	0	"DET"	3	-0.5895213651238009	null	null	0	"2026_02_DET_BUF"	0	0	null	null	null	1	10.449635982513428	0	"00-0034857"	2100	"pass"	"BUF"	null	1	0	0	0	2	"00-0037261"	0	0	0	0	null	0	0	2026	"REG"	0	null	null	0	0	null	2	0.9400426745414734	0.8955036401748657	65	0	5
9	1	"BUF"	1	0.9352100436808541	null	null	0	"2026_02_DET_BUF"	0	0	null	null	null	1	5.717682838439941	0	"00-0033106"	2191	"pass"	"DET"	null	1	0	0	0	2	"00-0036963"	0	0	0	0	null	0	0	2026	"REG"	1	null	null	0	0	null	2	0.04045053571462631	0.9428231716156006	66	22	10
18	1	"BUF"	3	2.202944570221007	null	null	0	"2026_02_DET_BUF"	0	0	null	null	null	1	24.934840202331543	0	"00-0033106"	2483	"pass"	"DET"	null	1	0	0	0	3	"00-0036963"	0	0	0	0	null	0	0	2026	"REG"	1	null	null	0	0	null	2	0.07689611613750458	0.7506515979766846	66	21	2
13	0	"BUF"	1	-0.523073508637026	null	null	0	"2026_02_DET_BUF"	0	0	null	null	null	1	52.68055200576782	0	"00-0033106"	2523	"pass"	"DET"	null	1	0	0	0	3	"00-0036963"	0	0	0	0	null	0	0	2026	"REG"	0	null	null	0	0	null	2	0.09328635782003403	0.4731944799423218	45	0	10
5	1	"BUF"	3	-1.3070224546827376	null	null	0	"2026_02_DET_BUF"	0	0	null	null	null	1	2.267831563949585	0	"00-0033106"	2573	"pass"	"DET"	null	1	0	0	0	3	"00-0036963"	0	0	0	0	null	0	0	2026	"REG"	0	null	null	0	0	null	2	0.07587593048810959	0.9773216843605042	45	5	10
4	1	"BUF"	1	1.0202353947679512	null	null	0	"2026_02_DET_BUF"	0	0	null	null	null	1	56.62826895713806	0	"00-0033106"	2681	"pass"	"DET"	null	1	0	0	0	3	"00-0036963"	0	0	0	0	null	0	0	2026	"REG"	1	null	null	0	0	null	2	0.10257482528686523	0.4337173104286194	11	9	10
2	1	"BUF"	2	0.9905497036525048	null	null	0	"2026_02_DET_BUF"	0	0	null	null	null	1	74.54944849014282	1	"00-0033106"	2706	"pass"	"DET"	null	1	0	0	0	3	"00-0036963"	0	0	0	0	null	0	0	2026	"REG"	1	"00-0036963"	"DET"	1	0	null	2	0.11476719379425049	0.2545055150985718	2	2	1
null	0	"DET"	1	0.582844260148704	null	null	0	"2026_02_DET_BUF"	0	0	null	null	null	0	53.931817412376404	0	null	2777	"run"	"BUF"	null	1	0	1	0	3	null	0	0	1	0	"00-0034857"	0	0	2026	"REG"	1	null	null	0	0	null	2	0.8640559911727905	0.46068182587623596	75	8	10
null	0	"DET"	2	-0.25367139419540763	null	null	0	"2026_02_DET_BUF"	0	0	null	null	null	0	-27.27905511856079	0	null	2799	"run"	"BUF"	null	0	0	0	0	3	null	0	0	1	0	"00-0037248"	0	0	2026	"REG"	0	null	null	0	0	null	2	0.8842284679412842	0.2727905511856079	67	1	2
null	0	"DET"	3	0.4694702923297882	null	null	0	"2026_02_DET_BUF"	0	0	null	null	null	0	-29.45980727672577	0	null	2821	"run"	"BUF"	null	0	0	0	0	3	null	0	0	1	0	"00-0034857"	0	0	2026	"REG"	1	null	null	0	0	null	2	0.8778215050697327	0.2945980727672577	66	3	1
null	0	"DET"	1	-0.1663162934128195	null	null	0	"2026_02_DET_BUF"	0	0	null	null	null	0	-47.2941130399704	0	null	2843	"run"	"BUF"	null	0	0	0	0	3	null	0	0	1	0	"00-0037248"	0	0	2026	"REG"	0	null	null	0	0	null	2	0.8899009823799133	0.472941130399704	63	4	10
2	1	"DET"	2	-0.045344511745497584	null	null	0	"2026_02_DET_BUF"	0	0	null	null	null	1	40.27182459831238	0	"00-0034857"	2865	"pass"	"BUF"	null	1	0	0	0	3	"00-0037248"	0	0	0	0	null	0	0	2026	"REG"	0	null	null	0	0	null	2	0.8886955380439758	0.5972817540168762	59	4	6
2	1	"DET"	3	0.9564950251951814	null	null	0	"2026_02_DET_BUF"	0	0	null	null	null	1	27.485913038253784	0	"00-0034857"	2890	"pass"	"BUF"	null	1	0	0	0	3	"00-0035689"	0	0	0	0	null	0	0	2026	"REG"	1	null	null	0	0	null	2	0.8873027563095093	0.7251408696174622	55	4	2
null	0	"DET"	1	-0.5137798418290913	null	null	0	"2026_02_DET_BUF"	0	0	null	null	null	1	52.91154980659485	0	"00-0034857"	2917	"pass"	"BUF"	null	1	0	0	0	3	null	0	0	0	0	null	1	0	2026	"REG"	0	null	null	0	0	null	2	0.89435213804245	0.4708845019340515	51	0	10
9	1	"DET"	2	0.5401539311278611	null	null	0	"2026_02_DET_BUF"	0	0	null	null	null	1	37.34269738197327	0	"00-0034857"	2937	"pass"	"BUF"	null	1	0	0	0	3	"00-0039901"	0	0	0	0	null	0	0	2026	"REG"	1	null	null	0	0	null	2	0.8785738945007324	0.6265730261802673	51	9	10
null	0	"DET"	3	0.5875673659611493	null	null	0	"2026_02_DET_BUF"	0	0	null	null	null	0	-27.06797420978546	0	null	2962	"run"	"BUF"	null	0	0	0	0	3	null	0	0	1	0	"00-0034857"	0	0	2026	"REG"	1	null	null	0	0	null	2	0.8901744484901428	0.2706797420978546	42	2	1
-5	0	"DET"	1	-0.3569239443168044	null	null	0	"2026_02_DET_BUF"	0	0	null	null	null	1	53.68092954158783	0	"00-0034857"	2986	"pass"	"BUF"	null	1	0	0	0	3	"00-0037248"	0	0	0	0	null	0	0	2026	"REG"	0	null	null	0	0	null	2	0.8959384560585022	0.4631907045841217	40	0	10
null	0	"DET"	2	0.544874299550429	null	null	0	"2026_02_DET_BUF"	0	0	null	null	null	0	-62.28257417678833	0	null	3009	"run"	"BUF"	null	0	0	0	0	3	null	0	0	1	0	"00-0034857"	0	0	2026	"REG"	1	null	null	0	0	null	2	0.8922526836395264	0.6228257417678833	40	9	10
null	0	"DET"	3	0.5557369979796931	null	null	0	"2026_02_DET_BUF"	0	0	null	null	null	0	-26.89194679260254	0	null	3050	"run"	"BUF"	null	0	0	0	0	3	null	0	0	1	0	"00-0034857"	0	0	2026	"REG"	1	null	null	0	0	null	2	0.9048394560813904	0.2689194679260254	31	2	1
11	1	"DET"	1	1.4783497310127132	null	null	0	"2026_02_DET_BUF"	0	0	null	null	null	1	56.160157918930054	0	"00-0034857"	3072	"pass"	"BUF"	null	1	0	0	0	3	"00-0038933"	0	0	0	0	null	0	0	2026	"REG"	1	null	null	0	0	null	2	0.9060289859771729	0.43839842081069946	29	23	10
null	0	"DET"	1	0.5941345267056022	null	null	0	"2026_02_DET_BUF"	1	0	null	null	null	0	-39.716365933418274	0	null	3102	"run"	"BUF"	null	0	0	0	0	3	null	0	0	1	0	"00-0037248"	0	0	2026	"REG"	1	null	null	0	0	null	2	0.93559330701828	0.39716365933418274	6	2	6
null	0	"DET"	1	0.6211771082889754	null	null	0	"2026_02_DET_BUF"	1	0	null	null	null	0	71.02968692779541	0	null	3135	"run"	"BUF"	null	1	0	1	0	3	null	0	0	1	1	"00-0034857"	0	0	2026	"REG"	1	"00-0034857"	"BUF"	1	0	null	2	0.9488354921340942	0.2897031307220459	2	2	2
18	1	"BUF"	2	2.9688546280376613	null	null	0	"2026_02_DET_BUF"	0	0	null	null	null	1	25.76279640197754	0	"00-0033106"	3230	"pass"	"DET"	null	1	0	0	0	3	"00-0036963"	0	0	0	0	null	0	0	2026	"REG"	1	null	null	0	0	null	2	0.02870393544435501	0.7423720359802246	66	34	10
19	0	"BUF"	1	-0.4264847005251795	null	null	0	"2026_02_DET_BUF"	0	0	null	null	null	1	31.56399130821228	0	"00-0033106"	3280	"pass"	"DET"	null	1	0	0	0	4	"00-0036963"	0	0	0	0	null	0	0	2026	"REG"	0	null	null	0	0	null	2	0.04334888979792595	0.6843600869178772	32	0	10
11	1	"BUF"	3	1.9338095600833185	null	null	0	"2026_02_DET_BUF"	0	0	null	null	null	1	2.4102985858917236	0	"00-0033106"	3332	"pass"	"DET"	null	1	0	0	0	4	"00-0036963"	0	0	0	0	null	0	0	2026	"REG"	1	null	null	0	0	null	2	0.027759205549955368	0.9758970141410828	30	11	8
-4	0	"DET"	1	-0.518307485152036	null	null	0	"2026_02_DET_BUF"	0	0	null	null	null	1	62.85623908042908	0	"00-0034857"	3639	"pass"	"BUF"	null	1	0	0	0	4	null	0	0	0	0	null	0	0	2026	"REG"	0	null	null	0	0	null	2	0.9232844710350037	0.37143760919570923	65	0	10
5	1	"DET"	2	0.110073855612427	null	null	0	"2026_02_DET_BUF"	0	0	null	null	null	1	41.66728854179382	0	"00-0034857"	3662	"pass"	"BUF"	null	1	0	0	0	4	"00-0038933"	0	0	0	0	null	0	0	2026	"REG"	1	null	null	0	0	null	2	0.9122649431228638	0.5833271145820618	65	7	10
null	0	"DET"	3	1.1285818920005113	null	null	0	"2026_02_DET_BUF"	0	0	null	null	null	0	-86.8516206741333	0	null	3687	"run"	"BUF"	null	0	0	0	0	4	null	0	0	1	0	"00-0034857"	0	0	2026	"REG"	1	null	null	0	0	null	2	0.9481501579284668	0.868516206741333	58	6	3
null	0	"DET"	1	-0.43342484114691615	null	null	0	"2026_02_DET_BUF"	0	0	null	null	null	0	-29.808324575424194	0	null	3709	"run"	"BUF"	null	0	0	0	0	4	null	0	0	1	0	"00-0037248"	0	0	2026	"REG"	0	null	null	0	0	null	2	0.9521182179450989	0.29808324575424194	52	2	10
3	0	"DET"	2	-0.7529047385323793	null	null	0	"2026_02_DET_BUF"	0	0	null	null	null	1	34.5710813999176	0	"00-0034857"	3731	"pass"	"BUF"	null	1	0	0	0	4	null	0	0	0	0	null	0	0	2026	"REG"	0	null	null	0	0	null	2	0.9449936747550964	0.654289186000824	50	0	8
7	0	"DET"	3	-1.4335008724592626	null	null	0	"2026_02_DET_BUF"	0	0	null	null	null	1	4.046756029129028	0	"00-0034857"	3754	"pass"	"BUF"	null	1	0	0	0	4	"00-0037261"	0	0	0	0	null	0	0	2026	"REG"	0	null	null	0	0	null	2	0.9413487315177917	0.9595324397087097	50	0	8
1	0	"BUF"	3	-0.9506293400190771	null	null	0	"2026_02_DET_BUF"	0	0	null	null	null	1	2.0290255546569824	0	"00-0033106"	3849	"pass"	"DET"	null	1	0	0	0	4	"00-0036963"	0	0	0	0	null	0	0	2026	"REG"	0	null	null	0	0	null	2	0.052252259105443954	0.9797097444534302	90	0	10
null	0	"DET"	1	-0.5116369118914008	null	null	0	"2026_02_DET_BUF"	0	0	null	null	null	0	-25.3079354763031	0	null	3903	"run"	"BUF"	null	0	0	0	0	4	null	0	0	1	0	"00-0037248"	0	0	2026	"REG"	0	null	null	0	0	null	2	0.9641046524047852	0.253079354763031	61	2	10
null	0	"DET"	2	-0.518935606116429	null	null	0	"2026_02_DET_BUF"	0	0	null	null	null	0	-60.47632098197937	0	null	3932	"run"	"BUF"	null	0	0	0	0	4	null	0	0	1	0	"00-0037248"	0	0	2026	"REG"	0	null	null	0	0	null	2	0.9562087655067444	0.6047632098197937	59	1	8
9	1	"DET"	3	1.5593411563895643	null	null	0	"2026_02_DET_BUF"	0	0	null	null	null	1	6.814634799957275	0	"00-0034857"	3954	"pass"	"BUF"	null	1	0	0	0	4	"00-0039901"	0	0	0	0	null	0	0	2026	"REG"	1	null	null	0	0	null	2	0.9566929340362549	0.9318536520004272	58	9	7
null	0	"DET"	1	-1.0081783023197204	null	null	0	"2026_02_DET_BUF"	0	0	null	null	null	0	-18.401697278022766	0	null	3987	"run"	"BUF"	null	0	0	0	0	4	null	0	0	1	0	"00-0037248"	0	0	2026	"REG"	0	null	null	0	0	null	2	0.9730395674705505	0.18401697278022766	49	-2	10
7	1	"DET"	2	1.505179284256883	null	null	0	"2026_02_DET_BUF"	0	0	null	null	null	1	48.71495962142944	0	"00-0034857"	4014	"pass"	"BUF"	null	1	0	0	0	4	"00-0037261"	0	0	0	0	null	0	0	2026	"REG"	1	null	null	0	0	null	2	0.9681047201156616	0.5128504037857056	51	16	12
10	1	"DET"	1	0.8887531686923467	null	null	0	"2026_02_DET_BUF"	0	0	null	null	null	1	92.98476427793503	0	"00-0034857"	4038	"pass"	"BUF"	null	1	0	0	0	4	"00-0039901"	0	0	0	0	null	0	0	2026	"REG"	1	null	null	0	0	null	2	0.9887358546257019	0.07015235722064972	35	12	10
null	0	"DET"	1	2.269731797685381	null	null	0	"2026_02_DET_BUF"	0	0	null	null	null	0	-6.46115317940712	0	null	4071	"run"	"BUF"	null	0	0	0	0	4	null	0	0	1	0	"00-0037248"	0	0	2026	"REG"	1	null	null	0	0	null	2	0.9914856553077698	0.0646115317940712	23	22	10
null	0	"DET"	1	0.6402147735934705	null	null	0	"2026_02_DET_BUF"	1	0	null	null	null	0	-8.9590884745121	0	null	4101	"run"	"BUF"	null	0	0	0	0	4	null	0	0	1	1	"00-0037248"	0	0	2026	"REG"	1	"00-0037248"	"BUF"	1	0	null	2	0.9946734309196472	0.089590884745121	1	1	1
16	0	"BUF"	3	-0.7133105802349746	null	null	0	"2026_02_DET_BUF"	0	0	null	null	null	1	8.444929122924805	0	"00-0033106"	4217	"pass"	"DET"	null	1	0	0	0	4	"00-0036963"	0	0	0	0	null	0	0	2026	"REG"	0	null	null	0	0	null	2	0.0008150836802087724	0.915550708770752	76	0	18
21	1	"BUF"	1	3.492627987579908	null	null	0	"2026_02_DET_BUF"	0	0	null	null	null	1	11.17098331451416	1	"00-0033106"	4330	"pass"	"DET"	null	1	0	0	0	4	"00-0036963"	0	0	0	0	null	0	0	2026	"REG"	1	"00-0036963"	"DET"	1	0	null	2	0.0013670055195689201	0.8882901668548584	27	27	10
null	0	"DET"	1	-0.7291138664004393	null	null	0	"2026_02_DET_BUF"	0	0	null	null	null	0	-2.992793917655945	0	null	4402	"run"	"BUF"	null	0	0	0	0	4	null	0	0	1	0	"00-0037248"	0	0	2026	"REG"	0	null	null	0	0	null	2	0.9975777268409729	0.029927939176559448	36	1	10
null	0	"DET"	1	-0.6549532247008756	null	null	0	"2026_02_DET_BUF"	0	0	null	null	null	0	null	0	null	4464	"qb_kneel"	"BUF"	null	0	1	0	0	4	null	0	0	1	0	"00-0034857"	0	0	2026	"REG"	0	null	null	0	0	null	2	0.9982967972755432	null	20	-1	10
null	0	"DET"	2	-0.6749952282989398	null	null	0	"2026_02_DET_BUF"	0	0	null	null	null	0	null	0	null	4486	"qb_kneel"	"BUF"	null	0	1	0	0	4	null	0	0	1	0	"00-0034857"	0	0	2026	"REG"	0	null	null	0	0	null	2	0.9983115196228027	null	21	-1	11
null	0	"DET"	3	-2.4979764373856597	null	null	0	"2026_02_DET_BUF"	0	0	null	null	null	0	null	0	null	4508	"qb_kneel"	"BUF"	null	0	1	0	0	4	null	0	0	1	0	"00-0034857"	0	0	2026	"REG"	0	null	null	0	0	null	2	0.9981912970542908	null	22	-1	12
null	0	"NYJ"	1	-0.9484626594930887	null	null	0	"2026_02_GB_NYJ"	0	0	null	null	null	1	52.09406018257141	0	"00-0036264"	63	"pass"	"GB"	null	1	0	0	0	1	null	0	0	0	0	null	1	0	2026	"REG"	0	null	null	0	0	null	2	0.4352848529815674	0.4790593981742859	71	-1	10
-5	1	"NYJ"	2	-0.09835515823215246	null	null	0	"2026_02_GB_NYJ"	0	0	null	null	null	1	25.719845294952393	0	"00-0036264"	92	"pass"	"GB"	null	1	0	0	0	1	"00-0039146"	0	0	0	0	null	0	0	2026	"REG"	0	null	null	0	0	null	2	0.4094332158565521	0.7428015470504761	72	4	11
10	0	"NYJ"	3	-1.4676221613772213	null	null	0	"2026_02_GB_NYJ"	0	0	null	null	null	1	1.760786771774292	0	"00-0036264"	124	"pass"	"GB"	null	1	0	0	0	1	"00-0040667"	0	0	0	0	null	0	0	2026	"REG"	0	null	null	0	0	null	2	0.4006967842578888	0.9823921322822571	68	0	7
0	1	"NYJ"	1	-0.5413914485834539	null	null	0	"2026_02_GB_NYJ"	0	0	null	null	null	1	63.24105262756348	0	"00-0036264"	586	"pass"	"GB"	null	1	0	0	0	1	"00-0039811"	0	0	0	0	null	0	0	2026	"REG"	0	null	null	0	0	null	2	0.387826144695282	0.36758947372436523	96	0	14
-3	1	"NYJ"	2	-0.6377768095117062	null	null	0	"2026_02_GB_NYJ"	0	0	null	null	null	1	40.29682278633118	0	"00-0036264"	611	"pass"	"GB"	null	1	0	0	0	1	"00-0038090"	0	0	0	0	null	0	0	2026	"REG"	0	null	null	0	0	null	2	0.37145084142684937	0.5970317721366882	96	-1	14
43	0	"NYJ"	3	-0.9380105682648718	null	null	0	"2026_02_GB_NYJ"	0	0	null	null	null	1	24.26719069480896	0	"00-0036264"	636	"pass"	"GB"	null	1	0	0	0	1	"00-0038090"	0	0	0	0	null	0	0	2026	"REG"	0	null	null	0	0	null	2	0.3506046533584595	0.7573280930519104	97	0	15
3	0	"NYJ"	2	-0.5984578337520361	null	null	0	"2026_02_GB_NYJ"	0	0	null	null	null	1	37.9797637462616	0	"00-0036264"	898	"pass"	"GB"	null	1	0	0	0	1	"00-0038124"	0	0	0	0	null	0	0	2026	"REG"	0	null	null	0	0	null	2	0.431666761636734	0.620202362537384	76	0	6
14	0	"NYJ"	3	-1.454221191816032	null	null	0	"2026_02_GB_NYJ"	0	0	null	null	null	1	1.9637525081634521	0	"00-0036264"	932	"pass"	"GB"	null	1	0	0	0	1	"00-0038124"	0	0	0	0	null	0	0	2026	"REG"	0	null	null	0	0	null	2	0.41871213912963867	0.9803624749183655	76	0	6
19	1	"NYJ"	2	1.737197994836606	null	null	0	"2026_02_GB_NYJ"	0	0	null	null	null	1	27.725130319595337	0	"00-0036264"	1165	"pass"	"GB"	null	1	0	0	0	2	"00-0038124"	0	0	0	0	null	0	0	2026	"REG"	1	null	null	0	0	null	2	0.4719853103160858	0.7227486968040466	50	20	8
8	1	"NYJ"	1	0.8799814846133813	null	null	0	"2026_02_GB_NYJ"	0	0	null	null	null	1	24.64420795440674	0	"00-0036264"	1277	"pass"	"GB"	null	1	0	0	0	2	"00-0038124"	0	0	0	0	null	0	0	2026	"REG"	1	null	null	0	0	null	2	0.5537559390068054	0.7535579204559326	28	13	20
-4	1	"NYJ"	2	2.034249573596753	null	null	0	"2026_02_GB_NYJ"	1	0	null	null	null	1	36.34374141693115	1	"00-0036264"	1346	"pass"	"GB"	null	1	0	0	0	2	"00-0039811"	0	0	0	0	null	0	0	2026	"REG"	1	"00-0039811"	"GB"	1	0	null	2	0.6063349843025208	0.6365625858306885	6	6	6
null	0	"NYJ"	null	0.06757300310763314	"good"	null	0	"2026_02_GB_NYJ"	0	0	33	"00-0040899"	null	0	null	0	null	1372	"extra_point"	"GB"	null	0	0	0	0	2	null	0	0	0	0	null	0	0	2026	"REG"	1	null	null	0	0	null	2	0.6390149055595938	null	15	0	0
null	0	"GB"	null	0.2341186753474176	null	null	0	"2026_02_GB_NYJ"	0	0	59	"00-0040899"	"00-0039451"	0	null	0	null	1387	"kickoff"	"NYJ"	null	0	0	0	0	2	null	0	24	0	0	null	0	0	2026	"REG"	1	null	null	0	0	null	2	0.3589197099208832	null	35	0	0
-3	1	"NYJ"	2	-0.6063623107038438	null	null	0	"2026_02_GB_NYJ"	0	0	null	null	null	1	23.142021894454956	0	"00-0036264"	1704	"pass"	"GB"	null	1	0	0	0	2	"00-0038996"	0	0	0	0	null	0	0	2026	"REG"	0	null	null	0	0	null	2	0.4490019381046295	0.7685797810554504	62	5	18
8	0	"NYJ"	3	-0.592051459942013	null	null	0	"2026_02_GB_NYJ"	0	0	null	null	null	1	5.9273600578308105	0	"00-0036264"	1809	"pass"	"GB"	null	1	0	0	0	2	"00-0037091"	0	0	0	0	null	0	0	2026	"REG"	0	null	null	0	0	null	2	0.4270904064178467	0.9407263994216919	57	0	13
null	0	"GB"	null	0.5775750251486897	null	null	0	"2026_02_GB_NYJ"	0	0	57	"00-0040899"	"00-0039451"	0	null	0	null	2223	"kickoff"	"NYJ"	null	0	0	0	0	3	null	0	26	0	0	null	0	0	2026	"REG"	1	null	null	0	0	null	2	0.5593234896659851	null	35	0	0
4	1	"NYJ"	2	0.9749763878062367	null	null	0	"2026_02_GB_NYJ"	0	0	null	null	null	1	36.562514305114746	0	"00-0036264"	2428	"pass"	"GB"	null	1	0	0	0	3	"00-0040667"	0	0	0	0	null	0	0	2026	"REG"	1	null	null	0	0	null	2	0.42989683151245117	0.6343748569488525	94	8	7
null	0	"NYJ"	1	-0.42193410638719797	null	null	0	"2026_02_GB_NYJ"	0	0	null	null	null	1	27.627503871917725	0	"00-0036264"	2544	"pass"	"GB"	null	1	0	0	0	3	null	0	0	0	0	null	1	0	2026	"REG"	0	null	null	0	0	null	2	0.45067599415779114	0.7237249612808228	78	-3	25
19	0	"NYJ"	2	-0.7613848503679037	null	null	0	"2026_02_GB_NYJ"	0	0	null	null	null	1	24.89567995071411	0	"00-0036264"	2654	"pass"	"GB"	null	1	0	0	0	3	"00-0038124"	0	0	0	0	null	0	0	2026	"REG"	0	null	null	0	0	null	2	0.46893879771232605	0.7510432004928589	66	0	9
-2	0	"NYJ"	3	-1.2729441532865167	null	null	0	"2026_02_GB_NYJ"	0	0	null	null	null	1	1.5870332717895508	0	"00-0036264"	2677	"pass"	"GB"	null	1	0	0	0	3	"00-0038124"	0	0	0	0	null	0	0	2026	"REG"	0	null	null	0	0	null	2	0.43324369192123413	0.9841296672821045	66	0	9
6	1	"NYJ"	2	0.8038924583233893	null	null	0	"2026_02_GB_NYJ"	0	0	null	null	null	1	11.423593759536743	0	"00-0036264"	3064	"pass"	"GB"	null	1	0	0	0	3	"00-0038996"	0	0	0	0	null	0	0	2026	"REG"	1	null	null	0	0	null	2	0.17748026549816132	0.8857640624046326	76	10	13
4	0	"NYJ"	3	-1.481570172123611	null	null	0	"2026_02_GB_NYJ"	0	0	null	null	null	1	8.672034740447998	0	"00-0036264"	3089	"pass"	"GB"	null	1	0	0	0	3	"00-0038124"	0	0	0	0	null	0	0	2026	"REG"	0	null	null	0	0	null	2	0.19497066736221313	0.91327965259552	66	0	3
2	0	"NYJ"	1	-0.5423318925313652	null	null	0	"2026_02_GB_NYJ"	0	0	null	null	null	1	32.36790895462036	0	"00-0036264"	3573	"pass"	"GB"	null	1	0	0	0	4	"00-0038685"	0	0	0	0	null	0	0	2026	"REG"	0	null	null	0	0	null	2	0.12406866252422333	0.6763209104537964	73	0	10
3	1	"NYJ"	2	0.1218418343923986	null	null	0	"2026_02_GB_NYJ"	0	0	null	null	null	1	19.60657238960266	0	"00-0036264"	3596	"pass"	"GB"	null	1	0	0	0	4	"00-0038090"	0	0	0	0	null	0	0	2026	"REG"	1	null	null	0	0	null	2	0.10717121511697769	0.8039342761039734	73	7	10
8	1	"NYJ"	3	1.936650974676013	null	null	0	"2026_02_GB_NYJ"	0	0	null	null	null	1	7.85449743270874	0	"00-0036264"	3626	"pass"	"GB"	null	1	0	0	0	4	"00-0040667"	0	0	0	0	null	0	0	2026	"REG"	1	null	null	0	0	null	2	0.10375557094812393	0.9214550256729126	66	18	3
7	0	"NYJ"	1	-0.41880516905803233	null	null	0	"2026_02_GB_NYJ"	0	0	null	null	null	1	40.61581492424011	0	"00-0036264"	3759	"pass"	"GB"	null	1	0	0	0	4	"00-0038996"	0	0	0	0	null	0	0	2026	"REG"	0	null	null	0	0	null	2	0.1920798122882843	0.5938418507575989	25	0	10
12	1	"NYJ"	2	1.584211079753004	null	null	0	"2026_02_GB_NYJ"	0	0	null	null	null	1	24.92693066596985	0	"00-0036264"	3782	"pass"	"GB"	null	1	0	0	0	4	"00-0040667"	0	0	0	0	null	0	0	2026	"REG"	1	null	null	0	0	null	2	0.17379295825958252	0.7507306933403015	25	18	10
3	1	"NYJ"	2	1.4099016399704851	null	null	0	"2026_02_GB_NYJ"	1	0	null	null	null	1	34.072744846343994	1	"00-0036264"	3863	"pass"	"GB"	null	1	0	0	0	4	"00-0038124"	0	0	0	0	null	0	0	2026	"REG"	1	"00-0038124"	"GB"	1	0	null	2	0.19800037145614624	0.6592725515365601	3	3	3
null	0	"NYJ"	null	0.06757300310763314	"good"	null	0	"2026_02_GB_NYJ"	0	0	33	"00-0040899"	null	0	null	0	null	3889	"extra_point"	"GB"	null	0	0	0	0	4	null	0	0	0	0	null	0	0	2026	"REG"	1	null	null	0	0	null	2	0.2165597774507636	null	15	0	0
null	0	"GB"	null	-0.9252600525505841	null	null	0	"2026_02_GB_NYJ"	0	0	63	"00-0040899"	"00-0039451"	0	null	0	null	3904	"kickoff"	"NYJ"	null	0	0	0	0	4	null	0	21	0	0	null	0	0	2026	"REG"	0	null	null	0	0	null	2	0.7829002737998962	null	35	0	0
3	0	"NYJ"	3	-0.8573094996989123	null	null	0	"2026_02_GB_NYJ"	0	0	null	null	null	1	3.039807081222534	0	"00-0036264"	4119	"pass"	"GB"	null	1	0	0	0	4	"00-0038124"	0	0	0	0	null	0	0	2026	"REG"	0	null	null	0	0	null	2	0.5121198892593384	0.9696019291877747	16	0	7
null	0	"NYJ"	4	0.2998478742099717	null	"made"	0	"2026_02_GB_NYJ"	0	0	34	"00-0040899"	null	0	null	0	null	4142	"field_goal"	"GB"	null	0	0	0	0	4	null	0	0	0	0	null	0	0	2026	"REG"	1	null	null	0	0	null	2	0.4210927486419678	null	16	0	7
null	0	"GB"	null	0.4072678848169744	null	null	0	"2026_02_GB_NYJ"	0	0	63	"00-0040899"	"00-0039451"	0	null	0	null	4162	"kickoff"	"NYJ"	null	0	0	0	0	4	null	0	28	0	0	null	0	0	2026	"REG"	1	null	null	0	0	null	2	0.5622380375862122	null	35	0	0
10	0	"NYJ"	1	-0.40442161459941417	null	null	0	"2026_02_GB_NYJ"	0	0	null	null	null	1	16.875606775283813	0	"00-0036264"	4320	"pass"	"GB"	null	1	0	0	0	4	"00-0038124"	0	0	0	0	null	0	0	2026	"REG"	0	null	null	0	0	null	2	0.64702969789505	0.8312439322471619	50	0	10
44	0	"NYJ"	2	-0.35127035301411524	null	null	0	"2026_02_GB_NYJ"	0	0	null	null	null	1	8.835840225219727	0	"00-0036264"	4343	"pass"	"GB"	null	1	0	0	0	4	"00-0040667"	0	0	0	0	null	0	0	2026	"REG"	0	null	null	0	0	null	2	0.6382586359977722	0.9116415977478027	50	0	10
5	1	"NYJ"	3	-0.9510192948509939	null	null	0	"2026_02_GB_NYJ"	0	0	null	null	null	1	3.031480312347412	0	"00-0036264"	4373	"pass"	"GB"	null	1	0	0	0	4	"00-0038124"	0	0	0	0	null	0	0	2026	"REG"	0	null	null	0	0	null	2	0.5840333104133606	0.9696851968765259	50	5	10
null	0	"NYJ"	4	-0.2201992612099275	null	null	0	"2026_02_GB_NYJ"	0	0	null	null	null	1	2.575308084487915	0	"00-0036264"	4422	"pass"	"GB"	null	1	0	0	0	4	null	0	0	0	0	null	1	0	2026	"REG"	0	null	null	0	0	null	2	0.5319715142250061	0.9742469191551208	50	-5	10
null	0	"GB"	null	0.24224355234764516	null	null	0	"2026_02_GB_NYJ"	0	0	60	"00-0040899"	"00-0039451"	0	null	0	null	4484	"kickoff"	"NYJ"	null	0	0	0	0	5	null	0	25	0	0	null	0	0	2026	"REG"	1	null	null	0	0	null	2	0.5475355687085539	null	35	0	0
-4	1	"NYJ"	2	2.29840952611994	null	null	0	"2026_02_GB_NYJ"	0	0	null	null	null	1	30.52668571472168	0	"00-0036264"	4683	"pass"	"GB"	null	1	0	0	0	5	"00-0038685"	0	0	0	0	null	0	0	2026	"REG"	1	null	null	0	0	null	2	0.5573852914385498	0.6947331428527832	52	15	7
2	1	"NYJ"	1	-1.383915271581568	null	null	0	"2026_02_GB_NYJ"	0	0	null	null	null	1	80.50162941217422	0	"00-0036264"	4724	"pass"	"GB"	null	1	0	0	0	5	"00-0040667"	0	0	0	0	null	0	0	2026	"REG"	0	null	null	0	0	null	2	0.8593628397211432	0.19498370587825775	22	14	10
null	0	"NYJ"	1	0.08539883824479588	null	"made"	0	"2026_02_GB_NYJ"	1	0	26	"00-0040899"	null	0	null	0	null	4754	"field_goal"	"GB"	null	0	0	0	0	5	null	0	0	0	0	null	0	0	2026	"REG"	1	null	null	0	0	null	2	0.9810963464895499	null	8	0	8
2	0	"KC"	2	-4.687017243064474	null	null	0	"2026_02_IND_KC"	0	1	null	null	null	1	44.436997175216675	0	"00-0035710"	614	"pass"	"IND"	null	1	0	0	0	1	"00-0030279"	0	0	0	0	null	0	0	2026	"REG"	0	null	null	0	0	null	2	0.5489614009857178	0.5556300282478333	86	0	6
7	0	"KC"	3	-0.694098040733456	null	null	0	"2026_02_IND_KC"	0	0	null	null	null	1	4.018682241439819	0	"00-0035710"	981	"pass"	"IND"	null	1	0	0	0	2	"00-0030279"	0	0	0	0	null	0	0	2026	"REG"	0	null	null	0	0	null	2	0.4020701050758362	0.9598131775856018	24	0	12
1	0	"KC"	2	-0.3256850917241536	null	null	0	"2026_02_IND_KC"	0	0	null	null	null	1	13.315671682357788	0	"00-0035710"	1963	"pass"	"IND"	null	1	0	0	0	2	"00-0030279"	0	0	0	0	null	0	0	2026	"REG"	0	null	null	0	0	null	2	0.40363627672195435	0.8668432831764221	31	0	6
16	0	"KC"	3	-1.766457069432363	null	null	0	"2026_02_IND_KC"	0	0	null	null	null	1	5.448150634765625	0	"00-0035710"	2739	"pass"	"IND"	null	1	0	0	0	3	"00-0030279"	0	0	0	0	null	0	0	2026	"REG"	0	null	null	0	0	null	2	0.32596293091773987	0.9455184936523438	52	0	4
5	1	"KC"	3	-0.16008065885398537	null	null	0	"2026_02_IND_KC"	0	0	null	null	null	1	3.257143497467041	0	"00-0035710"	3402	"pass"	"IND"	null	1	0	0	0	4	"00-0030279"	0	0	0	0	null	0	0	2026	"REG"	0	null	null	0	0	null	2	0.2114417850971222	0.9674285650253296	30	5	6
10	1	"LV"	2	2.0292045943206176	null	null	0	"2026_02_LV_LAC"	1	0	null	null	null	1	31.285011768341064	1	"00-0036355"	2437	"pass"	"LAC"	null	1	0	0	0	3	"00-0040189"	0	0	0	0	null	0	0	2026	"REG"	1	"00-0040189"	"LAC"	1	0	null	2	0.5888134241104126	0.6871498823165894	10	10	10
8	1	"LV"	2	-0.014907866599969566	null	null	0	"2026_02_LV_LAC"	0	0	null	null	null	1	7.718825340270996	0	"00-0036355"	3680	"pass"	"LAC"	null	1	0	0	0	4	"00-0040189"	0	0	0	0	null	0	0	2026	"REG"	0	null	null	0	0	null	2	0.3554029166698456	0.92281174659729	68	8	15
30	1	"CHI"	2	1.9105475600808859	null	null	0	"2026_02_MIN_CHI"	0	0	null	null	null	1	66.7703241109848	0	"00-0032950"	85	"pass"	"MIN"	null	1	0	0	0	1	"00-0036322"	0	0	0	0	null	0	0	2026	"REG"	1	null	null	0	0	null	2	0.456194669008255	0.332296758890152	64	30	2
17	0	"CHI"	3	-1.0466187728814722	null	null	0	"2026_02_MIN_CHI"	0	0	null	null	null	1	2.7398765087127686	0	"00-0032950"	238	"pass"	"MIN"	null	1	0	0	0	1	"00-0036322"	0	0	0	0	null	0	0	2026	"REG"	0	null	null	0	0	null	2	0.5324936509132385	0.9726012349128723	17	0	6
10	1	"CHI"	3	1.9618012276478112	null	null	0	"2026_02_MIN_CHI"	0	0	null	null	null	1	6.074714660644531	0	"00-0032950"	1148	"pass"	"MIN"	null	1	0	0	0	2	"00-0036322"	0	0	0	0	null	0	0	2026	"REG"	1	null	null	0	0	null	2	0.42757222056388855	0.9392528533935547	58	16	4
4	0	"CHI"	2	-0.7438420753460377	null	null	0	"2026_02_MIN_CHI"	0	0	null	null	null	1	18.342095613479614	0	"00-0032950"	1294	"pass"	"MIN"	null	1	0	0	0	2	"00-0036322"	0	0	0	0	null	0	0	2026	"REG"	0	null	null	0	0	null	2	0.5089853405952454	0.8165790438652039	33	0	12
5	1	"CHI"	3	-0.000766764918807894	null	null	0	"2026_02_MIN_CHI"	0	0	null	null	null	1	67.9591029882431	0	"00-0032950"	1952	"pass"	"MIN"	null	1	0	0	0	2	"00-0036322"	0	0	0	0	null	0	0	2026	"REG"	0	null	null	0	0	null	2	0.5211896896362305	0.32040897011756897	81	9	19
25	0	"CHI"	1	-0.5873081432655454	null	null	0	"2026_02_MIN_CHI"	0	0	null	null	null	1	58.793097734451294	0	"00-0032950"	3054	"pass"	"MIN"	null	1	0	0	0	4	"00-0036322"	0	0	0	0	null	0	0	2026	"REG"	0	null	null	0	0	null	2	0.6257241368293762	0.41206902265548706	88	0	10
null	0	"NO"	1	0.04437265219166875	null	null	0	"2026_02_NO_BAL"	0	0	null	null	null	0	-48.52614104747772	0	null	63	"run"	"BAL"	null	0	0	0	0	1	null	0	0	1	0	"00-0032764"	0	0	2026	"REG"	1	null	null	0	0	null	2	0.5462617874145508	0.4852614104747772	75	5	10
null	0	"NO"	2	-0.9278642740100622	null	null	0	"2026_02_NO_BAL"	0	0	null	null	null	0	-55.14441132545471	0	null	85	"run"	"BAL"	null	0	0	0	0	1	null	0	0	1	0	"00-0032764"	0	0	2026	"REG"	0	null	null	0	0	null	2	0.5395311713218689	0.5514441132545471	70	-1	5
null	0	"BAL"	1	-0.14243408385664225	null	null	0	"2026_02_NO_BAL"	0	0	null	null	null	0	-43.3416485786438	0	null	150	"run"	"NO"	null	0	0	0	0	1	null	0	0	1	0	"00-0036973"	0	0	2026	"REG"	0	null	null	0	0	null	2	0.49370694160461426	0.433416485786438	76	3	10
null	0	"BAL"	2	0.5865052528679371	null	null	0	"2026_02_NO_BAL"	0	0	null	null	null	0	-61.81108355522156	0	null	172	"run"	"NO"	null	0	0	0	0	1	null	0	0	1	0	"00-0036973"	0	0	2026	"REG"	1	null	null	0	0	null	2	0.4827720820903778	0.6181108355522156	73	6	7
null	0	"NO"	1	0.06345510971732438	null	null	0	"2026_02_NO_BAL"	0	0	null	null	null	0	-50.62175393104553	0	null	335	"run"	"BAL"	null	0	0	0	0	1	null	0	0	1	0	"00-0032764"	0	0	2026	"REG"	1	null	null	0	0	null	2	0.5663902163505554	0.5062175393104553	66	5	10
-4	1	"NO"	1	1.5394702607300133	null	null	0	"2026_02_NO_BAL"	0	0	null	null	null	1	32.52931833267212	0	"00-0034796"	441	"pass"	"BAL"	null	1	0	0	0	1	"00-0032764"	0	0	0	0	null	0	0	2026	"REG"	1	null	null	0	0	null	2	0.5645651817321777	0.6747068166732788	61	20	15
-1	1	"NO"	1	-0.46948116971179843	null	null	0	"2026_02_NO_BAL"	0	0	null	null	null	1	53.81069481372833	0	"00-0034796"	514	"pass"	"BAL"	null	1	0	0	0	1	"00-0032764"	0	0	0	0	null	0	0	2026	"REG"	0	null	null	0	0	null	2	0.6628845930099487	0.4618930518627167	22	2	10
null	0	"NO"	2	0.33669378398917615	null	null	0	"2026_02_NO_BAL"	0	0	null	null	null	0	-74.62291121482849	0	null	539	"run"	"BAL"	null	0	0	0	0	1	null	0	0	1	0	"00-0032764"	0	0	2026	"REG"	1	null	null	0	0	null	2	0.6488394737243652	0.7462291121482849	20	6	8
null	0	"NO"	3	0.7023492870503105	null	null	0	"2026_02_NO_BAL"	0	0	null	null	null	0	-62.37537860870361	0	null	561	"run"	"BAL"	null	0	0	0	0	1	null	0	0	1	0	"00-0032764"	0	0	2026	"REG"	1	null	null	0	0	null	2	0.6630140542984009	0.6237537860870361	14	5	2
null	0	"NO"	1	0.9179049770464189	null	null	0	"2026_02_NO_BAL"	1	0	null	null	null	0	-39.9781733751297	0	null	583	"run"	"BAL"	null	0	0	0	0	1	null	0	0	1	0	"00-0032764"	0	0	2026	"REG"	1	null	null	0	0	null	2	0.6866828799247742	0.399781733751297	9	8	9
null	0	"NO"	2	0.7245709102135152	null	null	0	"2026_02_NO_BAL"	1	0	null	null	null	0	-28.91712784767151	0	null	605	"run"	"BAL"	null	0	0	0	0	1	null	0	0	1	1	"00-0032764"	0	0	2026	"REG"	1	"00-0032764"	"BAL"	1	0	null	2	0.7000256180763245	0.2891712784767151	1	1	1
null	0	"NO"	1	-0.13948427024297416	null	null	0	"2026_02_NO_BAL"	0	0	null	null	null	0	-33.10228884220123	0	null	971	"run"	"BAL"	null	0	0	0	0	2	null	0	0	1	0	"00-0032764"	0	0	2026	"REG"	0	null	null	0	0	null	2	0.7148693203926086	0.33102288842201233	94	5	10
null	0	"NO"	1	0.3234904669225216	null	null	0	"2026_02_NO_BAL"	0	0	null	null	null	0	-52.338707447052	0	null	1538	"run"	"BAL"	null	0	0	0	0	2	null	0	0	1	0	"00-0032764"	0	0	2026	"REG"	1	null	null	0	0	null	2	0.6594528555870056	0.52338707447052	80	8	10
null	0	"NO"	2	0.43209114915225655	null	null	0	"2026_02_NO_BAL"	0	0	null	null	null	0	-32.15550780296326	0	null	1560	"run"	"BAL"	null	0	0	0	0	2	null	0	0	1	0	"00-0032764"	0	0	2026	"REG"	1	null	null	0	0	null	2	0.680774986743927	0.32155507802963257	72	2	2
null	0	"NO"	1	0.045456457417458296	null	null	0	"2026_02_NO_BAL"	0	0	null	null	null	0	-59.29182767868042	0	null	1584	"run"	"BAL"	null	0	0	0	0	2	null	0	0	1	0	"00-0032764"	0	0	2026	"REG"	1	null	null	0	0	null	2	0.6743457913398743	0.5929182767868042	70	7	10
null	0	"BAL"	1	0.6115939728915691	null	null	0	"2026_02_NO_BAL"	0	0	null	null	null	0	-44.14686560630798	0	null	2000	"run"	"NO"	null	0	0	0	0	3	null	0	0	1	0	"00-0036973"	0	0	2026	"REG"	1	null	null	0	0	null	2	0.2102641612291336	0.44146865606307983	74	8	10
null	0	"BAL"	1	-1.2373747068922967	null	null	0	"2026_02_NO_BAL"	0	0	null	null	null	0	-43.75632703304291	0	null	2056	"run"	"NO"	null	0	0	0	0	3	null	0	0	1	0	"00-0036973"	0	0	2026	"REG"	0	null	null	0	0	null	2	0.21891359984874725	0.4375632703304291	61	-4	10
-3	1	"BAL"	1	0.2880793841322884	null	null	0	"2026_02_NO_BAL"	0	0	null	null	null	1	55.187758803367615	0	"00-0040743"	2147	"pass"	"NO"	null	1	0	0	0	3	"00-0036973"	0	0	0	0	null	0	0	2026	"REG"	1	null	null	0	0	null	2	0.2381514012813568	0.44812241196632385	39	6	10
-4	1	"BAL"	2	-0.7359562977217138	null	null	0	"2026_02_NO_BAL"	0	0	null	null	null	1	58.1078976392746	0	"00-0040743"	2177	"pass"	"NO"	null	1	0	0	0	3	"00-0036973"	0	0	0	0	null	0	0	2026	"REG"	0	null	null	0	0	null	2	0.24969151616096497	0.41892102360725403	33	0	4
null	0	"NO"	2	0.42435960238799453	null	null	0	"2026_02_NO_BAL"	0	0	null	null	null	0	-26.79862082004547	0	null	2369	"run"	"BAL"	null	0	0	0	0	3	null	0	0	1	0	"00-0032764"	0	0	2026	"REG"	1	null	null	0	0	null	2	0.768454909324646	0.2679862082004547	60	7	2
null	0	"NO"	2	0.22172378783579916	null	null	0	"2026_02_NO_BAL"	0	0	null	null	null	0	-35.04997193813324	0	null	2567	"run"	"BAL"	null	0	0	0	0	3	null	0	0	1	0	"00-0032764"	0	0	2026	"REG"	1	null	null	0	0	null	2	0.8072566986083984	0.3504997193813324	33	3	3
null	0	"NO"	1	0.1242561120307073	null	null	0	"2026_02_NO_BAL"	0	0	null	null	null	0	-44.98592019081116	0	null	2589	"run"	"BAL"	null	0	0	0	0	3	null	0	0	1	0	"00-0032764"	0	0	2026	"REG"	1	null	null	0	0	null	2	0.8043730854988098	0.4498592019081116	30	5	10
null	0	"NO"	1	-0.4747937081265263	null	null	0	"2026_02_NO_BAL"	0	0	null	null	null	0	-41.36846363544464	0	null	2636	"run"	"BAL"	null	0	0	0	0	3	null	0	0	1	0	"00-0032764"	0	0	2026	"REG"	0	null	null	0	0	null	2	0.8334850072860718	0.4136846363544464	19	0	10
-8	1	"NO"	1	-0.8625605776906013	null	null	0	"2026_02_NO_BAL"	0	0	null	null	null	1	30.603104829788208	0	"00-0034796"	2901	"pass"	"BAL"	null	1	0	0	0	3	"00-0032764"	0	0	0	0	null	0	0	2026	"REG"	0	null	null	0	0	null	2	0.8855317831039429	0.6939689517021179	54	-3	15
null	0	"BAL"	2	0.06642805319279432	null	null	0	"2026_02_NO_BAL"	0	0	null	null	null	0	-35.26908457279205	0	null	3049	"run"	"NO"	null	0	0	0	0	4	null	0	0	1	0	"00-0036973"	0	0	2026	"REG"	1	null	null	0	0	null	2	0.18091857433319092	0.35269084572792053	60	2	2
null	0	"BAL"	1	0.20703979674726725	null	null	0	"2026_02_NO_BAL"	0	0	null	null	null	0	-55.47104477882385	0	null	3242	"run"	"NO"	null	0	0	0	0	4	null	0	0	1	0	"00-0036973"	0	0	2026	"REG"	1	null	null	0	0	null	2	0.21639621257781982	0.5547104477882385	27	6	10
null	0	"BAL"	null	1.053	null	null	0	"2026_02_NO_BAL"	0	0	null	null	null	0	null	0	null	3315	"run"	"NO"	null	0	0	0	0	4	null	0	0	1	0	"00-0036973"	0	0	2026	"REG"	1	null	null	0	1	"success"	2	0.35731353688240053	null	1	2	0
null	0	"NO"	2	0.09106109803542495	null	null	0	"2026_02_NO_BAL"	0	0	null	null	null	0	-40.55399298667908	0	null	3383	"run"	"BAL"	null	0	0	0	0	4	null	0	0	1	0	"00-0032764"	0	0	2026	"REG"	1	null	null	0	0	null	2	0.5792053937911987	0.40553992986679077	65	2	3
null	0	"BAL"	1	-0.369571392191574	null	null	0	"2026_02_NO_BAL"	0	0	null	null	null	0	-50.405681133270264	0	null	3459	"run"	"NO"	null	0	0	0	0	4	null	0	0	1	0	"00-0036973"	0	0	2026	"REG"	0	null	null	0	0	null	2	0.4911274313926697	0.5040568113327026	68	0	10
null	0	"BAL"	2	-0.3943195219617337	null	null	0	"2026_02_NO_BAL"	0	0	null	null	null	0	-66.43156409263611	0	null	3543	"run"	"NO"	null	0	0	0	0	4	null	0	0	1	0	"00-0036973"	0	0	2026	"REG"	0	null	null	0	0	null	2	0.5086737275123596	0.6643156409263611	53	4	10
13	1	"TEN"	3	2.494666001526639	null	null	0	"2026_02_PHI_TEN"	0	0	null	null	null	1	1.7268478870391846	0	"00-0036389"	848	"pass"	"PHI"	null	1	0	0	0	1	"00-0040867"	0	0	0	0	null	0	0	2026	"REG"	1	null	null	0	0	null	2	0.3113890588283539	0.9827315211296082	38	14	8
null	0	"TEN"	2	-1.328937416896224	null	null	0	"2026_02_PHI_TEN"	0	0	null	null	null	0	-68.10799241065979	0	null	3406	"run"	"PHI"	null	0	0	0	0	4	null	0	0	1	0	"00-0040867"	0	0	2026	"REG"	0	null	null	0	0	null	2	0.566565215587616	0.6810799241065979	39	-5	7
16	1	"PIT"	1	1.6701753827510402	null	null	0	"2026_02_PIT_NE"	0	0	null	null	null	1	52.39686667919159	0	"00-0039851"	208	"pass"	"NE"	null	1	0	0	0	1	"00-0033090"	0	0	0	0	null	0	0	2026	"REG"	1	null	null	0	0	null	2	0.6404451727867126	0.4760313332080841	63	29	10
-1	1	"PIT"	2	-0.23559629637748003	null	null	0	"2026_02_PIT_NE"	1	0	null	null	null	1	16.07385277748108	0	"00-0039851"	958	"pass"	"NE"	null	1	0	0	0	1	"00-0033090"	0	0	0	0	null	0	0	2026	"REG"	0	null	null	0	0	null	2	0.8573509454727173	0.8392614722251892	14	4	14
7	1	"PIT"	1	0.3478647693991661	null	null	0	"2026_02_PIT_NE"	0	0	null	null	null	1	57.59044289588928	0	"00-0039851"	2194	"pass"	"NE"	null	1	0	0	0	3	"00-0033090"	0	0	0	0	null	0	0	2026	"REG"	1	null	null	0	0	null	2	0.8080892562866211	0.4240955710411072	67	7	10
23	0	"PIT"	1	-4.119039550656453	null	null	0	"2026_02_PIT_NE"	0	1	null	null	null	1	57.0245623588562	0	"00-0039851"	2271	"pass"	"NE"	null	1	0	0	0	3	"00-0033090"	0	3	0	0	null	0	0	2026	"REG"	0	null	null	0	0	null	2	0.8480234146118164	0.429754376411438	33	0	10
12	0	"PIT"	1	-0.5326159412506968	null	null	0	"2026_02_PIT_NE"	0	0	null	null	null	1	32.72137641906738	0	"00-0039851"	2930	"pass"	"NE"	null	1	0	0	0	3	"00-0033090"	0	0	0	0	null	0	0	2026	"REG"	0	null	null	0	0	null	2	0.8646120429039001	0.6727862358093262	34	0	15
4	1	"SEA"	1	0.7376822966616601	null	null	0	"2026_02_SEA_ARI"	0	0	null	null	null	1	57.92005658149719	0	"00-0033119"	62	"pass"	"ARI"	null	1	0	0	0	1	"00-0037744"	0	0	0	0	null	0	0	2026	"REG"	1	null	null	0	0	null	2	0.5799764394760132	0.4207994341850281	57	9	10
36	1	"ARI"	2	6.907720583956689	null	null	0	"2026_02_SEA_ARI"	0	0	null	null	null	1	39.92016911506653	1	"00-0035704"	178	"pass"	"SEA"	null	1	0	0	0	1	"00-0038543"	0	0	0	0	null	0	0	2026	"REG"	1	"00-0038543"	"SEA"	1	0	null	2	0.4770439565181732	0.6007983088493347	82	82	6
null	0	"SEA"	1	-0.43759702472016215	null	null	0	"2026_02_SEA_ARI"	0	0	null	null	null	0	-43.678563833236694	0	null	237	"run"	"ARI"	null	0	0	0	0	1	null	0	0	1	0	"00-0041027"	0	0	2026	"REG"	0	null	null	0	0	null	2	0.33705979585647583	0.43678563833236694	68	3	10
5	1	"SEA"	2	0.4486465686932206	null	null	0	"2026_02_SEA_ARI"	0	0	null	null	null	1	27.957171201705933	0	"00-0033119"	295	"pass"	"ARI"	null	1	0	0	0	1	"00-0037744"	0	0	0	0	null	0	0	2026	"REG"	1	null	null	0	0	null	2	0.307907372713089	0.7204282879829407	70	9	12
3	1	"SEA"	3	1.053279200103134	null	null	0	"2026_02_SEA_ARI"	0	0	null	null	null	1	9.200483560562134	0	"00-0033119"	320	"pass"	"ARI"	null	1	0	0	0	1	"00-0037744"	0	0	0	0	null	0	0	2026	"REG"	1	null	null	0	0	null	2	0.33386772871017456	0.9079951643943787	61	3	3
null	0	"SEA"	1	0.3753622844815254	null	null	0	"2026_02_SEA_ARI"	0	0	null	null	null	0	-47.510093450546265	0	null	345	"run"	"ARI"	null	0	0	0	0	1	null	0	0	1	0	"00-0041027"	0	0	2026	"REG"	1	null	null	0	0	null	2	0.3551790714263916	0.47510093450546265	58	7	10
null	0	"SEA"	2	-1.1559690875001252	null	null	0	"2026_02_SEA_ARI"	0	0	null	null	null	0	-35.74511706829071	0	null	367	"run"	"ARI"	null	0	0	0	0	1	null	0	0	1	0	"00-0041027"	0	0	2026	"REG"	0	null	null	0	0	null	2	0.36350223422050476	0.3574511706829071	51	-2	3
3	1	"SEA"	1	0.18826174014247954	null	null	0	"2026_02_SEA_ARI"	0	0	null	null	null	1	51.198914647102356	0	"00-0033119"	570	"pass"	"ARI"	null	1	0	0	0	1	"00-0041027"	0	0	0	0	null	0	0	2026	"REG"	1	null	null	0	0	null	2	0.3619491159915924	0.48801085352897644	50	7	10
3	1	"SEA"	2	-0.1974179878598079	null	null	0	"2026_02_SEA_ARI"	0	0	null	null	null	1	43.96864175796509	0	"00-0033119"	640	"pass"	"ARI"	null	1	0	0	0	1	"00-0037744"	0	0	0	0	null	0	0	2026	"REG"	0	null	null	0	0	null	2	0.349958211183548	0.5603135824203491	40	5	10
null	0	"SEA"	1	0.5004893745062873	null	null	0	"2026_02_SEA_ARI"	0	0	null	null	null	0	-46.046826243400574	0	null	704	"run"	"ARI"	null	0	0	0	0	1	null	0	0	1	0	"00-0041027"	0	0	2026	"REG"	1	null	null	0	0	null	2	0.4019896686077118	0.46046826243400574	27	8	10
null	0	"SEA"	2	0.3981958994991146	null	null	0	"2026_02_SEA_ARI"	0	0	null	null	null	0	-29.123660922050476	0	null	738	"run"	"ARI"	null	0	0	0	0	1	null	0	0	1	0	"00-0041027"	0	0	2026	"REG"	1	null	null	0	0	null	2	0.42077165842056274	0.29123660922050476	19	9	2
null	0	"SEA"	1	-0.49912703334121034	null	null	0	"2026_02_SEA_ARI"	1	0	null	null	null	0	-40.769267082214355	0	null	760	"run"	"ARI"	null	0	0	0	0	1	null	0	0	1	0	"00-0041027"	0	0	2026	"REG"	0	null	null	0	0	null	2	0.4397539794445038	0.40769267082214355	10	1	10
9	0	"SEA"	2	-0.7908551573636942	null	null	0	"2026_02_SEA_ARI"	1	0	null	null	null	1	29.355090856552124	0	"00-0033119"	782	"pass"	"ARI"	null	1	0	0	0	1	"00-0037744"	0	0	0	0	null	0	0	2026	"REG"	0	null	null	0	0	null	2	0.4233182370662689	0.7064490914344788	9	0	9
2	1	"SEA"	4	3.713650976191275	null	null	0	"2026_02_SEA_ARI"	1	0	null	null	null	1	17.04080104827881	1	"00-0033119"	847	"pass"	"ARI"	null	1	0	0	0	2	"00-0037744"	0	0	0	0	null	0	0	2026	"REG"	1	"00-0037744"	"ARI"	1	0	null	2	0.3655187785625458	0.8295919895172119	2	2	2
2	1	"SEA"	1	0.7185144820250571	null	null	0	"2026_02_SEA_ARI"	0	0	null	null	null	1	53.232479095458984	0	"00-0033119"	989	"pass"	"ARI"	null	1	0	0	0	2	"00-0041027"	0	0	0	0	null	0	0	2026	"REG"	1	null	null	0	0	null	2	0.5650708079338074	0.46767520904541016	53	9	10
null	0	"SEA"	2	-1.3846655235392973	null	null	0	"2026_02_SEA_ARI"	0	0	null	null	null	0	-21.149323880672455	0	null	1026	"run"	"ARI"	null	0	0	0	0	2	null	0	0	1	0	"00-0041027"	0	0	2026	"REG"	0	null	null	0	0	null	2	0.5811328887939453	0.21149323880672455	44	-3	1
null	0	"SEA"	2	-0.026974462904036045	null	null	0	"2026_02_SEA_ARI"	0	0	null	null	null	0	-49.75992739200592	0	null	1368	"run"	"ARI"	null	0	0	0	0	2	null	0	0	1	0	"00-0041027"	0	0	2026	"REG"	0	null	null	0	0	null	2	0.4874730706214905	0.4975992739200592	92	3	5
1	0	"SEA"	3	-1.2551420810632408	null	null	0	"2026_02_SEA_ARI"	0	0	null	null	null	1	31.268715858459473	0	"00-0033119"	1390	"pass"	"ARI"	null	1	0	0	0	2	"00-0037744"	0	0	0	0	null	0	0	2026	"REG"	0	null	null	0	0	null	2	0.49544715881347656	0.6873128414154053	89	0	2
11	1	"ARI"	1	0.5999777593533508	null	null	0	"2026_02_SEA_ARI"	0	0	null	null	null	1	53.13835144042969	0	"00-0035704"	1460	"pass"	"SEA"	null	1	0	0	0	2	"00-0038543"	0	0	0	0	null	0	0	2026	"REG"	1	null	null	0	0	null	2	0.6059137582778931	0.4686164855957031	31	10	10
7	1	"ARI"	3	0.866296377935214	null	null	0	"2026_02_SEA_ARI"	0	0	null	null	null	1	36.25743389129639	0	"00-0035704"	1536	"pass"	"SEA"	null	1	0	0	0	2	"00-0038543"	0	0	0	0	null	0	0	2026	"REG"	1	null	null	0	0	null	2	0.6179407238960266	0.6374256610870361	13	7	2
3	1	"SEA"	1	-0.07172022457234561	null	null	0	"2026_02_SEA_ARI"	0	0	null	null	null	1	68.76690685749054	0	"00-0033119"	1678	"pass"	"ARI"	null	1	0	0	0	2	"00-0037744"	0	0	0	0	null	0	0	2026	"REG"	0	null	null	0	0	null	2	0.5018867254257202	0.3123309314250946	98	4	10
-1	1	"SEA"	1	-0.2272268480155617	null	null	0	"2026_02_SEA_ARI"	0	0	null	null	null	1	9.867221117019653	0	"00-0033119"	1804	"pass"	"ARI"	null	1	0	0	0	2	"00-0037744"	0	0	0	0	null	0	0	2026	"REG"	0	null	null	0	0	null	2	0.5418424010276794	0.9013277888298035	72	1	10
11	0	"ARI"	1	-0.10256059683160856	null	null	0	"2026_02_SEA_ARI"	0	0	null	null	null	1	3.9471566677093506	0	"00-0035704"	1955	"pass"	"SEA"	null	1	0	0	0	2	"00-0038543"	0	0	0	0	null	0	0	2026	"REG"	0	null	null	0	0	null	2	0.5255007743835449	0.9605284333229065	58	0	10
7	0	"ARI"	2	-0.2132254461175762	null	null	0	"2026_02_SEA_ARI"	0	0	null	null	null	1	5.014544725418091	0	"00-0035704"	1980	"pass"	"SEA"	null	1	0	0	0	2	"00-0038543"	0	0	0	0	null	0	0	2026	"REG"	0	null	null	0	0	null	2	0.5098433494567871	0.9498545527458191	58	0	10
9	1	"ARI"	3	0.0755941632669419	null	null	0	"2026_02_SEA_ARI"	0	0	null	null	null	1	7.226002216339111	0	"00-0035704"	2095	"pass"	"SEA"	null	1	0	0	0	2	"00-0038543"	0	0	0	0	null	0	0	2026	"REG"	1	null	null	0	0	null	2	0.4761096239089966	0.9277399778366089	58	9	10
7	1	"ARI"	3	2.78370192355942	null	null	0	"2026_02_SEA_ARI"	1	0	null	null	null	1	2.701324224472046	1	"00-0035704"	2310	"pass"	"SEA"	null	1	0	0	0	3	"00-0038543"	0	0	0	0	null	0	0	2026	"REG"	1	"00-0038543"	"SEA"	1	0	null	2	0.5863261222839355	0.9729867577552795	7	7	7
9	1	"ARI"	3	1.512432586401701	null	null	0	"2026_02_SEA_ARI"	0	0	null	null	null	1	2.8598427772521973	0	"00-0035704"	2527	"pass"	"SEA"	null	1	0	0	0	3	"00-0038543"	0	0	0	0	null	0	0	2026	"REG"	1	null	null	0	0	null	2	0.7884030342102051	0.971401572227478	24	9	7
null	0	"SEA"	1	-0.28998666862025857	null	null	0	"2026_02_SEA_ARI"	0	0	null	null	null	0	-54.1323721408844	0	null	2720	"run"	"ARI"	null	0	0	0	0	3	null	0	0	1	0	"00-0041027"	0	0	2026	"REG"	0	null	null	0	0	null	2	0.2127019613981247	0.541323721408844	73	3	10
-5	1	"SEA"	2	-0.7808791054412723	null	null	0	"2026_02_SEA_ARI"	0	0	null	null	null	1	25.818848609924316	0	"00-0033119"	2742	"pass"	"ARI"	null	1	0	0	0	3	"00-0041027"	0	0	0	0	null	0	0	2026	"REG"	0	null	null	0	0	null	2	0.20505721867084503	0.7418115139007568	70	0	7
7	1	"SEA"	3	1.7199675682932138	null	null	0	"2026_02_SEA_ARI"	0	0	null	null	null	1	1.2608587741851807	0	"00-0033119"	2767	"pass"	"ARI"	null	1	0	0	0	3	"00-0037744"	0	0	0	0	null	0	0	2026	"REG"	1	null	null	0	0	null	2	0.1861342489719391	0.9873914122581482	70	8	7
15	1	"ARI"	2	1.5560231073759496	null	null	0	"2026_02_SEA_ARI"	0	0	null	null	null	1	33.421385288238525	0	"00-0035704"	2988	"pass"	"SEA"	null	1	0	0	0	3	"00-0038543"	0	0	0	0	null	0	0	2026	"REG"	1	null	null	0	0	null	2	0.8669674396514893	0.6657861471176147	65	15	7
12	1	"ARI"	3	2.9520349384401925	null	null	0	"2026_02_SEA_ARI"	0	0	null	null	null	1	5.497872829437256	1	"00-0035704"	3178	"pass"	"SEA"	null	1	0	0	0	4	"00-0038543"	0	0	0	0	null	0	0	2026	"REG"	1	"00-0038543"	"SEA"	1	0	null	2	0.9231762290000916	0.9450212717056274	12	12	6
-3	1	"ARI"	3	0.9408096327679232	null	null	0	"2026_02_SEA_ARI"	0	0	null	null	null	1	43.07952523231506	0	"00-0035704"	3420	"pass"	"SEA"	null	1	0	0	0	4	"00-0038543"	0	0	0	0	null	0	0	2026	"REG"	1	null	null	0	0	null	2	0.9939600229263306	0.5692047476768494	44	4	2
null	0	"WAS"	null	0.06857135097992784	"good"	null	0	"2026_02_WAS_DAL"	0	0	33	"00-0037692"	null	0	null	0	null	309	"extra_point"	"DAL"	null	0	0	0	0	1	null	0	0	0	0	null	0	0	2026	"REG"	1	null	null	0	0	null	2	0.6974893750463994	null	15	0	0
null	0	"DAL"	null	-0.47685936698690057	null	null	0	"2026_02_WAS_DAL"	0	0	56	"00-0037692"	"00-0040164"	0	null	0	null	324	"kickoff"	"WAS"	null	0	0	0	0	1	null	0	8	0	0	null	0	0	2026	"REG"	0	null	null	0	0	null	2	0.3007045388221741	null	35	0	0
null	0	"WAS"	4	0.07759607703426008	null	"made"	0	"2026_02_WAS_DAL"	0	0	25	"00-0037692"	null	0	null	0	null	684	"field_goal"	"DAL"	null	0	0	0	0	1	null	0	0	0	0	null	0	0	2026	"REG"	1	null	null	0	0	null	2	0.7813301086425781	null	6	0	5
null	0	"DAL"	null	-0.49886049749329686	null	null	0	"2026_02_WAS_DAL"	0	0	60	"00-0037692"	"00-0040164"	0	null	0	null	704	"kickoff"	"WAS"	null	0	0	0	0	1	null	0	13	0	0	null	0	0	2026	"REG"	0	null	null	0	0	null	2	0.22649703919887543	null	35	0	0
null	0	"WAS"	null	0.06857135097992784	"good"	null	0	"2026_02_WAS_DAL"	0	0	33	"00-0037692"	null	0	null	0	null	1366	"extra_point"	"DAL"	null	0	0	0	0	2	null	0	0	0	0	null	0	0	2026	"REG"	1	null	null	0	0	null	2	0.8576051948649495	null	15	0	0
null	0	"DAL"	null	0.38888297812081873	null	null	0	"2026_02_WAS_DAL"	0	0	57	"00-0037692"	"00-0040164"	0	null	0	null	1381	"kickoff"	"WAS"	null	0	0	0	0	2	null	0	21	0	0	null	0	0	2026	"REG"	1	null	null	0	0	null	2	0.14165133237838745	null	35	0	0
null	0	"DAL"	null	0.7792953914031386	null	null	0	"2026_02_WAS_DAL"	0	0	25	"00-0037692"	null	0	null	0	null	2258	"kickoff"	"WAS"	null	0	0	0	0	3	null	0	0	0	0	null	0	0	2026	"REG"	1	null	null	0	0	null	2	0.25117138028144836	null	35	0	0
null	0	"WAS"	4	0.9535786002345716	null	"made"	0	"2026_02_WAS_DAL"	0	0	44	"00-0037692"	null	0	null	0	null	2706	"field_goal"	"DAL"	null	0	0	0	0	3	null	0	0	0	0	null	0	0	2026	"REG"	1	null	null	0	0	null	2	0.7511993050575256	null	26	0	7
null	0	"DAL"	null	-0.1817731182090938	null	null	0	"2026_02_WAS_DAL"	0	0	65	"00-0037692"	"00-0040164"	0	null	0	null	2726	"kickoff"	"WAS"	null	0	0	0	0	3	null	0	24	0	0	null	0	0	2026	"REG"	0	null	null	0	0	null	2	0.23417383432388306	null	35	0	0
null	0	"WAS"	null	0.06857135097992784	"good"	null	0	"2026_02_WAS_DAL"	0	0	33	"00-0037692"	null	0	null	0	null	2850	"extra_point"	"DAL"	null	0	0	0	0	3	null	0	0	0	0	null	0	0	2026	"REG"	1	null	null	0	0	null	2	0.9170114795072809	null	15	0	0
null	0	"DAL"	null	0.5099686270114034	null	null	0	"2026_02_WAS_DAL"	0	0	65	"00-0037692"	null	0	null	0	null	2865	"kickoff"	"WAS"	null	0	0	0	0	3	null	0	0	0	0	null	0	0	2026	"REG"	1	null	null	0	0	null	2	0.08288909494876862	null	35	0	0
null	0	"WAS"	4	2.739566433715321	null	"made"	0	"2026_02_WAS_DAL"	0	0	60	"00-0037692"	null	0	null	0	null	3377	"field_goal"	"DAL"	null	0	0	0	0	4	null	0	0	0	0	null	0	0	2026	"REG"	1	null	null	0	0	null	2	0.957231879234314	null	42	0	4
null	0	"DAL"	null	0.08153564622625709	null	null	0	"2026_02_WAS_DAL"	0	0	59	"00-0037692"	"00-0040164"	0	null	0	null	3397	"kickoff"	"WAS"	null	0	0	0	0	4	null	0	21	0	0	null	0	0	2026	"REG"	1	null	null	0	0	null	2	0.02174694836139679	null	35	0	0
null	0	"WAS"	null	0.06857135097992784	"good"	null	0	"2026_02_WAS_DAL"	0	0	33	"00-0037692"	null	0	null	0	null	4057	"extra_point"	"DAL"	null	0	0	0	0	4	null	0	0	0	0	null	0	0	2026	"REG"	1	null	null	0	0	null	2	0.9980965717357589	null	15	0	0
null	0	"DAL"	null	1.022578818607144	null	null	0	"2026_02_WAS_DAL"	0	0	55	"00-0037692"	"00-0040164"	0	null	0	null	4072	"kickoff"	"WAS"	null	0	0	0	0	4	null	0	33	0	0	null	0	0	2026	"REG"	1	null	null	0	0	null	2	0.001845120219513774	null	35	0	0
null	0	"SF"	1	0.393334842287004	null	null	0	"2026_03_ARI_SF"	0	0	null	null	null	0	-43.80296170711517	0	null	62	"run"	"ARI"	null	0	0	0	0	1	null	0	0	1	0	"00-0041027"	0	0	2026	"REG"	1	null	null	0	0	null	3	0.4332079589366913	0.43802961707115173	73	7	10
1	0	"SF"	2	-0.8118788059800863	null	null	0	"2026_03_ARI_SF"	0	0	null	null	null	1	64.19658064842224	0	"00-0033119"	84	"pass"	"ARI"	null	1	0	0	0	1	"00-0037744"	0	0	0	0	null	0	0	2026	"REG"	0	null	null	0	0	null	3	0.44323328137397766	0.3580341935157776	66	0	3
null	0	"SF"	1	0.3379384628497064	null	null	0	"2026_03_ARI_SF"	0	0	null	null	null	0	-43.41683387756348	0	null	132	"run"	"ARI"	null	0	0	0	0	1	null	0	0	1	0	"00-0041027"	0	0	2026	"REG"	1	null	null	0	0	null	3	0.454899400472641	0.43416833877563477	61	6	10
null	0	"SF"	2	-0.6987505154684186	null	null	0	"2026_03_ARI_SF"	0	0	null	null	null	0	-42.983949184417725	0	null	154	"run"	"ARI"	null	0	0	0	0	1	null	0	0	1	0	"00-0041027"	0	0	2026	"REG"	0	null	null	0	0	null	3	0.45442652702331543	0.42983949184417725	55	1	4
null	0	"SF"	2	0.30789719778113067	null	null	0	"2026_03_ARI_SF"	0	0	null	null	null	0	-50.51233768463135	0	null	236	"run"	"ARI"	null	0	0	0	0	1	null	0	0	1	0	"00-0041027"	0	0	2026	"REG"	1	null	null	0	0	null	3	0.46184656023979187	0.5051233768463135	49	8	10
null	0	"SF"	3	1.0891711852746084	null	null	0	"2026_03_ARI_SF"	0	0	null	null	null	0	-69.45601105690002	0	null	269	"run"	"ARI"	null	0	0	0	0	1	null	0	0	1	0	"00-0041027"	0	0	2026	"REG"	1	null	null	0	0	null	3	0.4671393036842346	0.6945601105690002	41	5	2
null	0	"SF"	2	0.37067383993417025	null	null	0	"2026_03_ARI_SF"	0	0	null	null	null	0	-58.1991970539093	0	null	604	"run"	"ARI"	null	0	0	0	0	1	null	0	0	1	0	"00-0041027"	0	0	2026	"REG"	1	null	null	0	0	null	3	0.23585806787014008	0.581991970539093	65	5	6
null	0	"SF"	1	0.6844571167603135	null	null	0	"2026_03_ARI_SF"	0	0	null	null	null	0	-47.50785231590271	0	null	656	"run"	"ARI"	null	0	0	0	0	1	null	0	0	1	0	"00-0041027"	0	0	2026	"REG"	1	null	null	0	0	null	3	0.26349586248397827	0.4750785231590271	59	8	10
2	1	"SF"	1	-0.2500149926636368	null	null	0	"2026_03_ARI_SF"	0	0	null	null	null	1	53.55359613895416	0	"00-0033119"	1138	"pass"	"ARI"	null	1	0	0	0	2	"00-0041027"	0	0	0	0	null	0	0	2026	"REG"	0	null	null	0	0	null	3	0.12100973725318909	0.4644640386104584	71	3	10
null	0	"SF"	2	-0.1661874665878713	null	null	0	"2026_03_ARI_SF"	0	0	null	null	null	0	-67.86755919456482	0	null	1163	"run"	"ARI"	null	0	0	0	0	2	null	0	0	1	0	"00-0041027"	0	0	2026	"REG"	0	null	null	0	0	null	3	0.11462865024805069	0.6786755919456482	68	4	7
null	0	"SF"	2	-0.6294408398680389	null	null	0	"2026_03_ARI_SF"	0	0	null	null	null	0	-21.20514065027237	0	null	1408	"run"	"ARI"	null	0	0	0	0	2	null	0	0	1	0	"00-0041027"	0	0	2026	"REG"	0	null	null	0	0	null	3	0.12442629784345627	0.2120514065027237	53	0	1
1	1	"SF"	1	-0.1470713885501027	null	null	0	"2026_03_ARI_SF"	0	0	null	null	null	1	26.22043490409851	0	"00-0033119"	1533	"pass"	"ARI"	null	1	0	0	0	2	"00-0041027"	0	0	0	0	null	0	0	2026	"REG"	0	null	null	0	0	null	3	0.11864183843135834	0.7377956509590149	41	3	15
17	1	"SF"	2	2.163952769478783	null	null	0	"2026_03_ARI_SF"	0	0	null	null	null	1	14.581948518753052	0	"00-0033119"	1597	"pass"	"ARI"	null	1	0	0	0	2	"00-0037744"	0	0	0	0	null	0	0	2026	"REG"	1	null	null	0	0	null	3	0.11280738562345505	0.8541805148124695	43	18	17
null	0	"SF"	1	0.3450495871948078	null	null	0	"2026_03_ARI_SF"	0	0	null	null	null	0	-72.99829721450806	0	null	1646	"run"	"ARI"	null	0	0	0	0	2	null	0	0	1	0	"00-0041027"	0	0	2026	"REG"	1	null	null	0	0	null	3	0.12928107380867004	0.7299829721450806	30	5	15
8	1	"SF"	3	0.3344932760228403	null	null	0	"2026_03_ARI_SF"	0	0	null	null	null	1	3.0489206314086914	0	"00-0033119"	1696	"pass"	"ARI"	null	1	0	0	0	2	"00-0037744"	0	0	0	0	null	0	0	2026	"REG"	1	null	null	0	0	null	3	0.13501431047916412	0.9695107936859131	25	9	10
3	1	"SF"	3	-0.4397737617287092	null	null	0	"2026_03_ARI_SF"	1	0	null	null	null	1	2.9102683067321777	0	"00-0033119"	1791	"pass"	"ARI"	null	1	0	0	0	2	"00-0041027"	0	0	0	0	null	0	0	2026	"REG"	0	null	null	0	0	null	3	0.13916295766830444	0.9708973169326782	12	4	12
5	1	"SF"	1	1.6767998859868385	null	null	0	"2026_03_ARI_SF"	0	0	null	null	null	1	5.083656311035156	0	"00-0033119"	2138	"pass"	"ARI"	null	1	0	0	0	2	"00-0037744"	0	0	0	0	null	0	0	2026	"REG"	1	null	null	0	0	null	3	0.16880561411380768	0.9491634368896484	40	6	10
null	0	"SF"	1	0.13778739282861352	null	null	0	"2026_03_ARI_SF"	0	0	null	null	null	0	-46.30210101604462	0	null	2670	"run"	"ARI"	null	0	0	0	0	3	null	0	0	1	0	"00-0041027"	0	0	2026	"REG"	1	null	null	0	0	null	3	0.07491140067577362	0.46302101016044617	69	5	10
13	1	"SF"	1	0.8296840782277286	null	null	0	"2026_03_ARI_SF"	0	0	null	null	null	1	51.69167220592499	0	"00-0033119"	2723	"pass"	"ARI"	null	1	0	0	0	3	"00-0037744"	0	0	0	0	null	0	0	2026	"REG"	1	null	null	0	0	null	3	0.07903112471103668	0.4830832779407501	57	13	10
null	0	"SF"	1	0.29131859238259494	null	null	0	"2026_03_ARI_SF"	0	0	null	null	null	0	-49.066802859306335	0	null	2754	"run"	"ARI"	null	0	0	0	0	3	null	0	0	1	0	"00-0041027"	0	0	2026	"REG"	1	null	null	0	0	null	3	0.07903112471103668	0.49066802859306335	44	6	10
null	0	"SF"	2	0.36798997852019966	null	null	0	"2026_03_ARI_SF"	0	0	null	null	null	0	-43.41967701911926	0	null	2776	"run"	"ARI"	null	0	0	0	0	3	null	0	0	1	0	"00-0041027"	0	0	2026	"REG"	1	null	null	0	0	null	3	0.07988711446523666	0.4341967701911926	38	4	4
null	0	"SF"	1	0.2936456780298613	null	null	0	"2026_03_ARI_SF"	0	0	null	null	null	0	-49.92928504943848	0	null	2909	"run"	"ARI"	null	0	0	0	0	3	null	0	0	1	0	"00-0041027"	0	0	2026	"REG"	1	null	null	0	0	null	3	0.0879133865237236	0.49929285049438477	21	6	10
null	0	"SF"	2	-0.8495178706361912	null	null	0	"2026_03_ARI_SF"	0	0	null	null	null	0	-47.24001586437225	0	null	2931	"run"	"ARI"	null	0	0	0	0	3	null	0	0	1	0	"00-0041027"	0	0	2026	"REG"	0	null	null	0	0	null	3	0.07687868177890778	0.47240015864372253	15	0	4
null	0	"SF"	3	1.3875124581973068	null	null	0	"2026_03_ARI_SF"	0	0	null	null	null	0	-91.31906628608704	0	null	2956	"run"	"ARI"	null	0	0	0	0	3	null	0	0	1	0	"00-0041027"	0	0	2026	"REG"	1	null	null	0	0	null	3	0.0656798705458641	0.9131906628608704	15	8	4
null	0	"SF"	1	-0.13236290484201163	null	null	0	"2026_03_ARI_SF"	1	0	null	null	null	0	-50.46156048774719	0	null	2985	"run"	"ARI"	null	0	0	0	0	3	null	0	0	1	0	"00-0041027"	0	0	2026	"REG"	0	null	null	0	0	null	3	0.07580529898405075	0.5046156048774719	7	2	7
-1	0	"SF"	2	-0.7669804175384343	null	null	0	"2026_03_ARI_SF"	0	0	null	null	null	1	36.62763833999634	0	"00-0033119"	3247	"pass"	"ARI"	null	1	0	0	0	3	"00-0037744"	0	0	0	0	null	0	0	2026	"REG"	0	null	null	0	0	null	3	0.12491824477910995	0.6337236166000366	76	0	10
null	0	"SF"	1	-0.34926434932276607	null	null	0	"2026_03_ARI_SF"	0	0	null	null	null	0	-50.99822282791138	0	null	3329	"run"	"ARI"	null	0	0	0	0	3	null	0	0	1	0	"00-0041027"	0	0	2026	"REG"	0	null	null	0	0	null	3	0.20183537900447845	0.5099822282791138	28	2	10
null	0	"SF"	3	-1.2595981158665381	null	null	0	"2026_03_ARI_SF"	0	0	null	null	null	0	-65.06996750831604	0	null	3433	"run"	"ARI"	null	0	0	0	0	4	null	0	0	1	0	"00-0041027"	0	0	2026	"REG"	0	null	null	0	0	null	3	0.23901602625846863	0.6506996750831604	20	0	2
0	1	"SF"	2	0.9483353850082494	null	null	0	"2026_03_ARI_SF"	1	0	null	null	null	1	70.40862143039703	1	"00-0033119"	3545	"pass"	"ARI"	null	1	0	0	0	4	"00-0041027"	0	0	0	0	null	0	0	2026	"REG"	1	"00-0041027"	"ARI"	1	0	null	3	0.30280032753944397	0.29591378569602966	1	1	1
3	1	"SF"	2	-0.12346565257757902	null	null	0	"2026_03_ARI_SF"	0	0	null	null	null	1	6.317317485809326	0	"00-0033119"	3930	"pass"	"ARI"	null	1	0	0	0	4	"00-0037744"	0	0	0	0	null	0	0	2026	"REG"	0	null	null	0	0	null	3	0.09084372967481613	0.9368268251419067	76	7	18
null	0	"SF"	1	0.10920846904627979	null	null	0	"2026_03_ARI_SF"	0	0	null	null	null	0	-82.32329487800598	0	null	3983	"run"	"ARI"	null	0	0	0	0	4	null	0	0	1	0	"00-0041027"	0	0	2026	"REG"	1	null	null	0	0	null	3	0.1199895516037941	0.8232329487800598	50	5	10
3	1	"SF"	1	0.2675153696909547	null	null	0	"2026_03_ARI_SF"	0	0	null	null	null	1	20.683443546295166	0	"00-0033119"	4057	"pass"	"ARI"	null	1	0	0	0	4	"00-0037744"	0	0	0	0	null	0	0	2026	"REG"	1	null	null	0	0	null	3	0.1360984593629837	0.7931655645370483	39	6	10
null	0	"SF"	2	-0.21576929051661864	null	null	0	"2026_03_ARI_SF"	0	0	null	null	null	0	-83.95195007324219	0	null	4082	"run"	"ARI"	null	0	0	0	0	4	null	0	0	1	0	"00-0041027"	0	0	2026	"REG"	0	null	null	0	0	null	3	0.11142852902412415	0.8395195007324219	33	3	4
4	1	"SF"	3	1.2228725082823075	null	null	0	"2026_03_ARI_SF"	0	0	null	null	null	1	29.90255355834961	0	"00-0033119"	4182	"pass"	"ARI"	null	1	0	0	0	4	"00-0037744"	0	0	0	0	null	0	0	2026	"REG"	1	null	null	0	0	null	3	0.15306375920772552	0.7009744644165039	8	4	2
3	1	"SF"	1	0.27387644464033656	null	null	0	"2026_03_ARI_SF"	1	0	null	null	null	1	35.60614585876465	0	"00-0033119"	4207	"pass"	"ARI"	null	1	0	0	0	4	"00-0037744"	0	0	0	0	null	0	0	2026	"REG"	1	null	null	0	0	null	3	0.17732371389865875	0.6439385414123535	4	3	4
1	1	"SF"	1	0.22819650074234232	null	null	0	"2026_03_ARI_SF"	0	0	null	null	null	1	1.072019338607788	0	"00-0033119"	4536	"pass"	"ARI"	null	1	0	0	0	4	"00-0037744"	0	0	0	0	null	0	0	2026	"REG"	1	null	null	0	0	null	3	0.021282821893692017	0.9892798066139221	66	9	10
3	1	"SF"	2	0.6065171487862244	null	null	0	"2026_03_ARI_SF"	0	0	null	null	null	1	2.6661813259124756	0	"00-0033119"	4561	"pass"	"ARI"	null	1	0	0	0	4	"00-0041027"	0	0	0	0	null	0	0	2026	"REG"	1	null	null	0	0	null	3	0.03267151117324829	0.9733381867408752	57	8	1
null	0	"GB"	null	0.3103908528573811	null	null	0	"2026_03_ATL_GB"	0	0	59	"00-0040899"	"00-0037746"	0	null	0	null	40	"kickoff"	"ATL"	null	0	0	0	0	1	null	0	24	0	0	null	0	0	2026	"REG"	1	null	null	0	0	null	3	0.4332079589366913	null	35	0	0
null	0	"GB"	1	-0.06732925213873386	null	null	0	"2026_03_ATL_GB"	0	0	null	null	null	0	-44.13028657436371	0	null	63	"run"	"ATL"	null	0	0	0	0	1	null	0	0	1	0	"00-0038542"	0	0	2026	"REG"	0	null	null	0	0	null	3	0.433546245098114	0.4413028657436371	70	4	10
-6	1	"GB"	2	1.5577555447816849	null	null	0	"2026_03_ATL_GB"	0	0	null	null	null	1	44.7789192199707	0	"00-0039917"	85	"pass"	"ATL"	null	1	0	0	0	1	"00-0038542"	0	0	0	0	null	0	0	2026	"REG"	1	null	null	0	0	null	3	0.43576017022132874	0.552210807800293	66	17	6
2	1	"ATL"	1	0.17975257732905447	null	null	0	"2026_03_ATL_GB"	0	0	null	null	null	1	53.21625471115112	0	"00-0036264"	160	"pass"	"GB"	null	1	0	0	0	1	"00-0038996"	0	0	0	0	null	0	0	2026	"REG"	1	null	null	0	0	null	3	0.6473966240882874	0.46783745288848877	55	6	10
-2	0	"ATL"	2	-0.850858265766874	null	null	0	"2026_03_ATL_GB"	0	0	null	null	null	1	55.233392119407654	0	"00-0036264"	185	"pass"	"GB"	null	1	0	0	0	1	"00-0039811"	0	0	0	0	null	0	0	2026	"REG"	0	null	null	0	0	null	3	0.6537142992019653	0.44766607880592346	49	0	4
9	0	"ATL"	3	-1.6864401602651924	null	null	0	"2026_03_ATL_GB"	0	0	null	null	null	1	5.870324373245239	0	"00-0036264"	208	"pass"	"GB"	null	1	0	0	0	1	"00-0038124"	0	0	0	0	null	0	0	2026	"REG"	0	null	null	0	0	null	3	0.6293215155601501	0.9412967562675476	49	0	4
null	0	"GB"	1	0.2648343173786998	null	null	0	"2026_03_ATL_GB"	0	0	null	null	null	0	-43.408483266830444	0	null	281	"run"	"ATL"	null	0	0	0	0	1	null	0	0	1	0	"00-0038542"	0	0	2026	"REG"	1	null	null	0	0	null	3	0.4220241606235504	0.43408483266830444	83	7	10
null	0	"GB"	2	0.41861873073503375	null	null	0	"2026_03_ATL_GB"	0	0	null	null	null	0	-36.37873828411102	0	null	310	"run"	"ATL"	null	0	0	0	0	1	null	0	0	1	0	"00-0038542"	0	0	2026	"REG"	1	null	null	0	0	null	3	0.42364266514778137	0.36378738284111023	76	3	3
3	0	"GB"	1	-0.5750791993923485	null	null	0	"2026_03_ATL_GB"	0	0	null	null	null	1	55.86181879043579	0	"00-0039917"	332	"pass"	"ATL"	null	1	0	0	0	1	"00-0036970"	0	0	0	0	null	0	0	2026	"REG"	0	null	null	0	0	null	3	0.4332079589366913	0.4413818120956421	73	0	10
null	0	"GB"	2	-1.0664462074637413	null	null	0	"2026_03_ATL_GB"	0	0	null	null	null	0	-50.34099817276001	0	null	355	"run"	"ATL"	null	0	0	0	0	1	null	0	0	1	0	"00-0038542"	0	0	2026	"REG"	0	null	null	0	0	null	3	0.41529580950737	0.5034099817276001	73	-1	10
22	0	"ATL"	2	-0.7770928684622049	null	null	0	"2026_03_ATL_GB"	0	0	null	null	null	1	29.410970211029053	0	"00-0036264"	449	"pass"	"GB"	null	1	0	0	0	1	"00-0040667"	0	0	0	0	null	0	0	2026	"REG"	0	null	null	0	0	null	3	0.5857919454574585	0.7058902978897095	88	0	11
40	1	"ATL"	3	4.50479470891878	null	null	0	"2026_03_ATL_GB"	0	0	null	null	null	1	3.7600815296173096	0	"00-0036264"	472	"pass"	"GB"	null	1	0	0	0	1	"00-0040667"	0	0	0	0	null	0	0	2026	"REG"	1	null	null	0	0	null	3	0.5602908730506897	0.9623991847038269	88	45	11
-6	1	"ATL"	1	1.6958358137635514	null	null	0	"2026_03_ATL_GB"	0	0	null	null	null	1	28.084498643875122	0	"00-0036264"	530	"pass"	"GB"	null	1	0	0	0	1	"00-0039811"	0	0	0	0	null	0	0	2026	"REG"	1	null	null	0	0	null	3	0.6457618474960327	0.7191550135612488	53	10	20
3	1	"ATL"	2	0.5715378531021997	null	null	0	"2026_03_ATL_GB"	0	0	null	null	null	1	54.32858169078827	0	"00-0036264"	598	"pass"	"GB"	null	1	0	0	0	1	"00-0038996"	0	0	0	0	null	0	0	2026	"REG"	1	null	null	0	0	null	3	0.7063457369804382	0.4567141830921173	22	8	4
3	1	"ATL"	1	0.7757139705354348	null	null	0	"2026_03_ATL_GB"	0	0	null	null	null	1	60.7855498790741	0	"00-0036264"	635	"pass"	"GB"	null	1	0	0	0	1	"00-0038090"	0	0	0	0	null	0	0	2026	"REG"	1	null	null	0	0	null	3	0.7164571285247803	0.39214450120925903	14	9	10
4	1	"ATL"	1	0.955588502867613	null	null	0	"2026_03_ATL_GB"	1	0	null	null	null	1	60.75424253940582	1	"00-0036264"	682	"pass"	"GB"	null	1	0	0	0	1	"00-0038124"	0	0	0	0	null	0	0	2026	"REG"	1	"00-0038124"	"GB"	1	0	null	3	0.7250809669494629	0.3924575746059418	4	4	4
null	0	"ATL"	null	0.06757300310763314	"good"	null	0	"2026_03_ATL_GB"	0	0	33	"00-0040899"	null	0	null	0	null	710	"extra_point"	"GB"	null	0	0	0	0	1	null	0	0	0	0	null	0	0	2026	"REG"	1	null	null	0	0	null	3	0.7525128151718165	null	15	0	0
null	0	"GB"	null	-0.7338222991675138	null	null	0	"2026_03_ATL_GB"	0	0	62	"00-0040899"	"00-0041044"	0	null	0	null	725	"kickoff"	"ATL"	null	0	0	0	0	1	null	0	22	0	0	null	0	0	2026	"REG"	0	null	null	0	0	null	3	0.24590682983398438	null	35	0	0
5	1	"GB"	1	0.050630862126126885	null	null	0	"2026_03_ATL_GB"	0	0	null	null	null	1	52.619755268096924	0	"00-0039917"	766	"pass"	"ATL"	null	1	0	0	0	1	"00-0036970"	0	0	0	0	null	0	0	2026	"REG"	1	null	null	0	0	null	3	0.23172228038311005	0.47380244731903076	85	5	10
null	0	"GB"	1	3.6682635848992504	null	null	0	"2026_03_ATL_GB"	0	0	null	null	null	0	-49.9981164932251	0	null	912	"run"	"ATL"	null	0	0	0	0	1	null	0	0	1	0	"00-0038542"	0	0	2026	"REG"	1	null	null	0	0	null	3	0.26707565784454346	0.499981164932251	60	55	10
null	0	"GB"	1	-0.08235813601640984	null	null	0	"2026_03_ATL_GB"	1	0	null	null	null	0	-37.06124722957611	0	null	934	"run"	"ATL"	null	0	0	0	0	1	null	0	0	1	0	"00-0038542"	0	0	2026	"REG"	0	null	null	0	0	null	3	0.35809338092803955	0.3706124722957611	5	2	5
null	0	"GB"	2	1.2499754606978968	null	null	0	"2026_03_ATL_GB"	1	0	null	null	null	0	-51.37326717376709	0	null	956	"run"	"ATL"	null	0	0	0	0	1	null	0	0	1	1	"00-0038542"	0	0	2026	"REG"	1	"00-0038542"	"ATL"	1	0	null	3	0.35345226526260376	0.5137326717376709	3	3	3
-4	1	"ATL"	1	-1.1722523705102503	null	null	0	"2026_03_ATL_GB"	0	0	null	null	null	1	49.943119287490845	0	"00-0036264"	1024	"pass"	"GB"	null	1	0	0	0	1	"00-0039811"	0	0	0	0	null	0	0	2026	"REG"	0	null	null	0	0	null	3	0.6037842035293579	0.5005688071250916	69	-3	10
25	0	"ATL"	2	-0.8677728781476617	null	null	0	"2026_03_ATL_GB"	0	0	null	null	null	1	19.107359647750854	0	"00-0036264"	1049	"pass"	"GB"	null	1	0	0	0	1	"00-0040667"	0	0	0	0	null	0	0	2026	"REG"	0	null	null	0	0	null	3	0.5846806764602661	0.8089264035224915	72	0	13
1	1	"ATL"	3	-0.04748061648570001	null	null	0	"2026_03_ATL_GB"	0	0	null	null	null	1	3.423839807510376	0	"00-0036264"	1072	"pass"	"GB"	null	1	0	0	0	1	"00-0038996"	0	0	0	0	null	0	0	2026	"REG"	0	null	null	0	0	null	3	0.5591626763343811	0.9657616019248962	72	9	13
null	0	"GB"	2	0.41746565722860396	null	null	0	"2026_03_ATL_GB"	0	0	null	null	null	0	-36.4992618560791	0	null	1173	"run"	"ATL"	null	0	0	0	0	2	null	0	0	1	0	"00-0038542"	0	0	2026	"REG"	1	null	null	0	0	null	3	0.4321172833442688	0.364992618560791	76	4	3
null	0	"GB"	2	-0.8085704329423606	null	null	0	"2026_03_ATL_GB"	0	0	null	null	null	0	-58.836859464645386	0	null	1265	"run"	"ATL"	null	0	0	0	0	2	null	0	0	1	0	"00-0038542"	0	0	2026	"REG"	0	null	null	0	0	null	3	0.4675767719745636	0.5883685946464539	45	0	10
23	0	"ATL"	2	-0.6957848612219095	null	null	0	"2026_03_ATL_GB"	0	0	null	null	null	1	28.947973251342773	0	"00-0036264"	1366	"pass"	"GB"	null	1	0	0	0	2	"00-0038996"	0	0	0	0	null	0	0	2026	"REG"	0	null	null	0	0	null	3	0.5715336203575134	0.7105202674865723	88	0	9
3	0	"ATL"	3	-1.0212719137780368	null	null	0	"2026_03_ATL_GB"	0	0	null	null	null	1	2.398395538330078	0	"00-0036264"	1389	"pass"	"GB"	null	1	0	0	0	2	"00-0038090"	0	0	0	0	null	0	0	2026	"REG"	0	null	null	0	0	null	3	0.5458353161811829	0.9760160446166992	88	0	9
null	0	"GB"	2	0.44591358909383416	null	null	0	"2026_03_ATL_GB"	0	0	null	null	null	0	-35.623690485954285	0	null	1520	"run"	"ATL"	null	0	0	0	0	2	null	0	0	1	0	"00-0038542"	0	0	2026	"REG"	1	null	null	0	0	null	3	0.4613226354122162	0.35623690485954285	57	8	3
null	0	"GB"	2	0.7576287246774882	null	null	0	"2026_03_ATL_GB"	0	0	null	null	null	0	-49.35795068740845	0	null	1567	"run"	"ATL"	null	0	0	0	0	2	null	0	0	1	0	"00-0038542"	0	0	2026	"REG"	1	null	null	0	0	null	3	0.48570623993873596	0.4935795068740845	44	10	5
5	0	"ATL"	2	-0.5596871064626612	null	null	0	"2026_03_ATL_GB"	0	0	null	null	null	1	47.63071537017822	0	"00-0036264"	1767	"pass"	"GB"	null	1	0	0	0	2	"00-0038124"	0	0	0	0	null	0	0	2026	"REG"	0	null	null	0	0	null	3	0.5967227816581726	0.5236928462982178	28	0	5
26	0	"ATL"	3	-1.0590268908565394	null	null	0	"2026_03_ATL_GB"	0	0	null	null	null	1	5.019664764404297	0	"00-0036264"	1790	"pass"	"GB"	null	1	0	0	0	2	"00-0040667"	0	0	0	0	null	0	0	2026	"REG"	0	null	null	0	0	null	3	0.5648536682128906	0.949803352355957	28	0	5
null	0	"ATL"	4	-3.4729616572583564	null	"blocked"	0	"2026_03_ATL_GB"	0	0	47	"00-0040899"	null	0	null	0	null	1813	"field_goal"	"GB"	null	0	0	0	0	2	null	0	0	0	0	null	0	0	2026	"REG"	0	null	null	0	0	null	3	0.5194969177246094	null	28	0	5
null	0	"GB"	1	-0.2802133082295768	null	null	0	"2026_03_ATL_GB"	0	0	null	null	null	0	-49.71899092197418	0	null	1861	"run"	"ATL"	null	0	0	0	0	2	null	0	0	1	0	"00-0038542"	0	0	2026	"REG"	0	null	null	0	0	null	3	0.6260076761245728	0.4971899092197418	43	3	10
null	0	"GB"	1	0.3583116162917577	null	null	0	"2026_03_ATL_GB"	0	0	null	null	null	0	-57.193803787231445	0	null	1945	"run"	"ATL"	null	0	0	0	0	2	null	0	0	1	0	"00-0038542"	0	0	2026	"REG"	1	null	null	0	0	null	3	0.6688538193702698	0.5719380378723145	18	10	10
null	0	"GB"	1	0.6186723177670501	null	null	0	"2026_03_ATL_GB"	1	0	null	null	null	0	-37.75182068347931	0	null	1967	"run"	"ATL"	null	0	0	0	0	2	null	0	0	1	0	"00-0038542"	0	0	2026	"REG"	1	null	null	0	0	null	3	0.7073907256126404	0.3775182068347931	8	6	8
null	0	"GB"	2	-2.0825215221266262	null	null	0	"2026_03_ATL_GB"	1	0	null	null	null	0	-34.4770610332489	0	null	1996	"run"	"ATL"	null	0	0	0	0	2	null	0	0	1	0	"00-0038542"	0	0	2026	"REG"	0	null	null	0	0	null	3	0.7185224294662476	0.344770610332489	2	-3	2
9	0	"ATL"	1	-0.15545007219770923	null	null	0	"2026_03_ATL_GB"	0	0	null	null	null	1	3.573411703109741	0	"00-0036264"	2101	"pass"	"GB"	null	1	0	0	0	2	"00-0040667"	0	0	0	0	null	0	0	2026	"REG"	0	null	null	0	0	null	3	0.22441597282886505	0.9642658829689026	67	0	10
8	1	"ATL"	2	0.24930013593984768	null	null	0	"2026_03_ATL_GB"	0	0	null	null	null	1	3.99930477142334	0	"00-0036264"	2124	"pass"	"GB"	null	1	0	0	0	2	"00-0040667"	0	0	0	0	null	0	0	2026	"REG"	1	null	null	0	0	null	3	0.21288864314556122	0.9600069522857666	67	8	10
4	0	"ATL"	3	-0.4819307219586335	null	null	0	"2026_03_ATL_GB"	0	0	null	null	null	1	5.769693851470947	0	"00-0036264"	2154	"pass"	"GB"	null	1	0	0	0	2	"00-0038996"	0	0	0	0	null	0	0	2026	"REG"	0	null	null	0	0	null	3	0.2255428433418274	0.9423030614852905	59	0	2
7	1	"ATL"	2	0.3475455194711685	null	null	0	"2026_03_ATL_GB"	0	0	null	null	null	1	23.08323383331299	0	"00-0036264"	2402	"pass"	"GB"	null	1	0	0	0	3	"00-0033858"	0	0	0	0	null	0	0	2026	"REG"	1	null	null	0	0	null	3	0.21198976039886475	0.7691676616668701	69	7	9
-2	1	"ATL"	3	1.4707933545578271	null	null	0	"2026_03_ATL_GB"	0	0	null	null	null	1	25.429880619049072	0	"00-0036264"	2427	"pass"	"GB"	null	1	0	0	0	3	"00-0040667"	0	0	0	0	null	0	0	2026	"REG"	1	null	null	0	0	null	3	0.23210689425468445	0.7457011938095093	62	12	2
18	1	"ATL"	1	1.2999266380211338	null	null	0	"2026_03_ATL_GB"	0	0	null	null	null	1	52.79523432254791	0	"00-0036264"	2457	"pass"	"GB"	null	1	0	0	0	3	"00-0038124"	0	0	0	0	null	0	0	2026	"REG"	1	null	null	0	0	null	3	0.2621311843395233	0.4720476567745209	50	22	10
12	0	"ATL"	1	-0.4303819036576897	null	null	0	"2026_03_ATL_GB"	0	0	null	null	null	1	56.14498555660248	0	"00-0036264"	2482	"pass"	"GB"	null	1	0	0	0	3	"00-0038090"	0	0	0	0	null	0	0	2026	"REG"	0	null	null	0	0	null	3	0.3101726770401001	0.4385501444339752	28	0	10
-5	1	"ATL"	2	1.1279053796315566	null	null	0	"2026_03_ATL_GB"	0	0	null	null	null	1	38.95420432090759	0	"00-0036264"	2505	"pass"	"GB"	null	1	0	0	0	3	"00-0038090"	0	0	0	0	null	0	0	2026	"REG"	1	null	null	0	0	null	3	0.2960209846496582	0.6104579567909241	28	12	10
2	1	"ATL"	3	-0.09450584219302982	null	null	0	"2026_03_ATL_GB"	0	0	null	null	null	1	2.3498237133026123	0	"00-0036264"	2589	"pass"	"GB"	null	1	0	0	0	3	"00-0038124"	0	0	0	0	null	0	0	2026	"REG"	0	null	null	0	0	null	3	0.3161833882331848	0.9765017628669739	12	5	6
7	0	"ATL"	4	-3.6500206699129194	null	null	0	"2026_03_ATL_GB"	0	0	null	null	null	1	79.51590567827225	0	"00-0036264"	2622	"pass"	"GB"	null	1	0	0	0	3	"00-0038124"	0	0	0	0	null	0	0	2026	"REG"	0	null	null	0	0	null	3	0.27604490518569946	0.20484094321727753	7	0	1
null	0	"GB"	1	0.29586497228592634	null	null	0	"2026_03_ATL_GB"	0	0	null	null	null	0	-32.14006423950195	0	null	2645	"run"	"ATL"	null	0	0	0	0	3	null	0	0	1	0	"00-0038542"	0	0	2026	"REG"	1	null	null	0	0	null	3	0.8218442797660828	0.32140064239501953	92	6	10
null	0	"GB"	2	2.284268358023837	null	null	0	"2026_03_ATL_GB"	0	0	null	null	null	0	-36.06918156147003	0	null	2674	"run"	"ATL"	null	0	0	0	0	3	null	0	0	1	0	"00-0038542"	0	0	2026	"REG"	1	null	null	0	0	null	3	0.8217054605484009	0.3606918156147003	86	31	4
null	0	"GB"	1	-0.5621835740748793	null	null	0	"2026_03_ATL_GB"	0	0	null	null	null	0	-42.98762083053589	0	null	2779	"run"	"ATL"	null	0	0	0	0	3	null	0	0	1	0	"00-0038542"	0	0	2026	"REG"	0	null	null	0	0	null	3	0.8806965351104736	0.4298762083053589	35	1	10
-4	1	"GB"	2	-0.2892316847573966	null	null	0	"2026_03_ATL_GB"	0	0	null	null	null	1	27.55797505378723	0	"00-0039917"	2801	"pass"	"ATL"	null	1	0	0	0	3	"00-0038542"	0	0	0	0	null	0	0	2026	"REG"	0	null	null	0	0	null	3	0.8765003681182861	0.7244202494621277	34	2	9
null	0	"GB"	1	0.17611701716668904	null	null	0	"2026_03_ATL_GB"	0	0	null	null	null	0	-36.01038157939911	0	null	2851	"run"	"ATL"	null	0	0	0	0	3	null	0	0	1	0	"00-0038542"	0	0	2026	"REG"	1	null	null	0	0	null	3	0.8998244404792786	0.3601038157939911	16	6	10
null	0	"GB"	2	0.05094682483468205	null	null	0	"2026_03_ATL_GB"	0	0	null	null	null	0	-36.26550734043121	0	null	2873	"run"	"ATL"	null	0	0	0	0	3	null	0	0	1	0	"00-0038542"	0	0	2026	"REG"	1	null	null	0	0	null	3	0.9035754203796387	0.36265507340431213	10	3	4
-1	0	"ATL"	1	-0.5315770152956247	null	null	0	"2026_03_ATL_GB"	0	0	null	null	null	1	32.73015022277832	0	"00-0036264"	2965	"pass"	"GB"	null	1	0	0	0	3	"00-0040142"	0	0	0	0	null	0	0	2026	"REG"	0	null	null	0	0	null	3	0.05935822054743767	0.6726984977722168	71	0	10
null	0	"ATL"	2	-0.35274579748511314	null	null	0	"2026_03_ATL_GB"	0	0	null	null	null	0	-77.180016040802	0	null	2988	"run"	"GB"	null	0	0	0	0	3	null	0	0	1	0	"00-0036264"	0	0	2026	"REG"	0	null	null	0	0	null	3	0.05153309181332588	0.77180016040802	71	0	10
9	1	"ATL"	3	1.7421350113581866	null	null	0	"2026_03_ATL_GB"	0	0	null	null	null	1	2.13625431060791	0	"00-0036264"	3017	"pass"	"GB"	null	1	0	0	0	3	"00-0040948"	0	0	0	0	null	0	0	2026	"REG"	1	null	null	0	0	null	3	0.056692998856306076	0.9786374568939209	66	9	5
0	1	"ATL"	1	0.5577873145230114	null	null	0	"2026_03_ATL_GB"	0	0	null	null	null	1	33.15887451171875	0	"00-0036264"	3042	"pass"	"GB"	null	1	0	0	0	3	"00-0040142"	0	0	0	0	null	0	0	2026	"REG"	1	null	null	0	0	null	3	0.061427902430295944	0.6684112548828125	57	10	10
0	0	"ATL"	1	-0.49250722466968	null	null	0	"2026_03_ATL_GB"	0	0	null	null	null	1	35.198986530303955	0	"00-0036264"	3072	"pass"	"GB"	null	1	0	0	0	3	"00-0040142"	0	0	0	0	null	0	0	2026	"REG"	0	null	null	0	0	null	3	0.07088162004947662	0.6480101346969604	47	0	10
null	0	"ATL"	2	-1.3978788589593023	null	null	0	"2026_03_ATL_GB"	0	0	null	null	null	1	23.60941767692566	0	"00-0036264"	3095	"pass"	"GB"	null	1	0	0	0	3	null	0	0	0	0	null	1	0	2026	"REG"	0	null	null	0	0	null	3	0.06072571873664856	0.7639058232307434	47	-1	10
29	0	"ATL"	3	-1.370922046015039	null	null	0	"2026_03_ATL_GB"	0	0	null	null	null	1	0.8872449398040771	0	"00-0036264"	3115	"pass"	"GB"	null	1	0	0	0	3	"00-0040667"	0	0	0	0	null	0	0	2026	"REG"	0	null	null	0	0	null	3	0.04670443385839462	0.9911275506019592	48	0	11
null	0	"GB"	1	0.697595510398969	null	null	0	"2026_03_ATL_GB"	0	0	null	null	null	0	-31.172844767570496	0	null	3226	"run"	"ATL"	null	0	0	0	0	3	null	0	0	1	0	"00-0038542"	0	0	2026	"REG"	1	null	null	0	0	null	3	0.9734377861022949	0.31172844767570496	96	9	14
null	0	"GB"	2	-0.14504863927140832	null	null	0	"2026_03_ATL_GB"	0	0	null	null	null	0	-35.91163754463196	0	null	3268	"run"	"ATL"	null	0	0	0	0	4	null	0	0	1	0	"00-0038542"	0	0	2026	"REG"	0	null	null	0	0	null	3	0.9717288613319397	0.3591163754463196	87	3	5
null	0	"GB"	1	-0.7768191021168604	null	null	0	"2026_03_ATL_GB"	0	0	null	null	null	0	-23.832789063453674	0	null	3320	"run"	"ATL"	null	0	0	0	0	4	null	0	0	1	0	"00-0038542"	0	0	2026	"REG"	0	null	null	0	0	null	3	0.9840988516807556	0.23832789063453674	16	-1	10
-4	0	"ATL"	1	-0.5535221174359322	null	null	0	"2026_03_ATL_GB"	0	0	null	null	null	1	19.169282913208008	0	"00-0036264"	3485	"pass"	"GB"	null	1	0	0	0	4	"00-0038996"	0	0	0	0	null	0	0	2026	"REG"	0	null	null	0	0	null	3	0.011891921050846577	0.8083071708679199	76	0	10
5	0	"ATL"	2	-0.7363775745034218	null	null	0	"2026_03_ATL_GB"	0	0	null	null	null	1	13.74121904373169	0	"00-0036264"	3508	"pass"	"GB"	null	1	0	0	0	4	"00-0038996"	0	0	0	0	null	0	0	2026	"REG"	0	null	null	0	0	null	3	0.010122486390173435	0.8625878095626831	76	0	10
18	1	"ATL"	3	3.404384888475761	null	null	0	"2026_03_ATL_GB"	0	0	null	null	null	1	1.2546420097351074	0	"00-0036264"	3531	"pass"	"GB"	null	1	0	0	0	4	"00-0038124"	0	0	0	0	null	0	0	2026	"REG"	1	null	null	0	0	null	3	0.009427775628864765	0.9874535799026489	76	34	10
8	0	"ATL"	1	-0.5009162581991404	null	null	0	"2026_03_ATL_GB"	0	0	null	null	null	1	18.388092517852783	0	"00-0036264"	3556	"pass"	"GB"	null	1	0	0	0	4	"00-0040667"	0	0	0	0	null	0	0	2026	"REG"	0	null	null	0	0	null	3	0.0151672950014472	0.8161190748214722	42	0	10
-5	0	"ATL"	2	-0.8261082214303315	null	null	0	"2026_03_ATL_GB"	0	0	null	null	null	1	13.064908981323242	0	"00-0036264"	3579	"pass"	"GB"	null	1	0	0	0	4	"00-0038090"	0	0	0	0	null	0	0	2026	"REG"	0	null	null	0	0	null	3	0.0083720488473773	0.8693509101867676	42	0	10
6	1	"ATL"	3	-1.416424198774621	null	null	0	"2026_03_ATL_GB"	0	0	null	null	null	1	1.5250980854034424	0	"00-0036264"	3602	"pass"	"GB"	null	1	0	0	0	4	"00-0040948"	0	0	0	0	null	0	0	2026	"REG"	0	null	null	0	0	null	3	0.007696758024394512	0.9847490191459656	42	3	10
9	1	"ATL"	4	3.5934671361465007	null	null	0	"2026_03_ATL_GB"	0	0	null	null	null	1	1.420372724533081	0	"00-0036264"	3627	"pass"	"GB"	null	1	0	0	0	4	"00-0038090"	0	0	0	0	null	0	0	2026	"REG"	1	null	null	0	0	null	3	0.007206088863313198	0.9857962727546692	39	10	7
11	1	"ATL"	1	0.7508846463751979	null	null	0	"2026_03_ATL_GB"	0	0	null	null	null	1	15.762758255004883	0	"00-0036264"	3652	"pass"	"GB"	null	1	0	0	0	4	"00-0038124"	0	0	0	0	null	0	0	2026	"REG"	1	null	null	0	0	null	3	0.010412956587970257	0.8423724174499512	29	11	10
2	1	"ATL"	1	-0.2277355893747881	null	null	0	"2026_03_ATL_GB"	0	0	null	null	null	1	16.122788190841675	0	"00-0036264"	3682	"pass"	"GB"	null	1	0	0	0	4	"00-0038996"	0	0	0	0	null	0	0	2026	"REG"	0	null	null	0	0	null	3	0.011304609477519989	0.8387721180915833	18	3	10
15	1	"ATL"	2	2.4987898988765664	null	null	0	"2026_03_ATL_GB"	0	0	null	null	null	1	10.502815246582031	1	"00-0036264"	3712	"pass"	"GB"	null	1	0	0	0	4	"00-0040667"	0	0	0	0	null	0	0	2026	"REG"	1	"00-0040667"	"GB"	1	0	null	3	0.012274090200662613	0.8949718475341797	15	15	7
null	0	"ATL"	null	0.06757300310763314	"good"	null	0	"2026_03_ATL_GB"	0	0	33	"00-0040899"	null	0	null	0	null	3753	"extra_point"	"GB"	null	0	0	0	0	4	null	0	0	0	0	null	0	0	2026	"REG"	1	null	null	0	0	null	3	0.024264745416950673	null	15	0	0
null	0	"GB"	null	0.43332332093268633	null	null	0	"2026_03_ATL_GB"	0	0	62	"00-0040899"	"00-0037746"	0	null	0	null	3768	"kickoff"	"ATL"	null	0	0	0	0	4	null	0	30	0	0	null	0	0	2026	"REG"	1	null	null	0	0	null	3	0.9749617576599121	null	35	0	0
null	0	"GB"	1	0.17827689251862466	null	null	0	"2026_03_ATL_GB"	0	0	null	null	null	0	-18.968524038791656	0	null	3798	"run"	"ATL"	null	0	0	0	0	4	null	0	0	1	0	"00-0038542"	0	0	2026	"REG"	1	null	null	0	0	null	3	0.9753377437591553	0.18968524038791656	67	5	10
null	0	"GB"	2	-0.23612628714181483	null	null	0	"2026_03_ATL_GB"	0	0	null	null	null	0	-24.64161217212677	0	null	3820	"run"	"ATL"	null	0	0	0	0	4	null	0	0	1	0	"00-0038542"	0	0	2026	"REG"	0	null	null	0	0	null	3	0.9812114238739014	0.2464161217212677	62	3	5
null	0	"GB"	3	0.7884386228397489	null	null	0	"2026_03_ATL_GB"	0	0	null	null	null	0	-53.29145789146423	0	null	3842	"run"	"ATL"	null	0	0	0	0	4	null	0	0	1	0	"00-0038542"	0	0	2026	"REG"	1	null	null	0	0	null	3	0.9831770062446594	0.5329145789146423	59	4	2
null	0	"GB"	1	0.9400394875847269	null	null	0	"2026_03_ATL_GB"	0	0	null	null	null	0	-5.13552650809288	0	null	3912	"run"	"ATL"	null	0	0	0	0	4	null	0	0	1	0	"00-0038542"	0	0	2026	"REG"	1	null	null	0	0	null	3	0.996268093585968	0.0513552650809288	13	9	10
null	0	"GB"	2	0.39933833124814555	null	null	0	"2026_03_ATL_GB"	0	0	null	null	null	0	-9.071847051382065	0	null	3934	"run"	"ATL"	null	0	0	0	0	4	null	0	0	1	0	"00-0038542"	0	0	2026	"REG"	1	null	null	0	0	null	3	0.997733473777771	0.09071847051382065	4	2	1
null	0	"GB"	1	0.79801359117846	null	null	0	"2026_03_ATL_GB"	1	0	null	null	null	0	-9.725221991539001	0	null	3956	"run"	"ATL"	null	0	0	0	0	4	null	0	0	1	1	"00-0038542"	0	0	2026	"REG"	1	"00-0038542"	"ATL"	1	0	null	3	0.9979261159896851	0.09725221991539001	2	2	2
5	1	"ATL"	1	0.4201128405984491	null	null	0	"2026_03_ATL_GB"	0	0	null	null	null	1	12.071847915649414	0	"00-0036264"	4039	"pass"	"GB"	null	1	0	0	0	4	"00-0033858"	0	0	0	0	null	0	0	2026	"REG"	1	null	null	0	0	null	3	0.001320571405813098	0.8792815208435059	68	9	10
5	1	"ATL"	2	0.35497924452647567	null	null	0	"2026_03_ATL_GB"	0	0	null	null	null	1	14.16383981704712	0	"00-0036264"	4098	"pass"	"GB"	null	1	0	0	0	4	"00-0038124"	0	0	0	0	null	0	0	2026	"REG"	1	null	null	0	0	null	3	0.000811087666079402	0.8583616018295288	64	5	6
12	1	"ATL"	3	1.199511774990242	null	null	0	"2026_03_ATL_GB"	0	0	null	null	null	1	59.958770871162415	0	"00-0036264"	4123	"pass"	"GB"	null	1	0	0	0	4	"00-0038124"	0	0	0	0	null	0	0	2026	"REG"	1	null	null	0	0	null	3	0.0009685027180239558	0.40041229128837585	59	15	1
-7	0	"ATL"	1	-0.42603568377671763	null	null	0	"2026_03_ATL_GB"	0	0	null	null	null	1	12.219631671905518	0	"00-0036264"	4148	"pass"	"GB"	null	1	0	0	0	4	null	0	0	0	0	null	0	0	2026	"REG"	0	null	null	0	0	null	3	0.0011305742664262652	0.8778036832809448	44	0	10
-1	1	"ATL"	2	-0.11953839444322512	null	null	0	"2026_03_ATL_GB"	0	0	null	null	null	1	11.522001028060913	0	"00-0036264"	4171	"pass"	"GB"	null	1	0	0	0	4	"00-0038685"	0	0	0	0	null	0	0	2026	"REG"	0	null	null	0	0	null	3	0.0008491743938066065	0.8847799897193909	44	4	10
10	0	"ATL"	3	-1.4823682814021595	null	null	0	"2026_03_ATL_GB"	0	0	null	null	null	1	2.3493587970733643	0	"00-0036264"	4196	"pass"	"GB"	null	1	0	0	0	4	"00-0040667"	0	0	0	0	null	0	0	2026	"REG"	0	null	null	0	0	null	3	0.0008168462663888931	0.9765064120292664	40	0	6
7	1	"ATL"	4	2.863915965484921	null	null	0	"2026_03_ATL_GB"	0	0	null	null	null	1	1.701653003692627	0	"00-0036264"	4234	"pass"	"GB"	null	1	0	0	0	4	"00-0040948"	0	0	0	0	null	0	0	2026	"REG"	1	null	null	0	0	null	3	0.0006156748859211802	0.9829834699630737	40	10	6
30	0	"ATL"	1	-0.3135298033012077	null	null	0	"2026_03_ATL_GB"	0	0	null	null	null	1	8.174264430999756	0	"00-0036264"	4259	"pass"	"GB"	null	1	0	0	0	4	"00-0037091"	0	0	0	0	null	0	0	2026	"REG"	0	null	null	0	0	null	3	0.0011407471029087901	0.9182573556900024	30	0	10
-7	0	"ATL"	2	-0.38288998894859105	null	null	0	"2026_03_ATL_GB"	0	0	null	null	null	1	6.664460897445679	0	"00-0036264"	4296	"pass"	"GB"	null	1	0	0	0	4	null	0	0	0	0	null	0	0	2026	"REG"	0	null	null	0	0	null	3	0.0010278528789058328	0.9333553910255432	30	0	10
9	1	"ATL"	3	2.1056428498704918	null	null	0	"2026_03_ATL_GB"	0	0	null	null	null	1	4.241490364074707	0	"00-0036264"	4319	"pass"	"GB"	null	1	0	0	0	4	"00-0040667"	0	0	0	0	null	0	0	2026	"REG"	1	null	null	0	0	null	3	0.0009373780922032893	0.9575850963592529	30	20	10
6	0	"ATL"	1	-0.4305510228732601	null	null	0	"2026_03_ATL_GB"	1	0	null	null	null	1	7.716155052185059	0	"00-0036264"	4349	"pass"	"GB"	null	1	0	0	0	4	"00-0038090"	0	0	0	0	null	0	0	2026	"REG"	0	null	null	0	0	null	3	0.002443956444039941	0.9228384494781494	10	0	10
7	0	"ATL"	2	-4.340258095413446	null	null	0	"2026_03_ATL_GB"	1	1	null	null	null	1	5.67401647567749	0	"00-0036264"	4372	"pass"	"GB"	null	1	0	0	0	4	"00-0033858"	0	17	0	0	null	0	0	2026	"REG"	0	null	null	0	0	null	3	0.0029285093769431114	0.9432598352432251	10	0	10
null	0	"DAL"	null	-0.27553680865094066	null	null	0	"2026_03_BAL_DAL"	0	0	65	"00-0037692"	"00-0040075"	0	null	0	null	39	"kickoff"	"BAL"	null	0	0	0	0	1	null	0	23	0	0	null	0	0	2026	"REG"	0	null	null	0	0	null	3	0.4332079589366913	null	35	0	0
null	0	"DAL"	1	0.46956853615120053	null	null	0	"2026_03_BAL_DAL"	0	0	null	null	null	0	-48.82808327674866	0	null	62	"run"	"BAL"	null	0	0	0	0	1	null	0	0	1	0	"00-0032764"	0	0	2026	"REG"	1	null	null	0	0	null	3	0.4339088201522827	0.4882808327674866	77	6	10
null	0	"DAL"	2	-0.8508016732521355	null	null	0	"2026_03_BAL_DAL"	0	0	null	null	null	0	-48.895615339279175	0	null	84	"run"	"BAL"	null	0	0	0	0	1	null	0	0	1	0	"00-0032764"	0	0	2026	"REG"	0	null	null	0	0	null	3	0.4273805320262909	0.48895615339279175	71	0	4
null	0	"BAL"	4	0.12877924213183434	null	"made"	0	"2026_03_BAL_DAL"	1	0	28	"00-0037692"	null	0	null	0	null	385	"field_goal"	"DAL"	null	0	0	0	0	1	null	0	0	0	0	null	0	0	2026	"REG"	1	null	null	0	0	null	3	0.6667478680610657	null	10	0	10
null	0	"DAL"	null	-0.3613504758104682	null	null	0	"2026_03_BAL_DAL"	0	0	56	"00-0037692"	"00-0040075"	0	null	0	null	405	"kickoff"	"BAL"	null	0	0	0	0	1	null	0	0	0	0	null	0	0	2026	"REG"	0	null	null	0	0	null	3	0.34092098474502563	null	35	0	0
-5	1	"DAL"	1	-0.600235674995929	null	null	0	"2026_03_BAL_DAL"	0	0	null	null	null	1	51.111575961112976	0	"00-0034796"	439	"pass"	"BAL"	null	1	0	0	0	1	"00-0032764"	0	0	0	0	null	0	0	2026	"REG"	0	null	null	0	0	null	3	0.33463841676712036	0.48888424038887024	79	0	10
null	0	"DAL"	2	-0.7683826666325331	null	null	0	"2026_03_BAL_DAL"	0	0	null	null	null	0	-54.734933376312256	0	null	464	"run"	"BAL"	null	0	0	0	0	1	null	0	0	1	0	"00-0032764"	0	0	2026	"REG"	0	null	null	0	0	null	3	0.3236813545227051	0.5473493337631226	79	0	10
null	0	"DAL"	4	-3.2466861424036324	null	null	0	"2026_03_BAL_DAL"	0	0	null	null	null	0	-10.473969578742981	0	null	511	"run"	"BAL"	null	0	0	0	0	1	null	0	0	1	0	"00-0032764"	0	0	2026	"REG"	0	null	null	0	0	null	3	0.28715384006500244	0.10473969578742981	70	0	1
null	0	"BAL"	null	0.06857135097992784	"good"	null	0	"2026_03_BAL_DAL"	0	0	33	"00-0037692"	null	0	null	0	null	667	"extra_point"	"DAL"	null	0	0	0	0	1	null	0	0	0	0	null	0	0	2026	"REG"	1	null	null	0	0	null	3	0.8102796884057657	null	15	0	0
null	0	"DAL"	null	0.8392703339923173	null	null	0	"2026_03_BAL_DAL"	0	0	25	"00-0037692"	null	0	null	0	null	682	"kickoff"	"BAL"	null	0	0	0	0	1	null	0	0	0	0	null	0	0	2026	"REG"	1	null	null	0	0	null	3	0.18919676542282104	null	35	0	0
null	0	"DAL"	1	-0.45177836273796856	null	null	0	"2026_03_BAL_DAL"	0	0	null	null	null	0	-51.194268465042114	0	null	767	"run"	"BAL"	null	0	0	0	0	1	null	0	0	1	0	"00-0032764"	0	0	2026	"REG"	0	null	null	0	0	null	3	0.21017073094844818	0.5119426846504211	44	2	10
null	0	"DAL"	1	0.5958173758117482	null	null	0	"2026_03_BAL_DAL"	0	0	null	null	null	0	-45.143505930900574	0	null	814	"run"	"BAL"	null	0	0	0	0	1	null	0	0	1	0	"00-0032764"	0	0	2026	"REG"	1	null	null	0	0	null	3	0.2555653750896454	0.45143505930900574	20	11	10
null	0	"DAL"	1	0.25989155226852745	null	null	0	"2026_03_BAL_DAL"	1	0	null	null	null	0	-41.73186719417572	0	null	836	"run"	"BAL"	null	0	0	0	0	1	null	0	0	1	0	"00-0032764"	0	0	2026	"REG"	1	null	null	0	0	null	3	0.2715705633163452	0.4173186719417572	9	5	9
null	0	"DAL"	2	1.4644295098842122	null	null	0	"2026_03_BAL_DAL"	1	0	null	null	null	0	-56.611692905426025	0	null	863	"run"	"BAL"	null	0	0	0	0	1	null	0	0	1	1	"00-0032764"	0	0	2026	"REG"	1	"00-0032764"	"BAL"	1	0	null	3	0.2613487243652344	0.5661169290542603	4	4	4
null	0	"DAL"	1	0.012008779682219028	null	null	0	"2026_03_BAL_DAL"	0	0	null	null	null	0	-41.29787981510162	0	null	1082	"run"	"BAL"	null	0	0	0	0	2	null	0	0	1	0	"00-0032764"	0	0	2026	"REG"	1	null	null	0	0	null	3	0.3181961476802826	0.41297879815101624	89	5	10
null	0	"DAL"	1	0.8981327594956383	null	null	0	"2026_03_BAL_DAL"	1	0	null	null	null	0	-36.573827266693115	0	null	1305	"run"	"BAL"	null	0	0	0	0	2	null	0	0	1	1	"00-0032764"	0	0	2026	"REG"	1	"00-0032764"	"BAL"	1	0	null	3	0.5120987892150879	0.36573827266693115	3	3	3
null	0	"DAL"	2	-0.2087705903686583	null	null	0	"2026_03_BAL_DAL"	0	0	null	null	null	0	-75.32404065132141	0	null	1565	"run"	"BAL"	null	0	0	0	0	2	null	0	0	1	0	"00-0032764"	0	0	2026	"REG"	0	null	null	0	0	null	3	0.6379573345184326	0.7532404065132141	42	4	9
null	0	"DAL"	1	-0.0358775652712211	null	null	0	"2026_03_BAL_DAL"	0	0	null	null	null	0	-46.95318937301636	0	null	1609	"run"	"BAL"	null	0	0	0	0	2	null	0	0	1	0	"00-0032764"	0	0	2026	"REG"	0	null	null	0	0	null	3	0.6707258224487305	0.4695318937301636	31	4	10
null	0	"DAL"	2	-0.5208552133408375	null	null	0	"2026_03_BAL_DAL"	0	0	null	null	null	0	-76.62065625190735	0	null	1693	"run"	"BAL"	null	0	0	0	0	2	null	0	0	1	0	"00-0032764"	0	0	2026	"REG"	0	null	null	0	0	null	3	0.7001839876174927	0.7662065625190735	12	3	9
null	0	"BAL"	4	0.3748843211579018	null	"made"	0	"2026_03_BAL_DAL"	0	0	38	"00-0037692"	null	0	null	0	null	2052	"field_goal"	"DAL"	null	0	0	0	0	2	null	0	0	0	0	null	0	0	2026	"REG"	1	null	null	0	0	null	3	0.3561948835849762	null	20	0	6
null	0	"DAL"	null	-0.14136378763942048	null	null	0	"2026_03_BAL_DAL"	0	0	57	"00-0037692"	"00-0039796"	0	null	0	null	2072	"kickoff"	"BAL"	null	0	0	0	0	2	null	0	16	0	0	null	0	0	2026	"REG"	0	null	null	0	0	null	3	0.5988544821739197	null	35	0	0
null	0	"DAL"	1	-0.6039202371612191	null	null	0	"2026_03_BAL_DAL"	0	0	null	null	null	0	-46.03976011276245	0	null	2387	"run"	"BAL"	null	0	0	0	0	3	null	0	0	1	0	"00-0032764"	0	0	2026	"REG"	0	null	null	0	0	null	3	0.6455071568489075	0.4603976011276245	75	1	10
null	0	"DAL"	2	-1.5633727135136724	null	null	0	"2026_03_BAL_DAL"	0	0	null	null	null	0	-73.60193133354187	0	null	2477	"run"	"BAL"	null	0	0	0	0	3	null	0	0	1	0	"00-0032764"	0	0	2026	"REG"	0	null	null	0	0	null	3	0.6378854513168335	0.7360193133354187	74	-5	9
null	0	"BAL"	4	-3.090594850536625	null	"blocked"	0	"2026_03_BAL_DAL"	0	0	59	"00-0037692"	null	0	null	0	null	2716	"field_goal"	"DAL"	null	0	0	0	0	3	null	0	0	0	0	null	0	0	2026	"REG"	0	null	null	0	0	null	3	0.36060085892677307	null	41	0	6
null	0	"DAL"	1	2.0924816156039014	null	null	0	"2026_03_BAL_DAL"	0	0	null	null	null	0	-47.97433614730835	0	null	2737	"run"	"BAL"	null	0	0	0	0	3	null	0	0	1	0	"00-0032764"	0	0	2026	"REG"	1	null	null	0	0	null	3	0.7175976634025574	0.4797433614730835	51	29	10
null	0	"DAL"	null	-0.3135714721865952	null	null	0	"2026_03_BAL_DAL"	0	0	65	"00-0037692"	null	0	null	0	null	3102	"kickoff"	"BAL"	null	0	0	0	0	3	null	0	0	0	0	null	0	0	2026	"REG"	0	null	null	0	0	null	3	0.6402812004089355	null	35	0	0
null	0	"DAL"	1	0.1712407306768	null	null	0	"2026_03_BAL_DAL"	0	0	null	null	null	0	-48.797884583473206	0	null	3151	"run"	"BAL"	null	0	0	0	0	3	null	0	0	1	0	"00-0032764"	0	0	2026	"REG"	1	null	null	0	0	null	3	0.6730597615242004	0.48797884583473206	59	5	10
null	0	"DAL"	2	-0.44871956086717546	null	null	0	"2026_03_BAL_DAL"	1	0	null	null	null	0	-57.517099380493164	0	null	3280	"run"	"BAL"	null	0	0	0	0	4	null	0	0	1	0	"00-0032764"	0	0	2026	"REG"	0	null	null	0	0	null	3	0.7878569960594177	0.5751709938049316	4	2	4
null	0	"DAL"	3	-0.3882229838054627	null	null	0	"2026_03_BAL_DAL"	1	0	null	null	null	0	-72.34054803848267	0	null	3302	"run"	"BAL"	null	0	0	0	0	4	null	0	0	1	0	"00-0032764"	0	0	2026	"REG"	0	null	null	0	0	null	3	0.7826038002967834	0.7234054803848267	2	1	2
null	0	"DAL"	4	-4.501417298160959	null	null	0	"2026_03_BAL_DAL"	1	0	null	null	null	0	-33.5649698972702	0	null	3352	"run"	"BAL"	null	0	0	0	0	4	null	0	0	1	0	"00-0032764"	0	0	2026	"REG"	0	null	null	0	0	null	3	0.7724044919013977	0.335649698972702	1	-3	1
null	0	"BAL"	null	0.06857135097992784	"good"	null	0	"2026_03_BAL_DAL"	0	0	33	"00-0037692"	null	0	null	0	null	3549	"extra_point"	"DAL"	null	0	0	0	0	4	null	0	0	0	0	null	0	0	2026	"REG"	1	null	null	0	0	null	3	0.6967639926217803	null	15	0	0
null	0	"DAL"	null	0.7714919871650636	null	null	0	"2026_03_BAL_DAL"	0	0	25	"00-0037692"	null	0	null	0	null	3575	"kickoff"	"BAL"	null	0	0	0	0	4	null	0	0	0	0	null	0	0	2026	"REG"	1	null	null	0	0	null	3	0.3002510666847229	null	35	0	0
null	0	"DAL"	1	-0.04931003553792834	null	null	0	"2026_03_BAL_DAL"	0	0	null	null	null	0	-56.6043496131897	0	null	3612	"run"	"BAL"	null	0	0	0	0	4	null	0	0	1	0	"00-0032764"	0	0	2026	"REG"	0	null	null	0	0	null	3	0.3211671710014343	0.566043496131897	60	4	10
null	0	"DAL"	3	-2.5108172863256186	null	null	0	"2026_03_BAL_DAL"	0	0	null	null	null	0	-34.50652062892914	0	null	3659	"run"	"BAL"	null	0	0	0	0	4	null	0	0	1	0	"00-0032764"	0	0	2026	"REG"	0	null	null	0	0	null	3	0.32112449407577515	0.3450652062892914	51	-4	1
null	0	"DAL"	1	0.50703685922781	null	null	0	"2026_03_BAL_DAL"	0	0	null	null	null	0	-65.59624075889587	0	null	3829	"run"	"BAL"	null	0	0	0	0	4	null	0	0	1	0	"00-0032764"	0	0	2026	"REG"	1	null	null	0	0	null	3	0.34849974513053894	0.6559624075889587	47	8	10
null	0	"DAL"	2	-0.3955175143200904	null	null	0	"2026_03_BAL_DAL"	0	0	null	null	null	0	-40.18378555774689	0	null	3851	"run"	"BAL"	null	0	0	0	0	4	null	0	0	1	0	"00-0032764"	0	0	2026	"REG"	0	null	null	0	0	null	3	0.3500242233276367	0.40183785557746887	39	1	2
null	0	"DAL"	1	-0.30144595954334363	null	null	0	"2026_03_BAL_DAL"	0	0	null	null	null	0	-65.35767912864685	0	null	3931	"run"	"BAL"	null	0	0	0	0	4	null	0	0	1	0	"00-0032764"	0	0	2026	"REG"	0	null	null	0	0	null	3	0.37372201681137085	0.6535767912864685	33	3	10
null	0	"DAL"	1	-0.45196099489112385	null	null	0	"2026_03_BAL_DAL"	1	0	null	null	null	0	-33.75931680202484	0	null	4127	"run"	"BAL"	null	0	0	0	0	4	null	0	0	1	0	"00-0032764"	0	0	2026	"REG"	0	null	null	0	0	null	3	0.6122402548789978	0.3375931680202484	2	0	2
null	0	"BAL"	4	0.055006785030254246	null	"made"	0	"2026_03_BAL_DAL"	1	0	23	"00-0037692"	null	0	null	0	null	4522	"field_goal"	"DAL"	null	0	0	0	0	4	null	0	0	0	0	null	0	0	2026	"REG"	1	null	null	0	0	null	3	0.3821074366569519	null	5	0	5
null	0	"DAL"	null	0.05598774505779147	null	null	0	"2026_03_BAL_DAL"	0	0	65	"00-0037692"	null	0	null	0	null	4551	"kickoff"	"BAL"	null	0	0	0	0	4	null	0	0	0	0	null	0	0	2026	"REG"	1	null	null	0	0	null	3	0.5191473960876465	null	35	0	0
1	1	"PIT"	1	-0.5358334672637284	null	null	0	"2026_03_CIN_PIT"	0	0	null	null	null	1	51.21025741100311	0	"00-0036442"	216	"pass"	"CIN"	null	1	0	0	0	1	"00-0041069"	0	0	0	0	null	0	0	2026	"REG"	0	null	null	0	0	null	3	0.3007045388221741	0.48789742588996887	73	2	10
5	1	"PIT"	2	0.2865483907517046	null	null	0	"2026_03_CIN_PIT"	0	0	null	null	null	1	25.539255142211914	0	"00-0036442"	285	"pass"	"CIN"	null	1	0	0	0	1	"00-0036900"	0	0	0	0	null	0	0	2026	"REG"	1	null	null	0	0	null	3	0.3091827630996704	0.7446074485778809	60	9	11
11	1	"PIT"	3	2.3455749517306685	null	null	0	"2026_03_CIN_PIT"	0	0	null	null	null	1	27.135300636291504	0	"00-0036442"	310	"pass"	"CIN"	null	1	0	0	0	1	"00-0040785"	0	0	0	0	null	0	0	2026	"REG"	1	null	null	0	0	null	3	0.30544522404670715	0.728646993637085	51	23	2
10	1	"PIT"	2	1.0346765762660652	null	null	0	"2026_03_CIN_PIT"	0	0	null	null	null	1	27.44850516319275	0	"00-0036442"	369	"pass"	"CIN"	null	1	0	0	0	1	"00-0036410"	0	0	0	0	null	0	0	2026	"REG"	1	null	null	0	0	null	3	0.3567681908607483	0.7255149483680725	26	10	8
6	1	"PIT"	1	0.3140873934607953	null	null	0	"2026_03_CIN_PIT"	0	0	null	null	null	1	32.895129919052124	0	"00-0036442"	418	"pass"	"CIN"	null	1	0	0	0	1	"00-0034613"	0	0	0	0	null	0	0	2026	"REG"	1	null	null	0	0	null	3	0.3607543706893921	0.6710487008094788	21	6	15
5	1	"PIT"	2	0.3520273104077205	null	null	0	"2026_03_CIN_PIT"	0	0	null	null	null	1	24.729371070861816	0	"00-0036442"	443	"pass"	"CIN"	null	1	0	0	0	1	"00-0036900"	0	0	0	0	null	0	0	2026	"REG"	1	null	null	0	0	null	3	0.37343961000442505	0.7527062892913818	15	7	9
3	1	"PIT"	1	0.9114160869503394	null	null	0	"2026_03_CIN_PIT"	1	0	null	null	null	1	61.319443583488464	1	"00-0036442"	490	"pass"	"CIN"	null	1	0	0	0	1	"00-0036900"	0	0	0	0	null	0	0	2026	"REG"	1	"00-0036900"	"CIN"	1	0	null	3	0.4109765589237213	0.38680556416511536	3	3	3
10	1	"PIT"	2	1.3875330253504217	null	null	0	"2026_03_CIN_PIT"	0	0	null	null	null	1	41.627734899520874	0	"00-0036442"	931	"pass"	"CIN"	null	1	0	0	0	1	"00-0036900"	0	0	0	0	null	0	0	2026	"REG"	1	null	null	0	0	null	3	0.3023856282234192	0.5837226510047913	64	12	10
0	1	"PIT"	1	-0.3667601025663316	null	null	0	"2026_03_CIN_PIT"	0	0	null	null	null	1	47.61805534362793	0	"00-0036442"	981	"pass"	"CIN"	null	1	0	0	0	2	"00-0040785"	0	0	0	0	null	0	0	2026	"REG"	0	null	null	0	0	null	3	0.32849788665771484	0.5238194465637207	52	3	10
3	1	"PIT"	3	1.3515443268697709	null	null	0	"2026_03_CIN_PIT"	0	0	null	null	null	1	11.991286277770996	0	"00-0036442"	1028	"pass"	"CIN"	null	1	0	0	0	2	"00-0036900"	0	0	0	0	null	0	0	2026	"REG"	1	null	null	0	0	null	3	0.3045925498008728	0.88008713722229	45	7	3
-3	1	"PIT"	1	-0.5529566390905529	null	null	0	"2026_03_CIN_PIT"	0	0	null	null	null	1	49.9719500541687	0	"00-0036442"	1053	"pass"	"CIN"	null	1	0	0	0	2	"00-0035631"	0	0	0	0	null	0	0	2026	"REG"	0	null	null	0	0	null	3	0.3473162353038788	0.500280499458313	38	0	10
6	1	"PIT"	2	0.13591999176423997	null	null	0	"2026_03_CIN_PIT"	0	0	null	null	null	1	36.846572160720825	0	"00-0036442"	1078	"pass"	"CIN"	null	1	0	0	0	2	"00-0034829"	0	0	0	0	null	0	0	2026	"REG"	1	null	null	0	0	null	3	0.3346482515335083	0.6315342783927917	38	6	10
2	1	"PIT"	3	-0.6661788161854767	null	null	0	"2026_03_CIN_PIT"	0	0	null	null	null	1	1.7331361770629883	0	"00-0036442"	1142	"pass"	"CIN"	null	1	0	0	0	2	"00-0033526"	0	0	0	0	null	0	0	2026	"REG"	0	null	null	0	0	null	3	0.30746445059776306	0.9826686382293701	37	5	9
0	1	"PIT"	2	0.037196420365944505	null	null	0	"2026_03_CIN_PIT"	0	0	null	null	null	1	65.2648001909256	0	"00-0036442"	1457	"pass"	"CIN"	null	1	0	0	0	2	"00-0040785"	0	0	0	0	null	0	0	2026	"REG"	1	null	null	0	0	null	3	0.32518038153648376	0.347351998090744	61	3	2
16	0	"PIT"	1	-0.5159291713498533	null	null	0	"2026_03_CIN_PIT"	0	0	null	null	null	1	44.30685639381409	0	"00-0036442"	1482	"pass"	"CIN"	null	1	0	0	0	2	"00-0036900"	0	0	0	0	null	0	0	2026	"REG"	0	null	null	0	0	null	3	0.31505244970321655	0.5569314360618591	58	0	10
3	1	"PIT"	2	-0.24984377902001143	null	null	0	"2026_03_CIN_PIT"	0	0	null	null	null	1	34.11891460418701	0	"00-0036442"	1505	"pass"	"CIN"	null	1	0	0	0	2	"00-0034613"	0	0	0	0	null	0	0	2026	"REG"	0	null	null	0	0	null	3	0.30067434906959534	0.6588108539581299	58	7	10
1	0	"PIT"	3	-1.1322780582122505	null	null	0	"2026_03_CIN_PIT"	0	0	null	null	null	1	11.604046821594238	0	"00-0036442"	1533	"pass"	"CIN"	null	1	0	0	0	2	"00-0040785"	0	0	0	0	null	0	0	2026	"REG"	0	null	null	0	0	null	3	0.3126734793186188	0.8839595317840576	51	0	3
3	1	"PIT"	1	0.32823172135977075	null	null	0	"2026_03_CIN_PIT"	0	0	null	null	null	1	10.382181406021118	0	"00-0036442"	1868	"pass"	"CIN"	null	1	0	0	0	2	"00-0038597"	0	0	0	0	null	0	0	2026	"REG"	1	null	null	0	0	null	3	0.32636961340904236	0.8961781859397888	53	12	10
9	1	"PIT"	1	0.5706016785698012	null	null	0	"2026_03_CIN_PIT"	0	0	null	null	null	1	10.273796319961548	0	"00-0036442"	1893	"pass"	"CIN"	null	1	0	0	0	2	"00-0036900"	0	0	0	0	null	0	0	2026	"REG"	1	null	null	0	0	null	3	0.33429229259490967	0.8972620368003845	41	9	10
6	0	"PIT"	2	-0.2839189163642004	null	null	0	"2026_03_CIN_PIT"	0	0	null	null	null	1	25.7163405418396	0	"00-0036442"	1918	"pass"	"CIN"	null	1	0	0	0	2	"00-0040785"	0	0	0	0	null	0	0	2026	"REG"	0	null	null	0	0	null	3	0.3678559958934784	0.742836594581604	32	0	1
28	1	"PIT"	1	4.754248607263435	null	null	0	"2026_03_CIN_PIT"	0	0	null	null	null	1	4.972624778747559	1	"00-0036442"	1963	"pass"	"CIN"	null	1	0	0	0	2	"00-0036410"	0	0	0	0	null	0	0	2026	"REG"	1	"00-0036410"	"CIN"	1	0	null	3	0.3541991710662842	0.9502737522125244	28	28	10
10	1	"PIT"	1	1.1559555500280112	null	null	0	"2026_03_CIN_PIT"	0	0	null	null	null	1	29.61653470993042	0	"00-0036442"	2231	"pass"	"CIN"	null	1	0	0	0	3	"00-0036410"	0	0	0	0	null	0	0	2026	"REG"	1	null	null	0	0	null	3	0.452062726020813	0.7038346529006958	71	13	15
null	0	"PIT"	2	0.5366817256435752	null	null	0	"2026_03_CIN_PIT"	0	0	null	null	null	0	66.92871153354645	0	null	2256	"run"	"CIN"	null	1	0	1	0	3	null	0	0	1	0	"00-0036442"	0	0	2026	"REG"	1	null	null	0	0	null	3	0.501905083656311	0.3307128846645355	58	8	2
null	0	"PIT"	2	-0.057324113324284554	null	null	0	"2026_03_CIN_PIT"	0	0	null	null	null	0	30.279254913330078	0	null	2300	"run"	"CIN"	null	1	0	1	0	3	null	0	0	1	0	"00-0036442"	0	0	2026	"REG"	0	null	null	0	0	null	3	0.5065287947654724	0.6972074508666992	47	5	7
3	0	"PIT"	3	-1.964963837293908	null	null	0	"2026_03_CIN_PIT"	0	0	null	null	null	1	26.770514249801636	0	"00-0036442"	2322	"pass"	"CIN"	null	1	0	0	0	3	"00-0033526"	0	0	0	0	null	0	0	2026	"REG"	0	null	null	0	0	null	3	0.4821295142173767	0.7322948575019836	42	0	2
18	1	"PIT"	4	4.2276461543515325	null	null	0	"2026_03_CIN_PIT"	0	0	null	null	null	1	26.82952880859375	0	"00-0036442"	2345	"pass"	"CIN"	null	1	0	0	0	3	"00-0036900"	0	0	0	0	null	0	0	2026	"REG"	1	null	null	0	0	null	3	0.4364999830722809	0.7317047119140625	42	21	2
6	0	"PIT"	1	-0.4709608807461336	null	null	0	"2026_03_CIN_PIT"	0	0	null	null	null	1	56.19767904281616	0	"00-0036442"	2375	"pass"	"CIN"	null	1	0	0	0	3	"00-0035631"	0	0	0	0	null	0	0	2026	"REG"	0	null	null	0	0	null	3	0.6029378175735474	0.4380232095718384	21	0	10
9	0	"PIT"	3	-0.8720205329740787	null	null	0	"2026_03_CIN_PIT"	0	0	null	null	null	1	1.962435245513916	0	"00-0036442"	2449	"pass"	"CIN"	null	1	0	0	0	3	"00-0036410"	0	0	0	0	null	0	0	2026	"REG"	0	null	null	0	0	null	3	0.5550599694252014	0.9803756475448608	20	0	9
14	1	"PIT"	1	0.942353290040046	null	null	0	"2026_03_CIN_PIT"	0	0	null	null	null	1	48.44984412193298	0	"00-0036442"	2869	"pass"	"CIN"	null	1	0	0	0	3	"00-0036410"	0	0	0	0	null	0	0	2026	"REG"	1	null	null	0	0	null	3	0.33155348896980286	0.5155015587806702	64	14	10
7	0	"PIT"	2	-0.8683290316257626	null	null	0	"2026_03_CIN_PIT"	0	0	null	null	null	1	35.27138829231262	0	"00-0036442"	2923	"pass"	"CIN"	null	1	0	0	0	3	"00-0036900"	0	0	0	0	null	0	0	2026	"REG"	0	null	null	0	0	null	3	0.3290681838989258	0.6472861170768738	50	0	10
14	1	"PIT"	3	2.456262744613923	null	null	0	"2026_03_CIN_PIT"	0	0	null	null	null	1	1.9635558128356934	0	"00-0036442"	2946	"pass"	"CIN"	null	1	0	0	0	3	"00-0036410"	0	0	0	0	null	0	0	2026	"REG"	1	null	null	0	0	null	3	0.29343903064727783	0.9803644418716431	50	17	10
24	1	"PIT"	4	4.88667133229319	null	null	0	"2026_03_CIN_PIT"	0	0	null	null	null	1	27.988362312316895	1	"00-0036442"	3060	"pass"	"CIN"	null	1	0	0	0	4	"00-0034829"	0	0	0	0	null	0	0	2026	"REG"	1	"00-0034829"	"CIN"	1	0	null	3	0.3918910324573517	0.720116376876831	25	25	2
6	0	"PIT"	1	-0.42894571949727833	null	null	0	"2026_03_CIN_PIT"	0	0	null	null	null	1	49.1283655166626	0	"00-0036442"	3430	"pass"	"CIN"	null	1	0	0	0	4	"00-0036900"	0	0	0	0	null	0	0	2026	"REG"	0	null	null	0	0	null	3	0.5047141313552856	0.508716344833374	59	0	10
7	1	"PIT"	2	0.4137200133409351	null	null	0	"2026_03_CIN_PIT"	0	0	null	null	null	1	34.01010036468506	0	"00-0036442"	3453	"pass"	"CIN"	null	1	0	0	0	4	"00-0036410"	0	0	0	0	null	0	0	2026	"REG"	1	null	null	0	0	null	3	0.47960954904556274	0.6598989963531494	59	8	10
1	0	"PIT"	3	-1.5606737276539207	null	null	0	"2026_03_CIN_PIT"	0	0	null	null	null	1	27.845627069473267	0	"00-0036442"	3478	"pass"	"CIN"	null	1	0	0	0	4	"00-0033526"	0	0	0	0	null	0	0	2026	"REG"	0	null	null	0	0	null	3	0.4958830773830414	0.7215437293052673	51	0	2
5	1	"PIT"	1	0.6702363811782561	null	null	0	"2026_03_CIN_PIT"	0	0	null	null	null	1	14.486497640609741	0	"00-0036442"	3789	"pass"	"CIN"	null	1	0	0	0	4	"00-0036900"	0	0	0	0	null	0	0	2026	"REG"	1	null	null	0	0	null	3	0.3090805113315582	0.8551350235939026	70	17	10
-4	1	"PIT"	1	-0.7633483254467137	null	null	0	"2026_03_CIN_PIT"	0	0	null	null	null	1	11.996722221374512	0	"00-0036442"	3821	"pass"	"CIN"	null	1	0	0	0	4	"00-0038597"	0	0	0	0	null	0	0	2026	"REG"	0	null	null	0	0	null	3	0.3599254786968231	0.8800327777862549	53	-4	10
2	1	"PIT"	2	0.05573552940040827	null	null	0	"2026_03_CIN_PIT"	0	0	null	null	null	1	2.1418511867523193	0	"00-0036442"	3853	"pass"	"CIN"	null	1	0	0	0	4	"00-0034829"	0	0	0	0	null	0	0	2026	"REG"	1	null	null	0	0	null	3	0.2769164741039276	0.9785814881324768	57	6	14
12	1	"PIT"	3	1.3588963762158528	null	null	0	"2026_03_CIN_PIT"	0	0	null	null	null	1	1.6609728336334229	0	"00-0036442"	3878	"pass"	"CIN"	null	1	0	0	0	4	"00-0036900"	0	0	0	0	null	0	0	2026	"REG"	1	null	null	0	0	null	3	0.26965031027793884	0.9833902716636658	51	13	8
null	0	"PIT"	1	-4.091974792710971	null	null	1	"2026_03_CIN_PIT"	0	0	null	null	null	1	4.370075464248657	0	"00-0036442"	3908	"pass"	"CIN"	null	1	0	0	0	4	null	0	0	0	0	null	1	0	2026	"REG"	0	null	null	0	0	null	3	0.45115014910697937	0.9562992453575134	38	-13	10
3	0	"IND"	2	-0.8132683229632676	null	null	0	"2026_03_HOU_IND"	0	0	null	null	null	1	35.19479036331177	0	"00-0039163"	90	"pass"	"HOU"	null	1	0	0	0	1	"00-0038618"	0	0	0	0	null	0	0	2026	"REG"	0	null	null	0	0	null	3	0.4262758791446686	0.6480520963668823	68	0	7
null	0	"IND"	3	-1.8841122761368752	null	null	0	"2026_03_HOU_IND"	0	0	null	null	null	1	1.7140686511993408	0	"00-0039163"	124	"pass"	"HOU"	null	1	0	0	0	1	null	0	0	0	0	null	1	0	2026	"REG"	0	null	null	0	0	null	3	0.4006967842578888	0.9828593134880066	68	-4	7
-2	0	"IND"	1	-0.578714931034483	null	null	0	"2026_03_HOU_IND"	0	0	null	null	null	1	52.79775261878967	0	"00-0039163"	293	"pass"	"HOU"	null	1	0	0	0	1	"00-0034981"	0	0	0	0	null	0	0	2026	"REG"	0	null	null	0	0	null	3	0.5121939778327942	0.47202247381210327	40	0	10
3	1	"IND"	3	0.19348448025994003	null	null	0	"2026_03_HOU_IND"	0	0	null	null	null	1	2.3296773433685303	0	"00-0039163"	359	"pass"	"HOU"	null	1	0	0	0	1	"00-0034981"	0	0	0	0	null	0	0	2026	"REG"	1	null	null	0	0	null	3	0.48462238907814026	0.9767032265663147	37	6	7
14	0	"HOU"	3	-0.8090088694312874	null	null	0	"2026_03_HOU_IND"	0	0	null	null	null	1	4.278624057769775	0	"00-0035710"	700	"pass"	"IND"	null	1	0	0	0	1	"00-0030279"	0	0	0	0	null	0	0	2026	"REG"	0	null	null	0	0	null	3	0.6799846887588501	0.9572137594223022	21	0	13
12	1	"IND"	1	0.789797745179385	null	null	0	"2026_03_HOU_IND"	0	0	null	null	null	1	49.81191158294678	0	"00-0039163"	775	"pass"	"HOU"	null	1	0	0	0	1	"00-0040138"	0	0	0	0	null	0	0	2026	"REG"	1	null	null	0	0	null	3	0.33018678426742554	0.5018808841705322	80	12	10
10	0	"IND"	2	-0.8310680049471557	null	null	0	"2026_03_HOU_IND"	0	0	null	null	null	1	21.357083320617676	0	"00-0039163"	903	"pass"	"HOU"	null	1	0	0	0	1	"00-0041467"	0	0	0	0	null	0	0	2026	"REG"	0	null	null	0	0	null	3	0.30981460213661194	0.7864291667938232	73	0	15
null	0	"IND"	3	-1.7293937695212662	null	null	0	"2026_03_HOU_IND"	0	0	null	null	null	1	4.568523168563843	0	"00-0039163"	931	"pass"	"HOU"	null	1	0	0	0	1	null	0	0	0	0	null	1	0	2026	"REG"	0	null	null	0	0	null	3	0.2877192497253418	0.9543147683143616	73	-8	15
3	0	"HOU"	2	-0.9489642782718875	null	null	0	"2026_03_HOU_IND"	1	0	null	null	null	1	34.730064868927	0	"00-0035710"	1240	"pass"	"IND"	null	1	0	0	0	2	"00-0030279"	0	0	0	0	null	0	0	2026	"REG"	0	null	null	0	0	null	3	0.7755808234214783	0.65269935131073	6	0	6
3	1	"HOU"	3	2.7636290558148175	null	null	0	"2026_03_HOU_IND"	1	0	null	null	null	1	3.1639039516448975	1	"00-0035710"	1263	"pass"	"IND"	null	1	0	0	0	2	"00-0030279"	0	0	0	0	null	0	0	2026	"REG"	1	"00-0030279"	"IND"	1	0	null	3	0.758968710899353	0.968360960483551	6	6	6
11	0	"IND"	2	-0.6785612027160823	null	null	0	"2026_03_HOU_IND"	0	0	null	null	null	1	23.49960207939148	0	"00-0039163"	1422	"pass"	"HOU"	null	1	0	0	0	2	"00-0038728"	0	0	0	0	null	0	0	2026	"REG"	0	null	null	0	0	null	3	0.17407682538032532	0.7650039792060852	66	0	8
null	0	"IND"	3	1.7881202986463904	null	null	0	"2026_03_HOU_IND"	0	0	null	null	null	0	1.3569355010986328	0	null	1445	"run"	"HOU"	null	1	0	1	0	2	null	0	0	1	0	"00-0039163"	0	0	2026	"REG"	1	null	null	0	0	null	3	0.16272301971912384	0.9864306449890137	66	8	8
4	1	"IND"	2	0.2845468739978969	null	null	0	"2026_03_HOU_IND"	0	0	null	null	null	1	24.460458755493164	0	"00-0039163"	1489	"pass"	"HOU"	null	1	0	0	0	2	"00-0038618"	0	0	0	0	null	0	0	2026	"REG"	1	null	null	0	0	null	3	0.19339779019355774	0.7553954124450684	56	6	8
null	0	"IND"	3	0.40874681615969166	null	null	0	"2026_03_HOU_IND"	0	0	null	null	null	0	-28.646501898765564	0	null	1588	"run"	"HOU"	null	0	0	0	0	2	null	0	0	1	0	"00-0039163"	0	0	2026	"REG"	1	null	null	0	0	null	3	0.2349422127008438	0.28646501898765564	33	2	1
6	1	"IND"	2	1.4948156779864803	null	null	0	"2026_03_HOU_IND"	0	0	null	null	null	1	37.633031606674194	0	"00-0039163"	1637	"pass"	"HOU"	null	1	0	0	0	2	"00-0035685"	0	0	0	0	null	0	0	2026	"REG"	1	null	null	0	0	null	3	0.23737329244613647	0.6236696839332581	27	10	6
1	1	"IND"	1	0.5161567171307979	null	null	0	"2026_03_HOU_IND"	1	0	null	null	null	1	77.14548259973526	1	"00-0039163"	1716	"pass"	"HOU"	null	1	0	0	0	2	"00-0034981"	0	0	0	0	null	0	0	2026	"REG"	1	"00-0034981"	"HOU"	1	0	null	3	0.29168054461479187	0.2285451740026474	1	1	1
null	0	"IND"	null	0.06857135097992784	"good"	null	0	"2026_03_HOU_IND"	0	0	33	"00-0032726"	null	0	null	0	null	1744	"extra_point"	"HOU"	null	0	0	0	0	2	null	0	0	0	0	null	0	0	2026	"REG"	1	null	null	0	0	null	3	0.26974477269805963	null	15	0	0
null	0	"HOU"	null	0.6054648602148518	null	null	0	"2026_03_HOU_IND"	0	0	65	"00-0032726"	null	0	null	0	null	1759	"kickoff"	"IND"	null	0	0	0	0	2	null	0	0	0	0	null	0	0	2026	"REG"	1	null	null	0	0	null	3	0.7298414707183838	null	35	0	0
15	1	"HOU"	2	1.8071833801222965	null	null	0	"2026_03_HOU_IND"	0	0	null	null	null	1	34.72092151641846	0	"00-0035710"	1872	"pass"	"IND"	null	1	0	0	0	2	"00-0030279"	0	0	0	0	null	0	0	2026	"REG"	1	null	null	0	0	null	3	0.7479221224784851	0.6527907848358154	54	20	10
-3	1	"HOU"	2	-0.7996007245383225	null	null	0	"2026_03_HOU_IND"	0	0	null	null	null	1	25.484853982925415	0	"00-0035710"	1927	"pass"	"IND"	null	1	0	0	0	2	"00-0030279"	0	0	0	0	null	0	0	2026	"REG"	0	null	null	0	0	null	3	0.7723307013511658	0.7451514601707458	34	-1	10
null	0	"IND"	1	-0.607391694560647	null	null	0	"2026_03_HOU_IND"	0	0	null	null	null	1	5.253112316131592	0	"00-0039163"	2053	"pass"	"HOU"	null	1	0	0	0	2	null	0	0	0	0	null	1	0	2026	"REG"	0	null	null	0	0	null	3	0.2779179513454437	0.9474688768386841	64	-2	5
44	0	"IND"	2	-0.3392121538054198	null	null	0	"2026_03_HOU_IND"	0	0	null	null	null	1	4.1139960289001465	0	"00-0039163"	2073	"pass"	"HOU"	null	1	0	0	0	2	"00-0038618"	0	0	0	0	null	0	0	2026	"REG"	0	null	null	0	0	null	3	0.257041335105896	0.9588600397109985	66	0	7
4	1	"IND"	3	-0.4784619037527591	null	null	0	"2026_03_HOU_IND"	0	0	null	null	null	1	4.892551898956299	0	"00-0039163"	2103	"pass"	"HOU"	null	1	0	0	0	2	"00-0040138"	0	0	0	0	null	0	0	2026	"REG"	0	null	null	0	0	null	3	0.23948052525520325	0.951074481010437	66	5	7
null	0	"HOU"	null	0.7147091669030488	null	null	0	"2026_03_HOU_IND"	0	0	60	"00-0032726"	"00-0039816"	0	null	0	null	2210	"kickoff"	"IND"	null	0	0	0	0	3	null	0	32	0	0	null	0	0	2026	"REG"	1	null	null	0	0	null	3	0.7503747344017029	null	35	0	0
18	1	"HOU"	3	2.880426400108263	null	null	0	"2026_03_HOU_IND"	0	0	null	null	null	1	2.2292494773864746	0	"00-0035710"	2281	"pass"	"IND"	null	1	0	0	0	3	"00-0030279"	0	0	0	0	null	0	0	2026	"REG"	1	null	null	0	0	null	3	0.7490195631980896	0.9777075052261353	60	26	7
21	0	"IND"	2	-0.6946897325105965	null	null	0	"2026_03_HOU_IND"	0	0	null	null	null	1	48.22314381599426	0	"00-0039163"	2449	"pass"	"HOU"	null	1	0	0	0	3	"00-0038728"	0	0	0	0	null	0	0	2026	"REG"	0	null	null	0	0	null	3	0.24488836526870728	0.5177685618400574	99	0	10
5	1	"IND"	3	-0.20985992648638785	null	null	0	"2026_03_HOU_IND"	0	0	null	null	null	1	8.44660997390747	0	"00-0039163"	2472	"pass"	"HOU"	null	1	0	0	0	3	"00-0034383"	0	0	0	0	null	0	0	2026	"REG"	0	null	null	0	0	null	3	0.21920809149742126	0.9155339002609253	99	8	10
-4	1	"IND"	2	-0.007759499363601208	null	null	0	"2026_03_HOU_IND"	0	0	null	null	null	1	37.18906044960022	0	"00-0039163"	2689	"pass"	"HOU"	null	1	0	0	0	3	"00-0040583"	0	0	0	0	null	0	0	2026	"REG"	0	null	null	0	0	null	3	0.24468795955181122	0.6281093955039978	72	6	10
26	0	"IND"	3	-1.539453860372305	null	null	0	"2026_03_HOU_IND"	0	0	null	null	null	1	4.329580068588257	0	"00-0039163"	2719	"pass"	"HOU"	null	1	0	0	0	3	"00-0038618"	0	0	0	0	null	0	0	2026	"REG"	0	null	null	0	0	null	3	0.24400940537452698	0.9567041993141174	66	0	4
6	1	"HOU"	2	0.6869242088869214	null	null	0	"2026_03_HOU_IND"	0	0	null	null	null	1	27.368253469467163	0	"00-0035710"	3000	"pass"	"IND"	null	1	0	0	0	3	"00-0030279"	0	0	0	0	null	0	0	2026	"REG"	1	null	null	0	0	null	3	0.8492687344551086	0.7263174653053284	30	7	8
27	1	"IND"	1	1.898069993709214	null	null	0	"2026_03_HOU_IND"	0	0	null	null	null	1	34.07540321350098	0	"00-0039163"	3239	"pass"	"HOU"	null	1	0	0	0	4	"00-0038618"	0	0	0	0	null	0	0	2026	"REG"	1	null	null	0	0	null	3	0.1589040607213974	0.6592459678649902	65	28	10
17	0	"IND"	1	-0.5276624502148479	null	null	0	"2026_03_HOU_IND"	0	0	null	null	null	1	37.22928762435913	0	"00-0039163"	3269	"pass"	"HOU"	null	1	0	0	0	4	"00-0038728"	0	0	0	0	null	0	0	2026	"REG"	0	null	null	0	0	null	3	0.1737605184316635	0.6277071237564087	37	0	10
5	1	"IND"	2	0.006969501846469939	null	null	0	"2026_03_HOU_IND"	0	0	null	null	null	1	24.580663442611694	0	"00-0039163"	3292	"pass"	"HOU"	null	1	0	0	0	4	"00-0035685"	0	0	0	0	null	0	0	2026	"REG"	1	null	null	0	0	null	3	0.1606585830450058	0.7541933655738831	37	5	10
20	1	"IND"	3	2.025726089719683	null	null	0	"2026_03_HOU_IND"	0	0	null	null	null	1	4.021215438842773	0	"00-0039163"	3317	"pass"	"HOU"	null	1	0	0	0	4	"00-0038728"	0	0	0	0	null	0	0	2026	"REG"	1	null	null	0	0	null	3	0.15730614960193634	0.9597878456115723	32	20	5
11	0	"IND"	2	-0.7501445500529371	null	null	0	"2026_03_HOU_IND"	0	0	null	null	null	1	16.749536991119385	0	"00-0039163"	3369	"pass"	"HOU"	null	1	0	0	0	4	"00-0034981"	0	0	0	0	null	0	0	2026	"REG"	0	null	null	0	0	null	3	0.20726922154426575	0.8325046300888062	11	0	9
5	1	"IND"	3	-0.9264998321149909	null	null	0	"2026_03_HOU_IND"	0	0	null	null	null	1	1.722407341003418	0	"00-0039163"	3392	"pass"	"HOU"	null	1	0	0	0	4	"00-0034383"	0	0	0	0	null	0	0	2026	"REG"	0	null	null	0	0	null	3	0.18927952647209167	0.9827759265899658	11	5	9
null	0	"IND"	4	0.07526708154086403	null	"made"	0	"2026_03_HOU_IND"	0	0	24	"00-0032726"	null	0	null	0	null	3417	"field_goal"	"HOU"	null	0	0	0	0	4	null	0	0	0	0	null	0	0	2026	"REG"	1	null	null	0	0	null	3	0.16075767576694489	null	6	0	4
null	0	"HOU"	null	0.4965200307779014	null	null	0	"2026_03_HOU_IND"	0	0	65	"00-0032726"	null	0	null	0	null	3437	"kickoff"	"IND"	null	0	0	0	0	4	null	0	0	0	0	null	0	0	2026	"REG"	1	null	null	0	0	null	3	0.8777053356170654	null	35	0	0
17	1	"IND"	1	0.9520383013878018	null	null	0	"2026_03_HOU_IND"	0	0	null	null	null	1	21.955931186676025	0	"00-0039163"	3634	"pass"	"HOU"	null	1	0	0	0	4	"00-0038618"	0	0	0	0	null	0	0	2026	"REG"	1	null	null	0	0	null	3	0.24131923913955688	0.7804406881332397	44	17	10
13	1	"IND"	1	1.0821863438468426	null	null	0	"2026_03_HOU_IND"	0	0	null	null	null	1	30.14591336250305	0	"00-0039163"	3662	"pass"	"HOU"	null	1	0	0	0	4	"00-0038608"	0	0	0	0	null	0	0	2026	"REG"	1	null	null	0	0	null	3	0.2903761863708496	0.6985408663749695	27	15	10
2	1	"IND"	1	0.3737083649612032	null	null	0	"2026_03_HOU_IND"	0	0	null	null	null	1	41.73426032066345	0	"00-0039163"	3687	"pass"	"HOU"	null	1	0	0	0	4	"00-0038608"	0	0	0	0	null	0	0	2026	"REG"	1	null	null	0	0	null	3	0.3948918282985687	0.5826573967933655	12	6	10
null	0	"IND"	null	0.06857135097992784	"good"	null	0	"2026_03_HOU_IND"	0	0	33	"00-0032726"	null	0	null	0	null	3780	"extra_point"	"HOU"	null	0	0	0	0	4	null	0	0	0	0	null	0	0	2026	"REG"	1	null	null	0	0	null	3	0.4790723482380853	null	15	0	0
null	0	"HOU"	null	0.5248490646481514	null	null	0	"2026_03_HOU_IND"	0	0	65	"00-0032726"	null	0	null	0	null	3795	"kickoff"	"IND"	null	0	0	0	0	4	null	0	0	0	0	null	0	0	2026	"REG"	1	null	null	0	0	null	3	0.5120320916175842	null	35	0	0
10	0	"HOU"	1	-0.30110180366318673	null	null	0	"2026_03_HOU_IND"	0	0	null	null	null	1	10.615533590316772	0	"00-0035710"	3812	"pass"	"IND"	null	1	0	0	0	4	"00-0030279"	0	0	0	0	null	0	0	2026	"REG"	0	null	null	0	0	null	3	0.534209668636322	0.8938446640968323	65	0	10
5	1	"HOU"	3	0.04265199414180931	null	null	0	"2026_03_HOU_IND"	0	0	null	null	null	1	3.242814540863037	0	"00-0035710"	3911	"pass"	"IND"	null	1	0	0	0	4	"00-0030279"	0	0	0	0	null	0	0	2026	"REG"	1	null	null	0	0	null	3	0.5066387057304382	0.9675718545913696	41	5	6
17	1	"IND"	1	0.16558988101314753	null	null	0	"2026_03_HOU_IND"	0	0	null	null	null	1	3.534424304962158	0	"00-0039163"	4061	"pass"	"HOU"	null	1	0	0	0	4	"00-0034383"	0	0	0	0	null	0	0	2026	"REG"	1	null	null	0	0	null	3	0.1686723828315735	0.9646557569503784	69	17	10
7	0	"IND"	1	0.007778660539770499	null	null	0	"2026_03_HOU_IND"	0	0	null	null	null	1	1.1933326721191406	0	"00-0039163"	4091	"pass"	"HOU"	null	1	0	0	0	4	null	0	0	0	0	null	0	0	2026	"REG"	1	null	null	0	0	null	3	0.27213969826698303	0.9880666732788086	52	0	10
50	0	"IND"	2	-0.2863270147354342	null	null	0	"2026_03_HOU_IND"	0	0	null	null	null	1	1.402062177658081	0	"00-0039163"	4124	"pass"	"HOU"	null	1	0	0	0	4	null	0	0	0	0	null	0	0	2026	"REG"	0	null	null	0	0	null	3	0.2639109790325165	0.9859793782234192	52	0	10
null	0	"LAC"	1	-5.397927164332941	null	null	1	"2026_03_LAC_BUF"	0	0	null	null	null	0	-47.90121912956238	0	null	63	"run"	"BUF"	null	0	0	0	0	1	null	0	0	1	0	"00-0037248"	0	0	2026	"REG"	0	null	null	0	0	null	3	0.5799764394760132	0.4790121912956238	57	4	10
-1	1	"LAC"	1	0.5284711257554591	null	null	0	"2026_03_LAC_BUF"	0	0	null	null	null	1	50.23598670959473	0	"00-0034857"	368	"pass"	"BUF"	null	1	0	0	0	1	"00-0034827"	0	0	0	0	null	0	0	2026	"REG"	1	null	null	0	0	null	3	0.3315567672252655	0.49764013290405273	70	8	10
null	0	"LAC"	2	0.5334546559024602	null	null	0	"2026_03_LAC_BUF"	0	0	null	null	null	0	-32.86585807800293	0	null	398	"run"	"BUF"	null	0	0	0	0	1	null	0	0	1	0	"00-0037248"	0	0	2026	"REG"	1	null	null	0	0	null	3	0.35743194818496704	0.3286585807800293	62	8	2
-8	1	"LAC"	1	-0.5018461039289832	null	null	0	"2026_03_LAC_BUF"	0	0	null	null	null	1	49.33555722236633	0	"00-0034857"	420	"pass"	"BUF"	null	1	0	0	0	1	"00-0034857"	0	0	0	0	null	0	0	2026	"REG"	0	null	null	0	0	null	3	0.36215293407440186	0.5066444277763367	54	1	10
16	0	"LAC"	2	-0.8552202950231731	null	null	0	"2026_03_LAC_BUF"	0	0	null	null	null	1	28.61347198486328	0	"00-0034857"	445	"pass"	"BUF"	null	1	0	0	0	1	"00-0038933"	0	0	0	0	null	0	0	2026	"REG"	0	null	null	0	0	null	3	0.3370973765850067	0.7138652801513672	53	0	9
null	0	"LAC"	3	-2.166790393181145	null	null	0	"2026_03_LAC_BUF"	0	0	null	null	null	1	1.3382792472839355	0	"00-0034857"	480	"pass"	"BUF"	null	1	0	0	0	1	null	0	0	0	0	null	1	0	2026	"REG"	0	null	null	0	0	null	3	0.31316930055618286	0.9866172075271606	53	-13	9
16	0	"BUF"	3	-1.3052046257071197	null	null	0	"2026_03_LAC_BUF"	0	0	null	null	null	1	2.0865440368652344	0	"00-0036355"	591	"pass"	"LAC"	null	1	0	0	0	1	"00-0040189"	0	0	0	0	null	0	0	2026	"REG"	0	null	null	0	0	null	3	0.6935602426528931	0.9791345596313477	70	0	9
30	0	"LAC"	1	-0.5398313032928854	null	null	0	"2026_03_LAC_BUF"	0	0	null	null	null	1	48.17615747451782	0	"00-0034857"	657	"pass"	"BUF"	null	1	0	0	0	1	"00-0039901"	0	0	0	0	null	0	0	2026	"REG"	0	null	null	0	0	null	3	0.34397605061531067	0.5182384252548218	66	0	10
null	0	"LAC"	2	0.8188523692078888	null	null	0	"2026_03_LAC_BUF"	0	0	null	null	null	0	-57.5048565864563	0	null	692	"run"	"BUF"	null	0	0	0	0	1	null	0	0	1	0	"00-0037248"	0	0	2026	"REG"	1	null	null	0	0	null	3	0.3265703320503235	0.575048565864563	66	9	10
null	0	"LAC"	4	2.1534414424095303	null	null	0	"2026_03_LAC_BUF"	0	0	null	null	null	0	-11.261119693517685	0	null	738	"run"	"BUF"	null	0	0	0	0	1	null	0	0	1	0	"00-0034857"	0	0	2026	"REG"	1	null	null	0	0	null	3	0.2927992045879364	0.11261119693517685	57	1	1
10	0	"LAC"	1	-4.578864933457226	null	null	0	"2026_03_LAC_BUF"	0	1	null	null	null	1	25.22985339164734	0	"00-0034857"	793	"pass"	"BUF"	null	1	0	0	0	1	"00-0034827"	0	1	0	0	null	0	0	2026	"REG"	0	null	null	0	0	null	3	0.33709192276000977	0.7477014660835266	66	0	20
null	0	"LAC"	1	-0.4183065304532647	null	null	0	"2026_03_LAC_BUF"	0	0	null	null	null	0	-50.990331172943115	0	null	987	"run"	"BUF"	null	0	0	0	0	1	null	0	0	1	0	"00-0037248"	0	0	2026	"REG"	0	null	null	0	0	null	3	0.2536332309246063	0.5099033117294312	68	3	10
55	0	"LAC"	2	-1.2162677105516195	null	null	0	"2026_03_LAC_BUF"	0	1	null	null	null	1	28.7966251373291	0	"00-0034857"	1029	"pass"	"BUF"	null	1	0	0	0	2	"00-0034827"	0	0	0	0	null	0	0	2026	"REG"	0	null	null	0	0	null	3	0.2493697851896286	0.712033748626709	65	0	7
null	0	"LAC"	1	0.13170404196716845	null	null	0	"2026_03_LAC_BUF"	0	0	null	null	null	0	-51.43600106239319	0	null	1345	"run"	"BUF"	null	0	0	0	0	2	null	0	0	1	0	"00-0037248"	0	0	2026	"REG"	1	null	null	0	0	null	3	0.25014129281044006	0.5143600106239319	65	5	10
10	1	"LAC"	2	1.0684780001174659	null	null	0	"2026_03_LAC_BUF"	0	0	null	null	null	1	47.51499891281128	0	"00-0034857"	1374	"pass"	"BUF"	null	1	0	0	0	2	"00-0038933"	0	0	0	0	null	0	0	2026	"REG"	1	null	null	0	0	null	3	0.2494257539510727	0.5248500108718872	60	14	5
null	0	"LAC"	1	0.9295921345474198	null	null	0	"2026_03_LAC_BUF"	0	0	null	null	null	0	-51.05811357498169	0	null	1403	"run"	"BUF"	null	0	0	0	0	2	null	0	0	1	0	"00-0037248"	0	0	2026	"REG"	1	null	null	0	0	null	3	0.2780333161354065	0.5105811357498169	46	15	10
null	0	"LAC"	1	0.19942500290926546	null	null	0	"2026_03_LAC_BUF"	0	0	null	null	null	0	-72.77215123176575	0	null	1449	"run"	"BUF"	null	0	0	0	0	2	null	0	0	1	0	"00-0037248"	0	0	2026	"REG"	1	null	null	0	0	null	3	0.28303253650665283	0.7277215123176575	36	6	15
-3	1	"LAC"	2	-0.26987902738619596	null	null	0	"2026_03_LAC_BUF"	0	0	null	null	null	1	21.99302315711975	0	"00-0034857"	1471	"pass"	"BUF"	null	1	0	0	0	2	"00-0035537"	0	0	0	0	null	0	0	2026	"REG"	0	null	null	0	0	null	3	0.2975045442581177	0.7800697684288025	30	3	9
0	1	"LAC"	3	1.844976432970725	null	null	0	"2026_03_LAC_BUF"	0	0	null	null	null	1	2.573394775390625	0	"00-0034857"	1496	"pass"	"BUF"	null	1	0	0	0	2	"00-0035537"	0	0	0	0	null	0	0	2026	"REG"	1	null	null	0	0	null	3	0.29788607358932495	0.9742660522460938	27	16	6
null	0	"LAC"	1	-0.47823778772726655	null	null	0	"2026_03_LAC_BUF"	0	0	null	null	null	0	-45.130735635757446	0	null	1533	"run"	"BUF"	null	0	0	0	0	2	null	0	0	1	0	"00-0034857"	0	0	2026	"REG"	0	null	null	0	0	null	3	0.33977311849594116	0.45130735635757446	11	1	10
4	0	"LAC"	2	-0.7473906656960025	null	null	0	"2026_03_LAC_BUF"	0	0	null	null	null	1	20.68467140197754	0	"00-0034857"	1560	"pass"	"BUF"	null	1	0	0	0	2	"00-0037261"	0	0	0	0	null	0	0	2026	"REG"	0	null	null	0	0	null	3	0.33951056003570557	0.7931532859802246	10	0	9
10	0	"LAC"	3	-0.8615271035390744	null	null	0	"2026_03_LAC_BUF"	0	0	null	null	null	1	1.6399860382080078	0	"00-0034857"	1583	"pass"	"BUF"	null	1	0	0	0	2	"00-0034827"	0	0	0	0	null	0	0	2026	"REG"	0	null	null	0	0	null	3	0.31318798661231995	0.9836001396179199	10	0	9
null	0	"LAC"	1	-0.3320731983985752	null	null	0	"2026_03_LAC_BUF"	0	0	null	null	null	0	-60.27110815048218	0	null	1786	"run"	"BUF"	null	0	0	0	0	2	null	0	0	1	0	"00-0037248"	0	0	2026	"REG"	0	null	null	0	0	null	3	0.29521480202674866	0.6027110815048218	80	3	10
null	0	"LAC"	2	0.08338061347603798	null	null	0	"2026_03_LAC_BUF"	0	0	null	null	null	0	-73.76237511634827	0	null	1815	"run"	"BUF"	null	0	0	0	0	2	null	0	0	1	0	"00-0037248"	0	0	2026	"REG"	1	null	null	0	0	null	3	0.2882508337497711	0.7376237511634827	77	3	7
7	1	"LAC"	3	1.4007448414340615	null	null	0	"2026_03_LAC_BUF"	0	0	null	null	null	1	3.247636556625366	0	"00-0034857"	1837	"pass"	"BUF"	null	1	0	0	0	2	"00-0034827"	0	0	0	0	null	0	0	2026	"REG"	1	null	null	0	0	null	3	0.2858792543411255	0.9675236344337463	74	13	4
null	0	"LAC"	1	-0.3336554969428107	null	null	0	"2026_03_LAC_BUF"	0	0	null	null	null	0	-81.83994889259338	0	null	1867	"run"	"BUF"	null	0	0	0	0	2	null	0	0	1	0	"00-0037248"	0	0	2026	"REG"	0	null	null	0	0	null	3	0.31569162011146545	0.8183994889259338	61	3	10
-2	0	"LAC"	2	-0.36689185607247055	null	null	0	"2026_03_LAC_BUF"	0	0	null	null	null	1	6.6684722900390625	0	"00-0034857"	1902	"pass"	"BUF"	null	1	0	0	0	2	"00-0037248"	0	0	0	0	null	0	0	2026	"REG"	0	null	null	0	0	null	3	0.31230297684669495	0.9333152770996094	58	0	7
10	1	"LAC"	3	1.176296481047757	null	null	0	"2026_03_LAC_BUF"	0	0	null	null	null	1	1.9808769226074219	0	"00-0034857"	1925	"pass"	"BUF"	null	1	0	0	0	2	"00-0034827"	0	0	0	0	null	0	0	2026	"REG"	1	null	null	0	0	null	3	0.29171112179756165	0.9801912307739258	58	10	7
11	1	"LAC"	1	0.30611061374656856	null	null	0	"2026_03_LAC_BUF"	0	0	null	null	null	1	4.586273431777954	0	"00-0034857"	1957	"pass"	"BUF"	null	1	0	0	0	2	"00-0034827"	0	0	0	0	null	0	0	2026	"REG"	1	null	null	0	0	null	3	0.34180930256843567	0.9541372656822205	48	8	10
-4	1	"LAC"	2	-0.16067292593652382	null	null	0	"2026_03_LAC_BUF"	0	0	null	null	null	1	6.540167331695557	0	"00-0034857"	1982	"pass"	"BUF"	null	1	0	0	0	2	"00-0035537"	0	0	0	0	null	0	0	2026	"REG"	0	null	null	0	0	null	3	0.3554995059967041	0.9345983266830444	40	2	2
33	1	"LAC"	1	3.597359455219703	null	null	0	"2026_03_LAC_BUF"	0	0	null	null	null	1	3.2280445098876953	0	"00-0034857"	2014	"pass"	"BUF"	null	1	0	0	0	2	"00-0039901"	0	0	0	0	null	0	0	2026	"REG"	1	null	null	0	0	null	3	0.310238778591156	0.967719554901123	38	37	10
null	0	"LAC"	1	1.0994510518212337	null	null	0	"2026_03_LAC_BUF"	1	0	null	null	null	0	-63.2055938243866	0	null	2039	"run"	"BUF"	null	0	0	0	0	2	null	0	0	1	1	"00-0034857"	0	0	2026	"REG"	1	"00-0034857"	"BUF"	1	0	null	3	0.413877010345459	0.632055938243866	1	1	1
null	0	"LAC"	1	1.0344764727633446	null	null	0	"2026_03_LAC_BUF"	0	0	null	null	null	0	-53.94922494888306	0	null	2763	"run"	"BUF"	null	0	0	0	0	3	null	0	0	1	0	"00-0037248"	0	0	2026	"REG"	1	null	null	0	0	null	3	0.4526597559452057	0.5394922494888306	65	15	10
null	0	"LAC"	1	-0.4987820773385465	null	null	0	"2026_03_LAC_BUF"	0	0	null	null	null	0	-52.671557664871216	0	null	2790	"run"	"BUF"	null	0	0	0	0	3	null	0	0	1	0	"00-0037248"	0	0	2026	"REG"	0	null	null	0	0	null	3	0.4835556745529175	0.5267155766487122	50	2	10
3	1	"LAC"	2	-0.07778867543675005	null	null	0	"2026_03_LAC_BUF"	0	0	null	null	null	1	24.28109645843506	0	"00-0034857"	2812	"pass"	"BUF"	null	1	0	0	0	3	"00-0035689"	0	0	0	0	null	0	0	2026	"REG"	0	null	null	0	0	null	3	0.4776322841644287	0.7571890354156494	48	5	8
10	1	"LAC"	3	-1.9233303349465132	null	null	1	"2026_03_LAC_BUF"	0	0	null	null	null	1	1.2819468975067139	0	"00-0034857"	2861	"pass"	"BUF"	null	1	0	0	0	3	"00-0038933"	0	0	0	0	null	0	0	2026	"REG"	0	null	null	0	0	null	3	0.4369780421257019	0.9871805310249329	48	24	8
1	0	"BUF"	3	-1.270821239799261	null	null	0	"2026_03_LAC_BUF"	0	0	null	null	null	1	2.5862812995910645	0	"00-0036355"	3032	"pass"	"LAC"	null	1	0	0	0	3	"00-0040189"	0	0	0	0	null	0	0	2026	"REG"	0	null	null	0	0	null	3	0.5983949899673462	0.9741371870040894	70	0	10
12	1	"LAC"	1	0.7051368330139667	null	null	0	"2026_03_LAC_BUF"	0	0	null	null	null	1	46.15289568901062	0	"00-0034857"	3079	"pass"	"BUF"	null	1	0	0	0	3	"00-0034827"	0	0	0	0	null	0	0	2026	"REG"	1	null	null	0	0	null	3	0.4140467941761017	0.5384710431098938	75	12	10
null	0	"LAC"	1	-0.5272547043859959	null	null	0	"2026_03_LAC_BUF"	0	0	null	null	null	0	-53.69824171066284	0	null	3111	"run"	"BUF"	null	0	0	0	0	3	null	0	0	1	0	"00-0037248"	0	0	2026	"REG"	0	null	null	0	0	null	3	0.44198107719421387	0.5369824171066284	63	1	10
null	0	"LAC"	2	-1.4053472022060305	null	null	0	"2026_03_LAC_BUF"	0	0	null	null	null	1	21.307039260864258	0	"00-0034857"	3133	"pass"	"BUF"	null	1	0	0	0	3	null	0	0	0	0	null	1	0	2026	"REG"	0	null	null	0	0	null	3	0.41620734333992004	0.7869296073913574	62	-4	9
null	0	"LAC"	3	-4.159760727547109	null	null	1	"2026_03_LAC_BUF"	0	0	null	null	null	1	1.8265068531036377	0	"00-0034857"	3173	"pass"	"BUF"	null	1	0	0	0	4	null	0	0	0	0	null	1	0	2026	"REG"	0	null	null	0	0	null	3	0.3558109700679779	0.9817349314689636	66	-6	13
null	0	"LAC"	1	0.0817510443739593	null	null	0	"2026_03_LAC_BUF"	0	0	null	null	null	0	-56.4896821975708	0	null	3333	"run"	"BUF"	null	0	0	0	0	4	null	0	0	1	0	"00-0037248"	0	0	2026	"REG"	1	null	null	0	0	null	3	0.43343761563301086	0.564896821975708	58	5	10
36	0	"LAC"	2	-0.8577049400191754	null	null	0	"2026_03_LAC_BUF"	0	0	null	null	null	1	41.10904932022095	0	"00-0034857"	3362	"pass"	"BUF"	null	1	0	0	0	4	"00-0040194"	0	0	0	0	null	0	0	2026	"REG"	0	null	null	0	0	null	3	0.44315919280052185	0.5889095067977905	53	0	5
4	1	"LAC"	3	1.4314061352051795	null	null	0	"2026_03_LAC_BUF"	0	0	null	null	null	1	2.554231882095337	0	"00-0034857"	3385	"pass"	"BUF"	null	1	0	0	0	4	"00-0037261"	0	0	0	0	null	0	0	2026	"REG"	1	null	null	0	0	null	3	0.4123269021511078	0.9744576811790466	53	6	5
null	0	"LAC"	1	-0.2683239809703082	null	null	0	"2026_03_LAC_BUF"	0	0	null	null	null	0	-55.24854063987732	0	null	3410	"run"	"BUF"	null	0	0	0	0	4	null	0	0	1	0	"00-0034857"	0	0	2026	"REG"	0	null	null	0	0	null	3	0.48131057620048523	0.5524854063987732	47	4	10
3	0	"LAC"	2	-0.8058928942773491	null	null	0	"2026_03_LAC_BUF"	0	0	null	null	null	1	31.819385290145874	0	"00-0034857"	3432	"pass"	"BUF"	null	1	0	0	0	4	"00-0037261"	0	0	0	0	null	0	0	2026	"REG"	0	null	null	0	0	null	3	0.4823247790336609	0.6818061470985413	43	0	6
8	0	"LAC"	3	-1.7060918870847672	null	null	0	"2026_03_LAC_BUF"	0	0	null	null	null	1	2.038782835006714	0	"00-0034857"	3455	"pass"	"BUF"	null	1	0	0	0	4	"00-0034827"	0	0	0	0	null	0	0	2026	"REG"	0	null	null	0	0	null	3	0.4509744346141815	0.9796121716499329	43	0	6
7	1	"LAC"	4	4.3573041839990765	null	null	0	"2026_03_LAC_BUF"	0	0	null	null	null	1	3.41838002204895	0	"00-0034857"	3478	"pass"	"BUF"	null	1	0	0	0	4	"00-0035537"	0	0	0	0	null	0	0	2026	"REG"	1	null	null	0	0	null	3	0.38766661286354065	0.9658161997795105	43	29	6
null	0	"LAC"	1	-0.22189177619293332	null	null	0	"2026_03_LAC_BUF"	0	0	null	null	null	0	-48.05158972740173	0	null	3515	"run"	"BUF"	null	0	0	0	0	4	null	0	0	1	0	"00-0037248"	0	0	2026	"REG"	0	null	null	0	0	null	3	0.5765005946159363	0.48051589727401733	24	4	10
null	0	"LAC"	2	1.9171121714171022	null	null	0	"2026_03_LAC_BUF"	0	0	null	null	null	0	11.512649059295654	0	null	3610	"run"	"BUF"	null	1	0	1	0	4	null	0	0	1	0	"00-0034857"	0	0	2026	"REG"	1	null	null	0	0	null	3	0.463855504989624	0.8848735094070435	40	8	26
null	0	"LAC"	1	0.6431612583110109	null	null	0	"2026_03_LAC_BUF"	0	0	null	null	null	0	-48.55656027793884	0	null	3685	"run"	"BUF"	null	0	0	0	0	4	null	0	0	1	0	"00-0037248"	0	0	2026	"REG"	1	null	null	0	0	null	3	0.571317732334137	0.4855656027793884	27	11	10
null	0	"LAC"	1	0.9427662182715721	null	null	0	"2026_03_LAC_BUF"	0	0	null	null	null	0	-45.651423931121826	0	null	3707	"run"	"BUF"	null	0	0	0	0	4	null	0	0	1	0	"00-0037248"	0	0	2026	"REG"	1	null	null	0	0	null	3	0.5853266716003418	0.45651423931121826	16	11	10
null	0	"LAC"	1	0.4048987946007401	null	null	0	"2026_03_LAC_BUF"	1	0	null	null	null	0	-42.825672030448914	0	null	3729	"run"	"BUF"	null	0	0	0	0	4	null	0	0	1	0	"00-0037248"	0	0	2026	"REG"	1	null	null	0	0	null	3	0.6206863522529602	0.42825672030448914	5	4	5
null	0	"LAC"	2	0.8749379327637143	null	null	0	"2026_03_LAC_BUF"	1	0	null	null	null	0	-28.417298197746277	0	null	3751	"run"	"BUF"	null	0	0	0	0	4	null	0	0	1	1	"00-0034857"	0	0	2026	"REG"	1	"00-0034857"	"BUF"	1	0	null	3	0.6574151515960693	0.28417298197746277	1	1	1
null	0	"LAC"	1	-0.3951740071643144	null	null	0	"2026_03_LAC_BUF"	0	0	null	null	null	0	-25.648397207260132	0	null	3968	"run"	"BUF"	null	0	0	0	0	4	null	0	0	1	0	"00-0037248"	0	0	2026	"REG"	0	null	null	0	0	null	3	0.8469582200050354	0.2564839720726013	45	3	10
null	0	"LAC"	2	1.8145327781094238	null	null	0	"2026_03_LAC_BUF"	0	0	null	null	null	0	-49.45820868015289	0	null	3990	"run"	"BUF"	null	0	0	0	0	4	null	0	0	1	0	"00-0037248"	0	0	2026	"REG"	1	null	null	0	0	null	3	0.8414502739906311	0.49458208680152893	42	23	7
null	0	"LAC"	1	-1.3959810658125207	null	null	0	"2026_03_LAC_BUF"	0	0	null	null	null	1	83.25815498828888	0	"00-0034857"	4012	"pass"	"BUF"	null	1	0	0	0	4	null	0	0	0	0	null	1	0	2026	"REG"	0	null	null	0	0	null	3	0.8904500007629395	0.1674184501171112	19	-7	10
null	0	"LAC"	2	0.0746467539574951	null	null	0	"2026_03_LAC_BUF"	0	0	null	null	null	0	-66.36676788330078	0	null	4032	"run"	"BUF"	null	0	0	0	0	4	null	0	0	1	0	"00-0034857"	0	0	2026	"REG"	1	null	null	0	0	null	3	0.8582618236541748	0.6636676788330078	26	7	17
5	1	"LAC"	3	2.8054622673953418	null	null	0	"2026_03_LAC_BUF"	0	0	null	null	null	1	18.111324310302734	0	"00-0034857"	4061	"pass"	"BUF"	null	1	0	0	0	4	"00-0034827"	0	0	0	0	null	0	0	2026	"REG"	1	null	null	0	0	null	3	0.8848904371261597	0.8188867568969727	19	16	10
null	0	"LAC"	1	1.1301962792349514	null	null	0	"2026_03_LAC_BUF"	1	0	null	null	null	0	-15.48713892698288	0	null	4151	"run"	"BUF"	null	0	0	0	0	4	null	0	0	1	1	"00-0037248"	0	0	2026	"REG"	1	"00-0037248"	"BUF"	1	0	null	3	0.9202182292938232	0.1548713892698288	3	3	3
11	0	"BUF"	3	-0.6837573010415232	null	null	0	"2026_03_LAC_BUF"	0	0	null	null	null	1	1.1541903018951416	0	"00-0036355"	4423	"pass"	"LAC"	null	1	0	0	0	4	"00-0040189"	0	0	0	0	null	0	0	2026	"REG"	0	null	null	0	0	null	3	0.0385604202747345	0.9884580969810486	15	0	7
null	0	"LAC"	1	-1.388924620958278	null	null	0	"2026_03_LAC_BUF"	0	0	null	null	null	0	-2.848324179649353	0	null	4500	"run"	"BUF"	null	0	0	0	0	4	null	0	0	1	0	"00-0037248"	0	0	2026	"REG"	0	null	null	0	0	null	3	0.9903415441513062	0.02848324179649353	45	2	10
null	0	"LAC"	2	0.11337461593211628	null	null	0	"2026_03_LAC_BUF"	0	0	null	null	null	0	-3.399646282196045	0	null	4522	"run"	"BUF"	null	0	0	0	0	4	null	0	0	1	0	"00-0037248"	0	0	2026	"REG"	1	null	null	0	0	null	3	0.9879040122032166	0.03399646282196045	43	2	8
null	0	"LAC"	3	1.1457914052007254	null	null	0	"2026_03_LAC_BUF"	0	0	null	null	null	0	-8.579342812299728	0	null	4551	"run"	"BUF"	null	0	0	0	0	4	null	0	0	1	0	"00-0037248"	0	0	2026	"REG"	1	null	null	0	0	null	3	0.9938610792160034	0.08579342812299728	41	9	6
null	0	"LAC"	1	-1.971443203248782	null	null	0	"2026_03_LAC_BUF"	0	0	null	null	null	0	null	0	null	4580	"qb_kneel"	"BUF"	null	0	1	0	0	4	null	0	0	1	0	"00-0034857"	0	0	2026	"REG"	0	null	null	0	0	null	3	0.996086597442627	null	32	-1	10
null	0	"LV"	1	-0.4127438887953758	null	null	0	"2026_03_LV_NO"	0	0	null	null	null	0	-50.610506534576416	0	null	62	"run"	"NO"	null	0	0	0	0	1	null	0	0	1	0	"00-0036973"	0	0	2026	"REG"	0	null	null	0	0	null	3	0.5462617874145508	0.5061050653457642	73	2	10
null	0	"LV"	2	0.025940843857824802	null	null	0	"2026_03_LV_NO"	0	0	null	null	null	0	-47.98033833503723	0	null	497	"run"	"NO"	null	0	0	0	0	1	null	0	0	1	0	"00-0036973"	0	0	2026	"REG"	1	null	null	0	0	null	3	0.4292769730091095	0.4798033833503723	73	3	4
null	0	"LV"	3	0.5209351619705558	null	null	0	"2026_03_LV_NO"	0	0	null	null	null	0	-35.9817236661911	0	null	519	"run"	"NO"	null	0	0	0	0	1	null	0	0	1	0	"00-0036973"	0	0	2026	"REG"	1	null	null	0	0	null	3	0.43002235889434814	0.359817236661911	70	2	1
null	0	"LV"	1	-0.10538414784241468	null	null	0	"2026_03_LV_NO"	0	0	null	null	null	0	-48.38106036186218	0	null	568	"run"	"NO"	null	0	0	0	0	1	null	0	0	1	0	"00-0036973"	0	0	2026	"REG"	0	null	null	0	0	null	3	0.5357162952423096	0.4838106036186218	32	4	10
null	0	"LV"	1	-0.17673789942637086	null	null	0	"2026_03_LV_NO"	0	0	null	null	null	0	-44.94786262512207	0	null	638	"run"	"NO"	null	0	0	0	0	1	null	0	0	1	0	"00-0036973"	0	0	2026	"REG"	0	null	null	0	0	null	3	0.5653219819068909	0.4494786262512207	17	4	10
null	0	"LV"	2	-1.0426364995655604	null	null	0	"2026_03_LV_NO"	1	0	null	null	null	0	-29.211732745170593	0	null	766	"run"	"NO"	null	0	0	0	0	1	null	0	0	1	0	"00-0036973"	0	0	2026	"REG"	0	null	null	0	0	null	3	0.6090980768203735	0.29211732745170593	1	-1	1
null	0	"LV"	1	0.3592353293206543	null	null	0	"2026_03_LV_NO"	0	0	null	null	null	0	-53.29071879386902	0	null	1635	"run"	"NO"	null	0	0	0	0	2	null	0	0	1	0	"00-0036973"	0	0	2026	"REG"	1	null	null	0	0	null	3	0.30693861842155457	0.5329071879386902	72	6	10
null	0	"LV"	2	-0.051187989418394864	null	null	0	"2026_03_LV_NO"	0	0	null	null	null	0	-49.51474666595459	0	null	1657	"run"	"NO"	null	0	0	0	0	2	null	0	0	1	0	"00-0036973"	0	0	2026	"REG"	0	null	null	0	0	null	3	0.310834139585495	0.4951474666595459	66	3	4
null	0	"LV"	3	0.47210093575995415	null	null	0	"2026_03_LV_NO"	0	0	null	null	null	0	-34.34878587722778	0	null	1679	"run"	"NO"	null	0	0	0	0	2	null	0	0	1	0	"00-0036973"	0	0	2026	"REG"	1	null	null	0	0	null	3	0.31865406036376953	0.34348785877227783	63	4	1
null	0	"LV"	1	0.3250392653862946	null	null	0	"2026_03_LV_NO"	1	0	null	null	null	0	-41.64510667324066	0	null	1811	"run"	"NO"	null	0	0	0	0	2	null	0	0	1	0	"00-0036973"	0	0	2026	"REG"	1	null	null	0	0	null	3	0.43415045738220215	0.4164510667324066	7	4	7
null	0	"LV"	1	-0.14441141253337264	null	null	0	"2026_03_LV_NO"	0	0	null	null	null	0	-48.83665144443512	0	null	2512	"run"	"NO"	null	0	0	0	0	3	null	0	0	1	0	"00-0036973"	0	0	2026	"REG"	0	null	null	0	0	null	3	0.44031304121017456	0.4883665144443512	76	4	10
1	1	"LV"	2	0.8629522712435573	null	null	0	"2026_03_LV_NO"	0	0	null	null	null	1	35.43350696563721	0	"00-0040743"	2534	"pass"	"NO"	null	1	0	0	0	3	"00-0036973"	0	0	0	0	null	0	0	2026	"REG"	1	null	null	0	0	null	3	0.4388885200023651	0.6456649303436279	72	7	6
-1	1	"LV"	1	0.12989287008531392	null	null	0	"2026_03_LV_NO"	0	0	null	null	null	1	49.9711275100708	0	"00-0040743"	2605	"pass"	"NO"	null	1	0	0	0	3	"00-0036973"	0	0	0	0	null	0	0	2026	"REG"	1	null	null	0	0	null	3	0.4807445704936981	0.500288724899292	52	6	10
null	0	"LV"	2	0.5487705713603646	null	null	0	"2026_03_LV_NO"	0	0	null	null	null	0	-47.041189670562744	0	null	2630	"run"	"NO"	null	0	0	0	0	3	null	0	0	1	0	"00-0036973"	0	0	2026	"REG"	1	null	null	0	0	null	3	0.4956790804862976	0.47041189670562744	46	6	4
null	0	"LV"	1	1.0074016245780513	null	null	0	"2026_03_LV_NO"	0	0	null	null	null	0	-45.18594443798065	0	null	2866	"run"	"NO"	null	0	0	0	0	3	null	0	0	1	0	"00-0036973"	0	0	2026	"REG"	1	null	null	0	0	null	3	0.7941732406616211	0.4518594443798065	32	16	10
22	1	"TB"	1	1.731014536228031	null	null	0	"2026_03_MIN_TB"	0	0	null	null	null	1	52.83929407596588	0	"00-0035228"	62	"pass"	"MIN"	null	1	0	0	0	1	"00-0036322"	0	0	0	0	null	0	0	2026	"REG"	1	null	null	0	0	null	3	0.4332079589366913	0.4716070592403412	76	22	10
-4	1	"TB"	3	-0.004506436475025466	null	null	0	"2026_03_MIN_TB"	0	0	null	null	null	1	6.240969896316528	0	"00-0035228"	206	"pass"	"MIN"	null	1	0	0	0	1	"00-0036322"	0	0	0	0	null	0	0	2026	"REG"	0	null	null	0	0	null	3	0.4183746874332428	0.9375903010368347	46	10	19
15	0	"JAX"	3	-1.7570333862677217	null	null	0	"2026_03_NE_JAX"	0	0	null	null	null	1	1.7966687679290771	0	"00-0039851"	339	"pass"	"NE"	null	1	0	0	0	1	"00-0033090"	0	0	0	0	null	0	0	2026	"REG"	0	null	null	0	0	null	3	0.48396751284599304	0.9820333123207092	45	0	9
0	1	"JAX"	2	0.37261712295003235	null	null	0	"2026_03_NE_JAX"	0	0	null	null	null	1	39.20879364013672	0	"00-0039851"	2337	"pass"	"NE"	null	1	0	0	0	3	"00-0033090"	0	0	0	0	null	0	0	2026	"REG"	1	null	null	0	0	null	3	0.16120578348636627	0.6079120635986328	58	5	6
9	0	"NYJ"	2	-0.733051541261375	null	null	0	"2026_03_NYJ_DET"	0	0	null	null	null	1	64.39248323440552	0	"00-0033106"	207	"pass"	"DET"	null	1	0	0	0	1	"00-0036963"	0	0	0	0	null	0	0	2026	"REG"	0	null	null	0	0	null	3	0.6436738967895508	0.3560751676559448	65	0	2
16	1	"NYJ"	2	1.5209288583137095	null	null	0	"2026_03_NYJ_DET"	0	0	null	null	null	1	28.276067972183228	0	"00-0033106"	707	"pass"	"DET"	null	1	0	0	0	1	"00-0036963"	0	0	0	0	null	0	0	2026	"REG"	1	null	null	0	0	null	3	0.5931279063224792	0.7172393202781677	69	16	8
12	0	"NYJ"	1	-0.5509813860990107	null	null	0	"2026_03_NYJ_DET"	0	0	null	null	null	1	49.41394925117493	0	"00-0033106"	732	"pass"	"DET"	null	1	0	0	0	1	"00-0036963"	0	0	0	0	null	0	0	2026	"REG"	0	null	null	0	0	null	3	0.6345003843307495	0.5058605074882507	53	0	10
16	0	"NYJ"	3	-1.2359922928735614	null	null	0	"2026_03_NYJ_DET"	0	0	null	null	null	1	8.517497777938843	0	"00-0033106"	775	"pass"	"DET"	null	1	0	0	0	1	"00-0036963"	0	0	0	0	null	0	0	2026	"REG"	0	null	null	0	0	null	3	0.5797904133796692	0.9148250222206116	62	0	19
0	1	"NYJ"	3	-1.0194136463071222	null	null	0	"2026_03_NYJ_DET"	0	0	null	null	null	1	1.8866956233978271	0	"00-0033106"	1163	"pass"	"DET"	null	1	0	0	0	2	"00-0036963"	0	0	0	0	null	0	0	2026	"REG"	0	null	null	0	0	null	3	0.680247962474823	0.9811330437660217	12	0	8
4	0	"NYJ"	1	-0.399013489135541	null	null	0	"2026_03_NYJ_DET"	0	0	null	null	null	1	50.67657828330994	0	"00-0033106"	1532	"pass"	"DET"	null	1	0	0	0	2	"00-0036963"	0	0	0	0	null	0	0	2026	"REG"	0	null	null	0	0	null	3	0.5781943798065186	0.49323421716690063	28	0	10
-4	1	"NYJ"	1	-0.7303284594090655	null	null	0	"2026_03_NYJ_DET"	0	0	null	null	null	1	48.699212074279785	0	"00-0033106"	1600	"pass"	"DET"	null	1	0	0	0	2	"00-0036963"	0	0	0	0	null	0	0	2026	"REG"	0	null	null	0	0	null	3	0.5731532573699951	0.5130078792572021	17	-1	10
4	1	"NYJ"	2	1.760189754248131	null	null	0	"2026_03_NYJ_DET"	1	0	null	null	null	1	35.20844578742981	1	"00-0033106"	1744	"pass"	"DET"	null	1	0	0	0	2	"00-0036963"	0	0	0	0	null	0	0	2026	"REG"	1	"00-0036963"	"DET"	1	0	null	3	0.58102947473526	0.6479155421257019	4	4	4
10	1	"CHI"	1	1.2294108180794865	null	null	0	"2026_03_PHI_CHI"	0	0	null	null	null	1	50.435975193977356	0	"00-0036389"	386	"pass"	"PHI"	null	1	0	0	0	1	"00-0040867"	0	0	0	0	null	0	0	2026	"REG"	1	null	null	0	0	null	3	0.2939956486225128	0.49564024806022644	75	19	10
-5	1	"CHI"	2	-1.3239091313444078	null	null	0	"2026_03_PHI_CHI"	0	0	null	null	null	1	23.492437601089478	0	"00-0036389"	2474	"pass"	"PHI"	null	1	0	0	0	3	"00-0040867"	0	0	0	0	null	0	0	2026	"REG"	0	null	null	0	0	null	3	0.2777692675590515	0.7650756239891052	64	-3	9
7	1	"CHI"	1	0.8119966675294563	null	null	0	"2026_03_PHI_CHI"	0	0	null	null	null	1	12.79141902923584	0	"00-0036389"	3585	"pass"	"PHI"	null	1	0	0	0	4	"00-0040867"	0	0	0	0	null	0	0	2026	"REG"	1	null	null	0	0	null	3	0.0030429866164922714	0.8720858097076416	60	13	10
34	0	"CHI"	4	-2.3208417361602187	null	null	0	"2026_03_PHI_CHI"	0	0	null	null	null	1	2.6515185832977295	0	"00-0036389"	3772	"pass"	"PHI"	null	1	0	0	0	4	"00-0040867"	0	0	0	0	null	0	0	2026	"REG"	0	null	null	0	0	null	3	0.0011424359399825335	0.9734848141670227	39	0	22
10	1	"WAS"	1	0.6230768875684589	null	null	0	"2026_03_SEA_WAS"	0	0	null	null	null	1	52.22162902355194	0	"00-0034869"	907	"pass"	"SEA"	null	1	0	0	0	1	"00-0038543"	0	0	0	0	null	0	0	2026	"REG"	1	null	null	0	0	null	3	0.22794818878173828	0.4777837097644806	90	11	10
20	1	"WAS"	2	1.9329729995224625	null	null	0	"2026_03_SEA_WAS"	0	0	null	null	null	1	42.05763339996338	0	"00-0034869"	961	"pass"	"SEA"	null	1	0	0	0	1	"00-0038543"	0	0	0	0	null	0	0	2026	"REG"	1	null	null	0	0	null	3	0.23038506507873535	0.5794236660003662	79	20	10
1	1	"WAS"	2	0.901388066180516	null	null	0	"2026_03_SEA_WAS"	1	0	null	null	null	1	68.38582456111908	1	"00-0034869"	1161	"pass"	"SEA"	null	1	0	0	0	2	"00-0038543"	0	0	0	0	null	0	0	2026	"REG"	1	"00-0038543"	"SEA"	1	0	null	3	0.36598145961761475	0.3161417543888092	1	1	1
6	0	"WAS"	2	-0.7080897081177682	null	null	0	"2026_03_SEA_WAS"	0	0	null	null	null	1	12.800729274749756	0	"00-0034869"	1811	"pass"	"SEA"	null	1	0	0	0	2	"00-0038543"	0	0	0	0	null	0	0	2026	"REG"	0	null	null	0	0	null	3	0.23070719838142395	0.8719927072525024	58	0	14
2	0	"WAS"	3	-1.8126256059331354	null	null	0	"2026_03_SEA_WAS"	1	0	null	null	null	1	29.180186986923218	0	"00-0034869"	1985	"pass"	"SEA"	null	1	0	0	0	2	"00-0038543"	0	0	0	0	null	0	0	2026	"REG"	0	null	null	0	0	null	3	0.3470403552055359	0.7081981301307678	2	0	2
-2	1	"WAS"	2	-0.24968645605258644	null	null	0	"2026_03_SEA_WAS"	0	0	null	null	null	1	3.2422125339508057	0	"00-0034869"	2204	"pass"	"SEA"	null	1	0	0	0	2	"00-0038543"	0	0	0	0	null	0	0	2026	"REG"	0	null	null	0	0	null	3	0.233867809176445	0.9675778746604919	46	3	15
10	0	"WAS"	1	-4.758952707517892	null	null	0	"2026_03_SEA_WAS"	0	1	null	null	null	1	52.39681303501129	0	"00-0034869"	2662	"pass"	"SEA"	null	1	0	0	0	3	"00-0038543"	0	-1	0	0	null	0	0	2026	"REG"	0	null	null	0	0	null	3	0.26044121384620667	0.4760318696498871	68	0	10
12	1	"WAS"	3	1.9906812951667234	null	null	0	"2026_03_SEA_WAS"	0	0	null	null	null	1	3.6393046379089355	0	"00-0034869"	2946	"pass"	"SEA"	null	1	0	0	0	3	"00-0038543"	0	0	0	0	null	0	0	2026	"REG"	1	null	null	0	0	null	3	0.09950336068868637	0.9636069536209106	39	12	5
12	0	"WAS"	2	-0.7309431829489768	null	null	0	"2026_03_SEA_WAS"	0	0	null	null	null	1	21.26363515853882	0	"00-0034869"	3244	"pass"	"SEA"	null	1	0	0	0	3	"00-0038543"	0	0	0	0	null	0	0	2026	"REG"	0	null	null	0	0	null	3	0.19655479490756989	0.7873636484146118	84	0	9
-7	1	"WAS"	1	0.9250906145316549	null	null	0	"2026_03_SEA_WAS"	0	0	null	null	null	1	48.062628507614136	0	"00-0038543"	3689	"pass"	"SEA"	null	1	0	0	0	4	"00-0039299"	0	0	0	0	null	0	0	2026	"REG"	1	null	null	0	0	null	3	0.2559913098812103	0.5193737149238586	30	14	10
11	1	"WAS"	2	2.1692873561405577	null	null	0	"2026_03_SEA_WAS"	0	0	null	null	null	1	43.84201765060425	1	"00-0034869"	3739	"pass"	"SEA"	null	1	0	0	0	4	"00-0038543"	0	0	0	0	null	0	0	2026	"REG"	1	"00-0038543"	"SEA"	1	0	null	3	0.29906409978866577	0.5615798234939575	11	11	5
25	1	"WAS"	1	1.5916354964138009	null	null	0	"2026_03_SEA_WAS"	0	0	null	null	null	1	31.1099112033844	0	"00-0034869"	4172	"pass"	"SEA"	null	1	0	0	0	4	"00-0038543"	0	0	0	0	null	0	0	2026	"REG"	1	null	null	0	0	null	3	0.3316342830657959	0.688900887966156	70	26	10
18	1	"WAS"	1	0.9583817708771676	null	null	0	"2026_03_SEA_WAS"	0	0	null	null	null	1	5.881845951080322	0	"00-0034869"	4339	"pass"	"SEA"	null	1	0	0	0	4	"00-0038543"	0	0	0	0	null	0	0	2026	"REG"	1	null	null	0	0	null	3	0.06274399161338806	0.9411815404891968	68	18	10
11	1	"WAS"	1	0.6202329838997684	null	null	0	"2026_03_SEA_WAS"	0	0	null	null	null	1	6.010890007019043	0	"00-0034869"	4374	"pass"	"SEA"	null	1	0	0	0	4	"00-0038543"	0	0	0	0	null	0	0	2026	"REG"	1	null	null	0	0	null	3	0.07065542787313461	0.9398910999298096	50	11	10
15	1	"WAS"	1	0.8921591269900091	null	null	0	"2026_03_SEA_WAS"	0	0	null	null	null	1	8.739030361175537	0	"00-0034869"	4399	"pass"	"SEA"	null	1	0	0	0	4	"00-0038543"	0	0	0	0	null	0	0	2026	"REG"	1	null	null	0	0	null	3	0.10980916023254395	0.9126096963882446	39	15	10
null	0	null	null	0	null	null	0	"2026_01_ARI_LAC"	0	0	null	null	null	0	null	0	null	284	"no_play"	null	null	0	0	0	0	1	null	0	0	0	0	null	0	0	2026	"REG"	0	null	null	0	0	null	1	0.5732327699661255	null	null	0	0
null	0	"LAC"	1	-0.8454316526185721	null	null	0	"2026_01_ARI_LAC"	0	0	null	null	null	0	53.17438840866089	0	null	637	"no_play"	"ARI"	null	0	0	0	0	1	null	0	0	0	0	null	0	0	2026	"REG"	0	null	null	0	0	null	1	0.4588804543018341	0.4682561159133911	59	0	10
null	0	"LAC"	2	-0.7822815091349185	null	null	0	"2026_01_ARI_LAC"	0	0	null	null	null	0	null	0	null	994	"no_play"	"ARI"	null	0	0	0	0	2	null	0	0	0	0	null	0	0	2026	"REG"	0	null	null	0	0	null	1	0.4641955494880676	0.21773631870746613	57	0	1
null	null	null	null	0	null	null	null	"2026_01_ARI_LAC"	0	null	null	null	null	null	null	null	null	1	null	null	null	null	0	0	0	1	null	null	null	null	null	null	null	null	2026	"REG"	0	null	null	null	null	null	1	0.4332079589366913	null	null	null	0
null	null	"LAC"	null	0	null	null	null	"2026_01_ARI_LAC"	0	null	null	null	null	null	null	null	null	778	null	"ARI"	null	null	0	0	0	1	null	null	null	null	null	null	null	null	2026	"REG"	0	null	null	null	null	null	1	0.4985869526863098	null	null	null	0
