play_id	game_id	home_team	away_team	season_type	week	posteam	defteam	yardline_100	game_date	drive	qtr	down	goal_to_go	time	ydstogo	desc	play_type	yards_gained	qb_dropback	qb_kneel	qb_spike	qb_scramble	air_yards	field_goal_result	kick_distance	extra_point_result	two_point_conv_result	td_team	td_player_id	epa	wp	interception	safety	fumble_lost	rush_attempt	pass_attempt	sack	touchdown	pass_touchdown	rush_touchdown	return_touchdown	two_point_attempt	complete_pass	passer_player_id	receiver_player_id	rusher_player_id	punt_returner_player_id	kickoff_returner_player_id	kicker_player_id	return_yards	season	success	xpass	pass_oe
1	"2026_01_NO_DET"	"DET"	"NO"	"REG"	1	null	null	null	"2026-09-13"	null	1	null	0	"15:00"	0	"GAME"	null	null	null	0	0	0	null	null	null	null	null	null	null	0	0.5462617874145508	null	null	null	null	null	null	null	null	null	null	null	null	null	null	null	null	null	null	null	2026	0	null	null
40	"2026_01_NO_DET"	"DET"	"NO"	"REG"	1	"DET"	"NO"	35	"2026-09-13"	1	1	null	0	"15:00"	0	"10-D.Carlson kicks 60 yards from NO 35 to DET 5. 85-T.Kennedy MUFFS catch, recovered by DET-25-J.Saylors at DET 18."	"kickoff"	0	0	0	0	0	null	null	60	null	null	null	null	-0.5413737106136978	0.5462617874145508	0	0	0	0	0	0	0	0	0	0	0	0	null	null	null	null	"00-0038896"	"00-0034161"	0	2026	0	null	null
66	"2026_01_NO_DET"	"DET"	"NO"	"REG"	1	"DET"	"NO"	82	"2026-09-13"	1	1	1	0	"14:58"	10	"(14:58) 0-J.Gibbs up the middle to DET 22 for 4 yards (23-J.Blackmon; 20-P.Werner)."	"run"	4	0	0	0	0	null	null	null	null	null	null	null	-0.3159923506900668	0.5418533086776733	0	0	0	1	0	0	0	0	0	0	0	0	null	null	"00-0039139"	null	null	null	0	2026	0	0.540180504322052	-54.0180504322052
88	"2026_01_NO_DET"	"DET"	"NO"	"REG"	1	"DET"	"NO"	78	"2026-09-13"	1	1	2	0	"14:22"	6	"(14:22) 16-J.Goff pass short left to 14-A.St. Brown to DET 27 for 5 yards (1-K.McKinstry) [55-K.Elliss]."	"pass"	5	1	0	0	0	5	null	null	null	null	null	null	0.6525882622227073	0.5339870452880859	0	0	0	0	1	0	0	0	0	0	0	1	"00-0033106"	"00-0036963"	null	null	null	null	0	2026	1	0.6388621926307678	36.11378073692322
127	"2026_01_NO_DET"	"DET"	"NO"	"REG"	1	"DET"	"NO"	73	"2026-09-13"	1	1	3	0	"13:42"	1	"(13:42) 0-J.Gibbs left tackle to DET 24 for -3 yards (20-P.Werner)."	"run"	-3	0	0	0	0	null	null	null	null	null	null	null	-2.825107165146619	0.5357719659805298	0	0	0	1	0	0	0	0	0	0	0	0	null	null	"00-0039139"	null	null	null	0	2026	0	0.2771955132484436	-27.71955132484436
149	"2026_01_NO_DET"	"DET"	"NO"	"REG"	1	"DET"	"NO"	76	"2026-09-13"	1	1	4	0	"13:08"	4	"(13:08) 3-J.Fox punts 56 yards to NO 20, Center-49-H.Hatten. 19-B.Brown to NO 23 for 3 yards (53-T.Nowaske; 30-K.Dorsey)."	"punt"	0	0	0	0	0	null	null	56	null	null	null	null	0.37253463873639703	0.4678972661495209	0	0	0	0	0	0	0	0	0	0	0	0	null	null	null	"00-0041099"	null	null	3	2026	1	null	null
175	"2026_01_NO_DET"	"DET"	"NO"	"REG"	1	"NO"	"DET"	77	"2026-09-13"	2	1	1	0	"12:57"	10	"(12:57) 3-T.Etienne left tackle to NO 23 for no gain (97-A.Hutchinson; 36-C.Clark)."	"run"	0	0	0	0	0	null	null	null	null	null	null	null	-0.6523446966893971	0.49442026019096375	0	0	0	1	0	0	0	0	0	0	0	0	null	null	"00-0036973"	null	null	null	0	2026	0	0.4373997747898102	-43.73997747898102
197	"2026_01_NO_DET"	"DET"	"NO"	"REG"	1	"NO"	"DET"	77	"2026-09-13"	2	1	2	0	"12:29"	10	"(12:29) (Shotgun) 6-T.Shough pass short right to 14-D.Vele pushed ob at NO 32 for 9 yards (21-R.McCreary)."	"pass"	9	1	0	0	0	4	null	null	null	null	null	null	1.050393883138895	0.4787544906139374	0	0	0	0	1	0	0	0	0	0	0	1	"00-0040743"	"00-0039424"	null	null	null	null	0	2026	1	0.4997256100177765	50.02743899822235
227	"2026_01_NO_DET"	"DET"	"NO"	"REG"	1	"NO"	"DET"	68	"2026-09-13"	2	1	3	0	"12:04"	1	"(12:04) 43-C.Donaldson up the middle to NO 35 for 3 yards (93-T.Lacy; 91-T.Williams)."	"run"	3	0	0	0	0	null	null	null	null	null	null	null	0.37875177524983883	0.48198258876800537	0	0	0	1	0	0	0	0	0	0	0	0	null	null	"00-0041326"	null	null	null	0	2026	1	0.30995455384254456	-30.995455384254456
249	"2026_01_NO_DET"	"DET"	"NO"	"REG"	1	"NO"	"DET"	65	"2026-09-13"	2	1	1	0	"11:30"	10	"(11:30) 6-T.Shough pass short right to 87-N.Fant ran ob at NO 41 for 6 yards."	"pass"	6	1	0	0	0	4	null	null	null	null	null	null	0.2817482245154679	0.5161387920379639	0	0	0	0	1	0	0	0	0	0	0	1	"00-0040743"	"00-0035644"	null	null	null	null	0	2026	1	0.44037580490112305	55.962419509887695
279	"2026_01_NO_DET"	"DET"	"NO"	"REG"	1	"NO"	"DET"	59	"2026-09-13"	2	1	2	0	"10:59"	4	"(10:59) 5-K.Miller right tackle to NO 43 for 2 yards (91-T.Williams)."	"run"	2	0	0	0	0	null	null	null	null	null	null	null	-0.4834573077969253	0.5116932988166809	0	0	0	1	0	0	0	0	0	0	0	0	null	null	"00-0038551"	null	null	null	0	2026	0	0.418640673160553	-41.8640673160553
301	"2026_01_NO_DET"	"DET"	"NO"	"REG"	1	"NO"	"DET"	57	"2026-09-13"	2	1	3	0	"10:18"	2	"(10:18) (Shotgun) 6-T.Shough pass incomplete short right to 87-N.Fant."	"pass"	0	1	0	0	0	9	null	null	null	null	null	null	-1.9006885439157486	0.49622663855552673	0	0	0	0	1	0	0	0	0	0	0	0	"00-0040743"	"00-0035644"	null	null	null	null	0	2026	0	0.7347875237464905	26.521247625350952
324	"2026_01_NO_DET"	"DET"	"NO"	"REG"	1	"NO"	"DET"	57	"2026-09-13"	2	1	4	0	"10:15"	2	"(10:15) 17-R.Wright punts 46 yards to DET 11, Center-49-Z.Wood, downed by NO-44-I.Stalbird."	"punt"	0	0	0	0	0	null	null	46	null	null	null	null	-0.2276212596334517	0.46680980920791626	0	0	0	0	0	0	0	0	0	0	0	0	null	null	null	null	null	null	0	2026	0	null	null
353	"2026_01_NO_DET"	"DET"	"NO"	"REG"	1	"DET"	"NO"	89	"2026-09-13"	3	1	1	0	"10:04"	10	"(10:04) 0-J.Gibbs up the middle to DET 14 for 3 yards (28-D.Stutsman)."	"run"	3	0	0	0	0	null	null	null	null	null	null	null	-0.4385155513882637	0.5310716032981873	0	0	0	1	0	0	0	0	0	0	0	0	null	null	"00-0039139"	null	null	null	0	2026	0	0.45040279626846313	-45.04027962684631
382	"2026_01_NO_DET"	"DET"	"NO"	"REG"	1	"DET"	"NO"	86	"2026-09-13"	3	1	2	0	"09:31"	7	"(9:31) 0-J.Gibbs right guard to DET 16 for 2 yards (21-J.Reid; 7-J.Sanker)."	"run"	2	0	0	0	0	null	null	null	null	null	null	null	-0.47564888186752796	0.5253995060920715	0	0	0	1	0	0	0	0	0	0	0	0	null	null	"00-0039139"	null	null	null	0	2026	0	0.6689064502716064	-66.89064502716064
404	"2026_01_NO_DET"	"DET"	"NO"	"REG"	1	"DET"	"NO"	84	"2026-09-13"	3	1	3	0	"08:51"	5	"(8:51) (Shotgun) 16-J.Goff pass short left to 87-S.LaPorta to DET 24 for 8 yards (28-D.Stutsman)."	"pass"	8	1	0	0	0	4	null	null	null	null	null	null	1.536767264828086	0.5055860877037048	0	0	0	0	1	0	0	0	0	0	0	1	"00-0033106"	"00-0039065"	null	null	null	null	0	2026	1	0.9742268919944763	2.577310800552368
429	"2026_01_NO_DET"	"DET"	"NO"	"REG"	1	"DET"	"NO"	76	"2026-09-13"	3	1	1	0	"08:14"	10	"(8:14) (Shotgun) 16-J.Goff pass short middle to 0-J.Gibbs to DET 35 for 11 yards (21-J.Reid; 7-J.Sanker) [91-V.Broughton]."	"pass"	11	1	0	0	0	2	null	null	null	null	null	null	0.8308918974362314	0.5462617874145508	0	0	0	0	1	0	0	0	0	0	0	1	"00-0033106"	"00-0039139"	null	null	null	null	0	2026	1	0.4972173273563385	50.27826726436615
454	"2026_01_NO_DET"	"DET"	"NO"	"REG"	1	"DET"	"NO"	65	"2026-09-13"	3	1	1	0	"07:34"	10	"(7:34) 16-J.Goff pass incomplete short left to 18-I.TeSlaa (99-C.Young)."	"pass"	0	1	0	0	0	3	null	null	null	null	null	null	-0.5716870557516813	0.5663902163505554	0	0	0	0	1	0	0	0	0	0	0	0	"00-0033106"	"00-0040669"	null	null	null	null	0	2026	0	0.5010868310928345	49.89131689071655
477	"2026_01_NO_DET"	"DET"	"NO"	"REG"	1	"DET"	"NO"	65	"2026-09-13"	3	1	2	0	"07:32"	10	"(7:32) PENALTY on DET-58-P.Sewell, False Start, 5 yards, enforced at DET 35 - No Play."	"no_play"	0	0	0	0	0	null	null	null	null	null	null	null	-0.5808355836197734	0.5482982993125916	0	0	0	0	0	0	0	0	0	0	0	0	null	null	null	null	null	null	0	2026	0	0.5825234651565552	null
501	"2026_01_NO_DET"	"DET"	"NO"	"REG"	1	"DET"	"NO"	70	"2026-09-13"	3	1	2	0	"07:32"	15	"(7:32) 16-J.Goff pass short middle to 87-S.LaPorta to DET 49 for 19 yards (1-K.McKinstry) [91-V.Broughton]."	"pass"	19	1	0	0	0	12	null	null	null	null	null	null	2.054856601636857	0.526161253452301	0	0	0	0	1	0	0	0	0	0	0	1	"00-0033106"	"00-0039065"	null	null	null	null	0	2026	1	0.7958421111106873	20.415788888931274
526	"2026_01_NO_DET"	"DET"	"NO"	"REG"	1	"DET"	"NO"	51	"2026-09-13"	3	1	1	0	"06:47"	10	"(6:47) 0-J.Gibbs up the middle to NO 45 for 6 yards (93-N.Shepherd)."	"run"	6	0	0	0	0	null	null	null	null	null	null	null	0.16389779769815505	0.587220311164856	0	0	0	1	0	0	0	0	0	0	0	0	null	null	"00-0039139"	null	null	null	0	2026	1	0.49864527583122253	-49.86452758312225
548	"2026_01_NO_DET"	"DET"	"NO"	"REG"	1	"DET"	"NO"	45	"2026-09-13"	3	1	2	0	"06:11"	4	"(6:11) 0-J.Gibbs right end to NO 24 for 21 yards (23-J.Blackmon). DET-73-C.Mahogany was injured during the play."	"run"	21	0	0	0	0	null	null	null	null	null	null	null	1.5834021924529225	0.5781596302986145	0	0	0	1	0	0	0	0	0	0	0	0	null	null	"00-0039139"	null	null	null	0	2026	1	0.4962351322174072	-49.62351322174072
573	"2026_01_NO_DET"	"DET"	"NO"	"REG"	1	"DET"	"NO"	24	"2026-09-13"	3	1	1	0	"05:44"	10	"(5:44) 0-J.Gibbs right tackle to NO 13 for 11 yards (1-K.McKinstry)."	"run"	11	0	0	0	0	null	null	null	null	null	null	null	0.5419657995225862	0.6541383266448975	0	0	0	1	0	0	0	0	0	0	0	0	null	null	"00-0039139"	null	null	null	0	2026	1	0.46595269441604614	-46.595269441604614
602	"2026_01_NO_DET"	"DET"	"NO"	"REG"	1	"DET"	"NO"	13	"2026-09-13"	3	1	1	0	"05:01"	10	"(5:01) 0-J.Gibbs up the middle to NO 11 for 2 yards (55-K.Elliss)."	"run"	2	0	0	0	0	null	null	null	null	null	null	null	-0.4672600117046386	0.670701265335083	0	0	0	1	0	0	0	0	0	0	0	0	null	null	"00-0039139"	null	null	null	0	2026	0	0.40435558557510376	-40.435558557510376
624	"2026_01_NO_DET"	"DET"	"NO"	"REG"	1	"DET"	"NO"	11	"2026-09-13"	3	1	2	0	"04:26"	8	"(4:26) 16-J.Goff pass incomplete short left to 14-A.St. Brown [55-K.Elliss]."	"pass"	0	1	0	0	0	9	null	null	null	null	null	null	-0.7959986454807222	0.6626503467559814	0	0	0	0	1	0	0	0	0	0	0	0	"00-0033106"	"00-0036963"	null	null	null	null	0	2026	0	0.7633768320083618	23.66231679916382
647	"2026_01_NO_DET"	"DET"	"NO"	"REG"	1	"DET"	"NO"	11	"2026-09-13"	3	1	3	0	"04:22"	8	"(4:22) (Shotgun) 16-J.Goff pass short middle to 1-J.Williams to NO 1 for 10 yards (1-K.McKinstry)."	"pass"	10	1	0	0	0	10	null	null	null	null	null	null	2.4363986953976564	0.6378489136695862	0	0	0	0	1	0	0	0	0	0	0	1	"00-0033106"	"00-0037240"	null	null	null	null	0	2026	1	0.983799934387207	1.6200065612792969
672	"2026_01_NO_DET"	"DET"	"NO"	"REG"	1	"DET"	"NO"	1	"2026-09-13"	3	1	1	1	"03:41"	1	"(3:41) 79-L.Borom reported in as eligible. 0-J.Gibbs up the middle for 1 yard, TOUCHDOWN."	"run"	1	0	0	0	0	null	null	null	null	null	"DET"	"00-0039139"	0.44461389718344435	0.7069586515426636	0	0	0	1	0	0	1	0	1	0	0	0	null	null	"00-0039139"	null	null	null	0	2026	1	0.25291934609413147	-25.291934609413147
697	"2026_01_NO_DET"	"DET"	"NO"	"REG"	1	"DET"	"NO"	15	"2026-09-13"	3	1	null	0	"03:39"	0	"39-J.Bates extra point is GOOD, Center-49-H.Hatten, Holder-3-J.Fox."	"extra_point"	0	0	0	0	0	null	null	33	"good"	null	null	null	0.05117156607063911	0.7010329034558189	0	0	0	0	0	0	0	0	0	0	0	0	null	null	null	null	null	"00-0039172"	0	2026	1	null	null
712	"2026_01_NO_DET"	"DET"	"NO"	"REG"	1	"NO"	"DET"	35	"2026-09-13"	4	1	null	0	"03:39"	0	"39-J.Bates kicks 57 yards from DET 35 to NO 8. 5-K.Miller to NO 27 for 19 yards (55-D.Barnes; 25-J.Saylors)."	"kickoff"	0	0	0	0	0	null	null	57	null	null	null	null	0.0883263829164207	0.29736995697021484	0	0	0	0	0	0	0	0	0	0	0	0	null	null	null	null	"00-0038551"	"00-0039172"	19	2026	1	null	null
742	"2026_01_NO_DET"	"DET"	"NO"	"REG"	1	"NO"	"DET"	73	"2026-09-13"	4	1	1	0	"03:32"	10	"(3:32) 6-T.Shough pass incomplete short left to 14-D.Vele."	"pass"	0	1	0	0	0	7	null	null	null	null	null	null	-0.609788088593632	0.29736995697021484	0	0	0	0	1	0	0	0	0	0	0	0	"00-0040743"	"00-0039424"	null	null	null	null	0	2026	0	0.48815229535102844	51.184770464897156
765	"2026_01_NO_DET"	"DET"	"NO"	"REG"	1	"NO"	"DET"	73	"2026-09-13"	4	1	2	0	"03:27"	10	"(3:27) (Shotgun) 3-T.Etienne up the middle to NO 30 for 3 yards (50-S.Gill-Howard; 45-D.White)."	"run"	3	0	0	0	0	null	null	null	null	null	null	null	-0.48539719032123685	0.28346484899520874	0	0	0	1	0	0	0	0	0	0	0	0	null	null	"00-0036973"	null	null	null	0	2026	0	0.5446499586105347	-54.46499586105347
787	"2026_01_NO_DET"	"DET"	"NO"	"REG"	1	"NO"	"DET"	70	"2026-09-13"	4	1	3	0	"02:47"	7	"(2:47) (Shotgun) 6-T.Shough pass incomplete short left to 83-J.Johnson (12-T.Harper)."	"pass"	0	1	0	0	0	4	null	null	null	null	null	null	-1.4010450039058924	0.27291932702064514	0	0	0	0	1	0	0	0	0	0	0	0	"00-0040743"	"00-0036040"	null	null	null	null	0	2026	0	0.9831348657608032	1.6865134239196777
810	"2026_01_NO_DET"	"DET"	"NO"	"REG"	1	"NO"	"DET"	70	"2026-09-13"	4	1	4	0	"02:43"	7	"(2:43) 17-R.Wright punts 46 yards to DET 24, Center-49-Z.Wood. 85-T.Kennedy to DET 26 for 2 yards (44-I.Stalbird)."	"punt"	0	0	0	0	0	null	null	46	null	null	null	null	-0.3717961525544524	0.24909591674804688	0	0	0	0	0	0	0	0	0	0	0	0	null	null	null	"00-0035544"	null	null	2	2026	0	null	null
845	"2026_01_NO_DET"	"DET"	"NO"	"REG"	1	"DET"	"NO"	74	"2026-09-13"	5	1	1	0	"02:33"	10	"(2:33) 79-L.Borom reported in as eligible. 33-S.Vaki up the middle to DET 29 for 3 yards (20-P.Werner; 98-T.Wilson)."	"run"	3	0	0	0	0	null	null	null	null	null	null	null	-0.24858562881127	0.7457963228225708	0	0	0	1	0	0	0	0	0	0	0	0	null	null	"00-0039364"	null	null	null	0	2026	0	0.4923553764820099	-49.23553764820099
876	"2026_01_NO_DET"	"DET"	"NO"	"REG"	1	"DET"	"NO"	71	"2026-09-13"	5	1	2	0	"02:00"	7	"(2:00) 16-J.Goff pass short left to 14-A.St. Brown to DET 37 for 8 yards (55-K.Elliss; 1-K.McKinstry)."	"pass"	8	1	0	0	0	0	null	null	null	null	null	null	0.9046804073732346	0.7406895160675049	0	0	0	0	1	0	0	0	0	0	0	1	"00-0033106"	"00-0036963"	null	null	null	null	0	2026	1	0.7036994099617004	29.630059003829956
901	"2026_01_NO_DET"	"DET"	"NO"	"REG"	1	"DET"	"NO"	63	"2026-09-13"	5	1	1	0	"01:19"	10	"(1:19) 16-J.Goff pass incomplete deep left to 1-J.Williams."	"pass"	0	1	0	0	0	40	null	null	null	null	null	null	-0.556292794412002	0.7714552283287048	0	0	0	0	1	0	0	0	0	0	0	0	"00-0033106"	"00-0037240"	null	null	null	null	0	2026	0	0.4986955523490906	50.13044476509094
924	"2026_01_NO_DET"	"DET"	"NO"	"REG"	1	"DET"	"NO"	63	"2026-09-13"	5	1	2	0	"01:12"	10	"(1:12) 0-J.Gibbs up the middle to DET 42 for 5 yards (21-J.Reid)."	"run"	5	0	0	0	0	null	null	null	null	null	null	null	-0.4843994374386966	0.7582677006721497	0	0	0	1	0	0	0	0	0	0	0	0	null	null	"00-0039139"	null	null	null	0	2026	0	0.5899333357810974	-58.99333357810974
946	"2026_01_NO_DET"	"DET"	"NO"	"REG"	1	"DET"	"NO"	58	"2026-09-13"	5	1	3	0	"00:30"	5	"(:30) (Shotgun) 16-J.Goff pass short right to 14-A.St. Brown to DET 47 for 5 yards (20-P.Werner)."	"pass"	5	1	0	0	0	5	null	null	null	null	null	null	1.5442520396318287	0.7417119741439819	0	0	0	0	1	0	0	0	0	0	0	1	"00-0033106"	"00-0036963"	null	null	null	null	0	2026	1	0.9726205468177795	2.737945318222046
971	"2026_01_NO_DET"	"DET"	"NO"	"REG"	1	"DET"	"NO"	null	"2026-09-13"	5	1	null	0	"00:00"	0	"END QUARTER 1"	null	null	null	0	0	0	null	null	null	null	null	null	null	0	0.7747780680656433	null	null	null	null	null	null	null	null	null	null	null	null	null	null	null	null	null	null	null	2026	0	null	null
991	"2026_01_NO_DET"	"DET"	"NO"	"REG"	1	"DET"	"NO"	53	"2026-09-13"	5	2	1	0	"15:00"	10	"(15:00) 0-J.Gibbs up the middle to NO 48 for 5 yards (55-K.Elliss). PENALTY on DET-69-T.Ratledge, Offensive Holding, 10 yards, enforced at DET 47 - No Play."	"no_play"	0	0	0	0	0	null	null	null	null	null	null	null	-0.9806000280659646	0.7747780680656433	0	0	0	0	0	0	0	0	0	0	0	0	null	null	null	null	null	null	0	2026	0	0.49540725350379944	-49.540725350379944
1024	"2026_01_NO_DET"	"DET"	"NO"	"REG"	1	"DET"	"NO"	63	"2026-09-13"	5	2	1	0	"14:40"	20	"(14:40) (Shotgun) 16-J.Goff pass short left to 87-S.LaPorta to DET 42 for 5 yards (55-K.Elliss; 20-P.Werner)."	"pass"	5	1	0	0	0	4	null	null	null	null	null	null	-0.3507502432912588	0.7610632181167603	0	0	0	0	1	0	0	0	0	0	0	1	"00-0033106"	"00-0039065"	null	null	null	null	0	2026	0	0.7310671210289001	26.893287897109985
1049	"2026_01_NO_DET"	"DET"	"NO"	"REG"	1	"DET"	"NO"	58	"2026-09-13"	5	2	2	0	"13:57"	15	"(13:57) 16-J.Goff pass incomplete deep right to 1-J.Williams (29-Q.Riley)."	"pass"	0	1	0	0	0	18	null	null	null	null	null	null	-0.9760982929728925	0.7474724054336548	0	0	0	0	1	0	0	0	0	0	0	0	"00-0033106"	"00-0037240"	null	null	null	null	0	2026	0	0.8529653549194336	14.70346450805664
1072	"2026_01_NO_DET"	"DET"	"NO"	"REG"	1	"DET"	"NO"	58	"2026-09-13"	5	2	3	0	"13:52"	15	"(13:52) (Shotgun) 16-J.Goff pass incomplete deep right to 14-A.St. Brown (20-P.Werner) [93-N.Shepherd]."	"pass"	0	1	0	0	0	16	null	null	null	null	null	null	-1.2635523173958063	0.7215914726257324	0	0	0	0	1	0	0	0	0	0	0	0	"00-0033106"	"00-0036963"	null	null	null	null	0	2026	0	0.9636721611022949	3.632783889770508
1095	"2026_01_NO_DET"	"DET"	"NO"	"REG"	1	"DET"	"NO"	58	"2026-09-13"	5	2	4	0	"13:47"	15	"(13:47) 3-J.Fox punts 45 yards to NO 13, Center-49-H.Hatten, fair catch by 19-B.Brown."	"punt"	0	0	0	0	0	null	null	45	null	null	null	null	0.35554393613711	0.7034932971000671	0	0	0	0	0	0	0	0	0	0	0	0	null	null	null	"00-0041099"	null	null	0	2026	1	null	null
1115	"2026_01_NO_DET"	"DET"	"NO"	"REG"	1	"NO"	"DET"	87	"2026-09-13"	6	2	1	0	"13:40"	10	"(13:40) 19-B.Brown left end to NO 16 for 3 yards (23-R.Ya-Sin)."	"run"	3	0	0	0	0	null	null	null	null	null	null	null	-0.2968917079269886	0.28026843070983887	0	0	0	1	0	0	0	0	0	0	0	0	null	null	"00-0041099"	null	null	null	0	2026	0	0.42465388774871826	-42.465388774871826
1144	"2026_01_NO_DET"	"DET"	"NO"	"REG"	1	"NO"	"DET"	84	"2026-09-13"	6	2	2	0	"13:16"	7	"(13:16) (No Huddle, Shotgun) 6-T.Shough pass short middle to 12-C.Olave to NO 38 for 22 yards (12-T.Harper)."	"pass"	22	1	0	0	0	12	null	null	null	null	null	null	1.8137871262151748	0.2761780023574829	0	0	0	0	1	0	0	0	0	0	0	1	"00-0040743"	"00-0037239"	null	null	null	null	0	2026	1	0.6661930084228516	33.380699157714844
1169	"2026_01_NO_DET"	"DET"	"NO"	"REG"	1	"NO"	"DET"	62	"2026-09-13"	6	2	1	0	"12:53"	10	"(12:53) (No Huddle, Shotgun) 6-T.Shough pass incomplete short right to 12-C.Olave. The incomplete pass was assisted by replay."	"pass"	0	1	0	0	0	7	null	null	null	null	null	null	-0.5310277403332293	0.3207971155643463	0	0	0	0	1	0	0	0	0	0	0	0	"00-0040743"	"00-0037239"	null	null	null	null	0	2026	0	0.4728173315525055	52.71826684474945
1194	"2026_01_NO_DET"	"DET"	"NO"	"REG"	1	"NO"	"DET"	62	"2026-09-13"	6	2	2	0	"12:50"	10	"(12:50) 6-T.Shough pass incomplete short left to 3-T.Etienne."	"pass"	0	1	0	0	0	0	null	null	null	null	null	null	-0.8519398760981858	0.30627408623695374	0	0	0	0	1	0	0	0	0	0	0	0	"00-0040743"	"00-0036973"	null	null	null	null	0	2026	0	0.5917196273803711	40.82803726196289
1249	"2026_01_NO_DET"	"DET"	"NO"	"REG"	1	"NO"	"DET"	62	"2026-09-13"	6	2	3	0	"12:46"	10	"(12:46) (Shotgun) 6-T.Shough pass incomplete deep middle to 12-C.Olave (29-A.Maddox)."	"pass"	0	1	0	0	0	36	null	null	null	null	null	null	-1.378108876524493	0.28042370080947876	0	0	0	0	1	0	0	0	0	0	0	0	"00-0040743"	"00-0037239"	null	null	null	null	0	2026	0	0.9773009419441223	2.2699058055877686
1284	"2026_01_NO_DET"	"DET"	"NO"	"REG"	1	"NO"	"DET"	62	"2026-09-13"	6	2	4	0	"12:40"	10	"(12:40) 17-R.Wright punts 57 yards to DET 5, Center-49-Z.Wood. 85-T.Kennedy to DET 21 for 16 yards (31-J.Howden)."	"punt"	0	0	0	0	0	null	null	57	null	null	null	null	-0.24108884204179049	0.2662152945995331	0	0	0	0	0	0	0	0	0	0	0	0	null	null	null	"00-0035544"	null	null	16	2026	0	null	null
1310	"2026_01_NO_DET"	"DET"	"NO"	"REG"	1	"DET"	"NO"	79	"2026-09-13"	7	2	1	0	"12:27"	10	"(12:27) 0-J.Gibbs right end to DET 20 for -1 yards (21-J.Reid). PENALTY on NO-52-C.Miller, Defensive Holding, 5 yards, enforced at DET 21 - No Play."	"no_play"	0	0	0	0	0	null	null	null	null	null	null	null	0.40371332596987486	0.7322677969932556	0	0	0	0	0	0	0	0	0	0	0	0	null	null	null	null	null	null	0	2026	1	0.5073338747024536	-50.73338747024536
1363	"2026_01_NO_DET"	"DET"	"NO"	"REG"	1	"DET"	"NO"	74	"2026-09-13"	7	2	1	0	"12:00"	10	"(12:00) (Shotgun) 16-J.Goff pass short left to 1-J.Williams to DET 33 for 7 yards (22-M.Emerson; 28-D.Stutsman)."	"pass"	7	1	0	0	0	6	null	null	null	null	null	null	0.2640354377217591	0.7389569282531738	0	0	0	0	1	0	0	0	0	0	0	1	"00-0033106"	"00-0037240"	null	null	null	null	0	2026	1	0.5045632719993591	49.54367280006409
1388	"2026_01_NO_DET"	"DET"	"NO"	"REG"	1	"DET"	"NO"	67	"2026-09-13"	7	2	2	0	"11:21"	3	"(11:21) 79-L.Borom reported in as eligible. 0-J.Gibbs right guard to DET 38 for 5 yards (92-D.Godchaux; 55-K.Elliss)."	"run"	5	0	0	0	0	null	null	null	null	null	null	null	0.41764050046913326	0.7636122107505798	0	0	0	1	0	0	0	0	0	0	0	0	null	null	"00-0039139"	null	null	null	0	2026	1	0.4039493203163147	-40.39493203163147
1412	"2026_01_NO_DET"	"DET"	"NO"	"REG"	1	"DET"	"NO"	62	"2026-09-13"	7	2	1	0	"10:47"	10	"(10:47) 16-J.Goff FUMBLES (Aborted) at DET 31, recovered by DET-1-J.Williams at DET 25. 1-J.Williams to DET 32 for 7 yards (92-D.Godchaux)."	"run"	0	0	0	0	0	null	null	null	null	null	null	null	-1.2646490179467946	0.7671043872833252	0	0	0	1	0	0	0	0	0	0	0	0	null	null	"00-0033106"	null	null	null	0	2026	0	0.49509963393211365	-49.509963393211365
1447	"2026_01_NO_DET"	"DET"	"NO"	"REG"	1	"DET"	"NO"	68	"2026-09-13"	7	2	2	0	"10:08"	16	"(10:08) 16-J.Goff pass short left to 14-A.St. Brown to DET 32 for no gain (28-D.Stutsman)."	"pass"	0	1	0	0	0	-3	null	null	null	null	null	null	-0.976443805731833	0.727891743183136	0	0	0	0	1	0	0	0	0	0	0	1	"00-0033106"	"00-0036963"	null	null	null	null	0	2026	0	0.8563013672828674	14.369863271713257
1472	"2026_01_NO_DET"	"DET"	"NO"	"REG"	1	"DET"	"NO"	68	"2026-09-13"	7	2	3	0	"09:34"	16	"(9:34) (Shotgun) 16-J.Goff sacked at DET 23 for -9 yards (99-C.Young). FUMBLES (99-C.Young) [99-C.Young], touched at DET 12, RECOVERED by NO-7-J.Sanker at DET 7. 7-J.Sanker for 7 yards, TOUCHDOWN. The Replay Official reviewed the fumble ruling, and the play was REVERSED. (Shotgun) 16-J.Goff pass incomplete short right to 87-S.LaPorta [99-C.Young]."	"pass"	0	1	0	0	0	-13	null	null	null	null	null	null	-0.9888271456584334	0.712269127368927	0	0	0	0	1	0	0	0	0	0	0	0	"00-0033106"	"00-0039065"	null	null	null	null	0	2026	0	0.9414729475975037	5.852705240249634
1543	"2026_01_NO_DET"	"DET"	"NO"	"REG"	1	"DET"	"NO"	68	"2026-09-13"	7	2	4	0	"09:31"	16	"(9:31) 3-J.Fox punts 56 yards to NO 12, Center-49-H.Hatten. 19-B.Brown to NO 14 for 2 yards (17-T.Martin)."	"punt"	0	0	0	0	0	null	null	56	null	null	null	null	0.5507689202204347	0.690844714641571	0	0	0	0	0	0	0	0	0	0	0	0	null	null	null	"00-0041099"	null	null	2	2026	1	null	null
1569	"2026_01_NO_DET"	"DET"	"NO"	"REG"	1	"NO"	"DET"	86	"2026-09-13"	8	2	1	0	"09:21"	10	"(9:21) 3-T.Etienne right guard to NO 15 for 1 yard (44-M.Rodriguez)."	"run"	1	0	0	0	0	null	null	null	null	null	null	null	-0.5417197002097964	0.28026843070983887	0	0	0	1	0	0	0	0	0	0	0	0	null	null	"00-0036973"	null	null	null	0	2026	0	0.44335633516311646	-44.335633516311646
1598	"2026_01_NO_DET"	"DET"	"NO"	"REG"	1	"NO"	"DET"	85	"2026-09-13"	8	2	2	0	"08:44"	9	"(8:44) (Shotgun) 6-T.Shough pass incomplete short right to 14-D.Vele (29-A.Maddox)."	"pass"	0	1	0	0	0	5	null	null	null	null	null	null	-0.6895894492045045	0.2709139287471771	0	0	0	0	1	0	0	0	0	0	0	0	"00-0040743"	"00-0039424"	null	null	null	null	0	2026	0	0.7277378439903259	27.226215600967407
1621	"2026_01_NO_DET"	"DET"	"NO"	"REG"	1	"NO"	"DET"	85	"2026-09-13"	8	2	3	0	"08:41"	9	"(8:41) (Shotgun) 6-T.Shough pass short right to 12-C.Olave to NO 26 for 11 yards (45-D.White; 4-D.Reed) [36-C.Clark]."	"pass"	11	1	0	0	0	4	null	null	null	null	null	null	2.114099122118205	0.2517058849334717	0	0	0	0	1	0	0	0	0	0	0	1	"00-0040743"	"00-0037239"	null	null	null	null	0	2026	1	0.9813317060470581	1.8668293952941895
1646	"2026_01_NO_DET"	"DET"	"NO"	"REG"	1	"NO"	"DET"	74	"2026-09-13"	8	2	1	0	"08:17"	10	"(8:17) (No Huddle) 6-T.Shough pass incomplete short right to 43-C.Donaldson [97-A.Hutchinson]."	"pass"	0	1	0	0	0	11	null	null	null	null	null	null	-0.5017421538941562	0.30023741722106934	0	0	0	0	1	0	0	0	0	0	0	0	"00-0040743"	"00-0041326"	null	null	null	null	0	2026	0	0.4794381260871887	52.05618739128113
1669	"2026_01_NO_DET"	"DET"	"NO"	"REG"	1	"NO"	"DET"	74	"2026-09-13"	8	2	2	0	"08:10"	10	"(8:10) (Shotgun) 6-T.Shough pass incomplete deep left to 12-C.Olave (4-D.Reed)."	"pass"	0	1	0	0	0	42	null	null	null	null	null	null	-0.8772860413882881	0.2862528860569	0	0	0	0	1	0	0	0	0	0	0	0	"00-0040743"	"00-0037239"	null	null	null	null	0	2026	0	0.6104020476341248	38.959795236587524
1704	"2026_01_NO_DET"	"DET"	"NO"	"REG"	1	null	null	null	"2026-09-13"	8	2	null	0	"08:03"	0	"Timeout #1 by NO at 08:03."	"no_play"	0	0	0	0	0	null	null	null	null	null	null	null	0	0.2627809941768646	0	0	0	0	0	0	0	0	0	0	0	0	null	null	null	null	null	null	0	2026	0	null	null
1692	"2026_01_NO_DET"	"DET"	"NO"	"REG"	1	"NO"	"DET"	74	"2026-09-13"	8	2	3	0	"08:03"	10	"(8:03) (Shotgun) 6-T.Shough pass incomplete short middle. PENALTY on NO-6-T.Shough, Intentional Grounding, 13 yards, enforced at NO 26."	"pass"	0	1	0	0	0	0	null	null	null	null	null	null	-2.3065221838187426	0.2627809941768646	0	0	0	0	1	0	0	0	0	0	0	0	"00-0040743"	null	null	null	null	null	0	2026	0	0.9785409569740295	2.145904302597046
1734	"2026_01_NO_DET"	"DET"	"NO"	"REG"	1	"NO"	"DET"	87	"2026-09-13"	8	2	4	0	"07:57"	23	"(7:57) 17-R.Wright punts 48 yards to DET 39, Center-49-Z.Wood. 85-T.Kennedy to NO 44 for 17 yards (33-A.Jennings; 25-D.Richardson)."	"punt"	0	0	0	0	0	null	null	48	null	null	null	null	-0.8761649001389742	0.22293703258037567	0	0	0	0	0	0	0	0	0	0	0	0	null	null	null	"00-0035544"	null	null	17	2026	0	null	null
1760	"2026_01_NO_DET"	"DET"	"NO"	"REG"	1	"DET"	"NO"	44	"2026-09-13"	9	2	1	0	"07:46"	10	"(7:46) (Shotgun) 16-J.Goff pass short right to 0-J.Gibbs to NO 40 for 4 yards (91-V.Broughton). New Orleans challenged the runner was down by contact ruling, and the play was REVERSED. (Shotgun) 16-J.Goff pass short right to 0-J.Gibbs to NO 40 for 4 yards (91-V.Broughton). FUMBLES (91-V.Broughton), RECOVERED by NO-91-V.Broughton at NO 40."	"pass"	4	1	0	0	0	1	null	null	null	null	null	null	-5.239983482053503	0.7927618026733398	0	0	1	0	1	0	0	0	0	0	0	1	"00-0033106"	"00-0039139"	null	null	null	null	0	2026	0	0.49468109011650085	50.531890988349915
1798	"2026_01_NO_DET"	"DET"	"NO"	"REG"	1	"NO"	"DET"	60	"2026-09-13"	10	2	1	0	"07:40"	10	"(7:40) (Shotgun) 5-K.Miller up the middle to NO 44 for 4 yards (29-A.Maddox; 44-M.Rodriguez)."	"run"	4	0	0	0	0	null	null	null	null	null	null	null	-0.12537179957143962	0.325987309217453	0	0	0	1	0	0	0	0	0	0	0	0	null	null	"00-0038551"	null	null	null	0	2026	0	0.5060175061225891	-50.60175061225891
1866	"2026_01_NO_DET"	"DET"	"NO"	"REG"	1	"NO"	"DET"	56	"2026-09-13"	10	2	2	0	"07:09"	6	"(7:09) 5-K.Miller left tackle to NO 48 for 4 yards (98-D.Wonnum)."	"run"	4	0	0	0	0	null	null	null	null	null	null	null	-0.0728954819496721	0.3235170245170593	0	0	0	1	0	0	0	0	0	0	0	0	null	null	"00-0038551"	null	null	null	0	2026	0	0.6215780377388	-62.157803773880005
1888	"2026_01_NO_DET"	"DET"	"NO"	"REG"	1	"NO"	"DET"	52	"2026-09-13"	10	2	3	0	"06:30"	2	"(6:30) (No Huddle, Shotgun) 5-K.Miller left end to DET 44 for 8 yards (6-K.Abney)."	"run"	8	0	0	0	0	null	null	null	null	null	null	null	1.1909256625222042	0.31293511390686035	0	0	0	1	0	0	0	0	0	0	0	0	null	null	"00-0038551"	null	null	null	0	2026	1	0.7454640865325928	-74.54640865325928
1910	"2026_01_NO_DET"	"DET"	"NO"	"REG"	1	"NO"	"DET"	44	"2026-09-13"	10	2	1	0	"06:04"	10	"(6:04) (No Huddle, Shotgun) 6-T.Shough left end pushed ob at DET 40 for 4 yards (97-A.Hutchinson)."	"run"	4	0	0	0	0	null	null	null	null	null	null	null	-0.05237543769180775	0.34068211913108826	0	0	0	1	0	0	0	0	0	0	0	0	null	null	"00-0040743"	null	null	null	0	2026	0	0.4970376491546631	-49.70376491546631
1937	"2026_01_NO_DET"	"DET"	"NO"	"REG"	1	"NO"	"DET"	40	"2026-09-13"	10	2	2	0	"05:31"	6	"(5:31) (Shotgun) 6-T.Shough pass short left intended for 87-N.Fant INTERCEPTED by 36-C.Clark at DET 35. 36-C.Clark to DET 36 for 1 yard (87-N.Fant)."	"pass"	0	1	0	0	0	5	null	null	null	null	null	null	-4.891210588044487	0.3318004608154297	1	0	0	0	1	0	0	0	0	0	0	0	"00-0040743"	"00-0035644"	null	null	null	null	1	2026	0	0.6151511669158936	38.484883308410645
1964	"2026_01_NO_DET"	"DET"	"NO"	"REG"	1	"DET"	"NO"	64	"2026-09-13"	11	2	1	0	"05:25"	10	"(5:25) 79-L.Borom reported in as eligible. 0-J.Gibbs left guard to DET 38 for 2 yards (93-N.Shepherd; 91-V.Broughton)."	"run"	2	0	0	0	0	null	null	null	null	null	null	null	-0.6173599456669763	0.783598780632019	0	0	0	1	0	0	0	0	0	0	0	0	null	null	"00-0039139"	null	null	null	0	2026	0	0.4998273253440857	-49.98273253440857
1988	"2026_01_NO_DET"	"DET"	"NO"	"REG"	1	"DET"	"NO"	62	"2026-09-13"	11	2	2	0	"04:54"	8	"(4:54) 0-J.Gibbs right end to DET 35 for -3 yards (21-J.Reid)."	"run"	-3	0	0	0	0	null	null	null	null	null	null	null	-0.981270030955784	0.772746741771698	0	0	0	1	0	0	0	0	0	0	0	0	null	null	"00-0039139"	null	null	null	0	2026	0	0.7487426996231079	-74.87426996231079
2010	"2026_01_NO_DET"	"DET"	"NO"	"REG"	1	"DET"	"NO"	65	"2026-09-13"	11	2	3	0	"04:12"	11	"(4:12) (Shotgun) 16-J.Goff pass short right to 14-A.St. Brown to DET 44 for 9 yards (21-J.Reid)."	"pass"	9	1	0	0	0	8	null	null	null	null	null	null	-0.4197999103926122	0.7454498410224915	0	0	0	0	1	0	0	0	0	0	0	1	"00-0033106"	"00-0036963"	null	null	null	null	0	2026	0	0.9748936295509338	2.510637044906616
2035	"2026_01_NO_DET"	"DET"	"NO"	"REG"	1	"DET"	"NO"	56	"2026-09-13"	11	2	4	0	"03:21"	2	"(3:21) (Run formation) 79-L.Borom reported in as eligible. PENALTY on DET, Delay of Game, 5 yards, enforced at DET 44 - No Play."	"no_play"	0	0	0	0	0	null	null	null	null	null	null	null	-0.5466785164317116	0.7684932351112366	0	0	0	0	0	0	0	0	0	0	0	0	null	null	null	null	null	null	0	2026	0	0.5978262424468994	null
2061	"2026_01_NO_DET"	"DET"	"NO"	"REG"	1	"DET"	"NO"	61	"2026-09-13"	11	2	4	0	"03:21"	7	"(3:21) 3-J.Fox punts 47 yards to NO 14, Center-49-H.Hatten. 19-B.Brown to NO 14 for no gain (17-T.Martin)."	"punt"	0	0	0	0	0	null	null	47	null	null	null	null	0.1784488739212975	0.7433362007141113	0	0	0	0	0	0	0	0	0	0	0	0	null	null	null	"00-0041099"	null	null	0	2026	1	null	null
2087	"2026_01_NO_DET"	"DET"	"NO"	"REG"	1	"NO"	"DET"	86	"2026-09-13"	12	2	1	0	"03:12"	10	"(3:12) (Shotgun) 3-T.Etienne right tackle to NO 16 for 2 yards (44-M.Rodriguez; 91-T.Williams)."	"run"	2	0	0	0	0	null	null	null	null	null	null	null	-0.3769430094398558	0.27209389209747314	0	0	0	1	0	0	0	0	0	0	0	0	null	null	"00-0036973"	null	null	null	0	2026	0	0.5323848128318787	-53.238481283187866
2118	"2026_01_NO_DET"	"DET"	"NO"	"REG"	1	"NO"	"DET"	84	"2026-09-13"	12	2	2	0	"02:33"	8	"(2:33) (Shotgun) 6-T.Shough pass short right to 3-T.Etienne to NO 19 for 3 yards (46-J.Campbell; 4-D.Reed)."	"pass"	3	1	0	0	0	-4	null	null	null	null	null	null	-0.2921617024112493	0.2604553997516632	0	0	0	0	1	0	0	0	0	0	0	1	"00-0040743"	"00-0036973"	null	null	null	null	0	2026	0	0.7479191422462463	25.208085775375366
2143	"2026_01_NO_DET"	"DET"	"NO"	"REG"	1	"NO"	"DET"	81	"2026-09-13"	12	2	3	0	"02:00"	5	"(2:00) (Shotgun) 6-T.Shough pass short left to 12-C.Olave to NO 26 for 7 yards (4-D.Reed)."	"pass"	7	1	0	0	0	7	null	null	null	null	null	null	1.2517591605428606	0.25497204065322876	0	0	0	0	1	0	0	0	0	0	0	1	"00-0040743"	"00-0037239"	null	null	null	null	0	2026	1	0.975200891494751	2.4799108505249023
2175	"2026_01_NO_DET"	"DET"	"NO"	"REG"	1	"NO"	"DET"	74	"2026-09-13"	12	2	1	0	"01:41"	10	"(1:41) (No Huddle, Shotgun) 6-T.Shough pass incomplete short right to 3-T.Etienne."	"pass"	0	1	0	0	0	1	null	null	null	null	null	null	-0.2723115475382656	0.28022900223731995	0	0	0	0	1	0	0	0	0	0	0	0	"00-0040743"	"00-0036973"	null	null	null	null	0	2026	0	0.8672730326652527	13.272696733474731
2198	"2026_01_NO_DET"	"DET"	"NO"	"REG"	1	"NO"	"DET"	74	"2026-09-13"	12	2	2	0	"01:37"	10	"(1:37) (Shotgun) 6-T.Shough pass short left to 14-D.Vele pushed ob at NO 30 for 4 yards (23-R.Ya-Sin)."	"pass"	4	1	0	0	0	4	null	null	null	null	null	null	-0.14163035643287003	0.266821026802063	0	0	0	0	1	0	0	0	0	0	0	1	"00-0040743"	"00-0039424"	null	null	null	null	0	2026	0	0.9002022743225098	9.979772567749023
2228	"2026_01_NO_DET"	"DET"	"NO"	"REG"	1	"NO"	"DET"	70	"2026-09-13"	12	2	3	0	"01:33"	6	"(1:33) (Shotgun) 6-T.Shough pass short left to 3-T.Etienne to NO 34 for 4 yards (55-D.Barnes). PENALTY on DET-23-R.Ya-Sin, Illegal Contact, 5 yards, enforced at NO 30 - No Play."	"no_play"	0	0	0	0	0	null	null	null	null	null	null	null	0.6518471082672477	0.2655760943889618	0	0	0	0	0	0	0	0	0	0	0	0	null	null	null	null	null	null	0	2026	1	0.9609466791152954	3.905332088470459
2264	"2026_01_NO_DET"	"DET"	"NO"	"REG"	1	"NO"	"DET"	65	"2026-09-13"	12	2	1	0	"01:24"	10	"(1:24) 6-T.Shough pass deep right to 18-B.Lance to DET 46 for 19 yards (4-D.Reed)."	"pass"	19	1	0	0	0	17	null	null	null	null	null	null	1.3538093063398264	0.2986835539340973	0	0	0	0	1	0	0	0	0	0	0	1	"00-0040743"	"00-0041067"	null	null	null	null	0	2026	1	0.9152694344520569	8.473056554794312
2289	"2026_01_NO_DET"	"DET"	"NO"	"REG"	1	"NO"	"DET"	46	"2026-09-13"	12	2	1	0	"01:04"	10	"(1:04) (No Huddle, Shotgun) 6-T.Shough pass short left to 43-C.Donaldson to DET 48 for -2 yards (6-K.Abney)."	"pass"	-2	1	0	0	0	-6	null	null	null	null	null	null	-0.7845402684761211	0.33429229259490967	0	0	0	0	1	0	0	0	0	0	0	1	"00-0040743"	"00-0041326"	null	null	null	null	0	2026	0	0.944625735282898	5.537426471710205
2314	"2026_01_NO_DET"	"DET"	"NO"	"REG"	1	"NO"	"DET"	48	"2026-09-13"	12	2	2	0	"00:38"	12	"(:38) (No Huddle, Shotgun) 6-T.Shough pass short left to 14-D.Vele to DET 42 for 6 yards (97-A.Hutchinson)."	"pass"	6	1	0	0	0	5	null	null	null	null	null	null	0.16329413902712986	0.3098151981830597	0	0	0	0	1	0	0	0	0	0	0	1	"00-0040743"	"00-0039424"	null	null	null	null	0	2026	1	0.9613593220710754	3.864067792892456
2351	"2026_01_NO_DET"	"DET"	"NO"	"REG"	1	null	null	null	"2026-09-13"	12	2	null	0	"00:32"	0	"Timeout #2 by NO at 00:32."	"no_play"	0	0	0	0	0	null	null	null	null	null	null	null	0	0.283772349357605	0	0	0	0	0	0	0	0	0	0	0	0	null	null	null	null	null	null	0	2026	0	null	null
2339	"2026_01_NO_DET"	"DET"	"NO"	"REG"	1	"NO"	"DET"	42	"2026-09-13"	12	2	3	0	"00:32"	6	"(:32) (Shotgun) 6-T.Shough sacked at 50 for -8 yards (97-A.Hutchinson)."	"pass"	-8	1	0	0	0	null	null	null	null	null	null	null	-1.6501368783647195	0.283772349357605	0	0	0	0	1	1	0	0	0	0	0	0	"00-0040743"	null	null	null	null	null	0	2026	0	0.9823143482208252	1.7685651779174805
2378	"2026_01_NO_DET"	"DET"	"NO"	"REG"	1	null	null	50	"2026-09-13"	12	2	null	0	"00:26"	0	"Timeout #1 by DET at 00:26."	"no_play"	0	0	0	0	0	null	null	null	null	null	null	null	0	0.24251507222652435	0	0	0	0	0	0	0	0	0	0	0	0	null	null	null	null	null	null	0	2026	0	null	null
2366	"2026_01_NO_DET"	"DET"	"NO"	"REG"	1	"NO"	"DET"	50	"2026-09-13"	12	2	4	0	"00:26"	14	"(:26) 17-R.Wright punts 41 yards to DET 9, Center-49-Z.Wood, fair catch by 85-T.Kennedy."	"punt"	0	0	0	0	0	null	null	41	null	null	null	null	-0.5284056061063893	0.24251507222652435	0	0	0	0	0	0	0	0	0	0	0	0	null	null	null	"00-0035544"	null	null	0	2026	0	null	null
2393	"2026_01_NO_DET"	"DET"	"NO"	"REG"	1	"DET"	"NO"	91	"2026-09-13"	13	2	1	0	"00:20"	10	"(:20) (Shotgun) 16-J.Goff pass short right to 0-J.Gibbs pushed ob at DET 9 for no gain (21-J.Reid)."	"pass"	0	1	0	0	0	-4	null	null	null	null	null	null	-0.09120955795515329	0.7479948401451111	0	0	0	0	1	0	0	0	0	0	0	1	"00-0033106"	"00-0039139"	null	null	null	null	0	2026	0	0.20029336214065552	79.97066378593445
2423	"2026_01_NO_DET"	"DET"	"NO"	"REG"	1	"DET"	"NO"	91	"2026-09-13"	13	2	2	0	"00:14"	10	"(:14) (Shotgun) 0-J.Gibbs right guard to DET 20 for 11 yards (23-J.Blackmon; 1-K.McKinstry)."	"run"	11	0	0	0	0	null	null	null	null	null	null	null	-0.06587240059161559	0.7303121089935303	0	0	0	1	0	0	0	0	0	0	0	0	null	null	"00-0039139"	null	null	null	0	2026	0	0.12104810029268265	-12.104810029268265
2445	"2026_01_NO_DET"	"DET"	"NO"	"REG"	1	null	null	null	"2026-09-13"	13	2	null	0	"00:00"	0	"END QUARTER 2"	null	null	null	0	0	0	null	null	null	null	null	null	null	null	0.25117138028144836	null	null	null	null	null	null	null	null	null	null	null	null	null	null	null	null	null	null	null	2026	null	null	null
2475	"2026_01_NO_DET"	"DET"	"NO"	"REG"	1	"NO"	"DET"	35	"2026-09-13"	14	3	null	0	"15:00"	0	"39-J.Bates kicks 33 yards from DET 35 to NO 32, short of landing zone. PENALTY on DET-39-J.Bates, Kickoff Short of Landing Zone, placed at NO 40."	"kickoff"	0	0	0	0	0	null	null	25	null	null	null	null	0.8567070974968374	0.25117138028144836	0	0	0	0	0	0	0	0	0	0	0	0	null	null	null	null	null	"00-0039172"	0	2026	1	null	null
2504	"2026_01_NO_DET"	"DET"	"NO"	"REG"	1	"NO"	"DET"	60	"2026-09-13"	14	3	1	0	"15:00"	10	"(15:00) (Shotgun) 6-T.Shough pass short middle intended for 87-N.Fant INTERCEPTED by 55-D.Barnes at NO 44. 55-D.Barnes to NO 41 for 3 yards (82-T.Welch)."	"pass"	0	1	0	0	0	4	null	null	null	null	null	null	-5.670193381840363	0.2654411494731903	1	0	0	0	1	0	0	0	0	0	0	0	"00-0040743"	"00-0035644"	null	null	null	null	3	2026	0	0.4426359534263611	55.73640465736389
2541	"2026_01_NO_DET"	"DET"	"NO"	"REG"	1	"DET"	"NO"	41	"2026-09-13"	15	3	1	0	"14:51"	10	"(14:51) 16-J.Goff pass short left to 33-S.Vaki to NO 30 for 11 yards (55-K.Elliss)."	"pass"	11	1	0	0	0	2	null	null	null	null	null	null	0.6287794107338414	0.8324164748191833	0	0	0	0	1	0	0	0	0	0	0	1	"00-0033106"	"00-0039364"	null	null	null	null	0	2026	1	0.426340788602829	57.3659211397171
2566	"2026_01_NO_DET"	"DET"	"NO"	"REG"	1	"DET"	"NO"	30	"2026-09-13"	15	3	1	0	"14:08"	10	"(14:08) 0-J.Gibbs left guard to NO 12 for 18 yards (23-J.Blackmon; 1-K.McKinstry)."	"run"	18	0	0	0	0	null	null	null	null	null	null	null	1.02981595962774	0.8452779054641724	0	0	0	1	0	0	0	0	0	0	0	0	null	null	"00-0039139"	null	null	null	0	2026	1	0.369052529335022	-36.9052529335022
2588	"2026_01_NO_DET"	"DET"	"NO"	"REG"	1	"DET"	"NO"	12	"2026-09-13"	15	3	1	0	"13:30"	10	"(13:30) 0-J.Gibbs up the middle to NO 10 for 2 yards (29-Q.Riley)."	"run"	2	0	0	0	0	null	null	null	null	null	null	null	-0.46655461087357253	0.8750777244567871	0	0	0	1	0	0	0	0	0	0	0	0	null	null	"00-0039139"	null	null	null	0	2026	0	0.3159509599208832	-31.595095992088318
2610	"2026_01_NO_DET"	"DET"	"NO"	"REG"	1	"DET"	"NO"	10	"2026-09-13"	15	3	2	0	"12:54"	8	"(12:54) (Shotgun) 16-J.Goff pass short right to 87-S.LaPorta to NO 3 for 7 yards (21-J.Reid; 55-K.Elliss)."	"pass"	7	1	0	0	0	5	null	null	null	null	null	null	0.8034646641463041	0.8742920160293579	0	0	0	0	1	0	0	0	0	0	0	1	"00-0033106"	"00-0039065"	null	null	null	null	0	2026	1	0.7549500465393066	24.504995346069336
2640	"2026_01_NO_DET"	"DET"	"NO"	"REG"	1	"DET"	"NO"	3	"2026-09-13"	15	3	3	0	"12:15"	1	"(12:15) 79-L.Borom reported in as eligible. 0-J.Gibbs right guard to NO 1 for 2 yards (29-Q.Riley; 55-K.Elliss)."	"run"	2	0	0	0	0	null	null	null	null	null	null	null	0.774853125854861	0.8865993618965149	0	0	0	1	0	0	0	0	0	0	0	0	null	null	"00-0039139"	null	null	null	0	2026	1	0.3377312421798706	-33.77312421798706
2664	"2026_01_NO_DET"	"DET"	"NO"	"REG"	1	"DET"	"NO"	1	"2026-09-13"	15	3	1	1	"11:23"	1	"(11:23) 79-L.Borom reported in as eligible. 16-J.Goff pass incomplete short right to 87-S.LaPorta."	"pass"	0	1	0	0	0	1	null	null	null	null	null	null	-0.1987222132156603	0.8928390741348267	0	0	0	0	1	0	0	0	0	0	0	0	"00-0033106"	"00-0039065"	null	null	null	null	0	2026	0	0.2325739711523056	76.74260288476944
2689	"2026_01_NO_DET"	"DET"	"NO"	"REG"	1	"DET"	"NO"	1	"2026-09-13"	15	3	2	1	"11:18"	1	"(11:18) 0-J.Gibbs left guard for 1 yard, TOUCHDOWN."	"run"	1	0	0	0	0	null	null	null	null	null	"DET"	"00-0039139"	0.6231287376722321	0.8910185098648071	0	0	0	1	0	0	1	0	1	0	0	0	null	null	"00-0039139"	null	null	null	0	2026	1	0.28211820125579834	-28.211820125579834
2712	"2026_01_NO_DET"	"DET"	"NO"	"REG"	1	"DET"	"NO"	15	"2026-09-13"	15	3	null	0	"11:14"	0	"39-J.Bates extra point is GOOD, Center-49-H.Hatten, Holder-3-J.Fox."	"extra_point"	0	0	0	0	0	null	null	33	"good"	null	null	null	0.05117156607063911	0.9048839963192317	0	0	0	0	0	0	0	0	0	0	0	0	null	null	null	null	null	"00-0039172"	0	2026	1	null	null
2727	"2026_01_NO_DET"	"DET"	"NO"	"REG"	1	"NO"	"DET"	35	"2026-09-13"	16	3	null	0	"11:14"	0	"39-J.Bates kicks 65 yards from DET 35 to end zone, Touchback to the NO 35."	"kickoff"	0	0	0	0	0	null	null	65	null	null	null	null	0.52271425165236	0.09472301602363586	0	0	0	0	0	0	0	0	0	0	0	0	null	null	null	null	null	"00-0039172"	0	2026	1	null	null
2751	"2026_01_NO_DET"	"DET"	"NO"	"REG"	1	"NO"	"DET"	65	"2026-09-13"	16	3	1	0	"11:14"	10	"(11:14) 5-K.Miller left guard to NO 37 for 2 yards (98-D.Wonnum; 4-D.Reed)."	"run"	2	0	0	0	0	null	null	null	null	null	null	null	-0.4046612293459475	0.10286759585142136	0	0	0	1	0	0	0	0	0	0	0	0	null	null	"00-0038551"	null	null	null	0	2026	0	0.4910443127155304	-49.10443127155304
2773	"2026_01_NO_DET"	"DET"	"NO"	"REG"	1	"NO"	"DET"	63	"2026-09-13"	16	3	2	0	"10:38"	8	"(10:38) 6-T.Shough sacked at NO 31 for -6 yards (55-D.Barnes)."	"pass"	-6	1	0	0	0	null	null	null	null	null	null	null	-1.6231448133476079	0.09529484063386917	0	0	0	0	1	1	0	0	0	0	0	0	"00-0040743"	null	null	null	null	null	0	2026	0	0.7555570602416992	24.444293975830078
2793	"2026_01_NO_DET"	"DET"	"NO"	"REG"	1	"NO"	"DET"	69	"2026-09-13"	16	3	3	0	"09:54"	14	"(9:54) (Shotgun) 6-T.Shough sacked at NO 23 for -8 yards (21-R.McCreary). FUMBLES (21-R.McCreary) [21-R.McCreary], RECOVERED by DET-98-D.Wonnum at NO 25."	"pass"	-6	1	0	0	0	null	null	null	null	null	null	null	-4.281610436737537	0.0824163407087326	0	0	1	0	1	1	0	0	0	0	0	0	"00-0040743"	null	null	null	null	null	0	2026	0	0.9742231369018555	2.577686309814453
2823	"2026_01_NO_DET"	"DET"	"NO"	"REG"	1	"DET"	"NO"	25	"2026-09-13"	17	3	1	0	"09:45"	10	"(9:45) 16-J.Goff pass incomplete short left to 87-S.LaPorta (55-K.Elliss) [55-K.Elliss]."	"pass"	0	1	0	0	0	-7	null	null	null	null	null	null	-0.47486645181197673	0.9462104439735413	0	0	0	0	1	0	0	0	0	0	0	0	"00-0033106"	"00-0039065"	null	null	null	null	0	2026	0	0.4195432662963867	58.04567337036133
2846	"2026_01_NO_DET"	"DET"	"NO"	"REG"	1	"DET"	"NO"	25	"2026-09-13"	17	3	2	0	"09:41"	10	"(9:41) (Shotgun) 16-J.Goff pass short left to 1-J.Williams to NO 19 for 6 yards (29-Q.Riley)."	"pass"	6	1	0	0	0	6	null	null	null	null	null	null	-0.03874943475238979	0.9477474093437195	0	0	0	0	1	0	0	0	0	0	0	1	"00-0033106"	"00-0037240"	null	null	null	null	0	2026	0	0.6099794507026672	39.002054929733276
2871	"2026_01_NO_DET"	"DET"	"NO"	"REG"	1	"DET"	"NO"	19	"2026-09-13"	17	3	3	0	"08:59"	4	"(8:59) (Shotgun) 16-J.Goff pass deep right to 14-A.St. Brown for 19 yards, TOUCHDOWN."	"pass"	19	1	0	0	0	16	null	null	null	null	"DET"	"00-0036963"	2.805312717682682	0.9506787657737732	0	0	0	0	1	0	1	1	0	0	0	1	"00-0033106"	"00-0036963"	null	null	null	null	0	2026	1	0.9370944499969482	6.290555000305176
2897	"2026_01_NO_DET"	"DET"	"NO"	"REG"	1	"DET"	"NO"	15	"2026-09-13"	17	3	null	0	"08:54"	0	"39-J.Bates extra point is GOOD, Center-49-H.Hatten, Holder-3-J.Fox."	"extra_point"	0	0	0	0	0	null	null	33	"good"	null	null	null	0.05117156607063911	0.9525396990931501	0	0	0	0	0	0	0	0	0	0	0	0	null	null	null	null	null	"00-0039172"	0	2026	1	null	null
2912	"2026_01_NO_DET"	"DET"	"NO"	"REG"	1	"NO"	"DET"	35	"2026-09-13"	18	3	null	0	"08:54"	0	"39-J.Bates kicks 63 yards from DET 35 to NO 2. 19-B.Brown to NO 21 for 19 yards (17-T.Martin)."	"kickoff"	0	0	0	0	0	null	null	63	null	null	null	null	-0.37560507701709867	0.04768097773194313	0	0	0	0	0	0	0	0	0	0	0	0	null	null	null	null	"00-0041099"	"00-0039172"	19	2026	0	null	null
2945	"2026_01_NO_DET"	"DET"	"NO"	"REG"	1	"NO"	"DET"	79	"2026-09-13"	18	3	1	0	"08:49"	10	"(8:49) 6-T.Shough pass deep right to 12-C.Olave to DET 32 for 47 yards (4-D.Reed)."	"pass"	47	1	0	0	0	44	null	null	null	null	null	null	3.2369844848290086	0.04382472112774849	0	0	0	0	1	0	0	0	0	0	0	1	"00-0040743"	"00-0037239"	null	null	null	null	0	2026	1	0.5606161952018738	43.93838047981262
2970	"2026_01_NO_DET"	"DET"	"NO"	"REG"	1	"NO"	"DET"	32	"2026-09-13"	18	3	1	0	"08:15"	10	"(8:15) (No Huddle, Shotgun) 6-T.Shough pass short right to 87-N.Fant pushed ob at DET 23 for 9 yards (46-J.Campbell)."	"pass"	9	1	0	0	0	2	null	null	null	null	null	null	0.8064698638627306	0.06194236874580383	0	0	0	0	1	0	0	0	0	0	0	1	"00-0040743"	"00-0035644"	null	null	null	null	0	2026	1	0.5272224545478821	47.27775454521179
3000	"2026_01_NO_DET"	"DET"	"NO"	"REG"	1	"NO"	"DET"	23	"2026-09-13"	18	3	2	0	"07:51"	1	"(7:51) (No Huddle, Shotgun) 3-T.Etienne right tackle to DET 23 for no gain (50-S.Gill-Howard; 55-D.Barnes)."	"run"	0	0	0	0	0	null	null	null	null	null	null	null	-0.5104511227691546	0.07830164581537247	0	0	0	1	0	0	0	0	0	0	0	0	null	null	"00-0036973"	null	null	null	0	2026	0	0.25691017508506775	-25.691017508506775
3022	"2026_01_NO_DET"	"DET"	"NO"	"REG"	1	"NO"	"DET"	23	"2026-09-13"	18	3	3	0	"07:13"	1	"(7:13) 6-T.Shough scrambles right end to DET 20 for 3 yards (55-D.Barnes)."	"run"	3	1	0	0	1	null	null	null	null	null	null	null	0.48713198211044073	0.06381307542324066	0	0	0	1	0	0	0	0	0	0	0	0	null	null	"00-0040743"	null	null	null	0	2026	1	0.3760911822319031	62.39088177680969
3044	"2026_01_NO_DET"	"DET"	"NO"	"REG"	1	"NO"	"DET"	20	"2026-09-13"	18	3	1	0	"06:29"	10	"(6:29) (Shotgun) 6-T.Shough pass incomplete short left to 83-J.Johnson [44-M.Rodriguez]."	"pass"	0	1	0	0	0	12	null	null	null	null	null	null	-0.49870738515164703	0.0636734738945961	0	0	0	0	1	0	0	0	0	0	0	0	"00-0040743"	"00-0036040"	null	null	null	null	0	2026	0	0.5262771844863892	47.372281551361084
3067	"2026_01_NO_DET"	"DET"	"NO"	"REG"	1	"NO"	"DET"	20	"2026-09-13"	18	3	2	0	"06:25"	10	"(6:25) (Shotgun) 3-T.Etienne up the middle to DET 13 for 7 yards (46-J.Campbell; 29-A.Maddox)."	"run"	7	0	0	0	0	null	null	null	null	null	null	null	0.19701884279493243	0.05760795623064041	0	0	0	1	0	0	0	0	0	0	0	0	null	null	"00-0036973"	null	null	null	0	2026	1	0.6904297471046448	-69.04297471046448
3089	"2026_01_NO_DET"	"DET"	"NO"	"REG"	1	"NO"	"DET"	13	"2026-09-13"	18	3	3	0	"05:45"	3	"(5:45) (Shotgun) 6-T.Shough pass short right to 3-T.Etienne to DET 7 for 6 yards (36-C.Clark)."	"pass"	6	1	0	0	0	5	null	null	null	null	null	null	1.1536394783761352	0.05375787243247032	0	0	0	0	1	0	0	0	0	0	0	1	"00-0040743"	"00-0036973"	null	null	null	null	0	2026	1	0.8843349814414978	11.56650185585022
3114	"2026_01_NO_DET"	"DET"	"NO"	"REG"	1	"NO"	"DET"	7	"2026-09-13"	18	3	1	1	"05:13"	7	"(5:13) (No Huddle) 5-K.Miller up the middle to DET 8 for -1 yards (46-J.Campbell)."	"run"	-1	0	0	0	0	null	null	null	null	null	null	null	-0.6915519558824599	0.05106845498085022	0	0	0	1	0	0	0	0	0	0	0	0	null	null	"00-0038551"	null	null	null	0	2026	0	0.5233429670333862	-52.33429670333862
3136	"2026_01_NO_DET"	"DET"	"NO"	"REG"	1	"NO"	"DET"	8	"2026-09-13"	18	3	2	1	"04:32"	8	"(4:32) (Shotgun) 5-K.Miller up the middle for 8 yards, TOUCHDOWN."	"run"	8	0	0	0	0	null	null	null	null	null	"NO"	"00-0038551"	2.1229506847448647	0.04370603710412979	0	0	0	1	0	0	1	0	1	0	0	0	null	null	"00-0038551"	null	null	null	0	2026	1	0.7489981055259705	-74.89981055259705
3159	"2026_01_NO_DET"	"DET"	"NO"	"REG"	1	"NO"	"DET"	15	"2026-09-13"	18	3	null	0	"04:27"	0	"10-D.Carlson extra point is GOOD, Center-49-Z.Wood, Holder-17-R.Wright."	"extra_point"	0	0	0	0	0	null	null	33	"good"	null	null	null	0.05117156607063911	0.04886640576070511	0	0	0	0	0	0	0	0	0	0	0	0	null	null	null	null	null	"00-0034161"	0	2026	1	null	null
3174	"2026_01_NO_DET"	"DET"	"NO"	"REG"	1	"DET"	"NO"	35	"2026-09-13"	19	3	null	0	"04:27"	0	"10-D.Carlson kicks 65 yards from NO 35 to landing zone to end zone, Touchback to the DET 20."	"kickoff"	0	0	0	0	0	null	null	65	null	null	null	null	-0.4145981327164918	0.9506624937057495	0	0	0	0	0	0	0	0	0	0	0	0	null	null	null	null	null	"00-0034161"	0	2026	0	null	null
3198	"2026_01_NO_DET"	"DET"	"NO"	"REG"	1	"DET"	"NO"	80	"2026-09-13"	19	3	1	0	"04:27"	10	"(4:27) 16-J.Goff pass incomplete short right to 14-A.St. Brown."	"pass"	0	1	0	0	0	1	null	null	null	null	null	null	-0.6266041840426624	0.9500126838684082	0	0	0	0	1	0	0	0	0	0	0	0	"00-0033106"	"00-0036963"	null	null	null	null	0	2026	0	0.432410329580307	56.7589670419693
3221	"2026_01_NO_DET"	"DET"	"NO"	"REG"	1	"DET"	"NO"	80	"2026-09-13"	19	3	2	0	"04:22"	10	"(4:22) 16-J.Goff pass short right to 89-B.Wright to DET 25 for 5 yards (7-J.Sanker)."	"pass"	5	1	0	0	0	2	null	null	null	null	null	null	-0.19928937079384923	0.943446159362793	0	0	0	0	1	0	0	0	0	0	0	1	"00-0033106"	"00-0036754"	null	null	null	null	0	2026	0	0.6226362586021423	37.73637413978577
3246	"2026_01_NO_DET"	"DET"	"NO"	"REG"	1	"DET"	"NO"	75	"2026-09-13"	19	3	3	0	"03:38"	5	"(3:38) (Shotgun) 16-J.Goff pass incomplete short right to 1-J.Williams."	"pass"	0	1	0	0	0	6	null	null	null	null	null	null	-1.6652058172039688	0.9424867630004883	0	0	0	0	1	0	0	0	0	0	0	0	"00-0033106"	"00-0037240"	null	null	null	null	0	2026	0	0.9683201909065247	3.167980909347534
3269	"2026_01_NO_DET"	"DET"	"NO"	"REG"	1	"DET"	"NO"	75	"2026-09-13"	19	3	4	0	"03:34"	5	"(3:34) 3-J.Fox punts 45 yards to NO 30, Center-49-H.Hatten. 19-B.Brown to NO 46 for 16 yards (30-K.Dorsey)."	"punt"	0	0	0	0	0	null	null	45	null	null	null	null	-1.2055793397594243	0.9284306764602661	0	0	0	0	0	0	0	0	0	0	0	0	null	null	null	"00-0041099"	null	null	16	2026	0	null	null
3295	"2026_01_NO_DET"	"DET"	"NO"	"REG"	1	"NO"	"DET"	54	"2026-09-13"	20	3	1	0	"03:20"	10	"(3:20) (Shotgun) 6-T.Shough pass short left to 3-T.Etienne to NO 46 for no gain (44-M.Rodriguez)."	"pass"	0	1	0	0	0	-5	null	null	null	null	null	null	-0.5598304092418402	0.08902136981487274	0	0	0	0	1	0	0	0	0	0	0	1	"00-0040743"	"00-0036973"	null	null	null	null	0	2026	0	0.5545671582221985	44.54328417778015
3327	"2026_01_NO_DET"	"DET"	"NO"	"REG"	1	"NO"	"DET"	54	"2026-09-13"	20	3	2	0	"02:58"	10	"(2:58) (No Huddle) 6-T.Shough pass short left to 12-C.Olave to DET 43 for 11 yards (29-A.Maddox)."	"pass"	11	1	0	0	0	9	null	null	null	null	null	null	1.153434738283977	0.08063648641109467	0	0	0	0	1	0	0	0	0	0	0	1	"00-0040743"	"00-0037239"	null	null	null	null	0	2026	1	0.6688457131385803	33.11542868614197
3352	"2026_01_NO_DET"	"DET"	"NO"	"REG"	1	"NO"	"DET"	43	"2026-09-13"	20	3	1	0	"02:32"	10	"(2:32) (No Huddle, Shotgun) 6-T.Shough pass short right to 3-T.Etienne pushed ob at DET 39 for 4 yards (21-R.McCreary)."	"pass"	4	1	0	0	0	-4	null	null	null	null	null	null	-0.07563499826937914	0.09877831488847733	0	0	0	0	1	0	0	0	0	0	0	1	"00-0040743"	"00-0036973"	null	null	null	null	0	2026	0	0.5477680563926697	45.22319436073303
3382	"2026_01_NO_DET"	"DET"	"NO"	"REG"	1	"NO"	"DET"	39	"2026-09-13"	20	3	2	0	"01:55"	6	"(1:55) (Shotgun) 6-T.Shough pass short right to 3-T.Etienne to DET 23 for 16 yards (36-C.Clark)."	"pass"	16	1	0	0	0	5	null	null	null	null	null	null	1.6100242733955383	0.0912829115986824	0	0	0	0	1	0	0	0	0	0	0	1	"00-0040743"	"00-0036973"	null	null	null	null	0	2026	1	0.6873308420181274	31.266915798187256
3407	"2026_01_NO_DET"	"DET"	"NO"	"REG"	1	"NO"	"DET"	23	"2026-09-13"	20	3	1	0	"01:25"	10	"(1:25) (No Huddle, Shotgun) 5-K.Miller up the middle to DET 22 for 1 yard (45-D.White)."	"run"	1	0	0	0	0	null	null	null	null	null	null	null	-0.44759237742982805	0.12950077652931213	0	0	0	1	0	0	0	0	0	0	0	0	null	null	"00-0038551"	null	null	null	0	2026	0	0.49450284242630005	-49.450284242630005
3429	"2026_01_NO_DET"	"DET"	"NO"	"REG"	1	"NO"	"DET"	22	"2026-09-13"	20	3	2	0	"00:42"	9	"(:42) (Shotgun) 6-T.Shough pass incomplete short left to 18-B.Lance."	"pass"	0	1	0	0	0	5	null	null	null	null	null	null	-0.6278830376686528	0.11346006393432617	0	0	0	0	1	0	0	0	0	0	0	0	"00-0040743"	"00-0041067"	null	null	null	null	0	2026	0	0.8005707263946533	19.942927360534668
3452	"2026_01_NO_DET"	"DET"	"NO"	"REG"	1	"NO"	"DET"	22	"2026-09-13"	20	3	3	0	"00:40"	9	"(:40) (Shotgun) 6-T.Shough pass incomplete deep right to 14-D.Vele. PENALTY on DET-23-R.Ya-Sin, Defensive Pass Interference, 21 yards, enforced at DET 22 - No Play."	"no_play"	0	0	0	0	0	null	null	null	null	null	null	null	2.9869538543280214	0.1011381596326828	0	0	0	0	0	0	0	0	0	0	0	0	null	null	null	null	null	null	0	2026	1	0.9847564101219177	1.5243589878082275
3486	"2026_01_NO_DET"	"DET"	"NO"	"REG"	1	"NO"	"DET"	1	"2026-09-13"	20	3	1	1	"00:34"	1	"(:34) 6-T.Shough pass short left to 14-D.Vele for 1 yard, TOUCHDOWN."	"pass"	1	1	0	0	0	1	null	null	null	null	"NO"	"00-0039424"	0.5329178882529959	0.16065211594104767	0	0	0	0	1	0	1	1	0	0	0	1	"00-0040743"	"00-0039424"	null	null	null	null	0	2026	1	0.25168681144714355	74.83131885528564
3512	"2026_01_NO_DET"	"DET"	"NO"	"REG"	1	"NO"	"DET"	15	"2026-09-13"	20	3	null	0	"00:28"	0	"10-D.Carlson extra point is GOOD, Center-49-Z.Wood, Holder-17-R.Wright."	"extra_point"	0	0	0	0	0	null	null	33	"good"	null	null	null	0.05117156607063911	0.17218821251937044	0	0	0	0	0	0	0	0	0	0	0	0	null	null	null	null	null	"00-0034161"	0	2026	1	null	null
3527	"2026_01_NO_DET"	"DET"	"NO"	"REG"	1	"DET"	"NO"	35	"2026-09-13"	21	3	null	0	"00:28"	0	"10-D.Carlson kicks 64 yards from NO 35 to DET 1. 85-T.Kennedy to DET 27 for 26 yards (58-C.Rumph; 44-I.Stalbird)."	"kickoff"	0	0	0	0	0	null	null	64	null	null	null	null	0.09534815605729818	0.8257204294204712	0	0	0	0	0	0	0	0	0	0	0	0	null	null	null	null	"00-0035544"	"00-0034161"	26	2026	1	null	null
3550	"2026_01_NO_DET"	"DET"	"NO"	"REG"	1	"DET"	"NO"	73	"2026-09-13"	21	3	1	0	"00:23"	10	"(:23) 0-J.Gibbs left tackle to DET 33 for 6 yards (92-D.Godchaux)."	"run"	6	0	0	0	0	null	null	null	null	null	null	null	0.16930529614910483	0.8257204294204712	0	0	0	1	0	0	0	0	0	0	0	0	null	null	"00-0039139"	null	null	null	0	2026	1	0.47764652967453003	-47.764652967453
3572	"2026_01_NO_DET"	"DET"	"NO"	"REG"	1	"DET"	"NO"	null	"2026-09-13"	21	3	null	0	"00:00"	0	"END QUARTER 3"	null	null	null	0	0	0	null	null	null	null	null	null	null	0	0.8327152132987976	null	null	null	null	null	null	null	null	null	null	null	null	null	null	null	null	null	null	null	2026	0	null	null
3592	"2026_01_NO_DET"	"DET"	"NO"	"REG"	1	"DET"	"NO"	67	"2026-09-13"	21	4	2	0	"15:00"	4	"(15:00) 0-J.Gibbs left tackle to DET 38 for 5 yards (50-C.Wooden; 92-D.Godchaux)."	"run"	5	0	0	0	0	null	null	null	null	null	null	null	0.3489556710701436	0.8327152132987976	0	0	0	1	0	0	0	0	0	0	0	0	null	null	"00-0039139"	null	null	null	0	2026	1	0.4622578024864197	-46.22578024864197
3614	"2026_01_NO_DET"	"DET"	"NO"	"REG"	1	"DET"	"NO"	62	"2026-09-13"	21	4	1	0	"14:27"	10	"(14:27) 0-J.Gibbs up the middle to DET 39 for 1 yard (50-C.Wooden)."	"run"	1	0	0	0	0	null	null	null	null	null	null	null	-0.49200468324124813	0.8502602577209473	0	0	0	1	0	0	0	0	0	0	0	0	null	null	"00-0039139"	null	null	null	0	2026	0	0.42373213171958923	-42.37321317195892
3636	"2026_01_NO_DET"	"DET"	"NO"	"REG"	1	"DET"	"NO"	61	"2026-09-13"	21	4	2	0	"13:54"	9	"(13:54) (Shotgun) 16-J.Goff pass short left to 14-A.St. Brown to DET 45 for 6 yards (22-M.Emerson)."	"pass"	6	1	0	0	0	6	null	null	null	null	null	null	-0.041284382343292236	0.8465561866760254	0	0	0	0	1	0	0	0	0	0	0	1	"00-0033106"	"00-0036963"	null	null	null	null	0	2026	0	0.7434849739074707	25.65150260925293
3661	"2026_01_NO_DET"	"DET"	"NO"	"REG"	1	"DET"	"NO"	55	"2026-09-13"	21	4	3	0	"13:16"	3	"(13:16) (Shotgun) 16-J.Goff pass incomplete short left to 14-A.St. Brown (1-K.McKinstry)."	"pass"	0	1	0	0	0	4	null	null	null	null	null	null	-1.8262177531141788	0.8632510900497437	0	0	0	0	1	0	0	0	0	0	0	0	"00-0033106"	"00-0036963"	null	null	null	null	0	2026	0	0.9199342131614685	8.00657868385315
3684	"2026_01_NO_DET"	"DET"	"NO"	"REG"	1	"DET"	"NO"	55	"2026-09-13"	21	4	4	0	"13:12"	3	"(13:12) 3-J.Fox punts 31 yards to NO 24, Center-49-H.Hatten, downed by DET-35-J.Bachie."	"punt"	0	0	0	0	0	null	null	31	null	null	null	null	-0.7881470783613622	0.8242427706718445	0	0	0	0	0	0	0	0	0	0	0	0	null	null	null	null	null	null	0	2026	0	null	null
3704	"2026_01_NO_DET"	"DET"	"NO"	"REG"	1	"NO"	"DET"	76	"2026-09-13"	22	4	1	0	"13:03"	10	"(13:03) 3-T.Etienne up the middle to NO 38 for 14 yards (4-D.Reed)."	"run"	14	0	0	0	0	null	null	null	null	null	null	null	0.882806237321347	0.16541439294815063	0	0	0	1	0	0	0	0	0	0	0	0	null	null	"00-0036973"	null	null	null	0	2026	1	0.5662264823913574	-56.62264823913574
3726	"2026_01_NO_DET"	"DET"	"NO"	"REG"	1	"NO"	"DET"	62	"2026-09-13"	22	4	1	0	"12:37"	10	"(12:37) (Shotgun) 6-T.Shough pass short middle to 3-T.Etienne to NO 40 for 2 yards (46-J.Campbell)."	"pass"	2	1	0	0	0	1	null	null	null	null	null	null	-0.4313933062367141	0.19162361323833466	0	0	0	0	1	0	0	0	0	0	0	1	"00-0040743"	"00-0036973"	null	null	null	null	0	2026	0	0.5759055614471436	42.409443855285645
3751	"2026_01_NO_DET"	"DET"	"NO"	"REG"	1	"NO"	"DET"	60	"2026-09-13"	22	4	2	0	"12:04"	8	"(12:04) (No Huddle, Shotgun) 6-T.Shough pass short left to 14-D.Vele to NO 47 for 7 yards (46-J.Campbell)."	"pass"	7	1	0	0	0	5	null	null	null	null	null	null	0.6742099549155682	0.17802782356739044	0	0	0	0	1	0	0	0	0	0	0	1	"00-0040743"	"00-0039424"	null	null	null	null	0	2026	1	0.7791135311126709	22.08864688873291
3776	"2026_01_NO_DET"	"DET"	"NO"	"REG"	1	"NO"	"DET"	53	"2026-09-13"	22	4	3	0	"11:25"	1	"(11:25) 43-C.Donaldson up the middle to NO 48 for 1 yard (29-A.Maddox)."	"run"	1	0	0	0	0	null	null	null	null	null	null	null	0.538109548157081	0.1882210075855255	0	0	0	1	0	0	0	0	0	0	0	0	null	null	"00-0041326"	null	null	null	0	2026	1	0.3515501320362091	-35.15501320362091
3798	"2026_01_NO_DET"	"DET"	"NO"	"REG"	1	"NO"	"DET"	52	"2026-09-13"	22	4	1	0	"10:49"	10	"(10:49) 6-T.Shough pass incomplete short left to 87-N.Fant."	"pass"	0	1	0	0	0	12	null	null	null	null	null	null	-0.5093275115359575	0.20107780396938324	0	0	0	0	1	0	0	0	0	0	0	0	"00-0040743"	"00-0035644"	null	null	null	null	0	2026	0	0.6047130823135376	39.52869176864624
3821	"2026_01_NO_DET"	"DET"	"NO"	"REG"	1	"NO"	"DET"	52	"2026-09-13"	22	4	2	0	"10:43"	10	"(10:43) (Shotgun) 6-T.Shough pass short right to 12-C.Olave to DET 47 for 5 yards (46-J.Campbell)."	"pass"	5	1	0	0	0	1	null	null	null	null	null	null	-0.2810980558861047	0.17993508279323578	0	0	0	0	1	0	0	0	0	0	0	1	"00-0040743"	"00-0037239"	null	null	null	null	0	2026	0	0.7047808766365051	29.521912336349487
3846	"2026_01_NO_DET"	"DET"	"NO"	"REG"	1	"NO"	"DET"	47	"2026-09-13"	22	4	3	0	"10:03"	5	"(10:03) (Shotgun) 6-T.Shough pass deep right to 14-D.Vele to DET 16 for 31 yards (12-T.Harper)."	"pass"	31	1	0	0	0	28	null	null	null	null	null	null	3.00189484085422	0.18835808336734772	0	0	0	0	1	0	0	0	0	0	0	1	"00-0040743"	"00-0039424"	null	null	null	null	0	2026	1	0.9707217216491699	2.927827835083008
3878	"2026_01_NO_DET"	"DET"	"NO"	"REG"	1	"NO"	"DET"	16	"2026-09-13"	22	4	1	0	"09:37"	10	"(9:37) (No Huddle, Shotgun) 6-T.Shough scrambles right end ran ob at DET 15 for 1 yard (50-S.Gill-Howard)."	"run"	1	1	0	0	1	null	null	null	null	null	null	null	-0.4168954052729532	0.2960551381111145	0	0	0	1	0	0	0	0	0	0	0	0	null	null	"00-0040743"	null	null	null	0	2026	0	0.503168523311615	49.6831476688385
3905	"2026_01_NO_DET"	"DET"	"NO"	"REG"	1	"NO"	"DET"	15	"2026-09-13"	22	4	2	0	"08:58"	9	"(8:58) (Shotgun) PENALTY on NO, Delay of Game, 5 yards, enforced at DET 15 - No Play."	"no_play"	0	0	0	0	0	null	null	null	null	null	null	null	-0.7612825876567513	0.281013548374176	0	0	0	0	0	0	0	0	0	0	0	0	null	null	null	null	null	null	0	2026	0	0.8035816550254822	null
3929	"2026_01_NO_DET"	"DET"	"NO"	"REG"	1	"NO"	"DET"	20	"2026-09-13"	22	4	2	0	"08:58"	14	"(8:58) (Shotgun) 6-T.Shough pass short right to 12-C.Olave to DET 11 for 9 yards (23-R.Ya-Sin)."	"pass"	9	1	0	0	0	5	null	null	null	null	null	null	0.5072288408409804	0.2699982821941376	0	0	0	0	1	0	0	0	0	0	0	1	"00-0040743"	"00-0037239"	null	null	null	null	0	2026	1	0.9044186472892761	9.558135271072388
3954	"2026_01_NO_DET"	"DET"	"NO"	"REG"	1	"NO"	"DET"	11	"2026-09-13"	22	4	3	0	"08:18"	5	"(8:18) (Shotgun) 6-T.Shough pass short right to 3-T.Etienne pushed ob at DET 10 for 1 yard (55-D.Barnes)."	"pass"	1	1	0	0	0	-1	null	null	null	null	null	null	-1.275189784194966	0.29237595200538635	0	0	0	0	1	0	0	0	0	0	0	1	"00-0040743"	"00-0036973"	null	null	null	null	0	2026	0	0.9601598978042603	3.9840102195739746
3984	"2026_01_NO_DET"	"DET"	"NO"	"REG"	1	"NO"	"DET"	10	"2026-09-13"	22	4	4	0	"07:45"	4	"(7:45) 10-D.Carlson 28 yard field goal is GOOD, Center-49-Z.Wood, Holder-17-R.Wright."	"field_goal"	0	0	0	0	0	null	"made"	28	null	null	null	null	0.07870422846420588	0.24028320610523224	0	0	0	0	0	0	0	0	0	0	0	0	null	null	null	null	null	"00-0034161"	0	2026	1	null	null
4004	"2026_01_NO_DET"	"DET"	"NO"	"REG"	1	"DET"	"NO"	35	"2026-09-13"	23	4	null	0	"07:41"	0	"10-D.Carlson kicks 63 yards from NO 35 to DET 2. 85-T.Kennedy to DET 35 for 33 yards (44-I.Stalbird). PENALTY on NO-98-T.Wilson, Face Mask, 15 yards, enforced at DET 35."	"kickoff"	0	0	0	0	0	null	null	63	null	null	null	null	1.3506678421981633	0.7908908724784851	0	0	0	0	0	0	0	0	0	0	0	0	null	null	null	null	"00-0035544"	"00-0034161"	33	2026	1	null	null
4045	"2026_01_NO_DET"	"DET"	"NO"	"REG"	1	"DET"	"NO"	50	"2026-09-13"	23	4	1	0	"07:34"	10	"(7:34) 0-J.Gibbs left tackle pushed ob at NO 35 for 15 yards (21-J.Reid)."	"run"	15	0	0	0	0	null	null	null	null	null	null	null	0.8394992430694401	0.8301188349723816	0	0	0	1	0	0	0	0	0	0	0	0	null	null	"00-0039139"	null	null	null	0	2026	1	0.38257190585136414	-38.257190585136414
4072	"2026_01_NO_DET"	"DET"	"NO"	"REG"	1	"DET"	"NO"	35	"2026-09-13"	23	4	1	0	"06:56"	10	"(6:56) 16-J.Goff pass short right to 0-J.Gibbs pushed ob at NO 27 for 8 yards (7-J.Sanker). PENALTY on NO-29-Q.Riley, Low Block, 14 yards, enforced at NO 27."	"pass"	8	1	0	0	0	-3	null	null	null	null	null	null	1.3916745375609025	0.8518681526184082	0	0	0	0	1	0	0	0	0	0	0	1	"00-0033106"	"00-0039139"	null	null	null	null	0	2026	1	0.3255229890346527	67.44770109653473
4113	"2026_01_NO_DET"	"DET"	"NO"	"REG"	1	"DET"	"NO"	13	"2026-09-13"	23	4	1	0	"06:35"	10	"(6:35) 0-J.Gibbs right tackle to NO 5 for 8 yards (23-J.Blackmon; 28-D.Stutsman)."	"run"	8	0	0	0	0	null	null	null	null	null	null	null	0.5864367030444555	0.872219443321228	0	0	0	1	0	0	0	0	0	0	0	0	null	null	"00-0039139"	null	null	null	0	2026	1	0.3081199526786804	-30.811995267868042
4135	"2026_01_NO_DET"	"DET"	"NO"	"REG"	1	"DET"	"NO"	5	"2026-09-13"	23	4	2	0	"06:08"	2	"(6:08) 0-J.Gibbs up the middle to NO 2 for 3 yards (96-C.Granderson)."	"run"	3	0	0	0	0	null	null	null	null	null	null	null	0.6347708597313613	0.8989657163619995	0	0	0	1	0	0	0	0	0	0	0	0	null	null	"00-0039139"	null	null	null	0	2026	1	0.24756410717964172	-24.756410717964172
4157	"2026_01_NO_DET"	"DET"	"NO"	"REG"	1	"DET"	"NO"	2	"2026-09-13"	23	4	1	1	"05:25"	2	"(5:25) 0-J.Gibbs left tackle to NO 1 for 1 yard (99-C.Young). PENALTY on NO-99-C.Young, Defensive Offside, 1 yard, enforced at NO 2 - No Play."	"no_play"	0	0	0	0	0	null	null	null	null	null	null	null	0.17674628092208877	0.907622754573822	0	0	0	0	0	0	0	0	0	0	0	0	null	null	null	null	null	null	0	2026	1	0.2624496817588806	-26.24496817588806
4190	"2026_01_NO_DET"	"DET"	"NO"	"REG"	1	"DET"	"NO"	1	"2026-09-13"	23	4	1	1	"04:54"	1	"(4:54) 79-L.Borom reported in as eligible. 0-J.Gibbs up the middle to NO 1 for no gain (99-C.Young; 29-Q.Riley). PENALTY on DET-78-B.Bartch, Offensive Holding, 10 yards, enforced at NO 1 - No Play."	"no_play"	0	0	0	0	0	null	null	null	null	null	null	null	-1.723797959391959	0.9146522879600525	0	0	0	0	0	0	0	0	0	0	0	0	null	null	null	null	null	null	0	2026	0	0.153507798910141	-15.3507798910141
4225	"2026_01_NO_DET"	"DET"	"NO"	"REG"	1	"DET"	"NO"	11	"2026-09-13"	23	4	1	1	"04:47"	11	"(4:47) (Shotgun) 16-J.Goff sacked at NO 13 for -2 yards (96-C.Granderson)."	"pass"	-2	1	0	0	0	null	null	null	null	null	null	null	-0.5334577702451497	0.8915317058563232	0	0	0	0	1	1	0	0	0	0	0	0	"00-0033106"	null	null	null	null	null	0	2026	0	0.3404092788696289	65.95907211303711
4255	"2026_01_NO_DET"	"DET"	"NO"	"REG"	1	"DET"	"NO"	13	"2026-09-13"	23	4	2	1	"04:04"	13	"(4:04) 79-L.Borom reported in as eligible. 33-S.Vaki right tackle to NO 9 for 4 yards (93-N.Shepherd; 28-D.Stutsman)."	"run"	4	0	0	0	0	null	null	null	null	null	null	null	-0.39490704413037747	0.8753977417945862	0	0	0	1	0	0	0	0	0	0	0	0	null	null	"00-0039364"	null	null	null	0	2026	0	0.7329026460647583	-73.29026460647583
4279	"2026_01_NO_DET"	"DET"	"NO"	"REG"	1	"DET"	"NO"	9	"2026-09-13"	23	4	3	1	"03:18"	9	"(3:18) (Shotgun) 16-J.Goff pass short left to 14-A.St. Brown to NO 5 for 4 yards (7-J.Sanker; 91-V.Broughton)."	"pass"	4	1	0	0	0	-3	null	null	null	null	null	null	-0.8198060334537245	0.8793052434921265	0	0	0	0	1	0	0	0	0	0	0	1	"00-0033106"	"00-0036963"	null	null	null	null	0	2026	0	0.9099769592285156	9.002304077148438
4304	"2026_01_NO_DET"	"DET"	"NO"	"REG"	1	"DET"	"NO"	5	"2026-09-13"	23	4	4	1	"02:35"	5	"(2:35) 39-J.Bates 23 yard field goal is GOOD, Center-49-H.Hatten, Holder-3-J.Fox."	"field_goal"	0	0	0	0	0	null	"made"	23	null	null	null	null	0.026451048964454937	0.8678114414215088	0	0	0	0	0	0	0	0	0	0	0	0	null	null	null	null	null	"00-0039172"	0	2026	1	null	null
4324	"2026_01_NO_DET"	"DET"	"NO"	"REG"	1	"NO"	"DET"	35	"2026-09-13"	24	4	null	0	"02:32"	0	"39-J.Bates kicks 55 yards from DET 35 to NO 10. 19-B.Brown to NO 25 for 15 yards (66-E.O'Neill)."	"kickoff"	0	0	0	0	0	null	null	55	null	null	null	null	0.006433664122596383	0.1167171373963356	0	0	0	0	0	0	0	0	0	0	0	0	null	null	null	null	"00-0041099"	"00-0039172"	15	2026	1	null	null
4347	"2026_01_NO_DET"	"DET"	"NO"	"REG"	1	"NO"	"DET"	75	"2026-09-13"	24	4	1	0	"02:27"	10	"(2:27) (Shotgun) 6-T.Shough pass short left to 12-C.Olave ran ob at NO 33 for 8 yards (23-R.Ya-Sin)."	"pass"	8	1	0	0	0	6	null	null	null	null	null	null	0.5318485213210806	0.10783405601978302	0	0	0	0	1	0	0	0	0	0	0	1	"00-0040743"	"00-0037239"	null	null	null	null	0	2026	1	0.9339022636413574	6.609773635864258
4377	"2026_01_NO_DET"	"DET"	"NO"	"REG"	1	"NO"	"DET"	67	"2026-09-13"	24	4	2	0	"02:23"	2	"(2:23) (Shotgun) 6-T.Shough sacked at NO 23 for -10 yards (97-A.Hutchinson)."	"pass"	-10	1	0	0	0	null	null	null	null	null	null	null	-1.9409038637531921	0.11530081182718277	0	0	0	0	1	1	0	0	0	0	0	0	"00-0040743"	null	null	null	null	null	0	2026	0	0.8307380676269531	16.926193237304688
4397	"2026_01_NO_DET"	"DET"	"NO"	"REG"	1	"NO"	"DET"	77	"2026-09-13"	24	4	3	0	"02:00"	12	"(2:00) (Shotgun) 6-T.Shough pass incomplete short left to 83-J.Johnson (98-D.Wonnum)."	"pass"	0	1	0	0	0	3	null	null	null	null	null	null	-1.0566613806877285	0.07877670228481293	0	0	0	0	1	0	0	0	0	0	0	0	"00-0040743"	"00-0036040"	null	null	null	null	0	2026	0	0.9919247031211853	0.8075296878814697
4427	"2026_01_NO_DET"	"DET"	"NO"	"REG"	1	"NO"	"DET"	77	"2026-09-13"	24	4	4	0	"01:55"	12	"(1:55) (Shotgun) 6-T.Shough pass short right to 18-B.Lance to NO 38 for 15 yards (4-D.Reed)."	"pass"	15	1	0	0	0	15	null	null	null	null	null	null	2.940561026800424	0.05514547973871231	0	0	0	0	1	0	0	0	0	0	0	1	"00-0040743"	"00-0041067"	null	null	null	null	0	2026	1	0.993178129196167	0.6821870803833008
4464	"2026_01_NO_DET"	"DET"	"NO"	"REG"	1	null	null	null	"2026-09-13"	24	4	null	0	"01:47"	0	"Timeout #1 by NO at 01:47."	"no_play"	0	0	0	0	0	null	null	null	null	null	null	null	0	0.10948379337787628	0	0	0	0	0	0	0	0	0	0	0	0	null	null	null	null	null	null	0	2026	0	null	null
4452	"2026_01_NO_DET"	"DET"	"NO"	"REG"	1	"NO"	"DET"	62	"2026-09-13"	24	4	1	0	"01:47"	10	"(1:47) (Shotgun) 6-T.Shough pass short right to 14-D.Vele to NO 49 for 11 yards (23-R.Ya-Sin)."	"pass"	11	1	0	0	0	4	null	null	null	null	null	null	0.8751743868924677	0.10948379337787628	0	0	0	0	1	0	0	0	0	0	0	1	"00-0040743"	"00-0039424"	null	null	null	null	0	2026	1	0.9656535387039185	3.4346461296081543
4484	"2026_01_NO_DET"	"DET"	"NO"	"REG"	1	"NO"	"DET"	51	"2026-09-13"	24	4	1	0	"01:29"	10	"(1:29) (No Huddle, Shotgun) 6-T.Shough pass incomplete short right."	"pass"	0	1	0	0	0	11	null	null	null	null	null	null	-0.5035775748547167	0.12018215656280518	0	0	0	0	1	0	0	0	0	0	0	0	"00-0040743"	null	null	null	null	null	0	2026	0	0.9727424383163452	2.7257561683654785
4507	"2026_01_NO_DET"	"DET"	"NO"	"REG"	1	"NO"	"DET"	51	"2026-09-13"	24	4	2	0	"01:23"	10	"(1:23) (Shotgun) 6-T.Shough pass deep middle to 12-C.Olave to DET 9 for 42 yards (4-D.Reed) [97-A.Hutchinson]. NO-12-C.Olave was injured during the play. Penalty on DET-4-D.Reed, Defensive Pass Interference, declined."	"pass"	42	1	0	0	0	42	null	null	null	null	null	null	2.879561258072499	0.09443499892950058	0	0	0	0	1	0	0	0	0	0	0	1	"00-0040743"	"00-0037239"	null	null	null	null	0	2026	1	0.9789445400238037	2.105545997619629
4601	"2026_01_NO_DET"	"DET"	"NO"	"REG"	1	null	null	null	"2026-09-13"	24	4	null	0	"01:13"	0	"Timeout #2 by NO at 01:13."	"no_play"	0	0	0	0	0	null	null	null	null	null	null	null	0	0.2348136305809021	0	0	0	0	0	0	0	0	0	0	0	0	null	null	null	null	null	null	0	2026	0	null	null
4544	"2026_01_NO_DET"	"DET"	"NO"	"REG"	1	"NO"	"DET"	9	"2026-09-13"	24	4	1	1	"01:13"	9	"(1:13) (Shotgun) 6-T.Shough pass short right to 83-J.Johnson for 9 yards, TOUCHDOWN."	"pass"	9	1	0	0	0	9	null	null	null	null	"NO"	"00-0036040"	2.18347488733707	0.2348136305809021	0	0	0	0	1	0	1	1	0	0	0	1	"00-0040743"	"00-0036040"	null	null	null	null	0	2026	1	0.8703465461730957	12.96534538269043
4573	"2026_01_NO_DET"	"DET"	"NO"	"REG"	1	"NO"	"DET"	15	"2026-09-13"	24	4	null	0	"01:07"	0	"10-D.Carlson extra point is GOOD, Center-49-Z.Wood, Holder-17-R.Wright."	"extra_point"	0	0	0	0	0	null	null	33	"good"	null	null	null	0.05117156607063911	0.3278543077808389	0	0	0	0	0	0	0	0	0	0	0	0	null	null	null	null	null	"00-0034161"	0	2026	1	null	null
4588	"2026_01_NO_DET"	"DET"	"NO"	"REG"	1	"DET"	"NO"	35	"2026-09-13"	25	4	null	0	"01:07"	0	"10-D.Carlson kicks 65 yards from NO 35 to end zone, Touchback to the DET 35."	"kickoff"	0	0	0	0	0	null	null	65	null	null	null	null	0.22929645073600113	0.6612363457679749	0	0	0	0	0	0	0	0	0	0	0	0	null	null	null	null	null	"00-0034161"	0	2026	1	null	null
4612	"2026_01_NO_DET"	"DET"	"NO"	"REG"	1	"DET"	"NO"	65	"2026-09-13"	25	4	1	0	"01:07"	10	"(1:07) (Shotgun) 16-J.Goff scrambles left end ran ob at DET 37 for 2 yards (7-J.Sanker)."	"run"	2	1	0	0	1	null	null	null	null	null	null	null	-0.2375789403449744	0.6808593273162842	0	0	0	1	0	0	0	0	0	0	0	0	null	null	"00-0033106"	null	null	null	0	2026	0	0.8756218552589417	12.437814474105835
4639	"2026_01_NO_DET"	"DET"	"NO"	"REG"	1	"DET"	"NO"	63	"2026-09-13"	25	4	2	0	"01:00"	8	"(1:00) (Shotgun) 16-J.Goff pass short middle to 14-A.St. Brown to DET 44 for 7 yards (20-P.Werner; 55-K.Elliss)."	"pass"	7	1	0	0	0	4	null	null	null	null	null	null	0.14668535185046494	0.6801249384880066	0	0	0	0	1	0	0	0	0	0	0	1	"00-0033106"	"00-0036963"	null	null	null	null	0	2026	1	0.9193465709686279	8.065342903137207
4664	"2026_01_NO_DET"	"DET"	"NO"	"REG"	1	"DET"	"NO"	56	"2026-09-13"	25	4	3	0	"00:40"	1	"(:40) (No Huddle, Shotgun) 16-J.Goff pass incomplete short right to 1-J.Williams."	"pass"	0	1	0	0	0	4	null	null	null	null	null	null	-0.9368313037557527	0.6709770560264587	0	0	0	0	1	0	0	0	0	0	0	0	"00-0033106"	"00-0037240"	null	null	null	null	0	2026	0	0.49491143226623535	50.508856773376465
4687	"2026_01_NO_DET"	"DET"	"NO"	"REG"	1	"DET"	"NO"	56	"2026-09-13"	25	4	4	0	"00:37"	1	"(:37) 3-J.Fox punts 56 yards to end zone, Center-49-H.Hatten, Touchback."	"punt"	0	0	0	0	0	null	null	56	null	null	null	null	-0.5803581121144816	0.591552734375	0	0	0	0	0	0	0	0	0	0	0	0	null	null	null	null	null	null	0	2026	0	null	null
4705	"2026_01_NO_DET"	"DET"	"NO"	"REG"	1	"NO"	"DET"	80	"2026-09-13"	26	4	1	0	"00:27"	10	"(:27) (Shotgun) 3-T.Etienne up the middle to NO 38 for 18 yards (4-D.Reed). ** Injury Update: NO-12-C.Olave has returned to the game."	"run"	18	0	0	0	0	null	null	null	null	null	null	null	0.11637829354731366	0.5485785007476807	0	0	0	1	0	0	0	0	0	0	0	0	null	null	"00-0036973"	null	null	null	0	2026	1	0.7980394959449768	-79.80394959449768
4739	"2026_01_NO_DET"	"DET"	"NO"	"REG"	1	null	null	null	"2026-09-13"	26	4	null	0	"00:21"	0	"Timeout #3 by NO at 00:21."	"no_play"	0	0	0	0	0	null	null	null	null	null	null	null	0	0.5219222903251648	0	0	0	0	0	0	0	0	0	0	0	0	null	null	null	null	null	null	0	2026	0	null	null
4727	"2026_01_NO_DET"	"DET"	"NO"	"REG"	1	"NO"	"DET"	62	"2026-09-13"	26	4	1	0	"00:21"	10	"(:21) (Shotgun) 6-T.Shough pass deep middle to 83-J.Johnson to DET 44 for 18 yards (29-A.Maddox)."	"pass"	18	1	0	0	0	17	null	null	null	null	null	null	0.38460903632221743	0.5219222903251648	0	0	0	0	1	0	0	0	0	0	0	1	"00-0040743"	"00-0036040"	null	null	null	null	0	2026	1	0.9584735035896301	4.152649641036987
4759	"2026_01_NO_DET"	"DET"	"NO"	"REG"	1	"NO"	"DET"	44	"2026-09-13"	26	4	1	0	"00:07"	10	"(:07) (No Huddle) 6-T.Shough spiked the ball to stop the clock."	"qb_spike"	0	0	0	1	0	1	null	null	null	null	null	null	-0.0253340708441101	0.6704208850860596	0	0	0	0	1	0	0	0	0	0	0	0	"00-0040743"	null	null	null	null	null	0	2026	0	null	null
4794	"2026_01_NO_DET"	"DET"	"NO"	"REG"	1	null	null	null	"2026-09-13"	26	4	null	0	"00:06"	0	"Timeout #1 by DET at 00:06."	"no_play"	0	0	0	0	0	null	null	null	null	null	null	null	0	0.661021888256073	0	0	0	0	0	0	0	0	0	0	0	0	null	null	null	null	null	null	0	2026	0	null	null
4782	"2026_01_NO_DET"	"DET"	"NO"	"REG"	1	"NO"	"DET"	44	"2026-09-13"	26	4	2	0	"00:06"	10	"(:06) (Shotgun) 6-T.Shough pass incomplete short right."	"pass"	0	1	0	0	0	6	null	null	null	null	null	null	0.3673925667189988	0.661021888256073	0	0	0	0	1	0	0	0	0	0	0	0	"00-0040743"	null	null	null	null	null	0	2026	1	0.9515100717544556	4.848992824554443
4815	"2026_01_NO_DET"	"DET"	"NO"	"REG"	1	"NO"	"DET"	44	"2026-09-13"	26	4	3	0	"00:02"	10	"(:02) 10-D.Carlson 62 yard field goal is No Good, Wide Right, Center-49-Z.Wood, Holder-17-R.Wright."	"field_goal"	0	0	0	0	0	null	"missed"	62	null	null	null	null	-1.1948466043923045	0.6081137657165527	0	0	0	0	0	0	0	0	0	0	0	0	null	null	null	null	null	"00-0034161"	0	2026	0	null	null
4836	"2026_01_NO_DET"	"DET"	"NO"	"REG"	1	null	null	null	"2026-09-13"	null	4	null	0	"00:00"	0	"END QUARTER 4"	null	null	null	0	0	0	null	null	null	null	null	null	null	0	0.6078338648658246	null	null	null	null	null	null	null	null	null	null	null	null	null	null	null	null	null	null	null	2026	0	null	null
4856	"2026_01_NO_DET"	"DET"	"NO"	"REG"	1	"DET"	"NO"	35	"2026-09-13"	27	5	null	0	"10:00"	0	"10-D.Carlson kicks 60 yards from NO 35 to DET 5. 25-J.Saylors to DET 30 for 25 yards (98-T.Wilson; 31-J.Howden)."	"kickoff"	0	0	0	0	0	null	null	60	null	null	null	null	0.2279703081585467	0.6078338648658246	0	0	0	0	0	0	0	0	0	0	0	0	null	null	null	null	"00-0038896"	"00-0034161"	25	2026	1	null	null
4879	"2026_01_NO_DET"	"DET"	"NO"	"REG"	1	"DET"	"NO"	70	"2026-09-13"	27	5	1	0	"09:55"	10	"(9:55) 16-J.Goff pass short right to 87-S.LaPorta to DET 39 for 9 yards (7-J.Sanker)."	"pass"	9	1	0	0	0	1	null	null	null	null	null	null	0.6607156817335635	0.6078338648658246	0	0	0	0	1	0	0	0	0	0	0	1	"00-0033106"	"00-0039065"	null	null	null	null	0	2026	1	0.5155006647109985	48.44993352890015
4904	"2026_01_NO_DET"	"DET"	"NO"	"REG"	1	"DET"	"NO"	61	"2026-09-13"	27	5	2	0	"09:22"	1	"(9:22) 0-J.Gibbs up the middle to 50 for 11 yards (7-J.Sanker)."	"run"	11	0	0	0	0	null	null	null	null	null	null	null	0.3999803896294907	0.6627778974361718	0	0	0	1	0	0	0	0	0	0	0	0	null	null	"00-0039139"	null	null	null	0	2026	1	0.2267918586730957	-22.67918586730957
4926	"2026_01_NO_DET"	"DET"	"NO"	"REG"	1	"DET"	"NO"	50	"2026-09-13"	27	5	1	0	"08:47"	10	"(8:47) 16-J.Goff pass short left to 0-J.Gibbs to NO 43 for 7 yards (20-P.Werner)."	"pass"	7	1	0	0	0	0	null	null	null	null	null	null	0.22321249241940677	0.7114396807737648	0	0	0	0	1	0	0	0	0	0	0	1	"00-0033106"	"00-0039139"	null	null	null	null	0	2026	1	0.45485958456993103	54.5140415430069
4951	"2026_01_NO_DET"	"DET"	"NO"	"REG"	1	"DET"	"NO"	43	"2026-09-13"	27	5	2	0	"08:07"	3	"(8:07) (Shotgun) 0-J.Gibbs up the middle to NO 36 for 7 yards (7-J.Sanker)."	"run"	7	0	0	0	0	null	null	null	null	null	null	null	0.5437093527289107	0.7286866293288767	0	0	0	1	0	0	0	0	0	0	0	0	null	null	"00-0039139"	null	null	null	0	2026	1	0.3583228588104248	-35.83228588104248
4973	"2026_01_NO_DET"	"DET"	"NO"	"REG"	1	"DET"	"NO"	36	"2026-09-13"	27	5	1	0	"07:34"	10	"(7:34) 16-J.Goff pass incomplete deep left to 1-J.Williams."	"pass"	0	1	0	0	0	16	null	null	null	null	null	null	-0.43040287285111845	0.7974403467960656	0	0	0	0	1	0	0	0	0	0	0	0	"00-0033106"	"00-0037240"	null	null	null	null	0	2026	0	0.34717682003974915	65.28231799602509
4996	"2026_01_NO_DET"	"DET"	"NO"	"REG"	1	"DET"	"NO"	36	"2026-09-13"	27	5	2	0	"07:28"	10	"(7:28) 0-J.Gibbs left end to NO 26 for 10 yards (23-J.Blackmon)."	"run"	10	0	0	0	0	null	null	null	null	null	null	null	1.0415321979671717	0.7630706818308681	0	0	0	1	0	0	0	0	0	0	0	0	null	null	"00-0039139"	null	null	null	0	2026	1	0.5367875099182129	-53.67875099182129
5018	"2026_01_NO_DET"	"DET"	"NO"	"REG"	1	"DET"	"NO"	26	"2026-09-13"	27	5	1	0	"06:49"	10	"(6:49) 0-J.Gibbs right end pushed ob at NO 27 for -1 yards (7-J.Sanker)."	"run"	-1	0	0	0	0	null	null	null	null	null	null	null	-0.8385916142142378	0.8632453470490873	0	0	0	1	0	0	0	0	0	0	0	0	null	null	"00-0039139"	null	null	null	0	2026	0	0.23680171370506287	-23.680171370506287
5045	"2026_01_NO_DET"	"DET"	"NO"	"REG"	1	"DET"	"NO"	27	"2026-09-13"	27	5	2	0	"06:19"	11	"(6:19) (Shotgun) 16-J.Goff pass deep left to 1-J.Williams ran ob at NO 5 for 22 yards."	"pass"	22	1	0	0	0	21	null	null	null	null	null	null	2.3477730897720903	0.8296111962990835	0	0	0	0	1	0	0	0	0	0	0	1	"00-0033106"	"00-0037240"	null	null	null	null	0	2026	1	0.7291145920753479	27.08854079246521
5075	"2026_01_NO_DET"	"DET"	"NO"	"REG"	1	"DET"	"NO"	5	"2026-09-13"	27	5	1	1	"05:45"	5	"(5:45) 0-J.Gibbs right tackle to NO 4 for 1 yard (55-K.Elliss)."	"run"	1	0	0	0	0	null	null	null	null	null	null	null	-0.2364176168339327	0.9391360639710911	0	0	0	1	0	0	0	0	0	0	0	0	null	null	"00-0039139"	null	null	null	0	2026	0	0.28942349553108215	-28.942349553108215
5097	"2026_01_NO_DET"	"DET"	"NO"	"REG"	1	"DET"	"NO"	4	"2026-09-13"	27	5	2	1	"05:07"	4	"(5:07) (Shotgun) 16-J.Goff pass short left to 14-A.St. Brown for 4 yards, TOUCHDOWN."	"pass"	4	1	0	0	0	2	null	null	null	null	"DET"	"00-0036963"	1.5271168612525798	0.9304068047786132	0	0	0	0	1	0	1	1	0	0	0	1	"00-0033106"	"00-0036963"	null	null	null	null	0	2026	1	0.4440861642360687	55.59138357639313
5123	"2026_01_NO_DET"	"DET"	"NO"	"REG"	1	"DET"	"NO"	15	"2026-09-13"	27	5	null	0	"05:04"	0	"39-J.Bates extra point is GOOD, Center-49-H.Hatten, Holder-3-J.Fox."	"extra_point"	0	0	0	0	0	null	null	33	"good"	null	null	null	0.05117156607063911	0.8439842960169169	0	0	0	0	0	0	0	0	0	0	0	0	null	null	null	null	null	"00-0039172"	0	2026	1	null	null
5141	"2026_01_NO_DET"	"DET"	"NO"	"REG"	1	"NO"	"DET"	35	"2026-09-13"	28	5	null	0	"05:04"	0	"39-J.Bates kicks 66 yards from DET 35 to NO -1. 19-B.Brown to NO 20 for 21 yards (66-E.O'Neill)."	"kickoff"	0	0	0	0	0	null	null	66	null	null	null	null	-0.2722723812330514	0.41813662520144135	0	0	0	0	0	0	0	0	0	0	0	0	null	null	null	null	"00-0041099"	"00-0039172"	21	2026	0	null	null
5164	"2026_01_NO_DET"	"DET"	"NO"	"REG"	1	"NO"	"DET"	80	"2026-09-13"	28	5	1	0	"04:57"	10	"(4:57) (Shotgun) 6-T.Shough sacked at NO 18 for -2 yards (54-A.McNeill)."	"pass"	-2	1	0	0	0	null	null	null	null	null	null	null	-0.9621586422435939	0.41813662520144135	0	0	0	0	1	1	0	0	0	0	0	0	"00-0040743"	null	null	null	null	null	0	2026	0	0.6510005593299866	34.89994406700134
5184	"2026_01_NO_DET"	"DET"	"NO"	"REG"	1	"NO"	"DET"	82	"2026-09-13"	28	5	2	0	"04:17"	12	"(4:17) (Shotgun) 6-T.Shough pass short left to 18-B.Lance to NO 26 for 8 yards (23-R.Ya-Sin). DET-23-R.Ya-Sin was injured during the play."	"pass"	8	1	0	0	0	3	null	null	null	null	null	null	0.45838970225304365	0.3188989331247285	0	0	0	0	1	0	0	0	0	0	0	1	"00-0040743"	"00-0041067"	null	null	null	null	0	2026	1	0.9068458676338196	9.315413236618042
5212	"2026_01_NO_DET"	"DET"	"NO"	"REG"	1	"NO"	"DET"	74	"2026-09-13"	28	5	3	0	"03:49"	4	"(3:49) (Shotgun) 6-T.Shough FUMBLES (Aborted) at NO 21, recovered by NO-3-T.Etienne at NO 23. 3-T.Etienne to NO 27 for 4 yards (98-D.Wonnum; 55-D.Barnes)."	"run"	0	0	0	0	0	null	null	null	null	null	null	null	-1.1786255927290767	0.34272280475124717	0	0	0	1	0	0	0	0	0	0	0	0	null	null	"00-0040743"	null	null	null	0	2026	0	0.9691103100776672	-96.91103100776672
5239	"2026_01_NO_DET"	"DET"	"NO"	"REG"	1	"NO"	"DET"	73	"2026-09-13"	28	5	4	0	"03:13"	3	"(3:13) (No Huddle, Shotgun) 6-T.Shough pass deep right to 12-C.Olave to NO 47 for 20 yards (29-A.Maddox). ** Injury Update: DET-23-R.Ya-Sin has returned to the game."	"pass"	20	1	0	0	0	19	null	null	null	null	null	null	3.288525393407326	0.2221196963218972	0	0	0	0	1	0	0	0	0	0	0	1	"00-0040743"	"00-0037239"	null	null	null	null	0	2026	1	0.9289830327033997	7.101696729660034
5270	"2026_01_NO_DET"	"DET"	"NO"	"REG"	1	"NO"	"DET"	53	"2026-09-13"	28	5	1	0	"02:38"	10	"(2:38) 3-T.Etienne right tackle to NO 48 for 1 yard (21-R.McCreary)."	"run"	1	0	0	0	0	null	null	null	null	null	null	null	-0.46168818447040394	0.5460417259018868	0	0	0	1	0	0	0	0	0	0	0	0	null	null	"00-0036973"	null	null	null	0	2026	0	0.6798733472824097	-67.98733472824097
5292	"2026_01_NO_DET"	"DET"	"NO"	"REG"	1	"NO"	"DET"	52	"2026-09-13"	28	5	2	0	"02:17"	9	"(2:17) (No Huddle, Shotgun) 6-T.Shough pass short right to 87-N.Fant ran ob at DET 42 for 10 yards (23-R.Ya-Sin)."	"pass"	10	1	0	0	0	4	null	null	null	null	null	null	1.077657777525019	0.4975327878491953	0	0	0	0	1	0	0	0	0	0	0	1	"00-0040743"	"00-0035644"	null	null	null	null	0	2026	1	0.845609724521637	15.439027547836304
5325	"2026_01_NO_DET"	"DET"	"NO"	"REG"	1	"NO"	"DET"	42	"2026-09-13"	28	5	1	0	"02:12"	10	"(2:12) 5-K.Miller up the middle to DET 40 for 2 yards (66-E.O'Neill; 29-A.Maddox)."	"run"	2	0	0	0	0	null	null	null	null	null	null	null	-0.37144823803100735	0.6154407979920506	0	0	0	1	0	0	0	0	0	0	0	0	null	null	"00-0038551"	null	null	null	0	2026	0	0.6427778005599976	-64.27778005599976
5347	"2026_01_NO_DET"	"DET"	"NO"	"REG"	1	"NO"	"DET"	40	"2026-09-13"	28	5	2	0	"02:00"	8	"(2:00) (Shotgun) 6-T.Shough pass incomplete short left to 3-T.Etienne. PENALTY on DET-6-K.Abney, Illegal Use of Hands, 5 yards, enforced at DET 40 - No Play."	"no_play"	0	0	0	0	0	null	null	null	null	null	null	null	0.6815309808007441	0.5793267283588648	0	0	0	0	0	0	0	0	0	0	0	0	null	null	null	null	null	null	0	2026	1	0.7968841791152954	20.31158208847046
5377	"2026_01_NO_DET"	"DET"	"NO"	"REG"	1	"NO"	"DET"	35	"2026-09-13"	28	5	1	0	"01:53"	10	"(1:53) (Shotgun) 6-T.Shough pass deep right to 83-J.Johnson pushed ob at DET 8 for 27 yards (12-T.Harper)."	"pass"	27	1	0	0	0	24	null	null	null	null	null	null	1.9043950045015663	0.6816419137176126	0	0	0	0	1	0	0	0	0	0	0	1	"00-0040743"	"00-0036040"	null	null	null	null	0	2026	1	0.5600301027297974	43.996989727020264
5419	"2026_01_NO_DET"	"DET"	"NO"	"REG"	1	"NO"	"DET"	8	"2026-09-13"	28	5	1	1	"01:45"	8	"(1:45) 6-T.Shough pass incomplete short right to 83-J.Johnson (55-D.Barnes)."	"pass"	0	1	0	0	0	8	null	null	null	null	null	null	-0.5352420855197124	0.8977398502174765	0	0	0	0	1	0	0	0	0	0	0	0	"00-0040743"	"00-0036040"	null	null	null	null	0	2026	0	0.14957359433174133	85.04264056682587
5442	"2026_01_NO_DET"	"DET"	"NO"	"REG"	1	"NO"	"DET"	8	"2026-09-13"	28	5	2	1	"01:38"	8	"(1:38) (Shotgun) 6-T.Shough pass short right to 87-N.Fant for 8 yards, TOUCHDOWN."	"pass"	8	1	0	0	0	8	null	null	null	null	"NO"	"00-0035644"	2.280014877731446	0.8732935640728101	0	0	0	0	1	0	1	1	0	0	0	1	"00-0040743"	"00-0035644"	null	null	null	null	0	2026	1	0.36901921033859253	63.09807896614075
5479	"2026_01_NO_DET"	"DET"	"NO"	"REG"	1	null	null	null	"2026-09-13"	null	5	null	0	"01:34"	0	"Timeout #1 by DET at 01:34."	"no_play"	0	0	0	0	0	null	null	null	null	null	null	null	0	0.30019131973385815	0	0	0	0	0	0	0	0	0	0	0	0	null	null	null	null	null	null	0	2026	0	null	null
5468	"2026_01_NO_DET"	"DET"	"NO"	"REG"	1	"NO"	"DET"	2	"2026-09-13"	28	5	null	0	"01:34"	0	"TWO-POINT CONVERSION ATTEMPT. 6-T.Shough pass to 18-B.Lance is incomplete. ATTEMPT FAILS."	"pass"	0	1	0	0	0	null	null	null	null	"failure"	null	null	-0.947	0.30019131973385815	0	0	0	0	1	0	0	0	0	0	1	0	"00-0040743"	"00-0041067"	null	null	null	null	0	2026	0	null	null
5491	"2026_01_NO_DET"	"DET"	"NO"	"REG"	1	"DET"	"NO"	null	"2026-09-13"	null	5	null	0	"01:34"	0	"END GAME"	null	null	null	0	0	0	null	null	null	null	null	null	null	null	null	null	null	null	null	null	null	null	null	null	null	null	null	null	null	null	null	null	null	null	2026	null	null	null
1	"2026_02_LV_LAC"	"LAC"	"LV"	"REG"	2	null	null	null	"2026-09-20"	null	1	null	0	"15:00"	0	"GAME"	null	null	null	0	0	0	null	null	null	null	null	null	null	0	0.5462617874145508	null	null	null	null	null	null	null	null	null	null	null	null	null	null	null	null	null	null	null	2026	0	null	null
39	"2026_02_LV_LAC"	"LAC"	"LV"	"REG"	2	"LAC"	"LV"	35	"2026-09-20"	1	1	null	0	"15:00"	0	"14-M.Gay kicks 61 yards from LV 35 to LAC 4. 34-K.Mitchell to LAC 32 for 28 yards (44-T.Eichenberg)."	"kickoff"	0	0	0	0	0	null	null	61	null	null	null	null	0.46825204277411103	0.5462617874145508	0	0	0	0	0	0	0	0	0	0	0	0	null	null	null	null	"00-0038454"	"00-0035269"	28	2026	1	null	null
62	"2026_02_LV_LAC"	"LAC"	"LV"	"REG"	2	"LAC"	"LV"	68	"2026-09-20"	1	1	1	0	"14:54"	10	"(14:54) 8-O.Hampton left tackle to LAC 35 for 3 yards (11-J.Chinn; 97-T.Hemingway)."	"run"	3	0	0	0	0	null	null	null	null	null	null	null	-0.4411538888234645	0.5585936903953552	0	0	0	1	0	0	0	0	0	0	0	0	null	null	"00-0040666"	null	null	null	0	2026	0	0.4975145161151886	-49.75145161151886
84	"2026_02_LV_LAC"	"LAC"	"LV"	"REG"	2	"LAC"	"LV"	65	"2026-09-20"	1	1	2	0	"14:19"	7	"(14:19) (Shotgun) 10-J.Herbert pass short middle to 1-Q.Johnston ran ob at LAC 42 for 7 yards (17-N.Dean)."	"pass"	7	1	0	0	0	-4	null	null	null	null	null	null	0.9365053076762706	0.5529866814613342	0	0	0	0	1	0	0	0	0	0	0	1	"00-0036355"	"00-0038544"	null	null	null	null	0	2026	1	0.6758936643600464	32.41063356399536
114	"2026_02_LV_LAC"	"LAC"	"LV"	"REG"	2	"LAC"	"LV"	58	"2026-09-20"	1	1	1	0	"13:44"	10	"(13:44) (Shotgun) 10-J.Herbert pass short right to 83-D.Njoku pushed ob at LV 49 for 9 yards (7-Q.Walker)."	"pass"	9	1	0	0	0	1	null	null	null	null	null	null	0.7247876694891602	0.5725733637809753	0	0	0	0	1	0	0	0	0	0	0	1	"00-0036355"	"00-0033885"	null	null	null	null	0	2026	1	0.4797487258911133	52.02512741088867
144	"2026_02_LV_LAC"	"LAC"	"LV"	"REG"	2	"LAC"	"LV"	49	"2026-09-20"	1	1	2	0	"13:16"	1	"(13:16) (Shotgun) 8-O.Hampton up the middle to LV 47 for 2 yards (94-F.Fatukasi; 5-E.Stokes)."	"run"	2	0	0	0	0	null	null	null	null	null	null	null	-0.1278663461562246	0.5989232063293457	0	0	0	1	0	0	0	0	0	0	0	0	null	null	"00-0040666"	null	null	null	0	2026	0	0.25321778655052185	-25.321778655052185
166	"2026_02_LV_LAC"	"LAC"	"LV"	"REG"	2	"LAC"	"LV"	47	"2026-09-20"	1	1	1	0	"12:38"	10	"(12:38) 10-J.Herbert pass incomplete deep left to 89-B.Thompson [95-K.Paye]."	"pass"	0	1	0	0	0	16	null	null	null	null	null	null	-0.5294372867792845	0.5844466686248779	0	0	0	0	1	0	0	0	0	0	0	0	"00-0036355"	"00-0041550"	null	null	null	null	0	2026	0	0.4860589802265167	51.39410197734833
201	"2026_02_LV_LAC"	"LAC"	"LV"	"REG"	2	"LAC"	"LV"	47	"2026-09-20"	1	1	2	0	"12:33"	10	"(12:33) (Shotgun) 8-O.Hampton up the middle to LV 40 for 7 yards (7-Q.Walker; 31-T.Stukes)."	"run"	7	0	0	0	0	null	null	null	null	null	null	null	0.01873514149338007	0.5665315389633179	0	0	0	1	0	0	0	0	0	0	0	0	null	null	"00-0040666"	null	null	null	0	2026	1	0.5692200064659119	-56.92200064659119
223	"2026_02_LV_LAC"	"LAC"	"LV"	"REG"	2	"LAC"	"LV"	40	"2026-09-20"	1	1	3	0	"11:49"	3	"(11:49) (Shotgun) 10-J.Herbert pass incomplete short right to 89-B.Thompson [98-M.Crosby]."	"pass"	0	1	0	0	0	15	null	null	null	null	null	null	-2.6131875722110425	0.5902068018913269	0	0	0	0	1	0	0	0	0	0	0	0	"00-0036355"	"00-0041550"	null	null	null	null	0	2026	0	0.8973917365074158	10.260826349258423
246	"2026_02_LV_LAC"	"LAC"	"LV"	"REG"	2	"LAC"	"LV"	40	"2026-09-20"	1	1	4	0	"11:44"	3	"(11:44) 11-C.Dicker 58 yard field goal is No Good, Hit Right Upright, Center-47-J.Harris, Holder-16-J.Scott."	"field_goal"	0	0	0	0	0	null	"missed"	58	null	null	null	null	-2.881910817241281	0.5308099389076233	0	0	0	0	0	0	0	0	0	0	0	0	null	null	null	null	null	"00-0037224"	0	2026	0	null	null
267	"2026_02_LV_LAC"	"LAC"	"LV"	"REG"	2	"LV"	"LAC"	52	"2026-09-20"	2	1	1	0	"11:39"	10	"(11:39) 2-A.Jeanty right guard to 50 for 2 yards (0-D.Henley; 94-D.Tomlinson)."	"run"	2	0	0	0	0	null	null	null	null	null	null	null	-0.509942946722731	0.5476354360580444	0	0	0	1	0	0	0	0	0	0	0	0	null	null	"00-0040122"	null	null	null	0	2026	0	0.4462890028953552	-44.62890028953552
296	"2026_02_LV_LAC"	"LAC"	"LV"	"REG"	2	"LV"	"LAC"	50	"2026-09-20"	2	1	2	0	"11:07"	8	"(11:07) 2-A.Jeanty up the middle to LAC 49 for 1 yard (45-T.Tuipulotu). PENALTY on LV-70-S.Burford, Offensive Holding, 10 yards, enforced at 50 - No Play."	"no_play"	0	0	0	0	0	null	null	null	null	null	null	null	-1.1101244641467929	0.5320580005645752	0	0	0	0	0	0	0	0	0	0	0	0	null	null	null	null	null	null	0	2026	0	0.653995931148529	-65.3995931148529
329	"2026_02_LV_LAC"	"LAC"	"LV"	"REG"	2	"LV"	"LAC"	60	"2026-09-20"	2	1	2	0	"10:49"	18	"(10:49) (Shotgun) 8-K.Cousins pass short right to 87-M.Mayer to LV 48 for 8 yards (92-J.Eboigbe; 90-A.Mesidor)."	"pass"	8	1	0	0	0	-4	null	null	null	null	null	null	0.07732202555052936	0.5016902089118958	0	0	0	0	1	0	0	0	0	0	0	1	"00-0029604"	"00-0039066"	null	null	null	null	0	2026	1	0.7232922315597534	27.670776844024658
354	"2026_02_LV_LAC"	"LAC"	"LV"	"REG"	2	"LV"	"LAC"	52	"2026-09-20"	2	1	3	0	"10:04"	10	"(10:04) (Shotgun) 8-K.Cousins pass short right to 1-T.Tucker to LAC 37 for 15 yards (23-T.Jefferson)."	"pass"	15	1	0	0	0	13	null	null	null	null	null	null	2.4897314568515867	0.49834883213043213	0	0	0	0	1	0	0	0	0	0	0	1	"00-0029604"	"00-0038563"	null	null	null	null	0	2026	1	0.9754098057746887	2.459019422531128
379	"2026_02_LV_LAC"	"LAC"	"LV"	"REG"	2	"LV"	"LAC"	37	"2026-09-20"	2	1	1	0	"09:39"	10	"(9:39) (No Huddle, Shotgun) 8-K.Cousins pass short left to 2-A.Jeanty to LAC 32 for 5 yards (3-D.James)."	"pass"	5	1	0	0	0	-4	null	null	null	null	null	null	0.16961172502487898	0.5968817472457886	0	0	0	0	1	0	0	0	0	0	0	1	"00-0029604"	"00-0040122"	null	null	null	null	0	2026	1	0.4441433250904083	55.58566749095917
404	"2026_02_LV_LAC"	"LAC"	"LV"	"REG"	2	"LV"	"LAC"	32	"2026-09-20"	2	1	2	0	"09:05"	5	"(9:05) 8-K.Cousins pass deep left intended for 1-T.Tucker INTERCEPTED by 20-C.Hart at LAC 15. 20-C.Hart to LAC 17 for 2 yards (2-A.Jeanty)."	"pass"	0	1	0	0	0	17	null	null	null	null	null	null	-4.8377662491984665	0.5872550010681152	1	0	0	0	1	0	0	0	0	0	0	0	"00-0029604"	"00-0038563"	null	null	null	null	2	2026	0	0.49648672342300415	50.351327657699585
431	"2026_02_LV_LAC"	"LAC"	"LV"	"REG"	2	"LAC"	"LV"	83	"2026-09-20"	3	1	1	0	"08:57"	10	"(8:57) 8-O.Hampton left tackle to LAC 15 for -2 yards (35-H.Masses)."	"run"	-2	0	0	0	0	null	null	null	null	null	null	null	-1.1713637956418097	0.5392913818359375	0	0	0	1	0	0	0	0	0	0	0	0	null	null	"00-0040666"	null	null	null	0	2026	0	0.496194452047348	-49.6194452047348
460	"2026_02_LV_LAC"	"LAC"	"LV"	"REG"	2	"LAC"	"LV"	85	"2026-09-20"	3	1	2	0	"08:12"	12	"(8:12) (Shotgun) 10-J.Herbert scrambles right end to LAC 17 for 2 yards (96-J.Laulu)."	"run"	2	1	0	0	1	null	null	null	null	null	null	null	-0.2604419868439436	0.5125199556350708	0	0	0	1	0	0	0	0	0	0	0	0	null	null	"00-0036355"	null	null	null	0	2026	0	0.7617494463920593	23.825055360794067
482	"2026_02_LV_LAC"	"LAC"	"LV"	"REG"	2	"LAC"	"LV"	83	"2026-09-20"	3	1	3	0	"07:29"	10	"(7:29) (Shotgun) 10-J.Herbert pass short left to 89-B.Thompson to LAC 30 for 13 yards (3-T.Johnson). FUMBLES (3-T.Johnson), ball out of bounds at LAC 30."	"pass"	13	1	0	0	0	13	null	null	null	null	null	null	2.2901333631016314	0.49645358324050903	0	0	0	0	1	0	0	0	0	0	0	1	"00-0036355"	"00-0041550"	null	null	null	null	0	2026	1	0.9800301194190979	1.99698805809021
517	"2026_02_LV_LAC"	"LAC"	"LV"	"REG"	2	"LAC"	"LV"	70	"2026-09-20"	3	1	1	0	"06:56"	10	"(6:56) (Shotgun) 34-K.Mitchell left end to LAC 33 for 3 yards (51-M.Koonce)."	"run"	3	0	0	0	0	null	null	null	null	null	null	null	-0.33450625324621797	0.5524880886077881	0	0	0	1	0	0	0	0	0	0	0	0	null	null	"00-0038454"	null	null	null	0	2026	0	0.5013934969902039	-50.139349699020386
539	"2026_02_LV_LAC"	"LAC"	"LV"	"REG"	2	"LAC"	"LV"	67	"2026-09-20"	3	1	2	0	"06:27"	7	"(6:27) 10-J.Herbert sacked at LAC 32 for -1 yards (sack split by 51-M.Koonce and 17-N.Dean)."	"pass"	-1	1	0	0	0	null	null	null	null	null	null	null	-0.8754185349680483	0.5558107495307922	0	0	0	0	1	1	0	0	0	0	0	0	"00-0036355"	null	null	null	null	null	0	2026	0	0.6933786273002625	30.662137269973755
559	"2026_02_LV_LAC"	"LAC"	"LV"	"REG"	2	"LAC"	"LV"	68	"2026-09-20"	3	1	3	0	"05:45"	8	"(5:45) (Shotgun) 10-J.Herbert pass incomplete short middle to 1-Q.Johnston (97-T.Hemingway)."	"pass"	0	1	0	0	0	0	null	null	null	null	null	null	-1.5220526834018528	0.513643205165863	0	0	0	0	1	0	0	0	0	0	0	0	"00-0036355"	"00-0038544"	null	null	null	null	0	2026	0	0.9868752956390381	1.3124704360961914
582	"2026_02_LV_LAC"	"LAC"	"LV"	"REG"	2	"LAC"	"LV"	68	"2026-09-20"	3	1	4	0	"05:41"	8	"(5:41) 16-J.Scott punts 47 yards to LV 21, Center-47-J.Harris, downed by LAC-87-G.Jennings."	"punt"	0	0	0	0	0	null	null	47	null	null	null	null	0.04581631347537041	0.4911511242389679	0	0	0	0	0	0	0	0	0	0	0	0	null	null	null	null	null	null	0	2026	1	null	null
602	"2026_02_LV_LAC"	"LAC"	"LV"	"REG"	2	"LV"	"LAC"	79	"2026-09-20"	4	1	1	0	"05:29"	10	"(5:29) (Shotgun) 8-K.Cousins sacked at LV 20 for -1 yards (sack split by 90-A.Mesidor and 94-D.Tomlinson)."	"pass"	-1	1	0	0	0	null	null	null	null	null	null	null	-0.8449591472744942	0.4924300014972687	0	0	0	0	1	1	0	0	0	0	0	0	"00-0029604"	null	null	null	null	null	0	2026	0	0.4679953455924988	53.20046544075012
634	"2026_02_LV_LAC"	"LAC"	"LV"	"REG"	2	"LV"	"LAC"	80	"2026-09-20"	4	1	2	0	"04:55"	11	"(4:55) (Shotgun) 2-A.Jeanty up the middle to LV 28 for 8 yards (3-D.James)."	"run"	8	0	0	0	0	null	null	null	null	null	null	null	0.4161808411590755	0.47316405177116394	0	0	0	1	0	0	0	0	0	0	0	0	null	null	"00-0040122"	null	null	null	0	2026	1	0.7435340285301208	-74.35340285301208
656	"2026_02_LV_LAC"	"LAC"	"LV"	"REG"	2	"LV"	"LAC"	72	"2026-09-20"	4	1	3	0	"04:14"	3	"(4:14) (Shotgun) 8-K.Cousins pass incomplete short middle to 2-A.Jeanty."	"pass"	0	1	0	0	0	5	null	null	null	null	null	null	-1.684675487689674	0.47111988067626953	0	0	0	0	1	0	0	0	0	0	0	0	"00-0029604"	"00-0040122"	null	null	null	null	0	2026	0	0.927378237247467	7.262176275253296
684	"2026_02_LV_LAC"	"LAC"	"LV"	"REG"	2	"LV"	"LAC"	72	"2026-09-20"	4	1	4	0	"04:10"	3	"(4:10) 6-A.Cole punts 55 yards to LAC 17, Center-47-A.Ward, fair catch by 12-D.Davis."	"punt"	0	0	0	0	0	null	null	55	null	null	null	null	0.3084204108454287	0.4410353899002075	0	0	0	0	0	0	0	0	0	0	0	0	null	null	null	"00-0038573"	null	null	0	2026	1	null	null
704	"2026_02_LV_LAC"	"LAC"	"LV"	"REG"	2	"LAC"	"LV"	83	"2026-09-20"	5	1	1	0	"04:04"	10	"(4:04) 34-K.Mitchell right tackle to LAC 22 for 5 yards (95-K.Paye; 44-T.Eichenberg)."	"run"	5	0	0	0	0	null	null	null	null	null	null	null	-0.1921126930974424	0.5421303510665894	0	0	0	1	0	0	0	0	0	0	0	0	null	null	"00-0038454"	null	null	null	0	2026	0	0.5048024654388428	-50.48024654388428
733	"2026_02_LV_LAC"	"LAC"	"LV"	"REG"	2	"LAC"	"LV"	78	"2026-09-20"	5	1	2	0	"03:29"	5	"(3:29) (Shotgun) 10-J.Herbert pass incomplete short right to 83-D.Njoku [3-T.Johnson]."	"pass"	0	1	0	0	0	-6	null	null	null	null	null	null	-0.8743319693021476	0.5342647433280945	0	0	0	0	1	0	0	0	0	0	0	0	"00-0036355"	"00-0033885"	null	null	null	null	0	2026	0	0.5489141345024109	45.10858654975891
756	"2026_02_LV_LAC"	"LAC"	"LV"	"REG"	2	"LAC"	"LV"	78	"2026-09-20"	5	1	3	0	"03:26"	5	"(3:26) (Shotgun) 10-J.Herbert pass deep left intended for 83-D.Njoku INTERCEPTED by 35-H.Masses at LV 48. 35-H.Masses to LAC 23 for 29 yards (28-K.Vidal)."	"pass"	0	1	0	0	0	30	null	null	null	null	null	null	-4.58734264690429	0.5132735371589661	1	0	0	0	1	0	0	0	0	0	0	0	"00-0036355"	"00-0033885"	null	null	null	null	29	2026	0	0.9768325090408325	2.316749095916748
783	"2026_02_LV_LAC"	"LAC"	"LV"	"REG"	2	"LV"	"LAC"	23	"2026-09-20"	6	1	1	0	"03:14"	10	"(3:14) (Shotgun) 8-K.Cousins pass short left to 18-J.Bech to LAC 7 for 16 yards (26-D.Jackson). FUMBLES (26-D.Jackson), and recovers at LAC 3. 18-J.Bech ran ob at LAC 3 for no gain."	"pass"	20	1	0	0	0	13	null	null	null	null	null	null	1.6131149313878268	0.6221994161605835	0	0	0	0	1	0	0	0	0	0	0	1	"00-0029604"	"00-0040729"	null	null	null	null	0	2026	1	0.43120309710502625	56.879690289497375
813	"2026_02_LV_LAC"	"LAC"	"LV"	"REG"	2	"LV"	"LAC"	3	"2026-09-20"	6	1	1	1	"02:39"	3	"(2:39) 2-A.Jeanty left end to LAC 5 for -2 yards (26-D.Jackson, 52-K.Mack)."	"run"	-2	0	0	0	0	null	null	null	null	null	null	null	-0.7601500668097287	0.6418052911758423	0	0	0	1	0	0	0	0	0	0	0	0	null	null	"00-0040122"	null	null	null	0	2026	0	0.3664039075374603	-36.64039075374603
835	"2026_02_LV_LAC"	"LAC"	"LV"	"REG"	2	"LV"	"LAC"	5	"2026-09-20"	6	1	2	1	"01:57"	5	"(1:57) 2-A.Jeanty up the middle to LAC 2 for 3 yards (92-J.Eboigbe; 0-D.Henley)."	"run"	3	0	0	0	0	null	null	null	null	null	null	null	-0.3027687146095559	0.6217098832130432	0	0	0	1	0	0	0	0	0	0	0	0	null	null	"00-0040122"	null	null	null	0	2026	0	0.589647114276886	-58.9647114276886
857	"2026_02_LV_LAC"	"LAC"	"LV"	"REG"	2	"LV"	"LAC"	2	"2026-09-20"	6	1	3	1	"01:19"	2	"(1:19) 2-A.Jeanty right tackle to LAC 1 for 1 yard (23-T.Jefferson)."	"run"	1	0	0	0	0	null	null	null	null	null	null	null	-0.4445575495483354	0.6129338145256042	0	0	0	1	0	0	0	0	0	0	0	0	null	null	"00-0040122"	null	null	null	0	2026	0	0.7846509218215942	-78.46509218215942
889	"2026_02_LV_LAC"	"LAC"	"LV"	"REG"	2	"LV"	"LAC"	1	"2026-09-20"	6	1	4	1	"00:40"	1	"(:40) Direct snap to 2-A.Jeanty. 2-A.Jeanty up the middle to LAC 1 for no gain (53-D.Phillips; 23-T.Jefferson)."	"run"	0	0	0	0	0	null	null	null	null	null	null	null	-4.512095806654543	0.5925414562225342	0	0	0	1	0	0	0	0	0	0	0	0	null	null	"00-0040122"	null	null	null	0	2026	0	0.3014003038406372	-30.14003038406372
913	"2026_02_LV_LAC"	"LAC"	"LV"	"REG"	2	"LAC"	"LV"	99	"2026-09-20"	7	1	1	0	"00:35"	10	"(:35) 8-O.Hampton up the middle to LAC 3 for 2 yards (98-M.Crosby)."	"run"	2	0	0	0	0	null	null	null	null	null	null	null	-0.24929955415427685	0.5113692283630371	0	0	0	1	0	0	0	0	0	0	0	0	null	null	"00-0040666"	null	null	null	0	2026	0	0.32749277353286743	-32.74927735328674
949	"2026_02_LV_LAC"	"LAC"	"LV"	"REG"	2	"LAC"	"LV"	null	"2026-09-20"	7	1	null	0	"00:00"	0	"END QUARTER 1"	null	null	null	0	0	0	null	null	null	null	null	null	null	0	0.49112963676452637	null	null	null	null	null	null	null	null	null	null	null	null	null	null	null	null	null	null	null	2026	0	null	null
989	"2026_02_LV_LAC"	"LAC"	"LV"	"REG"	2	"LAC"	"LV"	97	"2026-09-20"	7	2	2	0	"15:00"	8	"(15:00) (Shotgun) 8-O.Hampton up the middle to LAC 6 for 3 yards (7-Q.Walker). LAC-83-D.Njoku was injured during the play."	"run"	3	0	0	0	0	null	null	null	null	null	null	null	-0.4839919335208833	0.49112963676452637	0	0	0	1	0	0	0	0	0	0	0	0	null	null	"00-0040666"	null	null	null	0	2026	0	0.6812160611152649	-68.12160611152649
1011	"2026_02_LV_LAC"	"LAC"	"LV"	"REG"	2	"LAC"	"LV"	94	"2026-09-20"	7	2	3	0	"14:25"	5	"(14:25) (Shotgun) PENALTY on LAC-76-J.Alt, False Start, 3 yards, enforced at LAC 6 - No Play."	"no_play"	0	0	0	0	0	null	null	null	null	null	null	null	-0.24543155916035175	0.4586235284805298	0	0	0	0	0	0	0	0	0	0	0	0	null	null	null	null	null	null	0	2026	0	0.9501833319664001	null
1045	"2026_02_LV_LAC"	"LAC"	"LV"	"REG"	2	"LAC"	"LV"	97	"2026-09-20"	7	2	3	0	"14:15"	8	"(14:15) (Shotgun) PENALTY on LAC-76-J.Alt, False Start, 1 yard, enforced at LAC 3 - No Play."	"no_play"	0	0	0	0	0	null	null	null	null	null	null	null	0.000012787524610757828	0.4642927944660187	0	0	0	0	0	0	0	0	0	0	0	0	null	null	null	null	null	null	0	2026	1	0.9486487507820129	null
1069	"2026_02_LV_LAC"	"LAC"	"LV"	"REG"	2	"LAC"	"LV"	98	"2026-09-20"	7	2	3	0	"14:01"	9	"(14:01) (Shotgun) 8-O.Hampton up the middle to LAC 5 for 3 yards (97-T.Hemingway; 95-K.Paye)."	"run"	3	0	0	0	0	null	null	null	null	null	null	null	-1.2059497607406229	0.4642927944660187	0	0	0	1	0	0	0	0	0	0	0	0	null	null	"00-0040666"	null	null	null	0	2026	0	0.944718599319458	-94.4718599319458
1091	"2026_02_LV_LAC"	"LAC"	"LV"	"REG"	2	"LAC"	"LV"	95	"2026-09-20"	7	2	4	0	"13:21"	6	"(13:21) 16-J.Scott punts 46 yards to LV 49, Center-47-J.Harris, out of bounds."	"punt"	0	0	0	0	0	null	null	46	null	null	null	null	-0.26303434488363564	0.3637221157550812	0	0	0	0	0	0	0	0	0	0	0	0	null	null	null	null	null	null	0	2026	0	null	null
1110	"2026_02_LV_LAC"	"LAC"	"LV"	"REG"	2	"LV"	"LAC"	51	"2026-09-20"	8	2	1	0	"13:13"	10	"(13:13) (Shotgun) 4-M.Washington left tackle to LAC 48 for 3 yards (99-J.Caldwell; 48-B.Dupree)."	"run"	3	0	0	0	0	null	null	null	null	null	null	null	-0.33241882850416005	0.5470520257949829	0	0	0	1	0	0	0	0	0	0	0	0	null	null	"00-0040878"	null	null	null	0	2026	0	0.45774152874946594	-45.774152874946594
1132	"2026_02_LV_LAC"	"LAC"	"LV"	"REG"	2	"LV"	"LAC"	48	"2026-09-20"	8	2	2	0	"12:33"	7	"(12:33) PENALTY on LV-87-M.Mayer, False Start, 5 yards, enforced at LAC 48 - No Play."	"no_play"	0	0	0	0	0	null	null	null	null	null	null	null	-0.5315064224414527	0.5361868739128113	0	0	0	0	0	0	0	0	0	0	0	0	null	null	null	null	null	null	0	2026	0	0.6720773577690125	null
1156	"2026_02_LV_LAC"	"LAC"	"LV"	"REG"	2	"LV"	"LAC"	53	"2026-09-20"	8	2	2	0	"12:19"	12	"(12:19) (Shotgun) 8-K.Cousins pass short middle to 1-T.Tucker to LAC 40 for 13 yards (20-C.Hart)."	"pass"	13	1	0	0	0	13	null	null	null	null	null	null	1.6124230974819511	0.508470892906189	0	0	0	0	1	0	0	0	0	0	0	1	"00-0029604"	"00-0038563"	null	null	null	null	0	2026	1	0.829410970211029	17.058902978897095
1186	"2026_02_LV_LAC"	"LAC"	"LV"	"REG"	2	"LV"	"LAC"	40	"2026-09-20"	8	2	1	0	"11:57"	10	"(11:57) (No Huddle, Shotgun) 8-K.Cousins pass deep left to 1-T.Tucker for 40 yards, TOUCHDOWN."	"pass"	40	1	0	0	0	40	null	null	null	null	"LV"	"00-0038563"	3.650854177772999	0.5786228775978088	0	0	0	0	1	0	1	1	0	0	0	1	"00-0029604"	"00-0038563"	null	null	null	null	0	2026	1	0.4563576281070709	54.36423718929291
1212	"2026_02_LV_LAC"	"LAC"	"LV"	"REG"	2	"LV"	"LAC"	15	"2026-09-20"	8	2	null	0	"11:51"	0	"14-M.Gay extra point is GOOD, Center-47-A.Ward, Holder-6-A.Cole."	"extra_point"	0	0	0	0	0	null	null	33	"good"	null	null	null	0.05117156607063911	0.6793984156705999	0	0	0	0	0	0	0	0	0	0	0	0	null	null	null	null	null	"00-0035269"	0	2026	1	null	null
1227	"2026_02_LV_LAC"	"LAC"	"LV"	"REG"	2	"LAC"	"LV"	35	"2026-09-20"	9	2	null	0	"11:51"	0	"14-M.Gay kicks 60 yards from LV 35 to LAC 5. 28-K.Vidal to LAC 31 for 26 yards (31-T.Stukes)."	"kickoff"	0	0	0	0	0	null	null	60	null	null	null	null	0.2995486273430288	0.3197084069252014	0	0	0	0	0	0	0	0	0	0	0	0	null	null	null	null	"00-0039391"	"00-0035269"	26	2026	1	null	null
1257	"2026_02_LV_LAC"	"LAC"	"LV"	"REG"	2	"LAC"	"LV"	69	"2026-09-20"	9	2	1	0	"11:46"	10	"(11:46) 8-O.Hampton left end to LAC 36 for 5 yards (7-Q.Walker; 20-I.Pola-Mao)."	"run"	5	0	0	0	0	null	null	null	null	null	null	null	0.05291928700171411	0.3252032399177551	0	0	0	1	0	0	0	0	0	0	0	0	null	null	"00-0040666"	null	null	null	0	2026	1	0.521909773349762	-52.190977334976196
1279	"2026_02_LV_LAC"	"LAC"	"LV"	"REG"	2	"LAC"	"LV"	64	"2026-09-20"	9	2	2	0	"11:09"	5	"(11:09) 8-O.Hampton left end to LAC 43 for 7 yards (28-J.McCoy; 11-J.Chinn). PENALTY on LAC-74-K.Awosika, Offensive Holding, 10 yards, enforced at LAC 36 - No Play."	"no_play"	0	0	0	0	0	null	null	null	null	null	null	null	-1.2536086014006287	0.3235904276371002	0	0	0	0	0	0	0	0	0	0	0	0	null	null	null	null	null	null	0	2026	0	0.5501030087471008	-55.01030087471008
1312	"2026_02_LV_LAC"	"LAC"	"LV"	"REG"	2	"LAC"	"LV"	74	"2026-09-20"	9	2	2	0	"10:55"	15	"(10:55) (Shotgun) 34-K.Mitchell left end to LAC 30 for 4 yards (28-J.McCoy)."	"run"	4	0	0	0	0	null	null	null	null	null	null	null	-0.5249919127672911	0.2860460579395294	0	0	0	1	0	0	0	0	0	0	0	0	null	null	"00-0038454"	null	null	null	0	2026	0	0.8403878808021545	-84.03878808021545
1334	"2026_02_LV_LAC"	"LAC"	"LV"	"REG"	2	"LAC"	"LV"	70	"2026-09-20"	9	2	3	0	"10:11"	11	"(10:11) (Shotgun) 10-J.Herbert pass deep left to 15-L.McConkey to LAC 49 for 19 yards (20-I.Pola-Mao)."	"pass"	19	1	0	0	0	18	null	null	null	null	null	null	2.6943924129009247	0.27647632360458374	0	0	0	0	1	0	0	0	0	0	0	1	"00-0036355"	"00-0039915"	null	null	null	null	0	2026	1	0.9852299094200134	1.4770090579986572
1364	"2026_02_LV_LAC"	"LAC"	"LV"	"REG"	2	"LAC"	"LV"	51	"2026-09-20"	9	2	1	0	"09:32"	10	"(9:32) (Shotgun) 8-O.Hampton right end to LAC 49 for no gain (5-E.Stokes; 7-Q.Walker)."	"run"	0	0	0	0	0	null	null	null	null	null	null	null	-0.49131886661052704	0.34714365005493164	0	0	0	1	0	0	0	0	0	0	0	0	null	null	"00-0040666"	null	null	null	0	2026	0	0.5149977803230286	-51.499778032302856
1386	"2026_02_LV_LAC"	"LAC"	"LV"	"REG"	2	"LAC"	"LV"	51	"2026-09-20"	9	2	2	0	"08:53"	10	"(8:53) 10-J.Herbert pass short left to 8-O.Hampton ran ob at LV 33 for 18 yards (17-N.Dean)."	"pass"	18	1	0	0	0	-3	null	null	null	null	null	null	1.4746081144548953	0.3296581506729126	0	0	0	0	1	0	0	0	0	0	0	1	"00-0036355"	"00-0040666"	null	null	null	null	0	2026	1	0.6366108059883118	36.33891940116882
1428	"2026_02_LV_LAC"	"LAC"	"LV"	"REG"	2	null	null	null	"2026-09-20"	9	2	null	0	"08:13"	0	"Timeout #1 by LAC at 08:13."	"no_play"	0	0	0	0	0	null	null	null	null	null	null	null	0	0.3594515025615692	0	0	0	0	0	0	0	0	0	0	0	0	null	null	null	null	null	null	0	2026	0	null	null
1435	"2026_02_LV_LAC"	"LAC"	"LV"	"REG"	2	"LAC"	"LV"	33	"2026-09-20"	9	2	1	0	"08:13"	10	"(8:13) (Shotgun) 8-O.Hampton up the middle to LV 26 for 7 yards (28-J.McCoy; 31-T.Stukes). ** Injury Update: LV-31-T.Stukes has returned to the game."	"run"	7	0	0	0	0	null	null	null	null	null	null	null	0.3900080661987886	0.3594515025615692	0	0	0	1	0	0	0	0	0	0	0	0	null	null	"00-0040666"	null	null	null	0	2026	1	0.509009063243866	-50.9009063243866
1457	"2026_02_LV_LAC"	"LAC"	"LV"	"REG"	2	"LAC"	"LV"	26	"2026-09-20"	9	2	2	0	"07:34"	3	"(7:34) 8-O.Hampton up the middle to LV 22 for 4 yards (3-T.Johnson)."	"run"	4	0	0	0	0	null	null	null	null	null	null	null	0.4144513898063451	0.3913298547267914	0	0	0	1	0	0	0	0	0	0	0	0	null	null	"00-0040666"	null	null	null	0	2026	1	0.3930702805519104	-39.30702805519104
1482	"2026_02_LV_LAC"	"LAC"	"LV"	"REG"	2	"LAC"	"LV"	22	"2026-09-20"	9	2	1	0	"06:57"	10	"(6:57) (Shotgun) 34-K.Mitchell left end pushed ob at LV 11 for 11 yards (31-T.Stukes)."	"run"	11	0	0	0	0	null	null	null	null	null	null	null	0.5049712828476913	0.3971550464630127	0	0	0	1	0	0	0	0	0	0	0	0	null	null	"00-0038454"	null	null	null	0	2026	1	0.4887180030345917	-48.87180030345917
1519	"2026_02_LV_LAC"	"LAC"	"LV"	"REG"	2	"LAC"	"LV"	11	"2026-09-20"	9	2	1	0	"06:26"	10	"(6:26) 8-O.Hampton left end to LV 1 for 10 yards (17-N.Dean)."	"run"	10	0	0	0	0	null	null	null	null	null	null	null	1.370249480009079	0.41189244389533997	0	0	0	1	0	0	0	0	0	0	0	0	null	null	"00-0040666"	null	null	null	0	2026	1	0.45270073413848877	-45.27007341384888
1541	"2026_02_LV_LAC"	"LAC"	"LV"	"REG"	2	"LAC"	"LV"	1	"2026-09-20"	9	2	1	1	"05:30"	1	"(5:30) (Shotgun) 8-O.Hampton left guard for 1 yard, TOUCHDOWN."	"run"	1	0	0	0	0	null	null	null	null	null	"LAC"	"00-0040666"	0.5746480562374927	0.4572173058986664	0	0	0	1	0	0	1	0	1	0	0	0	null	null	"00-0040666"	null	null	null	0	2026	1	0.26157012581825256	-26.157012581825256
1564	"2026_02_LV_LAC"	"LAC"	"LV"	"REG"	2	"LAC"	"LV"	15	"2026-09-20"	9	2	null	0	"05:26"	0	"11-C.Dicker extra point is GOOD, Center-47-J.Harris, Holder-16-J.Scott."	"extra_point"	0	0	0	0	0	null	null	33	"good"	null	null	null	0.05117156607063911	0.4972692566671001	0	0	0	0	0	0	0	0	0	0	0	0	null	null	null	null	null	"00-0037224"	0	2026	1	null	null
1579	"2026_02_LV_LAC"	"LAC"	"LV"	"REG"	2	"LV"	"LAC"	35	"2026-09-20"	10	2	null	0	"05:26"	0	"11-C.Dicker kicks 65 yards from LAC 35 to end zone, Touchback to the LV 35."	"kickoff"	0	0	0	0	0	null	null	65	null	null	null	null	0.6147433177102357	0.4978466331958771	0	0	0	0	0	0	0	0	0	0	0	0	null	null	null	null	null	"00-0037224"	0	2026	1	null	null
1606	"2026_02_LV_LAC"	"LAC"	"LV"	"REG"	2	"LV"	"LAC"	65	"2026-09-20"	10	2	1	0	"05:26"	10	"(5:26) 2-A.Jeanty left tackle to LV 37 for 2 yards (94-D.Tomlinson; 99-J.Caldwell). ** Injury Update: LAC-3-D.James has returned to the game."	"run"	2	0	0	0	0	null	null	null	null	null	null	null	-0.478066322626546	0.5202733278274536	0	0	0	1	0	0	0	0	0	0	0	0	null	null	"00-0040122"	null	null	null	0	2026	0	0.48642367124557495	-48.642367124557495
1628	"2026_02_LV_LAC"	"LAC"	"LV"	"REG"	2	"LV"	"LAC"	63	"2026-09-20"	10	2	2	0	"04:48"	8	"(4:48) (Shotgun) 8-K.Cousins pass short middle to 87-M.Mayer to LV 47 for 10 yards (53-D.Phillips)."	"pass"	10	1	0	0	0	5	null	null	null	null	null	null	1.1905530992662534	0.510909378528595	0	0	0	0	1	0	0	0	0	0	0	1	"00-0029604"	"00-0039066"	null	null	null	null	0	2026	1	0.7203723788261414	27.962762117385864
1653	"2026_02_LV_LAC"	"LAC"	"LV"	"REG"	2	"LV"	"LAC"	53	"2026-09-20"	10	2	1	0	"04:13"	10	"(4:13) 2-A.Jeanty right tackle to LAC 46 for 7 yards (53-D.Phillips; 20-C.Hart). PENALTY on LV-71-D.Glaze, Offensive Holding, 10 yards, enforced at LV 47 - No Play."	"no_play"	0	0	0	0	0	null	null	null	null	null	null	null	-0.8947217884706333	0.5341159105300903	0	0	0	0	0	0	0	0	0	0	0	0	null	null	null	null	null	null	0	2026	0	0.5002077221870422	-50.020772218704224
1689	"2026_02_LV_LAC"	"LAC"	"LV"	"REG"	2	"LV"	"LAC"	63	"2026-09-20"	10	2	1	0	"04:01"	20	"(4:01) (Shotgun) 2-A.Jeanty up the middle to LV 43 for 6 yards (20-C.Hart; 23-T.Jefferson)."	"run"	6	0	0	0	0	null	null	null	null	null	null	null	-0.26766364509239793	0.5185412764549255	0	0	0	1	0	0	0	0	0	0	0	0	null	null	"00-0040122"	null	null	null	0	2026	0	0.7268670201301575	-72.68670201301575
1711	"2026_02_LV_LAC"	"LAC"	"LV"	"REG"	2	"LV"	"LAC"	57	"2026-09-20"	10	2	2	0	"03:22"	14	"(3:22) (Shotgun) 8-K.Cousins pass short left to 18-J.Bech to LV 48 for 5 yards (20-C.Hart)."	"pass"	5	1	0	0	0	5	null	null	null	null	null	null	-0.09415890369564295	0.5104495286941528	0	0	0	0	1	0	0	0	0	0	0	1	"00-0029604"	"00-0040729"	null	null	null	null	0	2026	0	0.8491594791412354	15.084052085876465
1736	"2026_02_LV_LAC"	"LAC"	"LV"	"REG"	2	"LV"	"LAC"	52	"2026-09-20"	10	2	3	0	"02:40"	9	"(2:40) (Shotgun) 8-K.Cousins sacked at LV 44 for -4 yards (52-K.Mack)."	"pass"	-4	1	0	0	0	null	null	null	null	null	null	null	-1.5297444078605622	0.5096433162689209	0	0	0	0	1	1	0	0	0	0	0	0	"00-0029604"	null	null	null	null	null	0	2026	0	0.9812334775924683	1.8766522407531738
1756	"2026_02_LV_LAC"	"LAC"	"LV"	"REG"	2	"LV"	"LAC"	56	"2026-09-20"	10	2	4	0	"02:01"	13	"(2:01) 6-A.Cole punts 46 yards to LAC 10, Center-47-A.Ward, fair catch by 12-D.Davis."	"punt"	0	0	0	0	0	null	null	46	null	null	null	null	-0.11793805635534227	0.4475516974925995	0	0	0	0	0	0	0	0	0	0	0	0	null	null	null	"00-0038573"	null	null	0	2026	0	null	null
1776	"2026_02_LV_LAC"	"LAC"	"LV"	"REG"	2	"LAC"	"LV"	90	"2026-09-20"	11	2	1	0	"01:53"	10	"(1:53) (Shotgun) 8-O.Hampton right guard to LAC 18 for 8 yards (7-Q.Walker)."	"run"	8	0	0	0	0	null	null	null	null	null	null	null	0.46629722649231553	0.5101050138473511	0	0	0	1	0	0	0	0	0	0	0	0	null	null	"00-0040666"	null	null	null	0	2026	1	0.6633297801017761	-66.33297801017761
1805	"2026_02_LV_LAC"	"LAC"	"LV"	"REG"	2	"LAC"	"LV"	82	"2026-09-20"	11	2	2	0	"01:34"	2	"(1:34) (No Huddle, Shotgun) 10-J.Herbert pass incomplete deep left to 1-Q.Johnston."	"pass"	0	1	0	0	0	18	null	null	null	null	null	null	-0.3741536815650761	0.5376008152961731	0	0	0	0	1	0	0	0	0	0	0	0	"00-0036355"	"00-0038544"	null	null	null	null	0	2026	0	0.7902183532714844	20.978164672851562
1828	"2026_02_LV_LAC"	"LAC"	"LV"	"REG"	2	"LAC"	"LV"	82	"2026-09-20"	11	2	3	0	"01:30"	2	"(1:30) (Shotgun) 10-J.Herbert pass short right to 88-C.Kolar to LAC 23 for 5 yards (5-E.Stokes)."	"pass"	5	1	0	0	0	5	null	null	null	null	null	null	0.5224503811914474	0.5149682760238647	0	0	0	0	1	0	0	0	0	0	0	1	"00-0036355"	"00-0038046"	null	null	null	null	0	2026	1	0.8732537031173706	12.67462968826294
1853	"2026_02_LV_LAC"	"LAC"	"LV"	"REG"	2	"LAC"	"LV"	77	"2026-09-20"	11	2	1	0	"01:12"	10	"(1:12) (No Huddle, Shotgun) 10-J.Herbert pass short right to 88-C.Kolar to LAC 31 for 8 yards (7-Q.Walker)."	"pass"	8	1	0	0	0	6	null	null	null	null	null	null	0.02330303005874157	0.5308955907821655	0	0	0	0	1	0	0	0	0	0	0	1	"00-0036355"	"00-0038046"	null	null	null	null	0	2026	1	0.9063465595245361	9.365344047546387
1878	"2026_02_LV_LAC"	"LAC"	"LV"	"REG"	2	"LAC"	"LV"	69	"2026-09-20"	11	2	2	0	"00:52"	2	"(:52) (No Huddle, Shotgun) 10-J.Herbert pass incomplete deep right to 9-T.Harris [97-T.Hemingway]."	"pass"	0	1	0	0	0	24	null	null	null	null	null	null	-0.4346744262147695	0.5435221791267395	0	0	0	0	1	0	0	0	0	0	0	0	"00-0036355"	"00-0040727"	null	null	null	null	0	2026	0	0.9204791188240051	7.952088117599487
1901	"2026_02_LV_LAC"	"LAC"	"LV"	"REG"	2	"LAC"	"LV"	69	"2026-09-20"	11	2	3	0	"00:47"	2	"(:47) (Shotgun) 10-J.Herbert pass incomplete deep right to 1-Q.Johnston [17-N.Dean]."	"pass"	0	1	0	0	0	29	null	null	null	null	null	null	-0.831614428316243	0.5209211707115173	0	0	0	0	1	0	0	0	0	0	0	0	"00-0036355"	"00-0038544"	null	null	null	null	0	2026	0	0.9072304368019104	9.27695631980896
1924	"2026_02_LV_LAC"	"LAC"	"LV"	"REG"	2	"LAC"	"LV"	69	"2026-09-20"	11	2	4	0	"00:42"	2	"(:42) 16-J.Scott punts 53 yards to LV 16, Center-47-J.Harris, fair catch by 19-M.Benson."	"punt"	0	0	0	0	0	null	null	53	null	null	null	null	-0.05276772758224979	0.4651315212249756	0	0	0	0	0	0	0	0	0	0	0	0	null	null	null	"00-0040894"	null	null	0	2026	0	null	null
1944	"2026_02_LV_LAC"	"LAC"	"LV"	"REG"	2	"LV"	"LAC"	84	"2026-09-20"	12	2	1	0	"00:35"	10	"(:35) (Shotgun) 8-K.Cousins pass incomplete short left to 87-M.Mayer (20-C.Hart)."	"pass"	0	1	0	0	0	12	null	null	null	null	null	null	-0.1273229643702507	0.480896919965744	0	0	0	0	1	0	0	0	0	0	0	0	"00-0029604"	"00-0039066"	null	null	null	null	0	2026	0	0.46489420533180237	53.51057946681976
1967	"2026_02_LV_LAC"	"LAC"	"LV"	"REG"	2	"LV"	"LAC"	84	"2026-09-20"	12	2	2	0	"00:31"	10	"(:31) (Shotgun) 8-K.Cousins pass deep left to 1-T.Tucker to LAC 42 for 42 yards (20-C.Hart) [45-T.Tuipulotu]."	"pass"	42	1	0	0	0	42	null	null	null	null	null	null	2.0003329724422656	0.47040030360221863	0	0	0	0	1	0	0	0	0	0	0	1	"00-0029604"	"00-0038563"	null	null	null	null	0	2026	1	0.48115813732147217	51.88418626785278
2004	"2026_02_LV_LAC"	"LAC"	"LV"	"REG"	2	null	null	null	"2026-09-20"	12	2	null	0	"00:24"	0	"Timeout #1 by LV at 00:24."	"no_play"	0	0	0	0	0	null	null	null	null	null	null	null	0	0.5542697906494141	0	0	0	0	0	0	0	0	0	0	0	0	null	null	null	null	null	null	0	2026	0	null	null
1992	"2026_02_LV_LAC"	"LAC"	"LV"	"REG"	2	"LV"	"LAC"	42	"2026-09-20"	12	2	1	0	"00:24"	10	"(:24) (Shotgun) 2-A.Jeanty right guard to LAC 41 for 1 yard (53-D.Phillips; 27-R.Mickens)."	"run"	1	0	0	0	0	null	null	null	null	null	null	null	-0.21118698752252385	0.5542697906494141	0	0	0	1	0	0	0	0	0	0	0	0	null	null	"00-0040122"	null	null	null	0	2026	0	0.9492488503456116	-94.92488503456116
2033	"2026_02_LV_LAC"	"LAC"	"LV"	"REG"	2	null	null	null	"2026-09-20"	12	2	null	0	"00:19"	0	"Timeout #2 by LV at 00:19."	"no_play"	0	0	0	0	0	null	null	null	null	null	null	null	0	0.5565608143806458	0	0	0	0	0	0	0	0	0	0	0	0	null	null	null	null	null	null	0	2026	0	null	null
2021	"2026_02_LV_LAC"	"LAC"	"LV"	"REG"	2	"LV"	"LAC"	41	"2026-09-20"	12	2	2	0	"00:19"	9	"(:19) (Shotgun) 8-K.Cousins pass incomplete short left to 2-A.Jeanty."	"pass"	0	1	0	0	0	6	null	null	null	null	null	null	-0.3834596159285866	0.5565608143806458	0	0	0	0	1	0	0	0	0	0	0	0	"00-0029604"	"00-0040122"	null	null	null	null	0	2026	0	0.9591980576515198	4.0801942348480225
2051	"2026_02_LV_LAC"	"LAC"	"LV"	"REG"	2	"LV"	"LAC"	41	"2026-09-20"	12	2	3	0	"00:15"	9	"(:15) (Shotgun) 2-A.Jeanty right guard to LAC 41 for no gain (3-D.James; 92-J.Eboigbe)."	"run"	0	0	0	0	0	null	null	null	null	null	null	null	-0.33791046862151797	0.523034393787384	0	0	0	1	0	0	0	0	0	0	0	0	null	null	"00-0040122"	null	null	null	0	2026	0	0.9716004729270935	-97.16004729270935
2085	"2026_02_LV_LAC"	"LAC"	"LV"	"REG"	2	null	null	null	"2026-09-20"	12	2	null	0	"00:08"	0	"Timeout #2 by LAC at 00:08."	"no_play"	0	0	0	0	0	null	null	null	null	null	null	null	0	0.4962596297264099	0	0	0	0	0	0	0	0	0	0	0	0	null	null	null	null	null	null	0	2026	0	null	null
2073	"2026_02_LV_LAC"	"LAC"	"LV"	"REG"	2	"LV"	"LAC"	41	"2026-09-20"	12	2	4	0	"00:08"	9	"(:08) 14-M.Gay 59 yard field goal is GOOD, Center-47-A.Ward, Holder-6-A.Cole."	"field_goal"	0	0	0	0	0	null	"made"	59	null	null	null	null	1.6979152664322066	0.4962596297264099	0	0	0	0	0	0	0	0	0	0	0	0	null	null	null	null	null	"00-0035269"	0	2026	1	null	null
2100	"2026_02_LV_LAC"	"LAC"	"LV"	"REG"	2	"LAC"	"LV"	35	"2026-09-20"	13	2	null	0	"00:04"	0	"14-M.Gay kicks 65 yards from LV 35 to end zone, Touchback to the LAC 35."	"kickoff"	0	0	0	0	0	null	null	65	null	null	null	null	0.032637922500725836	0.3930140435695648	0	0	0	0	0	0	0	0	0	0	0	0	null	null	null	null	null	"00-0035269"	0	2026	1	null	null
2117	"2026_02_LV_LAC"	"LAC"	"LV"	"REG"	2	"LAC"	"LV"	65	"2026-09-20"	13	2	1	0	"00:04"	10	"(:04) (Shotgun) 8-O.Hampton up the middle to LV 48 for 17 yards (7-Q.Walker)."	"run"	17	0	0	0	0	null	null	null	null	null	null	null	-0.1359304318903014	0.41263091564178467	0	0	0	1	0	0	0	0	0	0	0	0	null	null	"00-0040666"	null	null	null	0	2026	0	0.8235494494438171	-82.35494494438171
2139	"2026_02_LV_LAC"	"LAC"	"LV"	"REG"	2	null	null	null	"2026-09-20"	13	2	null	0	"00:00"	0	"END QUARTER 2"	null	null	null	0	0	0	null	null	null	null	null	null	null	null	0.5896167755126953	null	null	null	null	null	null	null	null	null	null	null	null	null	null	null	null	null	null	null	2026	null	null	null
2159	"2026_02_LV_LAC"	"LAC"	"LV"	"REG"	2	"LV"	"LAC"	35	"2026-09-20"	14	3	null	0	"15:00"	0	"11-C.Dicker kicks 62 yards from LAC 35 to LV 3. 23-D.Laube to LV 17 for 14 yards (24-R.Shelley)."	"kickoff"	0	0	0	0	0	null	null	62	null	null	null	null	-0.5456854752264917	0.5896167755126953	0	0	0	0	0	0	0	0	0	0	0	0	null	null	null	null	"00-0039407"	"00-0037224"	14	2026	0	null	null
2182	"2026_02_LV_LAC"	"LAC"	"LV"	"REG"	2	"LV"	"LAC"	83	"2026-09-20"	14	3	1	0	"14:55"	10	"(14:55) 8-K.Cousins pass incomplete short left to 9-J.Nailor [93-T.Tart]."	"pass"	0	1	0	0	0	8	null	null	null	null	null	null	-0.7116814027540386	0.5785164833068848	0	0	0	0	1	0	0	0	0	0	0	0	"00-0029604"	"00-0037291"	null	null	null	null	0	2026	0	0.43001505732536316	56.998494267463684
2205	"2026_02_LV_LAC"	"LAC"	"LV"	"REG"	2	"LV"	"LAC"	83	"2026-09-20"	14	3	2	0	"14:52"	10	"(14:52) (Shotgun) 8-K.Cousins pass short left to 2-A.Jeanty to LV 18 for 1 yard (53-D.Phillips; 26-D.Jackson) [93-T.Tart]."	"pass"	1	1	0	0	0	-5	null	null	null	null	null	null	-0.7088872157037258	0.565612256526947	0	0	0	0	1	0	0	0	0	0	0	1	"00-0029604"	"00-0040122"	null	null	null	null	0	2026	0	0.4256932735443115	57.43067264556885
2230	"2026_02_LV_LAC"	"LAC"	"LV"	"REG"	2	"LV"	"LAC"	82	"2026-09-20"	14	3	3	0	"14:07"	9	"(14:07) (Shotgun) 8-K.Cousins pass incomplete short right to 1-T.Tucker (22-G.Smith)."	"pass"	0	1	0	0	0	9	null	null	null	null	null	null	-1.3571180310100317	0.5387598872184753	0	0	0	0	1	0	0	0	0	0	0	0	"00-0029604"	"00-0038563"	null	null	null	null	0	2026	0	0.9832705855369568	1.6729414463043213
2253	"2026_02_LV_LAC"	"LAC"	"LV"	"REG"	2	"LV"	"LAC"	82	"2026-09-20"	14	3	4	0	"14:03"	9	"(14:03) 6-A.Cole punts 56 yards to LAC 26, Center-47-A.Ward, out of bounds."	"punt"	0	0	0	0	0	null	null	56	null	null	null	null	0.41004798584617674	0.5061172842979431	0	0	0	0	0	0	0	0	0	0	0	0	null	null	null	null	null	null	0	2026	1	null	null
2272	"2026_02_LV_LAC"	"LAC"	"LV"	"REG"	2	"LAC"	"LV"	74	"2026-09-20"	15	3	1	0	"13:56"	10	"(13:56) 8-O.Hampton left tackle to LAC 31 for 5 yards (11-J.Chinn; 35-H.Masses)."	"run"	5	0	0	0	0	null	null	null	null	null	null	null	-0.025208598701283336	0.4493953585624695	0	0	0	1	0	0	0	0	0	0	0	0	null	null	"00-0040666"	null	null	null	0	2026	0	0.4869934916496277	-48.69934916496277
2301	"2026_02_LV_LAC"	"LAC"	"LV"	"REG"	2	"LAC"	"LV"	69	"2026-09-20"	15	3	2	0	"13:22"	5	"(13:22) 8-O.Hampton left tackle to LAC 37 for 6 yards (7-Q.Walker; 17-N.Dean)."	"run"	6	0	0	0	0	null	null	null	null	null	null	null	0.6735969744622707	0.44008925557136536	0	0	0	1	0	0	0	0	0	0	0	0	null	null	"00-0040666"	null	null	null	0	2026	1	0.5484399795532227	-54.843997955322266
2328	"2026_02_LV_LAC"	"LAC"	"LV"	"REG"	2	"LAC"	"LV"	63	"2026-09-20"	15	3	1	0	"12:43"	10	"(12:43) (Shotgun) 8-O.Hampton right guard to LAC 39 for 2 yards (35-H.Masses)."	"run"	2	0	0	0	0	null	null	null	null	null	null	null	-0.5683186559472233	0.4686022996902466	0	0	0	1	0	0	0	0	0	0	0	0	null	null	"00-0040666"	null	null	null	0	2026	0	0.49425798654556274	-49.425798654556274
2350	"2026_02_LV_LAC"	"LAC"	"LV"	"REG"	2	"LAC"	"LV"	61	"2026-09-20"	15	3	2	0	"12:02"	8	"(12:02) (Shotgun) 10-J.Herbert pass short left to 8-O.Hampton to LAC 42 for 3 yards (35-H.Masses)."	"pass"	3	1	0	0	0	-5	null	null	null	null	null	null	-0.4951335189398378	0.44920846819877625	0	0	0	0	1	0	0	0	0	0	0	1	"00-0036355"	"00-0040666"	null	null	null	null	0	2026	0	0.7428904175758362	25.710958242416382
2375	"2026_02_LV_LAC"	"LAC"	"LV"	"REG"	2	"LAC"	"LV"	58	"2026-09-20"	15	3	3	0	"11:14"	5	"(11:14) (Shotgun) 10-J.Herbert pass deep left to 9-T.Harris pushed ob at LV 5 for 53 yards (11-J.Chinn)."	"pass"	53	1	0	0	0	20	null	null	null	null	null	null	4.561146133346483	0.4284246265888214	0	0	0	0	1	0	0	0	0	0	0	1	"00-0036355"	"00-0040727"	null	null	null	null	0	2026	1	0.9760821461677551	2.3917853832244873
2405	"2026_02_LV_LAC"	"LAC"	"LV"	"REG"	2	"LAC"	"LV"	5	"2026-09-20"	15	3	1	1	"10:34"	5	"(10:34) (Shotgun) 10-J.Herbert FUMBLES (Aborted) at LV 11, recovered by LAC-34-K.Mitchell at LV 10."	"run"	0	0	0	0	0	null	null	null	null	null	null	null	-1.0803597090998664	0.6092569231987	0	0	0	1	0	0	0	0	0	0	0	0	null	null	"00-0036355"	null	null	null	0	2026	0	0.3967159390449524	-39.67159390449524
2437	"2026_02_LV_LAC"	"LAC"	"LV"	"REG"	2	"LAC"	"LV"	10	"2026-09-20"	15	3	2	1	"09:53"	10	"(9:53) (Shotgun) 10-J.Herbert pass short right to 86-O.Gadsden for 10 yards, TOUCHDOWN."	"pass"	10	1	0	0	0	10	null	null	null	null	"LAC"	"00-0040189"	2.0292045943206176	0.5888134241104126	0	0	0	0	1	0	1	1	0	0	0	1	"00-0036355"	"00-0040189"	null	null	null	null	0	2026	1	0.6871498823165894	31.285011768341064
2463	"2026_02_LV_LAC"	"LAC"	"LV"	"REG"	2	"LAC"	"LV"	15	"2026-09-20"	15	3	null	0	"09:49"	0	"11-C.Dicker extra point is GOOD, Center-47-J.Harris, Holder-16-J.Scott."	"extra_point"	0	0	0	0	0	null	null	33	"good"	null	null	null	0.05117156607063911	0.6661546756383313	0	0	0	0	0	0	0	0	0	0	0	0	null	null	null	null	null	"00-0037224"	0	2026	1	null	null
2478	"2026_02_LV_LAC"	"LAC"	"LV"	"REG"	2	"LV"	"LAC"	35	"2026-09-20"	16	3	null	0	"09:49"	0	"11-C.Dicker kicks 60 yards from LAC 35 to LV 5. 23-D.Laube to LV 26 for 21 yards (24-R.Shelley)."	"kickoff"	0	0	0	0	0	null	null	60	null	null	null	null	0.03954948019236326	0.3318265974521637	0	0	0	0	0	0	0	0	0	0	0	0	null	null	null	null	"00-0039407"	"00-0037224"	21	2026	1	null	null
2508	"2026_02_LV_LAC"	"LAC"	"LV"	"REG"	2	"LV"	"LAC"	74	"2026-09-20"	16	3	1	0	"09:44"	10	"(9:44) 2-A.Jeanty right tackle to LV 29 for 3 yards (53-D.Phillips)."	"run"	3	0	0	0	0	null	null	null	null	null	null	null	-0.27147852489724755	0.3318265974521637	0	0	0	1	0	0	0	0	0	0	0	0	null	null	"00-0040122"	null	null	null	0	2026	0	0.48908179998397827	-48.90817999839783
2530	"2026_02_LV_LAC"	"LAC"	"LV"	"REG"	2	"LV"	"LAC"	71	"2026-09-20"	16	3	2	0	"09:08"	7	"(9:08) (Shotgun) 8-K.Cousins pass short middle to 2-A.Jeanty to LV 31 for 2 yards (27-R.Mickens)."	"pass"	2	1	0	0	0	-5	null	null	null	null	null	null	-0.5461854953318834	0.32585012912750244	0	0	0	0	1	0	0	0	0	0	0	1	"00-0029604"	"00-0040122"	null	null	null	null	0	2026	0	0.6914898157119751	30.85101842880249
2555	"2026_02_LV_LAC"	"LAC"	"LV"	"REG"	2	"LV"	"LAC"	69	"2026-09-20"	16	3	3	0	"08:24"	5	"(8:24) (Shotgun) PENALTY on LV-65-T.Linderbaum, False Start, 5 yards, enforced at LV 31 - No Play."	"no_play"	0	0	0	0	0	null	null	null	null	null	null	null	-0.5436948095448315	0.3060164153575897	0	0	0	0	0	0	0	0	0	0	0	0	null	null	null	null	null	null	0	2026	0	0.972912609577179	null
2579	"2026_02_LV_LAC"	"LAC"	"LV"	"REG"	2	"LV"	"LAC"	74	"2026-09-20"	16	3	3	0	"08:21"	10	"(8:21) (Shotgun) 8-K.Cousins pass short left to 1-T.Tucker to LV 35 for 9 yards (26-D.Jackson)."	"pass"	9	1	0	0	0	9	null	null	null	null	null	null	-0.19245836744084954	0.2844950556755066	0	0	0	0	1	0	0	0	0	0	0	1	"00-0029604"	"00-0038563"	null	null	null	null	0	2026	0	0.9815689325332642	1.843106746673584
2604	"2026_02_LV_LAC"	"LAC"	"LV"	"REG"	2	"LV"	"LAC"	65	"2026-09-20"	16	3	4	0	"07:41"	1	"(7:41) Direct snap to 34-C.Heyward. 34-C.Heyward up the middle to LV 36 for 1 yard (43-T.Dye)."	"run"	1	0	0	0	0	null	null	null	null	null	null	null	2.2232437203638256	0.30309176445007324	0	0	0	1	0	0	0	0	0	0	0	0	null	null	"00-0037304"	null	null	null	0	2026	1	0.11504524946212769	-11.504524946212769
2628	"2026_02_LV_LAC"	"LAC"	"LV"	"REG"	2	"LV"	"LAC"	64	"2026-09-20"	16	3	1	0	"07:08"	10	"(7:08) 8-K.Cousins pass short left to 80-I.Thomas pushed ob at LV 47 for 11 yards (53-D.Phillips)."	"pass"	11	1	0	0	0	1	null	null	null	null	null	null	0.7217649386730045	0.3445310592651367	0	0	0	0	1	0	0	0	0	0	0	1	"00-0029604"	"00-0034365"	null	null	null	null	0	2026	1	0.49350792169570923	50.64920783042908
2653	"2026_02_LV_LAC"	"LAC"	"LV"	"REG"	2	"LV"	"LAC"	53	"2026-09-20"	16	3	1	0	"06:33"	10	"(6:33) 2-A.Jeanty left end to LAC 44 for 9 yards (27-R.Mickens)."	"run"	9	0	0	0	0	null	null	null	null	null	null	null	0.7397166630253196	0.36293789744377136	0	0	0	1	0	0	0	0	0	0	0	0	null	null	"00-0040122"	null	null	null	0	2026	1	0.4884769022464752	-48.84769022464752
2675	"2026_02_LV_LAC"	"LAC"	"LV"	"REG"	2	"LV"	"LAC"	44	"2026-09-20"	16	3	2	0	"05:58"	1	"(5:58) 2-A.Jeanty left guard to LAC 40 for 4 yards (52-K.Mack)."	"run"	4	0	0	0	0	null	null	null	null	null	null	null	0.1555558789987117	0.41081294417381287	0	0	0	1	0	0	0	0	0	0	0	0	null	null	"00-0040122"	null	null	null	0	2026	1	0.22774386405944824	-22.774386405944824
2697	"2026_02_LV_LAC"	"LAC"	"LV"	"REG"	2	"LV"	"LAC"	40	"2026-09-20"	16	3	1	0	"05:26"	10	"(5:26) 8-K.Cousins pass short left to 81-D.Young pushed ob at LAC 13 for 27 yards (4-T.Still; 3-D.James) [48-B.Dupree]."	"pass"	27	1	0	0	0	13	null	null	null	null	null	null	1.784718342591077	0.40567782521247864	0	0	0	0	1	0	0	0	0	0	0	1	"00-0029604"	"00-0037093"	null	null	null	null	0	2026	1	0.4912475347518921	50.87524652481079
2732	"2026_02_LV_LAC"	"LAC"	"LV"	"REG"	2	"LV"	"LAC"	13	"2026-09-20"	16	3	1	0	"04:49"	10	"(4:49) (Shotgun) 8-K.Cousins pass incomplete short right to 9-J.Nailor (26-D.Jackson) [90-A.Mesidor]."	"pass"	0	1	0	0	0	13	null	null	null	null	null	null	-0.48212080053053796	0.5049148201942444	0	0	0	0	1	0	0	0	0	0	0	0	"00-0029604"	"00-0037291"	null	null	null	null	0	2026	0	0.38763466477394104	61.236533522605896
2760	"2026_02_LV_LAC"	"LAC"	"LV"	"REG"	2	"LV"	"LAC"	13	"2026-09-20"	16	3	2	0	"04:40"	10	"(4:40) (Shotgun) 2-A.Jeanty left tackle to LAC 13 for no gain (45-T.Tuipulotu; 94-D.Tomlinson)."	"run"	0	0	0	0	0	null	null	null	null	null	null	null	-0.7829224121524021	0.48535287380218506	0	0	0	1	0	0	0	0	0	0	0	0	null	null	"00-0040122"	null	null	null	0	2026	0	0.6280980706214905	-62.80980706214905
2782	"2026_02_LV_LAC"	"LAC"	"LV"	"REG"	2	"LV"	"LAC"	13	"2026-09-20"	16	3	3	0	"03:59"	10	"(3:59) (Shotgun) 8-K.Cousins pass short right to 82-C.White for 13 yards, TOUCHDOWN."	"pass"	13	1	0	0	0	13	null	null	null	null	"LV"	"00-0035891"	3.1017085384810343	0.4519100785255432	0	0	0	0	1	0	1	1	0	0	0	1	"00-0029604"	"00-0035891"	null	null	null	null	0	2026	1	0.9749214053153992	2.507859468460083
2808	"2026_02_LV_LAC"	"LAC"	"LV"	"REG"	2	"LV"	"LAC"	15	"2026-09-20"	16	3	null	0	"03:53"	0	"14-M.Gay extra point is GOOD, Center-47-A.Ward, Holder-6-A.Cole."	"extra_point"	0	0	0	0	0	null	null	33	"good"	null	null	null	0.05117156607063911	0.5664923654271171	0	0	0	0	0	0	0	0	0	0	0	0	null	null	null	null	null	"00-0035269"	0	2026	1	null	null
2823	"2026_02_LV_LAC"	"LAC"	"LV"	"REG"	2	"LAC"	"LV"	35	"2026-09-20"	17	3	null	0	"03:53"	0	"14-M.Gay kicks 61 yards from LV 35 to LAC 4. 34-K.Mitchell to LAC 23 for 19 yards (50-S.Olubi)."	"kickoff"	0	0	0	0	0	null	null	61	null	null	null	null	-0.34320664941333234	0.4307368993759155	0	0	0	0	0	0	0	0	0	0	0	0	null	null	null	null	"00-0038454"	"00-0035269"	19	2026	0	null	null
2853	"2026_02_LV_LAC"	"LAC"	"LV"	"REG"	2	"LAC"	"LV"	77	"2026-09-20"	17	3	1	0	"03:49"	10	"(3:49) 10-J.Herbert pass short right to 88-C.Kolar to LAC 31 for 8 yards (20-I.Pola-Mao; 97-T.Hemingway)."	"pass"	8	1	0	0	0	0	null	null	null	null	null	null	0.7166947931982577	0.42890816926956177	0	0	0	0	1	0	0	0	0	0	0	1	"00-0036355"	"00-0038046"	null	null	null	null	0	2026	1	0.5405251979827881	45.94748020172119
2878	"2026_02_LV_LAC"	"LAC"	"LV"	"REG"	2	"LAC"	"LV"	69	"2026-09-20"	17	3	2	0	"03:09"	2	"(3:09) (Shotgun) 34-K.Mitchell left tackle to LAC 32 for 1 yard (69-A.Butler; 20-I.Pola-Mao)."	"run"	1	0	0	0	0	null	null	null	null	null	null	null	-0.27558245975524187	0.449323445558548	0	0	0	1	0	0	0	0	0	0	0	0	null	null	"00-0038454"	null	null	null	0	2026	0	0.36214613914489746	-36.214613914489746
2900	"2026_02_LV_LAC"	"LAC"	"LV"	"REG"	2	"LAC"	"LV"	68	"2026-09-20"	17	3	3	0	"02:24"	1	"(2:24) (Shotgun) 10-J.Herbert Aborted. 66-J.Slaughter FUMBLES at LAC 31, touched at LAC 32, recovered by LAC-10-J.Herbert at LAC 28."	"run"	0	0	0	0	0	null	null	null	null	null	null	null	-2.7703637490049005	0.4123052656650543	0	0	0	1	0	0	0	0	0	0	0	0	null	null	"00-0036355"	null	null	null	0	2026	0	0.39766725897789	-39.766725897789
2927	"2026_02_LV_LAC"	"LAC"	"LV"	"REG"	2	"LAC"	"LV"	72	"2026-09-20"	17	3	4	0	"01:40"	5	"(1:40) 16-J.Scott punts 57 yards to LV 15, Center-47-J.Harris. 19-M.Benson to LV 31 for 16 yards (30-A.Ingold)."	"punt"	0	0	0	0	0	null	null	57	null	null	null	null	-0.4300262099131942	0.3307851254940033	0	0	0	0	0	0	0	0	0	0	0	0	null	null	null	"00-0040894"	null	null	16	2026	0	null	null
2953	"2026_02_LV_LAC"	"LAC"	"LV"	"REG"	2	"LV"	"LAC"	69	"2026-09-20"	18	3	1	0	"01:29"	10	"(1:29) (Shotgun) 8-K.Cousins pass short right to 87-M.Mayer to LV 36 for 5 yards (43-T.Dye; 3-D.James). LAC-94-D.Tomlinson was injured during the play."	"pass"	5	1	0	0	0	5	null	null	null	null	null	null	0.11767075955867767	0.6499732732772827	0	0	0	0	1	0	0	0	0	0	0	1	"00-0029604"	"00-0039066"	null	null	null	null	0	2026	1	0.47784069180488586	52.215930819511414
2985	"2026_02_LV_LAC"	"LAC"	"LV"	"REG"	2	"LV"	"LAC"	64	"2026-09-20"	18	3	2	0	"01:02"	5	"(1:02) 2-A.Jeanty up the middle to LV 35 for -1 yards (93-T.Tart)."	"run"	-1	0	0	0	0	null	null	null	null	null	null	null	-1.1041263490915298	0.6527292728424072	0	0	0	1	0	0	0	0	0	0	0	0	null	null	"00-0040122"	null	null	null	0	2026	0	0.5079501271247864	-50.79501271247864
3010	"2026_02_LV_LAC"	"LAC"	"LV"	"REG"	2	"LV"	"LAC"	65	"2026-09-20"	18	3	3	0	"00:26"	6	"(:26) (Shotgun) 8-K.Cousins pass short middle to 9-J.Nailor to LV 44 for 9 yards (22-G.Smith; 43-T.Dye)."	"pass"	9	1	0	0	0	6	null	null	null	null	null	null	1.820166080724448	0.6298856735229492	0	0	0	0	1	0	0	0	0	0	0	1	"00-0029604"	"00-0037291"	null	null	null	null	0	2026	1	0.9789624810218811	2.1037518978118896
3035	"2026_02_LV_LAC"	"LAC"	"LV"	"REG"	2	"LV"	"LAC"	null	"2026-09-20"	18	3	null	0	"00:00"	0	"END QUARTER 3"	null	null	null	0	0	0	null	null	null	null	null	null	null	0	0.6799197196960449	null	null	null	null	null	null	null	null	null	null	null	null	null	null	null	null	null	null	null	2026	0	null	null
3055	"2026_02_LV_LAC"	"LAC"	"LV"	"REG"	2	"LV"	"LAC"	56	"2026-09-20"	18	4	1	0	"15:00"	10	"(15:00) 8-K.Cousins pass short left to 2-A.Jeanty to LAC 49 for 7 yards (43-T.Dye)."	"pass"	7	1	0	0	0	4	null	null	null	null	null	null	0.3632406210526824	0.6799197196960449	0	0	0	0	1	0	0	0	0	0	0	1	"00-0029604"	"00-0040122"	null	null	null	null	0	2026	1	0.4696106016635895	53.03893983364105
3080	"2026_02_LV_LAC"	"LAC"	"LV"	"REG"	2	"LV"	"LAC"	49	"2026-09-20"	18	4	2	0	"14:21"	3	"(14:21) 2-A.Jeanty right guard to LV 47 for -4 yards (43-T.Dye)."	"run"	-4	0	0	0	0	null	null	null	null	null	null	null	-1.51157869072631	0.7209417223930359	0	0	0	1	0	0	0	0	0	0	0	0	null	null	"00-0040122"	null	null	null	0	2026	0	0.3589949607849121	-35.89949607849121
3102	"2026_02_LV_LAC"	"LAC"	"LV"	"REG"	2	"LV"	"LAC"	53	"2026-09-20"	18	4	3	0	"13:36"	7	"(13:36) (Shotgun) 8-K.Cousins pass short left to 1-T.Tucker to LAC 49 for 4 yards (22-G.Smith). PENALTY on LAC-20-C.Hart, Illegal Use of Hands, 5 yards, enforced at LV 47 - No Play."	"no_play"	0	0	0	0	0	null	null	null	null	null	null	null	1.6273894142359495	0.6542695760726929	0	0	0	0	0	0	0	0	0	0	0	0	null	null	null	null	null	null	0	2026	1	0.9772567749023438	2.274322509765625
3138	"2026_02_LV_LAC"	"LAC"	"LV"	"REG"	2	"LV"	"LAC"	48	"2026-09-20"	18	4	1	0	"13:25"	10	"(13:25) 8-K.Cousins pass incomplete short left to 4-M.Washington [91-N.Barrett]."	"pass"	0	1	0	0	0	10	null	null	null	null	null	null	-0.539872482419014	0.7306174635887146	0	0	0	0	1	0	0	0	0	0	0	0	"00-0029604"	"00-0040878"	null	null	null	null	0	2026	0	0.4052543640136719	59.47456359863281
3161	"2026_02_LV_LAC"	"LAC"	"LV"	"REG"	2	"LV"	"LAC"	48	"2026-09-20"	18	4	2	0	"13:21"	10	"(13:21) (Shotgun) 4-M.Washington right tackle to LAC 46 for 2 yards (0-D.Henley; 4-T.Still)."	"run"	2	0	0	0	0	null	null	null	null	null	null	null	-0.7527981270104647	0.7081721425056458	0	0	0	1	0	0	0	0	0	0	0	0	null	null	"00-0040878"	null	null	null	0	2026	0	0.6189400553703308	-61.89400553703308
3183	"2026_02_LV_LAC"	"LAC"	"LV"	"REG"	2	"LV"	"LAC"	46	"2026-09-20"	18	4	3	0	"12:39"	8	"(12:39) (Shotgun) 8-K.Cousins pass incomplete deep right to 19-M.Benson."	"pass"	0	1	0	0	0	27	null	null	null	null	null	null	-1.7370607606135309	0.6849514245986938	0	0	0	0	1	0	0	0	0	0	0	0	"00-0029604"	"00-0040894"	null	null	null	null	0	2026	0	0.9786437153816223	2.1356284618377686
3206	"2026_02_LV_LAC"	"LAC"	"LV"	"REG"	2	"LV"	"LAC"	46	"2026-09-20"	18	4	4	0	"12:34"	8	"(12:34) 6-A.Cole punts 36 yards to LAC 10, Center-47-A.Ward, downed by LV-25-D.Luter."	"punt"	0	0	0	0	0	null	null	36	null	null	null	null	-0.22024067700840533	0.6475645303726196	0	0	0	0	0	0	0	0	0	0	0	0	null	null	null	null	null	null	0	2026	0	null	null
3226	"2026_02_LV_LAC"	"LAC"	"LV"	"REG"	2	"LAC"	"LV"	90	"2026-09-20"	19	4	1	0	"12:26"	10	"(12:26) 10-J.Herbert sacked at LAC 2 for -8 yards (5-E.Stokes). FUMBLES (5-E.Stokes), ball out of bounds at LAC 10."	"pass"	-8	1	0	0	0	null	null	null	null	null	null	null	-1.8363495599478483	0.3970249593257904	0	0	0	0	1	1	0	0	0	0	0	0	"00-0036355"	null	null	null	null	null	0	2026	0	0.5525923371315002	44.740766286849976
3272	"2026_02_LV_LAC"	"LAC"	"LV"	"REG"	2	"LAC"	"LV"	98	"2026-09-20"	19	4	2	0	"11:58"	18	"(11:58) 8-O.Hampton up the middle to LAC 8 for 6 yards (17-N.Dean)."	"run"	6	0	0	0	0	null	null	null	null	null	null	null	-0.16940599621739239	0.34442853927612305	0	0	0	1	0	0	0	0	0	0	0	0	null	null	"00-0040666"	null	null	null	0	2026	0	0.7015993595123291	-70.15993595123291
3294	"2026_02_LV_LAC"	"LAC"	"LV"	"REG"	2	"LAC"	"LV"	92	"2026-09-20"	19	4	3	0	"11:18"	12	"(11:18) (Shotgun) 10-J.Herbert pass short left to 15-L.McConkey to LAC 20 for 12 yards (3-T.Johnson)."	"pass"	12	1	0	0	0	12	null	null	null	null	null	null	2.650676251971163	0.3172975182533264	0	0	0	0	1	0	0	0	0	0	0	1	"00-0036355"	"00-0039915"	null	null	null	null	0	2026	1	0.9660310745239258	3.396892547607422
3319	"2026_02_LV_LAC"	"LAC"	"LV"	"REG"	2	"LAC"	"LV"	80	"2026-09-20"	19	4	1	0	"10:41"	10	"(10:41) 8-O.Hampton left end to LAC 24 for 4 yards (44-T.Eichenberg). PENALTY on LAC-70-R.Slater, Offensive Holding, 10 yards, enforced at LAC 20 - No Play."	"no_play"	0	0	0	0	0	null	null	null	null	null	null	null	-1.2162944043520838	0.40020740032196045	0	0	0	0	0	0	0	0	0	0	0	0	null	null	null	null	null	null	0	2026	0	0.5827628970146179	-58.27628970146179
3352	"2026_02_LV_LAC"	"LAC"	"LV"	"REG"	2	"LAC"	"LV"	90	"2026-09-20"	19	4	1	0	"10:22"	20	"(10:22) (Shotgun) 10-J.Herbert pass short left to 34-K.Mitchell pushed ob at LAC 25 for 15 yards (11-J.Chinn)."	"pass"	15	1	0	0	0	3	null	null	null	null	null	null	1.2378554593306035	0.3754475712776184	0	0	0	0	1	0	0	0	0	0	0	1	"00-0036355"	"00-0038454"	null	null	null	null	0	2026	1	0.7592467665672302	24.075323343276978
3382	"2026_02_LV_LAC"	"LAC"	"LV"	"REG"	2	"LAC"	"LV"	75	"2026-09-20"	19	4	2	0	"09:52"	5	"(9:52) 8-O.Hampton up the middle to LAC 28 for 3 yards (44-T.Eichenberg; 17-N.Dean)."	"run"	3	0	0	0	0	null	null	null	null	null	null	null	-0.30060106702148914	0.38509559631347656	0	0	0	1	0	0	0	0	0	0	0	0	null	null	"00-0040666"	null	null	null	0	2026	0	0.6156997680664062	-61.569976806640625
3404	"2026_02_LV_LAC"	"LAC"	"LV"	"REG"	2	"LAC"	"LV"	72	"2026-09-20"	19	4	3	0	"09:10"	2	"(9:10) (Shotgun) 8-O.Hampton right guard to LAC 28 for no gain (17-N.Dean)."	"run"	0	0	0	0	0	null	null	null	null	null	null	null	-1.6005718554370105	0.3873312473297119	0	0	0	1	0	0	0	0	0	0	0	0	null	null	"00-0040666"	null	null	null	0	2026	0	0.8618279695510864	-86.18279695510864
3426	"2026_02_LV_LAC"	"LAC"	"LV"	"REG"	2	"LAC"	"LV"	72	"2026-09-20"	19	4	4	0	"08:26"	2	"(8:26) 16-J.Scott punts 55 yards to LV 17, Center-47-J.Harris, fair catch by 23-D.Laube."	"punt"	0	0	0	0	0	null	null	55	null	null	null	null	0.06807288154959679	0.32439205050468445	0	0	0	0	0	0	0	0	0	0	0	0	null	null	null	"00-0039407"	null	null	0	2026	1	null	null
3451	"2026_02_LV_LAC"	"LAC"	"LV"	"REG"	2	"LV"	"LAC"	83	"2026-09-20"	20	4	1	0	"08:19"	10	"(8:19) 8-K.Cousins scrambles left end to LV 21 for 4 yards (92-J.Eboigbe)."	"run"	4	1	0	0	1	null	null	null	null	null	null	null	-0.010548809543251991	0.7023769021034241	0	0	0	1	0	0	0	0	0	0	0	0	null	null	"00-0029604"	null	null	null	0	2026	0	0.42770156264305115	57.229843735694885
3480	"2026_02_LV_LAC"	"LAC"	"LV"	"REG"	2	"LV"	"LAC"	79	"2026-09-20"	20	4	2	0	"07:41"	6	"(7:41) 2-A.Jeanty up the middle to LV 26 for 5 yards (23-T.Jefferson; 26-D.Jackson)."	"run"	5	0	0	0	0	null	null	null	null	null	null	null	0.3524348842911422	0.7257415652275085	0	0	0	1	0	0	0	0	0	0	0	0	null	null	"00-0040122"	null	null	null	0	2026	1	0.5735244154930115	-57.35244154930115
3502	"2026_02_LV_LAC"	"LAC"	"LV"	"REG"	2	"LV"	"LAC"	74	"2026-09-20"	20	4	3	0	"06:59"	1	"(6:59) 8-K.Cousins pass incomplete short middle to 2-A.Jeanty [52-K.Mack]."	"pass"	0	1	0	0	0	1	null	null	null	null	null	null	-1.7361144754104316	0.7277652621269226	0	0	0	0	1	0	0	0	0	0	0	0	"00-0029604"	"00-0040122"	null	null	null	null	0	2026	0	0.3412747383117676	65.87252616882324
3525	"2026_02_LV_LAC"	"LAC"	"LV"	"REG"	2	"LV"	"LAC"	74	"2026-09-20"	20	4	4	0	"06:54"	1	"(6:54) 6-A.Cole punts 50 yards to LAC 24, Center-47-A.Ward, fair catch by 12-D.Davis."	"punt"	0	0	0	0	0	null	null	50	null	null	null	null	-0.2799603999592364	0.660000741481781	0	0	0	0	0	0	0	0	0	0	0	0	null	null	null	"00-0038573"	null	null	0	2026	0	null	null
3545	"2026_02_LV_LAC"	"LAC"	"LV"	"REG"	2	"LAC"	"LV"	76	"2026-09-20"	21	4	1	0	"06:47"	10	"(6:47) 8-O.Hampton right guard to LAC 24 for no gain (94-F.Fatukasi; 7-Q.Walker)."	"run"	0	0	0	0	0	null	null	null	null	null	null	null	-0.573578164447099	0.40281543135643005	0	0	0	1	0	0	0	0	0	0	0	0	null	null	"00-0040666"	null	null	null	0	2026	0	0.6612597703933716	-66.12597703933716
3567	"2026_02_LV_LAC"	"LAC"	"LV"	"REG"	2	"LAC"	"LV"	76	"2026-09-20"	21	4	2	0	"06:12"	10	"(6:12) 1-Q.Johnston left end pushed ob at LAC 31 for 7 yards (35-H.Masses)."	"run"	7	0	0	0	0	null	null	null	null	null	null	null	0.31812829710543156	0.3631848990917206	0	0	0	1	0	0	0	0	0	0	0	0	null	null	"00-0038544"	null	null	null	0	2026	1	0.7673825621604919	-76.7382562160492
3594	"2026_02_LV_LAC"	"LAC"	"LV"	"REG"	2	"LAC"	"LV"	69	"2026-09-20"	21	4	3	0	"05:37"	3	"(5:37) (Shotgun) 10-J.Herbert pass incomplete short left to 9-T.Harris. PENALTY on LV-35-H.Masses, Defensive Pass Interference, 6 yards, enforced at LAC 31 - No Play."	"no_play"	0	0	0	0	0	null	null	null	null	null	null	null	1.125146261882037	0.3713516592979431	0	0	0	0	0	0	0	0	0	0	0	0	null	null	null	null	null	null	0	2026	1	0.9490395188331604	5.09604811668396
3628	"2026_02_LV_LAC"	"LAC"	"LV"	"REG"	2	"LAC"	"LV"	63	"2026-09-20"	21	4	1	0	"05:34"	10	"(5:34) (Shotgun) 10-J.Herbert pass incomplete short left [96-J.Laulu]."	"pass"	0	1	0	0	0	8	null	null	null	null	null	null	-0.5154620420653373	0.42306196689605713	0	0	0	0	1	0	0	0	0	0	0	0	"00-0036355"	null	null	null	null	null	0	2026	0	0.6655731201171875	33.44268798828125
3651	"2026_02_LV_LAC"	"LAC"	"LV"	"REG"	2	"LAC"	"LV"	63	"2026-09-20"	21	4	2	0	"05:29"	10	"(5:29) (Shotgun) PENALTY on LAC-76-J.Alt, False Start, 5 yards, enforced at LAC 37 - No Play."	"no_play"	0	0	0	0	0	null	null	null	null	null	null	null	-0.6029496279079467	0.389971524477005	0	0	0	0	0	0	0	0	0	0	0	0	null	null	null	null	null	null	0	2026	0	0.7720349431037903	null
3680	"2026_02_LV_LAC"	"LAC"	"LV"	"REG"	2	"LAC"	"LV"	68	"2026-09-20"	21	4	2	0	"05:29"	15	"(5:29) (Shotgun) 10-J.Herbert pass short right to 86-O.Gadsden to LAC 40 for 8 yards (99-T.Booker)."	"pass"	8	1	0	0	0	8	null	null	null	null	null	null	-0.014907866599969566	0.3554029166698456	0	0	0	0	1	0	0	0	0	0	0	1	"00-0036355"	"00-0040189"	null	null	null	null	0	2026	0	0.92281174659729	7.718825340270996
3705	"2026_02_LV_LAC"	"LAC"	"LV"	"REG"	2	"LAC"	"LV"	60	"2026-09-20"	21	4	3	0	"04:49"	7	"(4:49) (Shotgun) 10-J.Herbert sacked at LAC 36 for -4 yards (51-M.Koonce). FUMBLES (51-M.Koonce) [51-M.Koonce], recovered by LAC-9-T.Harris at LAC 46."	"pass"	0	1	0	0	0	null	null	null	null	null	null	null	-0.5431871304754168	0.3537757992744446	0	0	0	0	1	1	0	0	0	0	0	0	"00-0036355"	null	null	null	null	null	0	2026	0	0.9883295297622681	1.1670470237731934
3762	"2026_02_LV_LAC"	"LAC"	"LV"	"REG"	2	null	null	null	"2026-09-20"	21	4	null	0	"03:52"	0	"Timeout #1 by LV at 03:52."	"no_play"	0	0	0	0	0	null	null	null	null	null	null	null	0	0.31409752368927	0	0	0	0	0	0	0	0	0	0	0	0	null	null	null	null	null	null	0	2026	0	null	null
3750	"2026_02_LV_LAC"	"LAC"	"LV"	"REG"	2	"LAC"	"LV"	54	"2026-09-20"	21	4	4	0	"03:52"	1	"(3:52) (Run formation) PENALTY on LV, Defensive Too Many Men on Field, 6 yards, enforced at LAC 46 - No Play."	"no_play"	0	0	0	0	0	null	null	null	null	null	null	null	2.5377159605850466	0.31409752368927	0	0	0	0	0	0	0	0	0	0	0	0	null	null	null	null	null	null	0	2026	1	0.33623558282852173	null
3781	"2026_02_LV_LAC"	"LAC"	"LV"	"REG"	2	"LAC"	"LV"	48	"2026-09-20"	21	4	1	0	"03:52"	10	"(3:52) (Shotgun) 8-O.Hampton up the middle to LV 46 for 2 yards (17-N.Dean). FUMBLES (17-N.Dean), RECOVERED by LV-11-J.Chinn at LV 41. 11-J.Chinn to LAC 16 for 43 yards (10-J.Herbert)."	"run"	2	0	0	0	0	null	null	null	null	null	null	null	-7.424791210331023	0.49191540479660034	0	0	1	1	0	0	0	0	0	0	0	0	null	null	"00-0040666"	null	null	null	0	2026	0	0.6765510439872742	-67.65510439872742
3819	"2026_02_LV_LAC"	"LAC"	"LV"	"REG"	2	"LV"	"LAC"	16	"2026-09-20"	22	4	1	0	"03:42"	10	"(3:42) 2-A.Jeanty right guard to LAC 13 for 3 yards (3-D.James; 93-T.Tart). LV-2-A.Jeanty was injured during the play."	"run"	3	0	0	0	0	null	null	null	null	null	null	null	-0.11244216421619058	0.8623002767562866	0	0	0	1	0	0	0	0	0	0	0	0	null	null	"00-0040122"	null	null	null	0	2026	0	0.14022627472877502	-14.022627472877502
3846	"2026_02_LV_LAC"	"LAC"	"LV"	"REG"	2	"LV"	"LAC"	13	"2026-09-20"	22	4	2	0	"03:09"	7	"(3:09) 4-M.Washington right tackle to LAC 11 for 2 yards (23-T.Jefferson)."	"run"	2	0	0	0	0	null	null	null	null	null	null	null	-0.353653883037623	0.8554528951644897	0	0	0	1	0	0	0	0	0	0	0	0	null	null	"00-0040878"	null	null	null	0	2026	0	0.4167163372039795	-41.67163372039795
3890	"2026_02_LV_LAC"	"LAC"	"LV"	"REG"	2	null	null	null	"2026-09-20"	22	4	null	0	"03:03"	0	"Timeout #1 by LAC at 03:03."	"no_play"	0	0	0	0	0	null	null	null	null	null	null	null	0	0.8604986667633057	0	0	0	0	0	0	0	0	0	0	0	0	null	null	null	null	null	null	0	2026	0	null	null
3878	"2026_02_LV_LAC"	"LAC"	"LV"	"REG"	2	"LV"	"LAC"	11	"2026-09-20"	22	4	3	0	"03:03"	5	"(3:03) (Shotgun) 8-K.Cousins pass short left to 82-C.White for 11 yards, TOUCHDOWN."	"pass"	11	1	0	0	0	11	null	null	null	null	"LV"	"00-0035891"	2.773113946081139	0.8604986667633057	0	0	0	0	1	0	1	1	0	0	0	1	"00-0029604"	"00-0035891"	null	null	null	null	0	2026	1	0.8540744185447693	14.592558145523071
3911	"2026_02_LV_LAC"	"LAC"	"LV"	"REG"	2	"LV"	"LAC"	15	"2026-09-20"	22	4	null	0	"02:59"	0	"14-M.Gay extra point is GOOD, Center-47-A.Ward, Holder-6-A.Cole."	"extra_point"	0	0	0	0	0	null	null	33	"good"	null	null	null	0.05117156607063911	0.9630712451494379	0	0	0	0	0	0	0	0	0	0	0	0	null	null	null	null	null	"00-0035269"	0	2026	1	null	null
3926	"2026_02_LV_LAC"	"LAC"	"LV"	"REG"	2	"LAC"	"LV"	35	"2026-09-20"	23	4	null	0	"02:59"	0	"14-M.Gay kicks 65 yards from LV 35 to end zone, Touchback to the LAC 35. ** Injury Update: LV-81-D.Young has returned to the game."	"kickoff"	0	0	0	0	0	null	null	65	null	null	null	null	0.580371173331514	0.035908292979002	0	0	0	0	0	0	0	0	0	0	0	0	null	null	null	null	null	"00-0035269"	0	2026	1	null	null
3943	"2026_02_LV_LAC"	"LAC"	"LV"	"REG"	2	"LAC"	"LV"	65	"2026-09-20"	23	4	1	0	"02:59"	10	"(2:59) (Shotgun) 10-J.Herbert pass short left to 1-Q.Johnston to LAC 39 for 4 yards (3-T.Johnson; 20-I.Pola-Mao). PENALTY on LAC, Illegal Formation, 5 yards, enforced at LAC 35 - No Play."	"no_play"	0	0	0	0	0	null	null	null	null	null	null	null	-0.35332925722468644	0.04023001715540886	0	0	0	0	0	0	0	0	0	0	0	0	null	null	null	null	null	null	0	2026	0	0.9792534112930298	2.0746588706970215
3982	"2026_02_LV_LAC"	"LAC"	"LV"	"REG"	2	"LAC"	"LV"	70	"2026-09-20"	23	4	1	0	"02:54"	15	"(2:54) (Shotgun) 10-J.Herbert pass short middle to 15-L.McConkey to LAC 34 for 4 yards (17-N.Dean)."	"pass"	4	1	0	0	0	4	null	null	null	null	null	null	-0.20278707798570395	0.03876340761780739	0	0	0	0	1	0	0	0	0	0	0	1	"00-0036355"	"00-0039915"	null	null	null	null	0	2026	0	0.9850890040397644	1.4910995960235596
4007	"2026_02_LV_LAC"	"LAC"	"LV"	"REG"	2	"LAC"	"LV"	66	"2026-09-20"	23	4	2	0	"02:33"	11	"(2:33) (No Huddle, Shotgun) 10-J.Herbert pass incomplete deep left to 1-Q.Johnston."	"pass"	0	1	0	0	0	21	null	null	null	null	null	null	-0.5685730616096407	0.03268375247716904	0	0	0	0	1	0	0	0	0	0	0	0	"00-0036355"	"00-0038544"	null	null	null	null	0	2026	0	0.9875621795654297	1.2437820434570312
4030	"2026_02_LV_LAC"	"LAC"	"LV"	"REG"	2	"LAC"	"LV"	66	"2026-09-20"	23	4	3	0	"02:29"	11	"(2:29) (Shotgun) 10-J.Herbert pass short left intended for 12-D.Davis INTERCEPTED by 35-H.Masses at LAC 48. 35-H.Masses to LAC 48 for no gain (12-D.Davis)."	"pass"	0	1	0	0	0	14	null	null	null	null	null	null	-3.3475058235926554	0.02714851312339306	1	0	0	0	1	0	0	0	0	0	0	0	"00-0036355"	"00-0038573"	null	null	null	null	0	2026	0	0.9953997731208801	0.4600226879119873
4067	"2026_02_LV_LAC"	"LAC"	"LV"	"REG"	2	"LV"	"LAC"	48	"2026-09-20"	24	4	1	0	"02:24"	10	"(2:24) 2-A.Jeanty right guard to LAC 46 for 2 yards (90-A.Mesidor; 3-D.James). ** Injury Update: LV-2-A.Jeanty has returned to the game."	"run"	2	0	0	0	0	null	null	null	null	null	null	null	-0.7689090516068973	0.9917397499084473	0	0	0	1	0	0	0	0	0	0	0	0	null	null	"00-0040122"	null	null	null	0	2026	0	0.041563570499420166	-4.156357049942017
4101	"2026_02_LV_LAC"	"LAC"	"LV"	"REG"	2	null	null	null	"2026-09-20"	24	4	null	0	"02:18"	0	"Timeout #2 by LAC at 02:18."	"no_play"	0	0	0	0	0	null	null	null	null	null	null	null	0	0.9930384755134583	0	0	0	0	0	0	0	0	0	0	0	0	null	null	null	null	null	null	0	2026	0	null	null
4089	"2026_02_LV_LAC"	"LAC"	"LV"	"REG"	2	"LV"	"LAC"	46	"2026-09-20"	24	4	2	0	"02:18"	8	"(2:18) 2-A.Jeanty up the middle to LAC 41 for 5 yards (91-N.Barrett)."	"run"	5	0	0	0	0	null	null	null	null	null	null	null	-0.8676337346551009	0.9930384755134583	0	0	0	1	0	0	0	0	0	0	0	0	null	null	"00-0040122"	null	null	null	0	2026	0	0.11637625098228455	-11.637625098228455
4133	"2026_02_LV_LAC"	"LAC"	"LV"	"REG"	2	null	null	null	"2026-09-20"	24	4	null	0	"02:13"	0	"Timeout #3 by LAC at 02:13."	"no_play"	0	0	0	0	0	null	null	null	null	null	null	null	0	0.9936428070068359	0	0	0	0	0	0	0	0	0	0	0	0	null	null	null	null	null	null	0	2026	0	null	null
4121	"2026_02_LV_LAC"	"LAC"	"LV"	"REG"	2	"LV"	"LAC"	41	"2026-09-20"	24	4	3	0	"02:13"	3	"(2:13) 2-A.Jeanty up the middle to LAC 40 for 1 yard (53-D.Phillips)."	"run"	1	0	0	0	0	null	null	null	null	null	null	null	-0.6670096936868504	0.9936428070068359	0	0	0	1	0	0	0	0	0	0	0	0	null	null	"00-0040122"	null	null	null	0	2026	0	0.24656346440315247	-24.656346440315247
4169	"2026_02_LV_LAC"	"LAC"	"LV"	"REG"	2	null	null	null	"2026-09-20"	24	4	null	0	"02:00"	0	"Timeout #2 by LV at 02:00."	"no_play"	0	0	0	0	0	null	null	null	null	null	null	null	0	0.9926775693893433	0	0	0	0	0	0	0	0	0	0	0	0	null	null	null	null	null	null	0	2026	0	null	null
4176	"2026_02_LV_LAC"	"LAC"	"LV"	"REG"	2	"LV"	"LAC"	40	"2026-09-20"	24	4	4	0	"02:00"	2	"(2:00) 6-A.Cole punts 34 yards to LAC 6, Center-47-A.Ward, downed by LV-81-D.Young."	"punt"	0	0	0	0	0	null	null	34	null	null	null	null	-1.0262412939919159	0.9926775693893433	0	0	0	0	0	0	0	0	0	0	0	0	null	null	null	null	null	null	0	2026	0	null	null
4196	"2026_02_LV_LAC"	"LAC"	"LV"	"REG"	2	"LAC"	"LV"	94	"2026-09-20"	25	4	1	0	"01:52"	10	"(1:52) (Shotgun) 10-J.Herbert pass incomplete short left to 9-T.Harris."	"pass"	0	1	0	0	0	12	null	null	null	null	null	null	-0.2587718293070793	0.011405008845031261	0	0	0	0	1	0	0	0	0	0	0	0	"00-0036355"	"00-0040727"	null	null	null	null	0	2026	0	0.9784411191940308	2.155888080596924
4219	"2026_02_LV_LAC"	"LAC"	"LV"	"REG"	2	"LAC"	"LV"	94	"2026-09-20"	25	4	2	0	"01:46"	10	"(1:46) (Shotgun) 10-J.Herbert pass incomplete deep left to 12-D.Davis. PENALTY on LAC-76-J.Alt, Offensive Holding, 6 yards, enforced in End Zone, SAFETY - No Play."	"no_play"	0	0	0	0	0	null	null	null	null	null	null	null	-2.3019097975920886	0.008121104910969734	0	1	0	0	0	0	0	0	0	0	0	0	null	null	null	null	null	null	0	2026	0	0.9806500673294067	1.9349932670593262
4253	"2026_02_LV_LAC"	"LAC"	"LV"	"REG"	2	"LV"	"LAC"	20	"2026-09-20"	26	4	null	0	"01:41"	0	"16-J.Scott kicks onside 22 yards from LAC 20 to LAC 42, fair catch by 1-T.Tucker."	"kickoff"	0	0	0	0	0	null	null	22	null	null	null	null	1.130940327886492	0.9969182014465332	0	0	0	0	0	0	0	0	0	0	0	0	null	null	null	null	"00-0038563"	"00-0034162"	0	2026	1	null	null
4270	"2026_02_LV_LAC"	"LAC"	"LV"	"REG"	2	"LV"	"LAC"	42	"2026-09-20"	26	4	1	0	"01:41"	10	"(1:41) 8-K.Cousins kneels to LAC 43 for -1 yards."	"qb_kneel"	-1	0	1	0	0	null	null	null	null	null	null	null	-0.6597927602706477	0.998512327671051	0	0	0	1	0	0	0	0	0	0	0	0	null	null	"00-0029604"	null	null	null	0	2026	0	null	null
4292	"2026_02_LV_LAC"	"LAC"	"LV"	"REG"	2	"LV"	"LAC"	43	"2026-09-20"	26	4	2	0	"00:59"	11	"(:59) 8-K.Cousins kneels to LAC 44 for -1 yards."	"qb_kneel"	-1	0	1	0	0	null	null	null	null	null	null	null	-0.24955367983784527	0.9986346364021301	0	0	0	1	0	0	0	0	0	0	0	0	null	null	"00-0029604"	null	null	null	0	2026	0	null	null
4314	"2026_02_LV_LAC"	"LAC"	"LV"	"REG"	2	"LV"	"LAC"	44	"2026-09-20"	26	4	3	0	"00:37"	12	"(:37) 8-K.Cousins kneels to LAC 45 for -1 yards."	"qb_kneel"	-1	0	1	0	0	null	null	null	null	null	null	null	-1.1380890036234632	0.9984703660011292	0	0	0	1	0	0	0	0	0	0	0	0	null	null	"00-0029604"	null	null	null	0	2026	0	null	null
4336	"2026_02_LV_LAC"	"LAC"	"LV"	"REG"	2	"LV"	"LAC"	null	"2026-09-20"	26	4	null	0	"00:00"	0	"END GAME"	null	null	null	0	0	0	null	null	null	null	null	null	null	null	null	null	null	null	null	null	null	null	null	null	null	null	null	null	null	null	null	null	null	null	2026	null	null	null
1	"2026_03_LA_DEN"	"DEN"	"LA"	"REG"	3	null	null	null	"2026-09-27"	null	1	null	0	"15:00"	0	"GAME"	null	null	null	0	0	0	null	null	null	null	null	null	null	0	0.4332079589366913	null	null	null	null	null	null	null	null	null	null	null	null	null	null	null	null	null	null	null	2026	0	null	null
39	"2026_03_LA_DEN"	"DEN"	"LA"	"REG"	3	"LA"	"DEN"	35	"2026-09-27"	1	1	null	0	"15:00"	0	"3-W.Lutz kicks 62 yards from DEN 35 to LA 3. 33-D.Connors to LA 26 for 23 yards (92-D.Tillman)."	"kickoff"	0	0	0	0	0	null	null	62	null	null	null	null	0.04980139480903745	0.4332079589366913	0	0	0	0	0	0	0	0	0	0	0	0	null	null	null	null	"00-0041415"	"00-0032569"	23	2026	1	null	null
62	"2026_03_LA_DEN"	"DEN"	"LA"	"REG"	3	"LA"	"DEN"	74	"2026-09-27"	1	1	1	0	"14:55"	10	"(14:55) 9-M.Stafford pass short right to 87-D.Allen pushed ob at LA 39 for 13 yards (49-A.Singleton)."	"pass"	13	1	0	0	0	1	null	null	null	null	null	null	0.9039799247402698	0.4332079589366913	0	0	0	0	1	0	0	0	0	0	0	1	"00-0026498"	"00-0039074"	null	null	null	null	0	2026	1	0.45561566948890686	54.438433051109314
92	"2026_03_LA_DEN"	"DEN"	"LA"	"REG"	3	"LA"	"DEN"	61	"2026-09-27"	1	1	1	0	"14:26"	10	"(14:26) 23-K.Williams left end to LA 42 for 3 yards (40-J.Strnad)."	"run"	3	0	0	0	0	null	null	null	null	null	null	null	-0.27428527059964836	0.454899400472641	0	0	0	1	0	0	0	0	0	0	0	0	null	null	"00-0037840"	null	null	null	0	2026	0	0.4566117525100708	-45.66117525100708
114	"2026_03_LA_DEN"	"DEN"	"LA"	"REG"	3	"LA"	"DEN"	58	"2026-09-27"	1	1	2	0	"13:49"	7	"(13:49) (Shotgun) 9-M.Stafford pass short left to 87-D.Allen to LA 48 for 6 yards (15-N.Bonitto; 2-P.Surtain)."	"pass"	6	1	0	0	0	3	null	null	null	null	null	null	0.5525092401076108	0.4414481520652771	0	0	0	0	1	0	0	0	0	0	0	1	"00-0026498"	"00-0039074"	null	null	null	null	0	2026	1	0.6254518032073975	37.454819679260254
139	"2026_03_LA_DEN"	"DEN"	"LA"	"REG"	3	"LA"	"DEN"	52	"2026-09-27"	1	1	3	0	"13:10"	1	"(13:10) 23-K.Williams right end to DEN 48 for 4 yards (2-P.Surtain)."	"run"	4	0	0	0	0	null	null	null	null	null	null	null	0.6403875949326903	0.4555148780345917	0	0	0	1	0	0	0	0	0	0	0	0	null	null	"00-0037840"	null	null	null	0	2026	1	0.23404933512210846	-23.404933512210846
161	"2026_03_LA_DEN"	"DEN"	"LA"	"REG"	3	"LA"	"DEN"	48	"2026-09-27"	1	1	1	0	"12:29"	10	"(12:29) 23-K.Williams right guard to DEN 43 for 5 yards (51-Q.Robinson; 9-T.Hufanga)."	"run"	5	0	0	0	0	null	null	null	null	null	null	null	-0.008480175863951445	0.48011788725852966	0	0	0	1	0	0	0	0	0	0	0	0	null	null	"00-0037840"	null	null	null	0	2026	0	0.4641381800174713	-46.41381800174713
183	"2026_03_LA_DEN"	"DEN"	"LA"	"REG"	3	"LA"	"DEN"	43	"2026-09-27"	1	1	2	0	"11:50"	5	"(11:50) 9-M.Stafford pass incomplete deep right to 89-T.Higbee."	"pass"	0	1	0	0	0	18	null	null	null	null	null	null	-0.8498056801036	0.46476733684539795	0	0	0	0	1	0	0	0	0	0	0	0	"00-0026498"	"00-0033110"	null	null	null	null	0	2026	0	0.492005318403244	50.7994681596756
206	"2026_03_LA_DEN"	"DEN"	"LA"	"REG"	3	"LA"	"DEN"	43	"2026-09-27"	1	1	3	0	"11:44"	5	"(11:44) (Shotgun) 9-M.Stafford sacked at DEN 47 for -4 yards (15-N.Bonitto)."	"pass"	-4	1	0	0	0	null	null	null	null	null	null	null	-2.171251788036898	0.4410032629966736	0	0	0	0	1	1	0	0	0	0	0	0	"00-0026498"	null	null	null	null	null	0	2026	0	0.9587717056274414	4.122829437255859
226	"2026_03_LA_DEN"	"DEN"	"LA"	"REG"	3	"LA"	"DEN"	47	"2026-09-27"	1	1	4	0	"11:05"	9	"(11:05) 42-E.Evans punts 33 yards to DEN 14, Center-49-J.Cardona, fair catch by 31-K.Abrams-Draine."	"punt"	0	0	0	0	0	null	null	33	null	null	null	null	-0.12720538745634258	0.39257141947746277	0	0	0	0	0	0	0	0	0	0	0	0	null	null	null	"00-0039371"	null	null	0	2026	0	null	null
253	"2026_03_LA_DEN"	"DEN"	"LA"	"REG"	3	"DEN"	"LA"	86	"2026-09-27"	2	1	1	0	"10:58"	10	"(10:58) 27-J.Dobbins left end to DEN 12 for -2 yards (35-J.Watson)."	"run"	-2	0	0	0	0	null	null	null	null	null	null	null	-1.0278137447312474	0.6032090187072754	0	0	0	1	0	0	0	0	0	0	0	0	null	null	"00-0036158"	null	null	null	0	2026	0	0.42943045496940613	-42.94304549694061
275	"2026_03_LA_DEN"	"DEN"	"LA"	"REG"	3	"DEN"	"LA"	88	"2026-09-27"	2	1	2	0	"10:23"	12	"(10:23) (Shotgun) 10-B.Nix pass short left to 12-R.Harvey to DEN 18 for 6 yards (37-Q.Lake)."	"pass"	6	1	0	0	0	1	null	null	null	null	null	null	0.058885450940579176	0.5882927179336548	0	0	0	0	1	0	0	0	0	0	0	1	"00-0039732"	"00-0040730"	null	null	null	null	0	2026	1	0.6915644407272339	30.84355592727661
300	"2026_03_LA_DEN"	"DEN"	"LA"	"REG"	3	"DEN"	"LA"	82	"2026-09-27"	2	1	3	0	"09:43"	6	"(9:43) (Shotgun) 10-B.Nix pass incomplete short right."	"pass"	0	1	0	0	0	6	null	null	null	null	null	null	-1.364062821958214	0.581437349319458	0	0	0	0	1	0	0	0	0	0	0	0	"00-0039732"	null	null	null	null	null	0	2026	0	0.9775157570838928	2.2484242916107178
323	"2026_03_LA_DEN"	"DEN"	"LA"	"REG"	3	"DEN"	"LA"	82	"2026-09-27"	2	1	4	0	"09:36"	6	"(9:36) 16-J.Crawshaw punts 45 yards to LA 37, Center-48-M.Fraboni, out of bounds."	"punt"	0	0	0	0	0	null	null	45	null	null	null	null	0.19060701224952936	0.545644223690033	0	0	0	0	0	0	0	0	0	0	0	0	null	null	null	null	null	null	0	2026	1	null	null
349	"2026_03_LA_DEN"	"DEN"	"LA"	"REG"	3	"LA"	"DEN"	63	"2026-09-27"	3	1	1	0	"09:27"	10	"(9:27) 9-M.Stafford pass deep right to 17-D.Adams to DEN 41 for 22 yards (2-P.Surtain)."	"pass"	22	1	0	0	0	18	null	null	null	null	null	null	1.5622275043278933	0.454899400472641	0	0	0	0	1	0	0	0	0	0	0	1	"00-0026498"	"00-0031381"	null	null	null	null	0	2026	1	0.48129570484161377	51.87042951583862
374	"2026_03_LA_DEN"	"DEN"	"LA"	"REG"	3	"LA"	"DEN"	41	"2026-09-27"	3	1	1	0	"08:50"	10	"(8:50) 24-B.Corum up the middle to DEN 34 for 7 yards (51-Q.Robinson)."	"run"	7	0	0	0	0	null	null	null	null	null	null	null	0.23915195337031037	0.5008808374404907	0	0	0	1	0	0	0	0	0	0	0	0	null	null	"00-0039738"	null	null	null	0	2026	1	0.45812392234802246	-45.812392234802246
396	"2026_03_LA_DEN"	"DEN"	"LA"	"REG"	3	"LA"	"DEN"	34	"2026-09-27"	3	1	2	0	"08:14"	3	"(8:14) 24-B.Corum right guard to DEN 35 for -1 yards (97-M.Roach)."	"run"	-1	0	0	0	0	null	null	null	null	null	null	null	-0.7921415001619607	0.5211175680160522	0	0	0	1	0	0	0	0	0	0	0	0	null	null	"00-0039738"	null	null	null	0	2026	0	0.37893298268318176	-37.893298268318176
418	"2026_03_LA_DEN"	"DEN"	"LA"	"REG"	3	"LA"	"DEN"	35	"2026-09-27"	3	1	3	0	"07:35"	4	"(7:35) (Shotgun) 9-M.Stafford pass incomplete short left to 18-T.Ferguson (9-T.Hufanga). LA-18-T.Ferguson was injured during the play."	"pass"	0	1	0	0	0	6	null	null	null	null	null	null	-1.1276899584336206	0.49654173851013184	0	0	0	0	1	0	0	0	0	0	0	0	"00-0026498"	"00-0040737"	null	null	null	null	0	2026	0	0.9045757055282593	9.542429447174072
441	"2026_03_LA_DEN"	"DEN"	"LA"	"REG"	3	"LA"	"DEN"	35	"2026-09-27"	3	1	4	0	"07:30"	4	"(7:30) (Shotgun) 9-M.Stafford pass short right to 23-K.Williams to DEN 30 for 5 yards (22-B.Jones). Denver challenged the pass completion ruling, and the play was Upheld. The ruling on the field stands. (Timeout #1.)"	"pass"	5	1	0	0	0	5	null	null	null	null	null	null	2.5240974475163966	0.4433450400829315	0	0	0	0	1	0	0	0	0	0	0	1	"00-0026498"	"00-0037840"	null	null	null	null	0	2026	1	0.9357320070266724	6.426799297332764
466	"2026_03_LA_DEN"	"DEN"	"LA"	"REG"	3	"LA"	"DEN"	30	"2026-09-27"	3	1	1	0	"07:07"	10	"(7:07) (Shotgun) 9-M.Stafford pass short right to 89-T.Higbee to DEN 17 for 13 yards (40-J.Strnad)."	"pass"	13	1	0	0	0	6	null	null	null	null	null	null	0.8636986605124548	0.5335544347763062	0	0	0	0	1	0	0	0	0	0	0	1	"00-0026498"	"00-0033110"	null	null	null	null	0	2026	1	0.4500569701194763	54.99430298805237
531	"2026_03_LA_DEN"	"DEN"	"LA"	"REG"	3	"LA"	"DEN"	17	"2026-09-27"	3	1	1	0	"06:32"	10	"(6:32) (Shotgun) 9-M.Stafford pass incomplete short right."	"pass"	0	1	0	0	0	-5	null	null	null	null	null	null	-0.4728587110294029	0.5685380101203918	0	0	0	0	1	0	0	0	0	0	0	0	"00-0026498"	null	null	null	null	null	0	2026	0	0.41149553656578064	58.850446343421936
554	"2026_03_LA_DEN"	"DEN"	"LA"	"REG"	3	"LA"	"DEN"	17	"2026-09-27"	3	1	2	0	"06:27"	10	"(6:27) (Shotgun) 9-M.Stafford pass short right to 89-T.Higbee pushed ob at DEN 15 for 2 yards (22-B.Jones)."	"pass"	2	1	0	0	0	3	null	null	null	null	null	null	-0.6865316282492131	0.553211510181427	0	0	0	0	1	0	0	0	0	0	0	1	"00-0026498"	"00-0033110"	null	null	null	null	0	2026	0	0.5658093690872192	43.419063091278076
587	"2026_03_LA_DEN"	"DEN"	"LA"	"REG"	3	"LA"	"DEN"	15	"2026-09-27"	3	1	3	0	"05:49"	8	"(5:49) (Shotgun) 9-M.Stafford scrambles right guard to DEN 5 for 10 yards (21-R.Moss; 99-Z.Allen)."	"run"	10	1	0	0	1	null	null	null	null	null	null	null	2.094672145496588	0.5294727683067322	0	0	0	1	0	0	0	0	0	0	0	0	null	null	"00-0026498"	null	null	null	0	2026	1	0.9805464148521423	1.9453585147857666
609	"2026_03_LA_DEN"	"DEN"	"LA"	"REG"	3	"LA"	"DEN"	5	"2026-09-27"	3	1	1	1	"05:05"	5	"(5:05) 9-M.Stafford pass incomplete short right to 84-C.Parkinson (22-B.Jones)."	"pass"	0	1	0	0	0	3	null	null	null	null	null	null	-0.5195919330581091	0.6057466268539429	0	0	0	0	1	0	0	0	0	0	0	0	"00-0026498"	"00-0036244"	null	null	null	null	0	2026	0	0.3678787350654602	63.21212649345398
655	"2026_03_LA_DEN"	"DEN"	"LA"	"REG"	3	null	null	null	"2026-09-27"	3	1	null	0	"05:00"	0	"Timeout #1 by LA at 05:00."	"no_play"	0	0	0	0	0	null	null	null	null	null	null	null	0	0.5881498456001282	0	0	0	0	0	0	0	0	0	0	0	0	null	null	null	null	null	null	0	2026	0	null	null
632	"2026_03_LA_DEN"	"DEN"	"LA"	"REG"	3	"LA"	"DEN"	5	"2026-09-27"	3	1	2	1	"05:00"	5	"(5:00) 9-M.Stafford pass short right to 89-T.Higbee for 5 yards, TOUCHDOWN."	"pass"	5	1	0	0	0	1	null	null	null	null	"LA"	"00-0033110"	1.686709696892649	0.5881498456001282	0	0	0	0	1	0	1	1	0	0	0	1	"00-0026498"	"00-0033110"	null	null	null	null	0	2026	1	0.5792113542556763	42.07886457443237
676	"2026_03_LA_DEN"	"DEN"	"LA"	"REG"	3	"LA"	"DEN"	15	"2026-09-27"	3	1	null	0	"04:55"	0	"92-H.Mevis extra point is GOOD, Center-49-J.Cardona, Holder-42-E.Evans."	"extra_point"	0	0	0	0	0	null	null	33	"good"	null	null	null	0.06757300310763314	0.6174089170505553	0	0	0	0	0	0	0	0	0	0	0	0	null	null	null	null	null	"00-0039498"	0	2026	1	null	null
691	"2026_03_LA_DEN"	"DEN"	"LA"	"REG"	3	"DEN"	"LA"	35	"2026-09-27"	4	1	null	0	"04:55"	0	"92-H.Mevis kicks 65 yards from LA 35 to end zone, Touchback to the DEN 35."	"kickoff"	0	0	0	0	0	null	null	65	null	null	null	null	0.5779018886387348	0.38131803274154663	0	0	0	0	0	0	0	0	0	0	0	0	null	null	null	null	null	"00-0039498"	0	2026	1	null	null
715	"2026_03_LA_DEN"	"DEN"	"LA"	"REG"	3	"DEN"	"LA"	65	"2026-09-27"	4	1	1	0	"04:55"	10	"(4:55) 10-B.Nix pass incomplete short right to 17-J.Waddle (35-J.Watson)."	"pass"	0	1	0	0	0	9	null	null	null	null	null	null	-0.5235452512279153	0.4035862982273102	0	0	0	0	1	0	0	0	0	0	0	0	"00-0039732"	"00-0036613"	null	null	null	null	0	2026	0	0.5172969102859497	48.27030897140503
738	"2026_03_LA_DEN"	"DEN"	"LA"	"REG"	3	"DEN"	"LA"	65	"2026-09-27"	4	1	2	0	"04:50"	10	"(4:50) (Shotgun) 10-B.Nix pass short right to 14-C.Sutton to DEN 45 for 10 yards (37-Q.Lake)."	"pass"	10	1	0	0	0	4	null	null	null	null	null	null	1.2789625665172935	0.3874532878398895	0	0	0	0	1	0	0	0	0	0	0	1	"00-0039732"	"00-0034348"	null	null	null	null	0	2026	1	0.5680595636367798	43.19404363632202
763	"2026_03_LA_DEN"	"DEN"	"LA"	"REG"	3	"DEN"	"LA"	55	"2026-09-27"	4	1	1	0	"04:11"	10	"(4:11) 27-J.Dobbins left guard to DEN 49 for 4 yards (10-J.Stewart; 53-N.Landman)."	"run"	4	0	0	0	0	null	null	null	null	null	null	null	-0.19475201342720538	0.41709208488464355	0	0	0	1	0	0	0	0	0	0	0	0	null	null	"00-0036158"	null	null	null	0	2026	0	0.5214349031448364	-52.14349031448364
785	"2026_03_LA_DEN"	"DEN"	"LA"	"REG"	3	"DEN"	"LA"	51	"2026-09-27"	4	1	2	0	"03:39"	6	"(3:39) 10-B.Nix pass short right to 12-R.Harvey to LA 46 for 5 yards (0-B.Young; 30-J.Wallace)."	"pass"	5	1	0	0	0	-5	null	null	null	null	null	null	0.2669884009519592	0.4098169505596161	0	0	0	0	1	0	0	0	0	0	0	1	"00-0039732"	"00-0040730"	null	null	null	null	0	2026	1	0.6312459111213684	36.87540888786316
815	"2026_03_LA_DEN"	"DEN"	"LA"	"REG"	3	"DEN"	"LA"	46	"2026-09-27"	4	1	3	0	"02:57"	1	"(2:57) (Shotgun) 28-T.Badie right guard to LA 44 for 2 yards (48-O.Speights; 35-J.Watson)."	"run"	2	0	0	0	0	null	null	null	null	null	null	null	0.4733280803775415	0.41257935762405396	0	0	0	1	0	0	0	0	0	0	0	0	null	null	"00-0037085"	null	null	null	0	2026	1	0.2840951681137085	-28.40951681137085
842	"2026_03_LA_DEN"	"DEN"	"LA"	"REG"	3	"DEN"	"LA"	44	"2026-09-27"	4	1	1	0	"02:18"	10	"(2:18) (Shotgun) 10-B.Nix pass incomplete deep middle to 11-T.Franklin. PENALTY on LA-1-E.Forbes, Defensive Pass Interference, 15 yards, enforced at LA 44 - No Play."	"no_play"	0	0	0	0	0	null	null	null	null	null	null	null	0.8659539950895123	0.422911673784256	0	0	0	0	0	0	0	0	0	0	0	0	null	null	null	null	null	null	0	2026	1	0.5222294330596924	47.77705669403076
876	"2026_03_LA_DEN"	"DEN"	"LA"	"REG"	3	"DEN"	"LA"	29	"2026-09-27"	4	1	1	0	"02:13"	10	"(2:13) (Shotgun) 10-B.Nix pass incomplete deep left to 14-C.Sutton (37-Q.Lake)."	"pass"	0	1	0	0	0	27	null	null	null	null	null	null	-0.42334558855509385	0.45668312907218933	0	0	0	0	1	0	0	0	0	0	0	0	"00-0039732"	"00-0034348"	null	null	null	null	0	2026	0	0.48208296298980713	51.79170370101929
899	"2026_03_LA_DEN"	"DEN"	"LA"	"REG"	3	"DEN"	"LA"	29	"2026-09-27"	4	1	2	0	"02:04"	10	"(2:04) (Shotgun) 12-R.Harvey up the middle to LA 25 for 4 yards (22-T.McDuffie; 2-J.McCollough)."	"run"	4	0	0	0	0	null	null	null	null	null	null	null	-0.3531152626965195	0.4427320659160614	0	0	0	1	0	0	0	0	0	0	0	0	null	null	"00-0040730"	null	null	null	0	2026	0	0.585921049118042	-58.5921049118042
926	"2026_03_LA_DEN"	"DEN"	"LA"	"REG"	3	"DEN"	"LA"	25	"2026-09-27"	4	1	3	0	"01:27"	6	"(1:27) (Shotgun) 10-B.Nix pass incomplete short left to 17-J.Waddle (35-J.Watson)."	"pass"	0	1	0	0	0	11	null	null	null	null	null	null	-1.377735255234143	0.4338510036468506	0	0	0	0	1	0	0	0	0	0	0	0	"00-0039732"	"00-0036613"	null	null	null	null	0	2026	0	0.9760205745697021	2.397942543029785
949	"2026_03_LA_DEN"	"DEN"	"LA"	"REG"	3	"DEN"	"LA"	25	"2026-09-27"	4	1	4	0	"01:23"	6	"(1:23) 3-W.Lutz 43 yard field goal is No Good, Hit Left Upright, Center-48-M.Fraboni, Holder-16-J.Crawshaw."	"field_goal"	0	0	0	0	0	null	"missed"	43	null	null	null	null	-3.4372374610330776	0.3941892087459564	0	0	0	0	0	0	0	0	0	0	0	0	null	null	null	null	null	"00-0032569"	0	2026	0	null	null
970	"2026_03_LA_DEN"	"DEN"	"LA"	"REG"	3	"LA"	"DEN"	67	"2026-09-27"	5	1	1	0	"01:19"	10	"(1:19) 23-K.Williams up the middle to DEN 37 for 30 yards (21-R.Moss). ** Injury Update: LA-18-T.Ferguson has returned to the game."	"run"	30	0	0	0	0	null	null	null	null	null	null	null	1.9739287805277854	0.6723649501800537	0	0	0	1	0	0	0	0	0	0	0	0	null	null	"00-0037840"	null	null	null	0	2026	1	0.4810451567173004	-48.10451567173004
999	"2026_03_LA_DEN"	"DEN"	"LA"	"REG"	3	"LA"	"DEN"	37	"2026-09-27"	5	1	1	0	"00:37"	10	"(:37) 23-K.Williams left guard to DEN 34 for 3 yards (9-T.Hufanga; 22-B.Jones). ** Injury Update: LA-84-C.Parkinson has returned to the game."	"run"	3	0	0	0	0	null	null	null	null	null	null	null	-0.3283913015620783	0.711872935295105	0	0	0	1	0	0	0	0	0	0	0	0	null	null	"00-0037840"	null	null	null	0	2026	0	0.46193864941596985	-46.193864941596985
1021	"2026_03_LA_DEN"	"DEN"	"LA"	"REG"	3	"LA"	"DEN"	null	"2026-09-27"	5	1	null	0	"00:00"	0	"END QUARTER 1"	null	null	null	0	0	0	null	null	null	null	null	null	null	0	0.7009637355804443	null	null	null	null	null	null	null	null	null	null	null	null	null	null	null	null	null	null	null	2026	0	null	null
1041	"2026_03_LA_DEN"	"DEN"	"LA"	"REG"	3	"LA"	"DEN"	34	"2026-09-27"	5	2	2	0	"15:00"	7	"(15:00) 9-M.Stafford pass short left to 23-K.Williams ran ob at DEN 16 for 18 yards."	"pass"	18	1	0	0	0	15	null	null	null	null	null	null	1.6852709153317846	0.7009637355804443	0	0	0	0	1	0	0	0	0	0	0	1	"00-0026498"	"00-0037840"	null	null	null	null	0	2026	1	0.6873854398727417	31.26145601272583
1074	"2026_03_LA_DEN"	"DEN"	"LA"	"REG"	3	"LA"	"DEN"	16	"2026-09-27"	5	2	1	0	"14:26"	10	"(14:26) 23-K.Williams up the middle to DEN 8 for 8 yards (2-P.Surtain)."	"run"	8	0	0	0	0	null	null	null	null	null	null	null	0.5686295612249523	0.747395932674408	0	0	0	1	0	0	0	0	0	0	0	0	null	null	"00-0037840"	null	null	null	0	2026	1	0.3685752749443054	-36.85752749443054
1104	"2026_03_LA_DEN"	"DEN"	"LA"	"REG"	3	"LA"	"DEN"	8	"2026-09-27"	5	2	2	0	"13:46"	2	"(13:46) 9-M.Stafford pass incomplete short right [22-B.Jones]."	"pass"	0	1	0	0	0	-3	null	null	null	null	null	null	-0.6399714564322494	0.7709848284721375	0	0	0	0	1	0	0	0	0	0	0	0	"00-0026498"	null	null	null	null	null	0	2026	0	0.24455134570598602	75.5448654294014
1127	"2026_03_LA_DEN"	"DEN"	"LA"	"REG"	3	"LA"	"DEN"	8	"2026-09-27"	5	2	3	0	"13:43"	2	"(13:43) 24-B.Corum right tackle to DEN 5 for 3 yards (9-T.Hufanga; 22-B.Jones). PENALTY on LA-73-S.Avila, Offensive Holding, 10 yards, enforced at DEN 8 - No Play."	"no_play"	0	0	0	0	0	null	null	null	null	null	null	null	-1.4782615129370242	0.7653111815452576	0	0	0	0	0	0	0	0	0	0	0	0	null	null	null	null	null	null	0	2026	0	0.6255319714546204	-62.553197145462036
1160	"2026_03_LA_DEN"	"DEN"	"LA"	"REG"	3	"LA"	"DEN"	18	"2026-09-27"	5	2	3	0	"13:24"	12	"(13:24) (Shotgun) 9-M.Stafford pass incomplete short right to 4-K.Mumpfield."	"pass"	0	1	0	0	0	0	null	null	null	null	null	null	-0.5712978774782496	0.7278686761856079	0	0	0	0	1	0	0	0	0	0	0	0	"00-0026498"	"00-0040590"	null	null	null	null	0	2026	0	0.9559622406959534	4.403775930404663
1183	"2026_03_LA_DEN"	"DEN"	"LA"	"REG"	3	"LA"	"DEN"	18	"2026-09-27"	5	2	4	0	"13:21"	12	"(13:21) 92-H.Mevis 36 yard field goal is GOOD, Center-49-J.Cardona, Holder-42-E.Evans."	"field_goal"	0	0	0	0	0	null	"made"	36	null	null	null	null	0.38022680232378114	0.6979452967643738	0	0	0	0	0	0	0	0	0	0	0	0	null	null	null	null	null	"00-0039498"	0	2026	1	null	null
1203	"2026_03_LA_DEN"	"DEN"	"LA"	"REG"	3	"DEN"	"LA"	35	"2026-09-27"	6	2	null	0	"13:17"	0	"92-H.Mevis kicks 62 yards from LA 35 to DEN 3. 81-K.Katsis to DEN 31 for 28 yards (37-Q.Lake; 94-D.Johnson)."	"kickoff"	0	0	0	0	0	null	null	62	null	null	null	null	0.32048437953926623	0.276802659034729	0	0	0	0	0	0	0	0	0	0	0	0	null	null	null	null	"00-0041292"	"00-0039498"	28	2026	1	null	null
1233	"2026_03_LA_DEN"	"DEN"	"LA"	"REG"	3	"DEN"	"LA"	69	"2026-09-27"	6	2	1	0	"13:12"	10	"(13:12) (Shotgun) 27-J.Dobbins right guard to DEN 34 for 3 yards (57-T.Hamilton)."	"run"	3	0	0	0	0	null	null	null	null	null	null	null	-0.272681191097945	0.2842710316181183	0	0	0	1	0	0	0	0	0	0	0	0	null	null	"00-0036158"	null	null	null	0	2026	0	0.5183199644088745	-51.83199644088745
1255	"2026_03_LA_DEN"	"DEN"	"LA"	"REG"	3	"DEN"	"LA"	66	"2026-09-27"	6	2	2	0	"12:36"	7	"(12:36) 10-B.Nix pass short left to 27-J.Dobbins to DEN 38 for 4 yards (48-O.Speights)."	"pass"	4	1	0	0	0	0	null	null	null	null	null	null	-0.13935935380868614	0.2818315327167511	0	0	0	0	1	0	0	0	0	0	0	1	"00-0039732"	"00-0036158"	null	null	null	null	0	2026	0	0.7183424830436707	28.165751695632935
1280	"2026_03_LA_DEN"	"DEN"	"LA"	"REG"	3	"DEN"	"LA"	62	"2026-09-27"	6	2	3	0	"11:55"	3	"(11:55) (Shotgun) 10-B.Nix pass incomplete short right to 17-J.Waddle (22-T.McDuffie)."	"pass"	0	1	0	0	0	6	null	null	null	null	null	null	-1.4027953231707215	0.280631959438324	0	0	0	0	1	0	0	0	0	0	0	0	"00-0039732"	"00-0036613"	null	null	null	null	0	2026	0	0.902313768863678	9.768623113632202
1303	"2026_03_LA_DEN"	"DEN"	"LA"	"REG"	3	"DEN"	"LA"	62	"2026-09-27"	6	2	4	0	"11:51"	3	"(11:51) 16-J.Crawshaw punts 41 yards to LA 21, Center-48-M.Fraboni, fair catch by 19-X.Smith."	"punt"	0	0	0	0	0	null	null	41	null	null	null	null	-0.3371454863809049	0.24718515574932098	0	0	0	0	0	0	0	0	0	0	0	0	null	null	null	"00-0038359"	null	null	0	2026	0	null	null
1323	"2026_03_LA_DEN"	"DEN"	"LA"	"REG"	3	"LA"	"DEN"	79	"2026-09-27"	7	2	1	0	"11:45"	10	"(11:45) 9-M.Stafford pass incomplete short right to 24-B.Corum."	"pass"	0	1	0	0	0	4	null	null	null	null	null	null	-0.5189077812246978	0.734954297542572	0	0	0	0	1	0	0	0	0	0	0	0	"00-0026498"	"00-0039738"	null	null	null	null	0	2026	0	0.48881444334983826	51.118555665016174
1346	"2026_03_LA_DEN"	"DEN"	"LA"	"REG"	3	"LA"	"DEN"	79	"2026-09-27"	7	2	2	0	"11:40"	10	"(11:40) (Shotgun) 9-M.Stafford pass short right to 89-T.Higbee to LA 24 for 3 yards (49-A.Singleton)."	"pass"	3	1	0	0	0	3	null	null	null	null	null	null	-0.4997989311814308	0.7245592474937439	0	0	0	0	1	0	0	0	0	0	0	1	"00-0026498"	"00-0033110"	null	null	null	null	0	2026	0	0.6143883466720581	38.56116533279419
1371	"2026_03_LA_DEN"	"DEN"	"LA"	"REG"	3	"LA"	"DEN"	76	"2026-09-27"	7	2	3	0	"11:03"	7	"(11:03) (Shotgun) 9-M.Stafford pass incomplete deep right to 4-K.Mumpfield. PENALTY on DEN-21-R.Moss, Defensive Pass Interference, 13 yards, enforced at LA 24 - No Play."	"no_play"	0	0	0	0	0	null	null	null	null	null	null	null	2.0542729631997645	0.7193795442581177	0	0	0	0	0	0	0	0	0	0	0	0	null	null	null	null	null	null	0	2026	1	0.9796215295791626	2.0378470420837402
1405	"2026_03_LA_DEN"	"DEN"	"LA"	"REG"	3	"LA"	"DEN"	63	"2026-09-27"	7	2	1	0	"10:59"	10	"(10:59) 24-B.Corum right end to LA 39 for 2 yards (97-M.Roach)."	"run"	2	0	0	0	0	null	null	null	null	null	null	null	-0.43597473087720573	0.7671312689781189	0	0	0	1	0	0	0	0	0	0	0	0	null	null	"00-0039738"	null	null	null	0	2026	0	0.4811478555202484	-48.11478555202484
1427	"2026_03_LA_DEN"	"DEN"	"LA"	"REG"	3	"LA"	"DEN"	61	"2026-09-27"	7	2	2	0	"10:21"	8	"(10:21) (Shotgun) 9-M.Stafford pass short middle to 24-B.Corum to LA 40 for 1 yard (40-J.Strnad)."	"pass"	1	1	0	0	0	1	null	null	null	null	null	null	-0.6055010776035488	0.7787351012229919	0	0	0	0	1	0	0	0	0	0	0	1	"00-0026498"	"00-0039738"	null	null	null	null	0	2026	0	0.7394871711730957	26.05128288269043
1452	"2026_03_LA_DEN"	"DEN"	"LA"	"REG"	3	"LA"	"DEN"	60	"2026-09-27"	7	2	3	0	"09:36"	7	"(9:36) (Shotgun) 9-M.Stafford pass short right to 18-T.Ferguson to LA 49 for 9 yards (52-J.Elliss) [99-Z.Allen]."	"pass"	9	1	0	0	0	-5	null	null	null	null	null	null	1.8106442086864263	0.7735585570335388	0	0	0	0	1	0	0	0	0	0	0	1	"00-0026498"	"00-0040737"	null	null	null	null	0	2026	1	0.9750252366065979	2.49747633934021
1477	"2026_03_LA_DEN"	"DEN"	"LA"	"REG"	3	"LA"	"DEN"	51	"2026-09-27"	7	2	1	0	"09:05"	10	"(9:05) 9-M.Stafford pass short left to 24-B.Corum to LA 48 for -1 yards (40-J.Strnad)."	"pass"	-1	1	0	0	0	0	null	null	null	null	null	null	-0.7220885672140867	0.8017023205757141	0	0	0	0	1	0	0	0	0	0	0	1	"00-0026498"	"00-0039738"	null	null	null	null	0	2026	0	0.46192267537117004	53.807732462882996
1502	"2026_03_LA_DEN"	"DEN"	"LA"	"REG"	3	"LA"	"DEN"	52	"2026-09-27"	7	2	2	0	"08:19"	11	"(8:19) (Shotgun) 9-M.Stafford pass incomplete deep right to 4-K.Mumpfield."	"pass"	0	1	0	0	0	16	null	null	null	null	null	null	-0.8357042637653649	0.788048505783081	0	0	0	0	1	0	0	0	0	0	0	0	"00-0026498"	"00-0040590"	null	null	null	null	0	2026	0	0.8297962546348572	17.020374536514282
1525	"2026_03_LA_DEN"	"DEN"	"LA"	"REG"	3	"LA"	"DEN"	52	"2026-09-27"	7	2	3	0	"08:16"	11	"(8:16) (Shotgun) 9-M.Stafford pass short right to 4-K.Mumpfield ran ob at DEN 37 for 15 yards."	"pass"	15	1	0	0	0	15	null	null	null	null	null	null	2.5683747672010213	0.7737240791320801	0	0	0	0	1	0	0	0	0	0	0	1	"00-0026498"	"00-0040590"	null	null	null	null	0	2026	1	0.9694445729255676	3.0555427074432373
1567	"2026_03_LA_DEN"	"DEN"	"LA"	"REG"	3	null	null	null	"2026-09-27"	7	2	null	0	"07:41"	0	"Timeout #2 by LA at 07:41."	"no_play"	0	0	0	0	0	null	null	null	null	null	null	null	0	0.8231527209281921	0	0	0	0	0	0	0	0	0	0	0	0	null	null	null	null	null	null	0	2026	0	null	null
1555	"2026_03_LA_DEN"	"DEN"	"LA"	"REG"	3	"LA"	"DEN"	37	"2026-09-27"	7	2	1	0	"07:41"	10	"(7:41) 9-M.Stafford pass incomplete deep right to 89-T.Higbee."	"pass"	0	1	0	0	0	17	null	null	null	null	null	null	-0.45731267938390374	0.8231527209281921	0	0	0	0	1	0	0	0	0	0	0	0	"00-0026498"	"00-0033110"	null	null	null	null	0	2026	0	0.47254279255867004	52.745720744132996
1585	"2026_03_LA_DEN"	"DEN"	"LA"	"REG"	3	"LA"	"DEN"	37	"2026-09-27"	7	2	2	0	"07:36"	10	"(7:36) (Shotgun) 9-M.Stafford pass deep left to 17-D.Adams pushed ob at DEN 15 for 22 yards (2-P.Surtain) [99-Z.Allen]."	"pass"	22	1	0	0	0	19	null	null	null	null	null	null	1.7400797181762755	0.8122736215591431	0	0	0	0	1	0	0	0	0	0	0	1	"00-0026498"	"00-0031381"	null	null	null	null	0	2026	1	0.6135005354881287	38.649946451187134
1615	"2026_03_LA_DEN"	"DEN"	"LA"	"REG"	3	"LA"	"DEN"	15	"2026-09-27"	7	2	1	0	"06:56"	10	"(6:56) (Shotgun) PENALTY on LA, Delay of Game, 5 yards, enforced at DEN 15 - No Play."	"no_play"	0	0	0	0	0	null	null	null	null	null	null	null	-0.7851759225595742	0.8525087833404541	0	0	0	0	0	0	0	0	0	0	0	0	null	null	null	null	null	null	0	2026	0	0.3940836191177368	null
1639	"2026_03_LA_DEN"	"DEN"	"LA"	"REG"	3	"LA"	"DEN"	20	"2026-09-27"	7	2	1	0	"06:36"	15	"(6:36) (Shotgun) 9-M.Stafford pass incomplete short left to 24-B.Corum (97-M.Roach)."	"pass"	0	1	0	0	0	-6	null	null	null	null	null	null	-0.4504275068757124	0.8349652886390686	0	0	0	0	1	0	0	0	0	0	0	0	"00-0026498"	"00-0039738"	null	null	null	null	0	2026	0	0.653414249420166	34.6585750579834
1662	"2026_03_LA_DEN"	"DEN"	"LA"	"REG"	3	"LA"	"DEN"	20	"2026-09-27"	7	2	2	0	"06:33"	15	"(6:33) (Shotgun) 9-M.Stafford pass short left to 17-D.Adams pushed ob at DEN 4 for 16 yards (22-B.Jones) [99-Z.Allen]. PENALTY on LA-17-D.Adams, Offensive Pass Interference, 10 yards, enforced at DEN 20 - No Play. Penalty on LA-71-W.McClendon, Illegal Formation, declined."	"no_play"	0	0	0	0	0	null	null	null	null	null	null	null	-0.6700599733158015	0.8246580362319946	0	0	0	0	0	0	0	0	0	0	0	0	null	null	null	null	null	null	0	2026	0	0.8371109962463379	16.28890037536621
1703	"2026_03_LA_DEN"	"DEN"	"LA"	"REG"	3	"LA"	"DEN"	30	"2026-09-27"	7	2	2	0	"06:16"	25	"(6:16) (Shotgun) 23-K.Williams right guard to DEN 26 for 4 yards (49-A.Singleton)."	"run"	4	0	0	0	0	null	null	null	null	null	null	null	-0.1675181234604679	0.8078349232673645	0	0	0	1	0	0	0	0	0	0	0	0	null	null	"00-0037840"	null	null	null	0	2026	0	0.8294805288314819	-82.9480528831482
1725	"2026_03_LA_DEN"	"DEN"	"LA"	"REG"	3	"LA"	"DEN"	26	"2026-09-27"	7	2	3	0	"05:35"	21	"(5:35) (Shotgun) 9-M.Stafford pass short left to 23-K.Williams to DEN 16 for 10 yards (49-A.Singleton) [15-N.Bonitto]."	"pass"	10	1	0	0	0	6	null	null	null	null	null	null	0.026507372261299622	0.8107712864875793	0	0	0	0	1	0	0	0	0	0	0	1	"00-0026498"	"00-0037840"	null	null	null	null	0	2026	1	0.7672260403633118	23.277395963668823
1750	"2026_03_LA_DEN"	"DEN"	"LA"	"REG"	3	"LA"	"DEN"	16	"2026-09-27"	7	2	4	0	"04:46"	11	"(4:46) 92-H.Mevis 35 yard field goal is GOOD, Center-49-J.Cardona, Holder-42-E.Evans."	"field_goal"	0	0	0	0	0	null	"made"	35	null	null	null	null	0.29912741314266356	0.8144429326057434	0	0	0	0	0	0	0	0	0	0	0	0	null	null	null	null	null	"00-0039498"	0	2026	1	null	null
1770	"2026_03_LA_DEN"	"DEN"	"LA"	"REG"	3	"DEN"	"LA"	35	"2026-09-27"	8	2	null	0	"04:43"	0	"92-H.Mevis kicks 65 yards from LA 35 to DEN 0. 81-K.Katsis to DEN 24 for 24 yards (56-S.Dolac)."	"kickoff"	0	0	0	0	0	null	null	65	null	null	null	null	-0.04413657321128994	0.16848373413085938	0	0	0	0	0	0	0	0	0	0	0	0	null	null	null	null	"00-0041292"	"00-0039498"	24	2026	0	null	null
1800	"2026_03_LA_DEN"	"DEN"	"LA"	"REG"	3	"DEN"	"LA"	76	"2026-09-27"	8	2	1	0	"04:38"	10	"(4:38) 12-R.Harvey left end to DEN 31 for 7 yards (90-T.Davis). PENALTY on DEN-72-G.Bolles, Illegal Formation, 5 yards, enforced at DEN 24 - No Play."	"no_play"	0	0	0	0	0	null	null	null	null	null	null	null	-0.41031638719141483	0.16848373413085938	0	0	0	0	0	0	0	0	0	0	0	0	null	null	null	null	null	null	0	2026	0	0.6439933180809021	-64.39933180809021
1833	"2026_03_LA_DEN"	"DEN"	"LA"	"REG"	3	"DEN"	"LA"	81	"2026-09-27"	8	2	1	0	"04:15"	15	"(4:15) (Shotgun) 10-B.Nix pass short left to 12-R.Harvey ran ob at DEN 38 for 19 yards (3-K.Curl)."	"pass"	19	1	0	0	0	-1	null	null	null	null	null	null	1.0119092906825244	0.1593295931816101	0	0	0	0	1	0	0	0	0	0	0	1	"00-0039732"	"00-0040730"	null	null	null	null	0	2026	1	0.7746543288230896	22.53456711769104
1863	"2026_03_LA_DEN"	"DEN"	"LA"	"REG"	3	"DEN"	"LA"	62	"2026-09-27"	8	2	1	0	"03:47"	10	"(3:47) (No Huddle, Shotgun) 12-R.Harvey left tackle to DEN 40 for 2 yards (55-B.Fiske)."	"run"	2	0	0	0	0	null	null	null	null	null	null	null	-0.48827438126318157	0.18205204606056213	0	0	0	1	0	0	0	0	0	0	0	0	null	null	"00-0040730"	null	null	null	0	2026	0	0.6774612069129944	-67.74612069129944
1885	"2026_03_LA_DEN"	"DEN"	"LA"	"REG"	3	"DEN"	"LA"	60	"2026-09-27"	8	2	2	0	"03:07"	8	"(3:07) (Shotgun) 10-B.Nix pass incomplete short right to 17-J.Waddle."	"pass"	0	1	0	0	0	4	null	null	null	null	null	null	-0.5221254978096113	0.17096570134162903	0	0	0	0	1	0	0	0	0	0	0	0	"00-0039732"	"00-0036613"	null	null	null	null	0	2026	0	0.8165576457977295	18.34423542022705
1908	"2026_03_LA_DEN"	"DEN"	"LA"	"REG"	3	"DEN"	"LA"	60	"2026-09-27"	8	2	3	0	"03:04"	8	"(3:04) (Shotgun) 10-B.Nix pass short left to 17-J.Waddle ran ob at DEN 49 for 9 yards. LA-35-J.Watson was injured during the play."	"pass"	9	1	0	0	0	9	null	null	null	null	null	null	1.4345694597577676	0.15185944736003876	0	0	0	0	1	0	0	0	0	0	0	1	"00-0039732"	"00-0036613"	null	null	null	null	0	2026	1	0.9851957559585571	1.480424404144287
1941	"2026_03_LA_DEN"	"DEN"	"LA"	"REG"	3	"DEN"	"LA"	51	"2026-09-27"	8	2	1	0	"02:52"	10	"(2:52) (Shotgun) 10-B.Nix left end to LA 47 for 4 yards (30-J.Wallace)."	"run"	4	0	0	0	0	null	null	null	null	null	null	null	-0.04115824942709878	0.19556792080402374	0	0	0	1	0	0	0	0	0	0	0	0	null	null	"00-0039732"	null	null	null	0	2026	0	0.7120780944824219	-71.20780944824219
1970	"2026_03_LA_DEN"	"DEN"	"LA"	"REG"	3	"DEN"	"LA"	47	"2026-09-27"	8	2	2	0	"02:16"	6	"(2:16) (Shotgun) 27-J.Dobbins up the middle to LA 43 for 4 yards (91-K.Turner; 99-A.Donald)."	"run"	4	0	0	0	0	null	null	null	null	null	null	null	-0.00021521974122151732	0.18405109643936157	0	0	0	1	0	0	0	0	0	0	0	0	null	null	"00-0036158"	null	null	null	0	2026	0	0.7846569418907166	-78.46569418907166
1992	"2026_03_LA_DEN"	"DEN"	"LA"	"REG"	3	"DEN"	"LA"	43	"2026-09-27"	8	2	3	0	"02:00"	2	"(2:00) (Shotgun) 10-B.Nix sacked at 50 for -7 yards (48-O.Speights)."	"pass"	-7	1	0	0	0	null	null	null	null	null	null	null	-1.3370683054090478	0.18189549446105957	0	0	0	0	1	1	0	0	0	0	0	0	"00-0039732"	null	null	null	null	null	0	2026	0	0.7956662774085999	20.433372259140015
2019	"2026_03_LA_DEN"	"DEN"	"LA"	"REG"	3	"DEN"	"LA"	50	"2026-09-27"	8	2	4	0	"01:18"	9	"(1:18) (Punt formation) PENALTY on DEN-48-M.Fraboni, False Start, 5 yards, enforced at 50 - No Play."	"no_play"	0	0	0	0	0	null	null	null	null	null	null	null	-0.24927447113441303	0.14220097661018372	0	0	0	0	0	0	0	0	0	0	0	0	null	null	null	null	null	null	0	2026	0	0.9746342897415161	null
2047	"2026_03_LA_DEN"	"DEN"	"LA"	"REG"	3	"DEN"	"LA"	55	"2026-09-27"	8	2	4	0	"01:18"	14	"(1:18) 16-J.Crawshaw punts 47 yards to LA 8, Center-48-M.Fraboni. 19-X.Smith to LA 24 for 16 yards (51-Q.Robinson; 92-D.Tillman)."	"punt"	0	0	0	0	0	null	null	47	null	null	null	null	-0.7247775187715888	0.1368396133184433	0	0	0	0	0	0	0	0	0	0	0	0	null	null	null	"00-0038359"	null	null	16	2026	0	null	null
2073	"2026_03_LA_DEN"	"DEN"	"LA"	"REG"	3	"LA"	"DEN"	76	"2026-09-27"	9	2	1	0	"01:07"	10	"(1:07) (Shotgun) 23-K.Williams right guard to LA 31 for 7 yards (21-R.Moss; 49-A.Singleton)."	"run"	7	0	0	0	0	null	null	null	null	null	null	null	-0.09014367358759046	0.8919299244880676	0	0	0	1	0	0	0	0	0	0	0	0	null	null	"00-0037840"	null	null	null	0	2026	0	0.6810665130615234	-68.10665130615234
2095	"2026_03_LA_DEN"	"DEN"	"LA"	"REG"	3	"LA"	"DEN"	69	"2026-09-27"	9	2	2	0	"00:51"	3	"(:51) (No Huddle, Shotgun) 9-M.Stafford pass short right to 89-T.Higbee ran ob at LA 41 for 10 yards (22-B.Jones)."	"pass"	10	1	0	0	0	5	null	null	null	null	null	null	0.5522248301422223	0.8857279419898987	0	0	0	0	1	0	0	0	0	0	0	1	"00-0026498"	"00-0033110"	null	null	null	null	0	2026	1	0.8449363112449646	15.50636887550354
2125	"2026_03_LA_DEN"	"DEN"	"LA"	"REG"	3	"LA"	"DEN"	59	"2026-09-27"	9	2	1	0	"00:45"	10	"(:45) (No Huddle, Shotgun) 9-M.Stafford pass short left to 17-D.Adams ran ob at DEN 46 for 13 yards (2-P.Surtain)."	"pass"	13	1	0	0	0	13	null	null	null	null	null	null	0.9323749831528403	0.9058313369750977	0	0	0	0	1	0	0	0	0	0	0	1	"00-0026498"	"00-0031381"	null	null	null	null	0	2026	1	0.91649329662323	8.350670337677002
2155	"2026_03_LA_DEN"	"DEN"	"LA"	"REG"	3	"LA"	"DEN"	46	"2026-09-27"	9	2	1	0	"00:40"	10	"(:40) (No Huddle, Shotgun) 9-M.Stafford pass incomplete deep left to 17-D.Adams [49-A.Singleton]."	"pass"	0	1	0	0	0	38	null	null	null	null	null	null	-0.3461050932528451	0.907617449760437	0	0	0	0	1	0	0	0	0	0	0	0	"00-0026498"	"00-0031381"	null	null	null	null	0	2026	0	0.9312148690223694	6.8785130977630615
2178	"2026_03_LA_DEN"	"DEN"	"LA"	"REG"	3	"LA"	"DEN"	46	"2026-09-27"	9	2	2	0	"00:34"	10	"(:34) (Shotgun) PENALTY on LA, Delay of Game, 5 yards, enforced at DEN 46 - No Play."	"no_play"	0	0	0	0	0	null	null	null	null	null	null	null	-0.5794724322040565	0.90031898021698	0	0	0	0	0	0	0	0	0	0	0	0	null	null	null	null	null	null	0	2026	0	0.9416123628616333	null
2202	"2026_03_LA_DEN"	"DEN"	"LA"	"REG"	3	"LA"	"DEN"	51	"2026-09-27"	9	2	2	0	"00:34"	15	"(:34) (Shotgun) 9-M.Stafford pass short left to 17-D.Adams ran ob at DEN 37 for 14 yards."	"pass"	14	1	0	0	0	14	null	null	null	null	null	null	1.1757136973319575	0.8967783451080322	0	0	0	0	1	0	0	0	0	0	0	1	"00-0026498"	"00-0031381"	null	null	null	null	0	2026	1	0.9397292733192444	6.0270726680755615
2232	"2026_03_LA_DEN"	"DEN"	"LA"	"REG"	3	"LA"	"DEN"	37	"2026-09-27"	9	2	3	0	"00:30"	1	"(:30) (No Huddle) 23-K.Williams right guard to DEN 32 for 5 yards (22-B.Jones)."	"run"	5	0	0	0	0	null	null	null	null	null	null	null	0.21906827081693336	0.9078840613365173	0	0	0	1	0	0	0	0	0	0	0	0	null	null	"00-0037840"	null	null	null	0	2026	1	0.5953375101089478	-59.533751010894775
2266	"2026_03_LA_DEN"	"DEN"	"LA"	"REG"	3	null	null	null	"2026-09-27"	9	2	null	0	"00:25"	0	"Timeout #3 by LA at 00:25."	"no_play"	0	0	0	0	0	null	null	null	null	null	null	null	0	0.891325831413269	0	0	0	0	0	0	0	0	0	0	0	0	null	null	null	null	null	null	0	2026	0	null	null
2254	"2026_03_LA_DEN"	"DEN"	"LA"	"REG"	3	"LA"	"DEN"	32	"2026-09-27"	9	2	1	0	"00:25"	10	"(:25) (Shotgun) 9-M.Stafford pass incomplete short middle."	"pass"	0	1	0	0	0	0	null	null	null	null	null	null	-0.33764600072754547	0.891325831413269	0	0	0	0	1	0	0	0	0	0	0	0	"00-0026498"	null	null	null	null	null	0	2026	0	0.9380506277084351	6.194937229156494
2284	"2026_03_LA_DEN"	"DEN"	"LA"	"REG"	3	"LA"	"DEN"	32	"2026-09-27"	9	2	2	0	"00:20"	10	"(:20) (Shotgun) 9-M.Stafford pass short right to 89-T.Higbee to DEN 22 for 10 yards (22-B.Jones)."	"pass"	10	1	0	0	0	6	null	null	null	null	null	null	-0.18019084713887423	0.8874556422233582	0	0	0	0	1	0	0	0	0	0	0	1	"00-0026498"	"00-0033110"	null	null	null	null	0	2026	0	0.9410305619239807	5.896943807601929
2309	"2026_03_LA_DEN"	"DEN"	"LA"	"REG"	3	"LA"	"DEN"	22	"2026-09-27"	9	2	1	0	"00:04"	10	"(:04) (No Huddle) 9-M.Stafford spiked the ball to stop the clock."	"qb_spike"	0	0	0	1	0	-1	null	null	null	null	null	null	0.491777162211279	0.8986622095108032	0	0	0	0	1	0	0	0	0	0	0	0	"00-0026498"	null	null	null	null	null	0	2026	1	null	null
2332	"2026_03_LA_DEN"	"DEN"	"LA"	"REG"	3	"LA"	"DEN"	22	"2026-09-27"	9	2	2	0	"00:03"	10	"(:03) 92-H.Mevis 40 yard field goal is GOOD, Center-49-J.Cardona, Holder-42-E.Evans."	"field_goal"	0	0	0	0	0	null	"made"	40	null	null	null	null	0.4517703796464181	0.8950225710868835	0	0	0	0	0	0	0	0	0	0	0	0	null	null	null	null	null	"00-0039498"	0	2026	1	null	null
2352	"2026_03_LA_DEN"	"DEN"	"LA"	"REG"	3	null	null	null	"2026-09-27"	null	2	null	0	"00:00"	0	"END QUARTER 2"	null	null	null	0	0	0	null	null	null	null	null	null	null	null	0.11473756283521652	null	null	null	null	null	null	null	null	null	null	null	null	null	null	null	null	null	null	null	2026	null	null	null
2370	"2026_03_LA_DEN"	"DEN"	"LA"	"REG"	3	"DEN"	"LA"	35	"2026-09-27"	10	3	null	0	"15:00"	0	"92-H.Mevis kicks 64 yards from LA 35 to DEN 1. 81-K.Katsis to DEN 32 for 31 yards (44-G.Stuard; 34-T.Ingle)."	"kickoff"	0	0	0	0	0	null	null	64	null	null	null	null	0.5268383051734418	0.11473756283521652	0	0	0	0	0	0	0	0	0	0	0	0	null	null	null	null	"00-0041292"	"00-0039498"	31	2026	1	null	null
2398	"2026_03_LA_DEN"	"DEN"	"LA"	"REG"	3	"DEN"	"LA"	68	"2026-09-27"	10	3	1	0	"14:55"	10	"(14:55) 63-A.Palczewski reported in as eligible. 27-J.Dobbins left guard to DEN 38 for 6 yards (97-P.Ford)."	"run"	6	0	0	0	0	null	null	null	null	null	null	null	0.17453423235565424	0.1173170730471611	0	0	0	1	0	0	0	0	0	0	0	0	null	null	"00-0036158"	null	null	null	0	2026	1	0.4876013696193695	-48.76013696193695
2422	"2026_03_LA_DEN"	"DEN"	"LA"	"REG"	3	"DEN"	"LA"	62	"2026-09-27"	10	3	2	0	"14:19"	4	"(14:19) (Shotgun) 10-B.Nix pass incomplete deep right to 17-J.Waddle [55-B.Fiske]."	"pass"	0	1	0	0	0	44	null	null	null	null	null	null	-0.886493202066049	0.1125420406460762	0	0	0	0	1	0	0	0	0	0	0	0	"00-0039732"	"00-0036613"	null	null	null	null	0	2026	0	0.41153985261917114	58.846014738082886
2445	"2026_03_LA_DEN"	"DEN"	"LA"	"REG"	3	"DEN"	"LA"	62	"2026-09-27"	10	3	3	0	"14:12"	4	"(14:12) (Shotgun) 10-B.Nix pass incomplete short left to 1-E.Engram [99-A.Donald]."	"pass"	0	1	0	0	0	2	null	null	null	null	null	null	-1.5975200119428337	0.10398229956626892	0	0	0	0	1	0	0	0	0	0	0	0	"00-0039732"	"00-0033881"	null	null	null	null	0	2026	0	0.9446280598640442	5.537194013595581
2468	"2026_03_LA_DEN"	"DEN"	"LA"	"REG"	3	"DEN"	"LA"	62	"2026-09-27"	10	3	4	0	"14:08"	4	"(14:08) 16-J.Crawshaw punts 62 yards to LA 0, Center-48-M.Fraboni. 19-X.Smith pushed ob at LA 10 for 10 yards (34-J.Skinner)."	"punt"	0	0	0	0	0	null	null	62	null	null	null	null	0.5564494612626731	0.08934507519006729	0	0	0	0	0	0	0	0	0	0	0	0	null	null	null	"00-0038359"	null	null	10	2026	1	null	null
2504	"2026_03_LA_DEN"	"DEN"	"LA"	"REG"	3	"LA"	"DEN"	90	"2026-09-27"	11	3	1	0	"13:57"	10	"(13:57) 24-B.Corum up the middle to LA 13 for 3 yards (93-D.Jones; 97-M.Roach)."	"run"	3	0	0	0	0	null	null	null	null	null	null	null	-0.2785145933739841	0.9103370904922485	0	0	0	1	0	0	0	0	0	0	0	0	null	null	"00-0039738"	null	null	null	0	2026	0	0.3282965123653412	-32.82965123653412
2526	"2026_03_LA_DEN"	"DEN"	"LA"	"REG"	3	"LA"	"DEN"	87	"2026-09-27"	11	3	2	0	"13:14"	7	"(13:14) (Shotgun) 9-M.Stafford pass incomplete short left to 89-T.Higbee [97-M.Roach]."	"pass"	0	1	0	0	0	1	null	null	null	null	null	null	-0.7213685191236436	0.908841609954834	0	0	0	0	1	0	0	0	0	0	0	0	"00-0026498"	"00-0033110"	null	null	null	null	0	2026	0	0.6319704651832581	36.802953481674194
2549	"2026_03_LA_DEN"	"DEN"	"LA"	"REG"	3	"LA"	"DEN"	87	"2026-09-27"	11	3	3	0	"13:09"	7	"(13:09) (Shotgun) 9-M.Stafford pass incomplete short right to 17-D.Adams."	"pass"	0	1	0	0	0	12	null	null	null	null	null	null	-1.3173676142469049	0.896711528301239	0	0	0	0	1	0	0	0	0	0	0	0	"00-0026498"	"00-0031381"	null	null	null	null	0	2026	0	0.9633486866950989	3.6651313304901123
2572	"2026_03_LA_DEN"	"DEN"	"LA"	"REG"	3	"LA"	"DEN"	87	"2026-09-27"	11	3	4	0	"13:04"	7	"(13:04) 42-E.Evans punts 57 yards to DEN 30, Center-49-J.Cardona. 81-K.Katsis ran ob at LA 42 for 28 yards (42-E.Evans)."	"punt"	0	0	0	0	0	null	null	57	null	null	null	null	-0.9807396125979722	0.8812041282653809	0	0	0	0	0	0	0	0	0	0	0	0	null	null	null	"00-0041292"	null	null	28	2026	0	null	null
2603	"2026_03_LA_DEN"	"DEN"	"LA"	"REG"	3	"DEN"	"LA"	42	"2026-09-27"	12	3	1	0	"12:52"	10	"(12:52) 27-J.Dobbins right tackle to LA 36 for 6 yards (57-T.Hamilton; 37-Q.Lake)."	"run"	6	0	0	0	0	null	null	null	null	null	null	null	0.19279422191902995	0.12834295630455017	0	0	0	1	0	0	0	0	0	0	0	0	null	null	"00-0036158"	null	null	null	0	2026	1	0.5062932968139648	-50.629329681396484
2632	"2026_03_LA_DEN"	"DEN"	"LA"	"REG"	3	"DEN"	"LA"	36	"2026-09-27"	12	3	2	0	"12:20"	4	"(12:20) 27-J.Dobbins left guard to LA 34 for 2 yards (97-P.Ford; 94-D.Johnson)."	"run"	2	0	0	0	0	null	null	null	null	null	null	null	-0.4988109451951459	0.13422644138336182	0	0	0	1	0	0	0	0	0	0	0	0	null	null	"00-0036158"	null	null	null	0	2026	0	0.4354517161846161	-43.54517161846161
2654	"2026_03_LA_DEN"	"DEN"	"LA"	"REG"	3	"DEN"	"LA"	34	"2026-09-27"	12	3	3	0	"11:50"	2	"(11:50) (No Huddle, Shotgun) 27-J.Dobbins up the middle to LA 31 for 3 yards (57-T.Hamilton; 48-O.Speights)."	"run"	3	0	0	0	0	null	null	null	null	null	null	null	0.9296027207747102	0.1308107227087021	0	0	0	1	0	0	0	0	0	0	0	0	null	null	"00-0036158"	null	null	null	0	2026	1	0.6561495065689087	-65.61495065689087
2676	"2026_03_LA_DEN"	"DEN"	"LA"	"REG"	3	"DEN"	"LA"	31	"2026-09-27"	12	3	1	0	"11:14"	10	"(11:14) (Shotgun) 10-B.Nix pass incomplete short middle to 12-R.Harvey."	"pass"	0	1	0	0	0	2	null	null	null	null	null	null	-0.4528237752383575	0.13430343568325043	0	0	0	0	1	0	0	0	0	0	0	0	"00-0039732"	"00-0040730"	null	null	null	null	0	2026	0	0.5139187574386597	48.60812425613403
2699	"2026_03_LA_DEN"	"DEN"	"LA"	"REG"	3	"DEN"	"LA"	31	"2026-09-27"	12	3	2	0	"11:10"	10	"(11:10) (Shotgun) 10-B.Nix pass short right to 12-R.Harvey pushed ob at LA 22 for 9 yards (47-W.Bailey)."	"pass"	9	1	0	0	0	0	null	null	null	null	null	null	0.7338376231491566	0.12666349112987518	0	0	0	0	1	0	0	0	0	0	0	1	"00-0039732"	"00-0040730"	null	null	null	null	0	2026	1	0.6538122296333313	34.61877703666687
2729	"2026_03_LA_DEN"	"DEN"	"LA"	"REG"	3	"DEN"	"LA"	22	"2026-09-27"	12	3	3	0	"10:37"	1	"(10:37) 10-B.Nix up the middle to LA 21 for 1 yard (91-K.Turner)."	"run"	1	0	0	0	0	null	null	null	null	null	null	null	0.3589754489948973	0.15241506695747375	0	0	0	1	0	0	0	0	0	0	0	0	null	null	"00-0039732"	null	null	null	0	2026	1	0.314100980758667	-31.4100980758667
2751	"2026_03_LA_DEN"	"DEN"	"LA"	"REG"	3	"DEN"	"LA"	21	"2026-09-27"	12	3	1	0	"09:56"	10	"(9:56) (Shotgun) 10-B.Nix pass incomplete short middle."	"pass"	0	1	0	0	0	-6	null	null	null	null	null	null	-0.44291709759272635	0.14566250145435333	0	0	0	0	1	0	0	0	0	0	0	0	"00-0039732"	null	null	null	null	null	0	2026	0	0.527146577835083	47.2853422164917
2774	"2026_03_LA_DEN"	"DEN"	"LA"	"REG"	3	"DEN"	"LA"	21	"2026-09-27"	12	3	2	0	"09:53"	10	"(9:53) (Shotgun) 10-B.Nix pass short left to 17-J.Waddle pushed ob at LA 20 for 1 yard (22-T.McDuffie; 1-E.Forbes)."	"pass"	1	1	0	0	0	-2	null	null	null	null	null	null	-0.6962379362666979	0.13752031326293945	0	0	0	0	1	0	0	0	0	0	0	1	"00-0039732"	"00-0036613"	null	null	null	null	0	2026	0	0.6825917959213257	31.74082040786743
2804	"2026_03_LA_DEN"	"DEN"	"LA"	"REG"	3	"DEN"	"LA"	20	"2026-09-27"	12	3	3	0	"09:17"	9	"(9:17) (Shotgun) 10-B.Nix pass short right to 14-C.Sutton to LA 11 for 9 yards (55-B.Fiske). PENALTY on LA-37-Q.Lake, Face Mask, 6 yards, enforced at LA 11."	"pass"	9	1	0	0	0	5	null	null	null	null	null	null	2.2731169371982105	0.11168373376131058	0	0	0	0	1	0	0	0	0	0	0	1	"00-0039732"	"00-0034348"	null	null	null	null	0	2026	1	0.9859458804130554	1.405411958694458
2840	"2026_03_LA_DEN"	"DEN"	"LA"	"REG"	3	"DEN"	"LA"	5	"2026-09-27"	12	3	1	1	"08:59"	5	"(8:59) (Shotgun) 27-J.Dobbins left end to LA 5 for no gain (48-O.Speights; 10-J.Stewart)."	"run"	0	0	0	0	0	null	null	null	null	null	null	null	-0.4201596758211963	0.14906609058380127	0	0	0	1	0	0	0	0	0	0	0	0	null	null	"00-0036158"	null	null	null	0	2026	0	0.4678502380847931	-46.78502380847931
2862	"2026_03_LA_DEN"	"DEN"	"LA"	"REG"	3	"DEN"	"LA"	5	"2026-09-27"	12	3	2	1	"08:22"	5	"(8:22) (Shotgun) 10-B.Nix pass short right to 12-R.Harvey to LA 5 for no gain (37-Q.Lake). DEN-12-R.Harvey was injured during the play."	"pass"	0	1	0	0	0	-2	null	null	null	null	null	null	-0.9858135982649401	0.14401036500930786	0	0	0	0	1	0	0	0	0	0	0	1	"00-0039732"	"00-0040730"	null	null	null	null	0	2026	0	0.6447650790214539	35.523492097854614
2890	"2026_03_LA_DEN"	"DEN"	"LA"	"REG"	3	"DEN"	"LA"	5	"2026-09-27"	12	3	3	1	"07:50"	5	"(7:50) (Shotgun) 10-B.Nix pass short right to 13-P.Bryant for 5 yards, TOUCHDOWN."	"pass"	5	1	0	0	0	5	null	null	null	null	"DEN"	"00-0040134"	2.462539184372872	0.1334170401096344	0	0	0	0	1	0	1	1	0	0	0	1	"00-0039732"	"00-0040134"	null	null	null	null	0	2026	1	0.9643522500991821	3.564774990081787
2923	"2026_03_LA_DEN"	"DEN"	"LA"	"REG"	3	"DEN"	"LA"	2	"2026-09-27"	12	3	null	0	"07:44"	0	"TWO-POINT CONVERSION ATTEMPT. 10-B.Nix pass to 17-J.Waddle is complete. ATTEMPT SUCCEEDS."	"pass"	2	1	0	0	0	null	null	null	null	"success"	null	null	1.053	0.16008154100179683	0	0	0	0	1	0	0	0	0	0	1	0	"00-0039732"	"00-0036613"	null	null	null	null	0	2026	1	null	null
2936	"2026_03_LA_DEN"	"DEN"	"LA"	"REG"	3	"LA"	"DEN"	35	"2026-09-27"	13	3	null	0	"07:44"	0	"3-W.Lutz kicks 60 yards from DEN 35 to LA 5. 19-X.Smith to LA 21 for 16 yards (51-Q.Robinson)."	"kickoff"	0	0	0	0	0	null	null	60	null	null	null	null	-0.4138574688695371	0.8313667178153992	0	0	0	0	0	0	0	0	0	0	0	0	null	null	null	null	"00-0038359"	"00-0032569"	16	2026	0	null	null
2959	"2026_03_LA_DEN"	"DEN"	"LA"	"REG"	3	"LA"	"DEN"	79	"2026-09-27"	13	3	1	0	"07:41"	10	"(7:41) 23-K.Williams up the middle to LA 30 for 9 yards (2-P.Surtain; 22-B.Jones)."	"run"	9	0	0	0	0	null	null	null	null	null	null	null	0.9755612509325147	0.8264895677566528	0	0	0	1	0	0	0	0	0	0	0	0	null	null	"00-0037840"	null	null	null	0	2026	1	0.4428763687610626	-44.28763687610626
2981	"2026_03_LA_DEN"	"DEN"	"LA"	"REG"	3	"LA"	"DEN"	70	"2026-09-27"	13	3	2	0	"07:01"	1	"(7:01) 23-K.Williams right end to LA 34 for 4 yards (21-R.Moss). LA-69-K.Dotson was injured during the play."	"run"	4	0	0	0	0	null	null	null	null	null	null	null	-0.02887993725016713	0.8388851284980774	0	0	0	1	0	0	0	0	0	0	0	0	null	null	"00-0037840"	null	null	null	0	2026	0	0.1962800770998001	-19.62800770998001
3006	"2026_03_LA_DEN"	"DEN"	"LA"	"REG"	3	"LA"	"DEN"	66	"2026-09-27"	13	3	1	0	"06:33"	10	"(6:33) 9-M.Stafford pass incomplete short right to 17-D.Adams. PENALTY on LA-71-W.McClendon, Offensive Holding, 10 yards, enforced at LA 34 - No Play."	"no_play"	0	0	0	0	0	null	null	null	null	null	null	null	-1.0635582846589386	0.8462260961532593	0	0	0	0	0	0	0	0	0	0	0	0	null	null	null	null	null	null	0	2026	0	0.4441158175468445	55.58841824531555
3040	"2026_03_LA_DEN"	"DEN"	"LA"	"REG"	3	"LA"	"DEN"	76	"2026-09-27"	13	3	1	0	"06:28"	20	"(6:28) (Shotgun) 23-K.Williams right guard to LA 27 for 3 yards (52-J.Elliss). ** Injury Update: LA-69-K.Dotson has returned to the game."	"run"	3	0	0	0	0	null	null	null	null	null	null	null	-0.24915466737002134	0.8237738013267517	0	0	0	1	0	0	0	0	0	0	0	0	null	null	"00-0037840"	null	null	null	0	2026	0	0.6571890115737915	-65.71890115737915
3062	"2026_03_LA_DEN"	"DEN"	"LA"	"REG"	3	"LA"	"DEN"	73	"2026-09-27"	13	3	2	0	"06:04"	17	"(6:04) (No Huddle, Shotgun) 9-M.Stafford pass incomplete deep left to 17-D.Adams [99-Z.Allen]."	"pass"	0	1	0	0	0	37	null	null	null	null	null	null	-0.8041819962672889	0.8094989657402039	0	0	0	0	1	0	0	0	0	0	0	0	"00-0026498"	"00-0031381"	null	null	null	null	0	2026	0	0.7798398733139038	22.01601266860962
3088	"2026_03_LA_DEN"	"DEN"	"LA"	"REG"	3	"LA"	"DEN"	73	"2026-09-27"	13	3	3	0	"05:59"	17	"(5:59) (Shotgun) 9-M.Stafford pass short right to 23-K.Williams pushed ob at LA 25 for -2 yards (23-J.Barron)."	"pass"	-2	1	0	0	0	-7	null	null	null	null	null	null	-1.1973142754286528	0.792183518409729	0	0	0	0	1	0	0	0	0	0	0	1	"00-0026498"	"00-0037840"	null	null	null	null	0	2026	0	0.8627048134803772	13.72951865196228
3118	"2026_03_LA_DEN"	"DEN"	"LA"	"REG"	3	"LA"	"DEN"	75	"2026-09-27"	13	3	4	0	"05:33"	19	"(5:33) 42-E.Evans punts 60 yards to DEN 15, Center-49-J.Cardona. 81-K.Katsis MUFFS catch, and recovers at DEN 15. 81-K.Katsis to DEN 9 for -6 yards (44-G.Stuard). PENALTY on LA-1-E.Forbes, Unsportsmanlike Conduct, 13 yards, enforced at LA 25 - No Play."	"no_play"	0	0	0	0	0	null	null	null	null	null	null	null	-0.7106176479719579	0.7552673816680908	0	0	0	0	0	0	0	0	0	0	0	0	null	null	null	null	null	null	0	2026	0	0.438383549451828	null
3167	"2026_03_LA_DEN"	"DEN"	"LA"	"REG"	3	"LA"	"DEN"	88	"2026-09-27"	13	3	4	0	"05:22"	32	"(5:22) 42-E.Evans punts 41 yards to DEN 47, impetus ends at DEN 48, Center-49-J.Cardona. 81-K.Katsis pushed ob at DEN 48 for 1 yard (56-S.Dolac)."	"punt"	0	0	0	0	0	null	null	40	null	null	null	null	-0.27683434542268515	0.7542580962181091	0	0	0	0	0	0	0	0	0	0	0	0	null	null	null	"00-0041292"	null	null	1	2026	0	null	null
3198	"2026_03_LA_DEN"	"DEN"	"LA"	"REG"	3	"DEN"	"LA"	52	"2026-09-27"	14	3	1	0	"05:11"	10	"(5:11) (Shotgun) 27-J.Dobbins up the middle to LA 47 for 5 yards (91-K.Turner; 97-P.Ford)."	"run"	5	0	0	0	0	null	null	null	null	null	null	null	-0.021737019764259458	0.2671274244785309	0	0	0	1	0	0	0	0	0	0	0	0	null	null	"00-0036158"	null	null	null	0	2026	0	0.5403444170951843	-54.03444170951843
3220	"2026_03_LA_DEN"	"DEN"	"LA"	"REG"	3	"DEN"	"LA"	47	"2026-09-27"	14	3	2	0	"04:38"	5	"(4:38) (Shotgun) 27-J.Dobbins up the middle to LA 42 for 5 yards (48-O.Speights). FUMBLES (48-O.Speights), recovered by DEN-13-P.Bryant at LA 41. 13-P.Bryant to LA 34 for 7 yards (22-T.McDuffie)."	"run"	5	0	0	0	0	null	null	null	null	null	null	null	0.9615748790092766	0.265223890542984	0	0	0	1	0	0	0	0	0	0	0	0	null	null	"00-0036158"	null	null	null	0	2026	1	0.5657173991203308	-56.57173991203308
3263	"2026_03_LA_DEN"	"DEN"	"LA"	"REG"	3	"DEN"	"LA"	34	"2026-09-27"	14	3	1	0	"03:52"	10	"(3:52) 17-J.Waddle left end to LA 20 for 14 yards (91-K.Turner)."	"run"	14	0	0	0	0	null	null	null	null	null	null	null	0.9821468419395387	0.28582093119621277	0	0	0	1	0	0	0	0	0	0	0	0	null	null	"00-0036613"	null	null	null	0	2026	1	0.5227357745170593	-52.27357745170593
3285	"2026_03_LA_DEN"	"DEN"	"LA"	"REG"	3	"DEN"	"LA"	20	"2026-09-27"	14	3	1	0	"03:12"	10	"(3:12) 10-B.Nix pass incomplete short middle."	"pass"	0	1	0	0	0	-5	null	null	null	null	null	null	-0.4708134842803702	0.3147578835487366	0	0	0	0	1	0	0	0	0	0	0	0	"00-0039732"	null	null	null	null	null	0	2026	0	0.4750220477581024	52.49779522418976
3308	"2026_03_LA_DEN"	"DEN"	"LA"	"REG"	3	"DEN"	"LA"	20	"2026-09-27"	14	3	2	0	"03:08"	10	"(3:08) (Shotgun) 10-B.Nix pass short left to 28-T.Badie to LA 8 for 12 yards (3-K.Curl)."	"pass"	12	1	0	0	0	6	null	null	null	null	null	null	1.1917354181059636	0.29812684655189514	0	0	0	0	1	0	0	0	0	0	0	1	"00-0039732"	"00-0037085"	null	null	null	null	0	2026	1	0.6699222326278687	33.007776737213135
3333	"2026_03_LA_DEN"	"DEN"	"LA"	"REG"	3	"DEN"	"LA"	8	"2026-09-27"	14	3	1	1	"02:24"	8	"(2:24) (Shotgun) 10-B.Nix pass incomplete short left to 14-C.Sutton."	"pass"	0	1	0	0	0	8	null	null	null	null	null	null	-0.5704770717420615	0.3524419963359833	0	0	0	0	1	0	0	0	0	0	0	0	"00-0039732"	"00-0034348"	null	null	null	null	0	2026	0	0.42359817028045654	57.640182971954346
3356	"2026_03_LA_DEN"	"DEN"	"LA"	"REG"	3	"DEN"	"LA"	8	"2026-09-27"	14	3	2	1	"02:19"	8	"(2:19) (Shotgun) 10-B.Nix pass short right to 45-N.Adkins for 8 yards, TOUCHDOWN."	"pass"	8	1	0	0	0	4	null	null	null	null	"DEN"	"00-0038783"	2.024794877623208	0.33020690083503723	0	0	0	0	1	0	1	1	0	0	0	1	"00-0039732"	"00-0038783"	null	null	null	null	0	2026	1	0.7376705408096313	26.232945919036865
3382	"2026_03_LA_DEN"	"DEN"	"LA"	"REG"	3	"DEN"	"LA"	2	"2026-09-27"	14	3	null	0	"02:15"	0	"TWO-POINT CONVERSION ATTEMPT. 10-B.Nix pass to 13-P.Bryant is complete. ATTEMPT SUCCEEDS."	"pass"	2	1	0	0	0	null	null	null	null	"success"	null	null	1.053	0.45080928279459487	0	0	0	0	1	0	0	0	0	0	1	0	"00-0039732"	"00-0040134"	null	null	null	null	0	2026	1	null	null
3395	"2026_03_LA_DEN"	"DEN"	"LA"	"REG"	3	"LA"	"DEN"	35	"2026-09-27"	15	3	null	0	"02:15"	0	"3-W.Lutz kicks 64 yards from DEN 35 to LA 1. 19-X.Smith to LA 30 for 29 yards (31-K.Abrams-Draine)."	"kickoff"	0	0	0	0	0	null	null	64	null	null	null	null	0.2775493492372334	0.47496846318244934	0	0	0	0	0	0	0	0	0	0	0	0	null	null	null	null	"00-0038359"	"00-0032569"	29	2026	1	null	null
3425	"2026_03_LA_DEN"	"DEN"	"LA"	"REG"	3	"LA"	"DEN"	70	"2026-09-27"	15	3	1	0	"02:09"	10	"(2:09) (Shotgun) 9-M.Stafford pass short right to 17-D.Adams to LA 36 for 6 yards (2-P.Surtain)."	"pass"	6	1	0	0	0	6	null	null	null	null	null	null	0.30402654875069857	0.4809493124485016	0	0	0	0	1	0	0	0	0	0	0	1	"00-0026498"	"00-0031381"	null	null	null	null	0	2026	1	0.49246513843536377	50.75348615646362
3450	"2026_03_LA_DEN"	"DEN"	"LA"	"REG"	3	"LA"	"DEN"	64	"2026-09-27"	15	3	2	0	"01:32"	4	"(1:32) 9-M.Stafford pass incomplete deep right to 87-D.Allen (40-J.Strnad) [92-D.Tillman]."	"pass"	0	1	0	0	0	18	null	null	null	null	null	null	-0.8537080804817379	0.4878409206867218	0	0	0	0	1	0	0	0	0	0	0	0	"00-0026498"	"00-0039074"	null	null	null	null	0	2026	0	0.439482718706131	56.0517281293869
3473	"2026_03_LA_DEN"	"DEN"	"LA"	"REG"	3	"LA"	"DEN"	64	"2026-09-27"	15	3	3	0	"01:26"	4	"(1:26) (Shotgun) 9-M.Stafford pass short middle to 89-T.Higbee to LA 41 for 5 yards (51-Q.Robinson) [92-D.Tillman]."	"pass"	5	1	0	0	0	4	null	null	null	null	null	null	1.2513434381689876	0.4542331099510193	0	0	0	0	1	0	0	0	0	0	0	1	"00-0026498"	"00-0033110"	null	null	null	null	0	2026	1	0.9495078921318054	5.049210786819458
3498	"2026_03_LA_DEN"	"DEN"	"LA"	"REG"	3	"LA"	"DEN"	59	"2026-09-27"	15	3	1	0	"00:46"	10	"(:46) 9-M.Stafford sacked at LA 32 for -9 yards (99-Z.Allen)."	"pass"	-9	1	0	0	0	null	null	null	null	null	null	null	-1.3605446221772581	0.5025658011436462	0	0	0	0	1	1	0	0	0	0	0	0	"00-0026498"	null	null	null	null	null	0	2026	0	0.48138171434402466	51.861828565597534
3518	"2026_03_LA_DEN"	"DEN"	"LA"	"REG"	3	"LA"	"DEN"	null	"2026-09-27"	15	3	null	0	"00:00"	0	"END QUARTER 3"	null	null	null	0	0	0	null	null	null	null	null	null	null	0	0.4426388442516327	null	null	null	null	null	null	null	null	null	null	null	null	null	null	null	null	null	null	null	2026	0	null	null
3538	"2026_03_LA_DEN"	"DEN"	"LA"	"REG"	3	"LA"	"DEN"	68	"2026-09-27"	15	4	2	0	"15:00"	19	"(15:00) (Shotgun) 9-M.Stafford pass incomplete short right."	"pass"	0	1	0	0	0	1	null	null	null	null	null	null	-0.7941515636630356	0.4426388442516327	0	0	0	0	1	0	0	0	0	0	0	0	"00-0026498"	null	null	null	null	null	0	2026	0	0.8781902194023132	12.180978059768677
3561	"2026_03_LA_DEN"	"DEN"	"LA"	"REG"	3	"LA"	"DEN"	68	"2026-09-27"	15	4	3	0	"14:56"	19	"(14:56) (Shotgun) 9-M.Stafford pass incomplete deep left to 4-K.Mumpfield [99-Z.Allen]."	"pass"	0	1	0	0	0	41	null	null	null	null	null	null	-1.0229139244183898	0.4073408842086792	0	0	0	0	1	0	0	0	0	0	0	0	"00-0026498"	"00-0040590"	null	null	null	null	0	2026	0	0.9020510911941528	9.794890880584717
3584	"2026_03_LA_DEN"	"DEN"	"LA"	"REG"	3	"LA"	"DEN"	68	"2026-09-27"	15	4	4	0	"14:50"	19	"(14:50) 42-E.Evans punts 49 yards to DEN 19, Center-49-J.Cardona. 81-K.Katsis to DEN 29 for 10 yards (56-S.Dolac; 49-J.Cardona)."	"punt"	0	0	0	0	0	null	null	49	null	null	null	null	-0.18955884408205748	0.37519705295562744	0	0	0	0	0	0	0	0	0	0	0	0	null	null	null	"00-0041292"	null	null	10	2026	0	null	null
3610	"2026_03_LA_DEN"	"DEN"	"LA"	"REG"	3	"DEN"	"LA"	71	"2026-09-27"	16	4	1	0	"14:39"	10	"(14:39) 27-J.Dobbins left end to DEN 29 for no gain (91-K.Turner)."	"run"	0	0	0	0	0	null	null	null	null	null	null	null	-0.5120152174495161	0.5715062022209167	0	0	0	1	0	0	0	0	0	0	0	0	null	null	"00-0036158"	null	null	null	0	2026	0	0.4894683361053467	-48.94683361053467
3632	"2026_03_LA_DEN"	"DEN"	"LA"	"REG"	3	"DEN"	"LA"	71	"2026-09-27"	16	4	2	0	"14:00"	10	"(14:00) (Shotgun) 10-B.Nix pass deep left to 14-C.Sutton ran ob at LA 44 for 27 yards. Penalty on LA-30-J.Wallace, Defensive Pass Interference, declined."	"pass"	27	1	0	0	0	23	null	null	null	null	null	null	2.082335986196995	0.5467467904090881	0	0	0	0	1	0	0	0	0	0	0	1	"00-0039732"	"00-0034348"	null	null	null	null	0	2026	1	0.6448021531105042	35.519784688949585
3673	"2026_03_LA_DEN"	"DEN"	"LA"	"REG"	3	"DEN"	"LA"	44	"2026-09-27"	16	4	1	0	"13:47"	10	"(13:47) 27-J.Dobbins right end to LA 43 for 1 yard (0-B.Young; 1-E.Forbes)."	"run"	1	0	0	0	0	null	null	null	null	null	null	null	-0.5515532023273408	0.6073480248451233	0	0	0	1	0	0	0	0	0	0	0	0	null	null	"00-0036158"	null	null	null	0	2026	0	0.48628270626068115	-48.628270626068115
3695	"2026_03_LA_DEN"	"DEN"	"LA"	"REG"	3	"DEN"	"LA"	43	"2026-09-27"	16	4	2	0	"13:07"	9	"(13:07) (Shotgun) ** Injury Update: DEN-12-R.Harvey has returned to the game. PENALTY on DEN-60-L.Wattenberg, False Start, 5 yards, enforced at LA 43 - No Play."	"no_play"	0	0	0	0	0	null	null	null	null	null	null	null	-0.5729190655983984	0.5831490159034729	0	0	0	0	0	0	0	0	0	0	0	0	null	null	null	null	null	null	0	2026	0	0.7516405582427979	null
3719	"2026_03_LA_DEN"	"DEN"	"LA"	"REG"	3	"DEN"	"LA"	48	"2026-09-27"	16	4	2	0	"13:07"	14	"(13:07) (Shotgun) 10-B.Nix pass short left intended for 14-C.Sutton INTERCEPTED by 30-J.Wallace (91-K.Turner) at LA 37. 30-J.Wallace to DEN 37 for 26 yards (60-L.Wattenberg)."	"pass"	0	1	0	0	0	11	null	null	null	null	null	null	-5.313004434574395	0.5671911835670471	1	0	0	0	1	0	0	0	0	0	0	0	"00-0039732"	"00-0034348"	null	null	null	null	26	2026	0	0.8730784058570862	12.692159414291382
3749	"2026_03_LA_DEN"	"DEN"	"LA"	"REG"	3	"LA"	"DEN"	37	"2026-09-27"	17	4	1	0	"12:58"	10	"(12:58) 23-K.Williams left guard to DEN 39 for -2 yards (22-B.Jones)."	"run"	-2	0	0	0	0	null	null	null	null	null	null	null	-1.0769035210832953	0.5942802429199219	0	0	0	1	0	0	0	0	0	0	0	0	null	null	"00-0037840"	null	null	null	0	2026	0	0.4580709636211395	-45.80709636211395
3780	"2026_03_LA_DEN"	"DEN"	"LA"	"REG"	3	"LA"	"DEN"	39	"2026-09-27"	17	4	2	0	"12:14"	12	"(12:14) (Shotgun) 9-M.Stafford pass short right to 17-D.Adams to DEN 28 for 11 yards (22-B.Jones)."	"pass"	11	1	0	0	0	9	null	null	null	null	null	null	1.2364906237926334	0.5384255647659302	0	0	0	0	1	0	0	0	0	0	0	1	"00-0026498"	"00-0031381"	null	null	null	null	0	2026	1	0.8603529930114746	13.964700698852539
3805	"2026_03_LA_DEN"	"DEN"	"LA"	"REG"	3	"LA"	"DEN"	28	"2026-09-27"	17	4	3	0	"11:29"	1	"(11:29) 9-M.Stafford right end to DEN 25 for 3 yards (49-A.Singleton)."	"run"	3	0	0	0	0	null	null	null	null	null	null	null	0.6296852299710736	0.5779209136962891	0	0	0	1	0	0	0	0	0	0	0	0	null	null	"00-0026498"	null	null	null	0	2026	1	0.23359115421772003	-23.359115421772003
3827	"2026_03_LA_DEN"	"DEN"	"LA"	"REG"	3	"LA"	"DEN"	25	"2026-09-27"	17	4	1	0	"10:44"	10	"(10:44) 23-K.Williams right end to DEN 20 for 5 yards (22-B.Jones)."	"run"	5	0	0	0	0	null	null	null	null	null	null	null	0.09435651352396235	0.612885594367981	0	0	0	1	0	0	0	0	0	0	0	0	null	null	"00-0037840"	null	null	null	0	2026	1	0.4049433767795563	-40.49433767795563
3849	"2026_03_LA_DEN"	"DEN"	"LA"	"REG"	3	"LA"	"DEN"	20	"2026-09-27"	17	4	2	0	"10:06"	5	"(10:06) 23-K.Williams left end to DEN 20 for no gain (9-T.Hufanga; 97-M.Roach)."	"run"	0	0	0	0	0	null	null	null	null	null	null	null	-0.6302756908116862	0.6084377765655518	0	0	0	1	0	0	0	0	0	0	0	0	null	null	"00-0037840"	null	null	null	0	2026	0	0.49926188588142395	-49.926188588142395
3871	"2026_03_LA_DEN"	"DEN"	"LA"	"REG"	3	"LA"	"DEN"	20	"2026-09-27"	17	4	3	0	"09:22"	5	"(9:22) (Shotgun) 9-M.Stafford sacked at DEN 30 for -10 yards (9-T.Hufanga)."	"pass"	-10	1	0	0	0	null	null	null	null	null	null	null	-2.0500783579488506	0.5812553763389587	0	0	0	0	1	1	0	0	0	0	0	0	"00-0026498"	null	null	null	null	null	0	2026	0	0.946223795413971	5.377620458602905
3891	"2026_03_LA_DEN"	"DEN"	"LA"	"REG"	3	"LA"	"DEN"	30	"2026-09-27"	17	4	4	0	"08:44"	15	"(8:44) 92-H.Mevis 48 yard field goal is GOOD, Center-49-J.Cardona, Holder-42-E.Evans."	"field_goal"	0	0	0	0	0	null	"made"	48	null	null	null	null	1.4077648615645466	0.45186275243759155	0	0	0	0	0	0	0	0	0	0	0	0	null	null	null	null	null	"00-0039498"	0	2026	1	null	null
3911	"2026_03_LA_DEN"	"DEN"	"LA"	"REG"	3	"DEN"	"LA"	35	"2026-09-27"	18	4	null	0	"08:40"	0	"92-H.Mevis kicks 59 yards from LA 35 to DEN 6. 81-K.Katsis to DEN 30 for 24 yards (30-J.Wallace)."	"kickoff"	0	0	0	0	0	null	null	59	null	null	null	null	0.19147654715925455	0.4072227478027344	0	0	0	0	0	0	0	0	0	0	0	0	null	null	null	null	"00-0041292"	"00-0039498"	24	2026	1	null	null
3941	"2026_03_LA_DEN"	"DEN"	"LA"	"REG"	3	"DEN"	"LA"	70	"2026-09-27"	18	4	1	0	"08:34"	10	"(8:34) 63-A.Palczewski reported in as eligible. 27-J.Dobbins up the middle to DEN 36 for 6 yards (53-N.Landman)."	"run"	6	0	0	0	0	null	null	null	null	null	null	null	0.37480754405260086	0.41509243845939636	0	0	0	1	0	0	0	0	0	0	0	0	null	null	"00-0036158"	null	null	null	0	2026	1	0.583224356174469	-58.3224356174469
3965	"2026_03_LA_DEN"	"DEN"	"LA"	"REG"	3	"DEN"	"LA"	64	"2026-09-27"	18	4	2	0	"07:56"	4	"(7:56) 27-J.Dobbins up the middle to DEN 38 for 2 yards (0-B.Young; 90-T.Davis)."	"run"	2	0	0	0	0	null	null	null	null	null	null	null	-0.41490610456094146	0.42437252402305603	0	0	0	1	0	0	0	0	0	0	0	0	null	null	"00-0036158"	null	null	null	0	2026	0	0.5480626225471497	-54.806262254714966
3987	"2026_03_LA_DEN"	"DEN"	"LA"	"REG"	3	"DEN"	"LA"	62	"2026-09-27"	18	4	3	0	"07:13"	2	"(7:13) (Shotgun) 10-B.Nix pass incomplete short left to 1-E.Engram (30-J.Wallace)."	"pass"	0	1	0	0	0	-1	null	null	null	null	null	null	-1.6948025822639465	0.40022382140159607	0	0	0	0	1	0	0	0	0	0	0	0	"00-0039732"	"00-0033881"	null	null	null	null	0	2026	0	0.7642720341682434	23.57279658317566
4010	"2026_03_LA_DEN"	"DEN"	"LA"	"REG"	3	"DEN"	"LA"	62	"2026-09-27"	18	4	4	0	"07:10"	2	"(7:10) 16-J.Crawshaw punts 53 yards to LA 9, Center-48-M.Fraboni, out of bounds."	"punt"	0	0	0	0	0	null	null	53	null	null	null	null	0.24968446465209126	0.34912556409835815	0	0	0	0	0	0	0	0	0	0	0	0	null	null	null	null	null	null	0	2026	1	null	null
4029	"2026_03_LA_DEN"	"DEN"	"LA"	"REG"	3	"LA"	"DEN"	91	"2026-09-27"	19	4	1	0	"07:03"	10	"(7:03) (Shotgun) 9-M.Stafford pass short middle to 17-D.Adams ran ob at DEN 42 for 49 yards (9-T.Hufanga)."	"pass"	49	1	0	0	0	7	null	null	null	null	null	null	3.0689931253436953	0.70514315366745	0	0	0	0	1	0	0	0	0	0	0	1	"00-0026498"	"00-0031381"	null	null	null	null	0	2026	1	0.34154847264289856	65.84515273571014
4066	"2026_03_LA_DEN"	"DEN"	"LA"	"REG"	3	"LA"	"DEN"	42	"2026-09-27"	19	4	1	0	"06:24"	10	"(6:24) 24-B.Corum right end to DEN 42 for no gain (49-A.Singleton; 52-J.Elliss)."	"run"	0	0	0	0	0	null	null	null	null	null	null	null	-0.46481759659945965	0.8140323162078857	0	0	0	1	0	0	0	0	0	0	0	0	null	null	"00-0039738"	null	null	null	0	2026	0	0.28911077976226807	-28.911077976226807
4088	"2026_03_LA_DEN"	"DEN"	"LA"	"REG"	3	"LA"	"DEN"	42	"2026-09-27"	19	4	2	0	"05:43"	10	"(5:43) 24-B.Corum left guard to DEN 38 for 4 yards (21-R.Moss; 49-A.Singleton)."	"run"	4	0	0	0	0	null	null	null	null	null	null	null	-0.3491031505400315	0.7966023683547974	0	0	0	1	0	0	0	0	0	0	0	0	null	null	"00-0039738"	null	null	null	0	2026	0	0.5334524512290955	-53.345245122909546
4110	"2026_03_LA_DEN"	"DEN"	"LA"	"REG"	3	"LA"	"DEN"	38	"2026-09-27"	19	4	3	0	"05:01"	6	"(5:01) (Shotgun) 9-M.Stafford pass short left intended for 23-K.Williams INTERCEPTED by 9-T.Hufanga at DEN 34. 9-T.Hufanga for 66 yards, TOUCHDOWN."	"pass"	0	1	0	0	0	4	null	null	null	null	"DEN"	"00-0036564"	-9.321518061333336	0.7982427477836609	1	0	0	0	1	0	1	0	0	1	0	0	"00-0026498"	"00-0037840"	null	null	null	null	66	2026	0	0.9341079592704773	6.5892040729522705
4138	"2026_03_LA_DEN"	"DEN"	"LA"	"REG"	3	"DEN"	"LA"	15	"2026-09-27"	null	4	null	0	"04:49"	0	"3-W.Lutz extra point is GOOD, Center-48-M.Fraboni, Holder-16-J.Crawshaw."	"extra_point"	0	0	0	0	0	null	null	33	"good"	null	null	null	0.06757300310763314	0.7275958883816882	0	0	0	0	0	0	0	0	0	0	0	0	null	null	null	null	null	"00-0032569"	0	2026	1	null	null
4153	"2026_03_LA_DEN"	"DEN"	"LA"	"REG"	3	"LA"	"DEN"	35	"2026-09-27"	20	4	null	0	"04:49"	0	"3-W.Lutz kicks 61 yards from DEN 35 to LA 4. 19-X.Smith to LA 23 for 19 yards (26-D.Key)."	"kickoff"	0	0	0	0	0	null	null	61	null	null	null	null	-0.1929567155893892	0.2684951722621918	0	0	0	0	0	0	0	0	0	0	0	0	null	null	null	null	"00-0038359"	"00-0032569"	19	2026	0	null	null
4176	"2026_03_LA_DEN"	"DEN"	"LA"	"REG"	3	"LA"	"DEN"	77	"2026-09-27"	20	4	1	0	"04:43"	10	"(4:43) (Shotgun) 9-M.Stafford sacked at LA 22 for -1 yards (96-E.Uwazurike)."	"pass"	-1	1	0	0	0	null	null	null	null	null	null	null	-0.7834183722734451	0.2605642080307007	0	0	0	0	1	1	0	0	0	0	0	0	"00-0026498"	null	null	null	null	null	0	2026	0	0.7396563291549683	26.034367084503174
4196	"2026_03_LA_DEN"	"DEN"	"LA"	"REG"	3	"LA"	"DEN"	78	"2026-09-27"	20	4	2	0	"04:16"	11	"(4:16) (No Huddle, Shotgun) 9-M.Stafford pass deep right to 4-K.Mumpfield to LA 43 for 21 yards (22-B.Jones)."	"pass"	21	1	0	0	0	18	null	null	null	null	null	null	2.0391096911625937	0.22309325635433197	0	0	0	0	1	0	0	0	0	0	0	1	"00-0026498"	"00-0040590"	null	null	null	null	0	2026	1	0.9120380878448486	8.796191215515137
4221	"2026_03_LA_DEN"	"DEN"	"LA"	"REG"	3	"LA"	"DEN"	57	"2026-09-27"	20	4	1	0	"04:08"	10	"(4:08) (No Huddle, Shotgun) 9-M.Stafford pass short right to 4-K.Mumpfield to DEN 48 for 9 yards (21-R.Moss)."	"pass"	9	1	0	0	0	9	null	null	null	null	null	null	0.6945060768630356	0.30953019857406616	0	0	0	0	1	0	0	0	0	0	0	1	"00-0026498"	"00-0040590"	null	null	null	null	0	2026	1	0.7150442600250244	28.49557399749756
4246	"2026_03_LA_DEN"	"DEN"	"LA"	"REG"	3	"LA"	"DEN"	48	"2026-09-27"	20	4	2	0	"03:46"	1	"(3:46) (No Huddle, Shotgun) 9-M.Stafford pass deep right to 4-K.Mumpfield for 48 yards, TOUCHDOWN."	"pass"	48	1	0	0	0	30	null	null	null	null	"LA"	"00-0040590"	4.372056685970165	0.3352615535259247	0	0	0	0	1	0	1	1	0	0	0	1	"00-0026498"	"00-0040590"	null	null	null	null	0	2026	1	0.3473951816558838	65.26048183441162
4272	"2026_03_LA_DEN"	"DEN"	"LA"	"REG"	3	"LA"	"DEN"	15	"2026-09-27"	20	4	null	0	"03:38"	0	"92-H.Mevis extra point is GOOD, Center-49-J.Cardona, Holder-42-E.Evans."	"extra_point"	0	0	0	0	0	null	null	33	"good"	null	null	null	0.06757300310763314	0.6225242235696674	0	0	0	0	0	0	0	0	0	0	0	0	null	null	null	null	null	"00-0039498"	0	2026	1	null	null
4287	"2026_03_LA_DEN"	"DEN"	"LA"	"REG"	3	"DEN"	"LA"	35	"2026-09-27"	21	4	null	0	"03:38"	0	"92-H.Mevis kicks 65 yards from LA 35 to end zone, Touchback to the DEN 35."	"kickoff"	0	0	0	0	0	null	null	65	null	null	null	null	0.5895870687672868	0.37411069869995117	0	0	0	0	0	0	0	0	0	0	0	0	null	null	null	null	null	"00-0039498"	0	2026	1	null	null
4311	"2026_03_LA_DEN"	"DEN"	"LA"	"REG"	3	"DEN"	"LA"	65	"2026-09-27"	21	4	1	0	"03:38"	10	"(3:38) 10-B.Nix pass incomplete short middle to 27-J.Dobbins (97-P.Ford)."	"pass"	0	1	0	0	0	-3	null	null	null	null	null	null	-0.4807347741443664	0.3951520621776581	0	0	0	0	1	0	0	0	0	0	0	0	"00-0039732"	"00-0036158"	null	null	null	null	0	2026	0	0.734980583190918	26.501941680908203
4334	"2026_03_LA_DEN"	"DEN"	"LA"	"REG"	3	"DEN"	"LA"	65	"2026-09-27"	21	4	2	0	"03:33"	10	"(3:33) (Shotgun) 10-B.Nix scrambles right end ran ob at DEN 40 for 5 yards (30-J.Wallace). PENALTY on DEN-72-G.Bolles, Offensive Holding, 10 yards, enforced at DEN 35 - No Play."	"no_play"	0	0	0	0	1	null	null	null	null	null	null	null	-0.8096729972166941	0.3596380650997162	0	0	0	0	0	0	0	0	0	0	0	0	null	null	null	null	null	null	0	2026	0	0.8138979077339172	18.610209226608276
4372	"2026_03_LA_DEN"	"DEN"	"LA"	"REG"	3	"DEN"	"LA"	75	"2026-09-27"	21	4	2	0	"03:26"	20	"(3:26) (Shotgun) 10-B.Nix pass short right to 13-P.Bryant to LA 36 for 39 yards (3-K.Curl)."	"pass"	39	1	0	0	0	14	null	null	null	null	null	null	2.9414410881581716	0.31932175159454346	0	0	0	0	1	0	0	0	0	0	0	1	"00-0039732"	"00-0040134"	null	null	null	null	0	2026	1	0.929855227470398	7.014477252960205
4397	"2026_03_LA_DEN"	"DEN"	"LA"	"REG"	3	"DEN"	"LA"	36	"2026-09-27"	21	4	1	0	"02:35"	10	"(2:35) (Shotgun) 10-B.Nix pass short right to 11-T.Franklin to LA 15 for 21 yards (22-T.McDuffie)."	"pass"	21	1	0	0	0	8	null	null	null	null	null	null	1.6174104602541775	0.5272808074951172	0	0	0	0	1	0	0	0	0	0	0	1	"00-0039732"	"00-0039868"	null	null	null	null	0	2026	1	0.6200659871101379	37.993401288986206
4422	"2026_03_LA_DEN"	"DEN"	"LA"	"REG"	3	"DEN"	"LA"	15	"2026-09-27"	21	4	1	0	"02:00"	10	"(2:00) 63-A.Palczewski reported in as eligible. 27-J.Dobbins up the middle to LA 13 for 2 yards (97-P.Ford)."	"run"	2	0	0	0	0	null	null	null	null	null	null	null	-0.34625066112494096	0.6077771186828613	0	0	0	1	0	0	0	0	0	0	0	0	null	null	"00-0036158"	null	null	null	0	2026	0	0.5369856357574463	-53.69856357574463
4453	"2026_03_LA_DEN"	"DEN"	"LA"	"REG"	3	"DEN"	"LA"	13	"2026-09-27"	21	4	2	0	"01:22"	8	"(1:22) (Shotgun) 10-B.Nix pass short right to 12-R.Harvey to LA 11 for 2 yards (53-N.Landman; 2-J.McCollough)."	"pass"	2	1	0	0	0	-6	null	null	null	null	null	null	-0.457101593434345	0.5839427709579468	0	0	0	0	1	0	0	0	0	0	0	1	"00-0039732"	"00-0040730"	null	null	null	null	0	2026	0	0.8326241374015808	16.73758625984192
4495	"2026_03_LA_DEN"	"DEN"	"LA"	"REG"	3	null	null	null	"2026-09-27"	21	4	null	0	"01:15"	0	"Timeout #1 by LA at 01:15."	"no_play"	0	0	0	0	0	null	null	null	null	null	null	null	0	0.5980370044708252	0	0	0	0	0	0	0	0	0	0	0	0	null	null	null	null	null	null	0	2026	0	null	null
4483	"2026_03_LA_DEN"	"DEN"	"LA"	"REG"	3	"DEN"	"LA"	11	"2026-09-27"	21	4	3	0	"01:15"	6	"(1:15) (Shotgun) 10-B.Nix pass short right intended for 13-P.Bryant INTERCEPTED by 30-J.Wallace [0-B.Young] at LA 8. 30-J.Wallace ran ob at LA 8 for no gain. PENALTY on LA-30-J.Wallace, Defensive Pass Interference, 4 yards, enforced at LA 11 - No Play."	"no_play"	0	0	0	0	0	null	null	null	null	null	null	null	1.3032572116644587	0.5980370044708252	0	0	0	0	0	0	0	0	0	0	0	0	null	null	null	null	null	null	0	2026	1	0.944866418838501	5.513358116149902
4524	"2026_03_LA_DEN"	"DEN"	"LA"	"REG"	3	"DEN"	"LA"	7	"2026-09-27"	21	4	1	1	"01:09"	7	"(1:09) 27-J.Dobbins right tackle to LA 5 for 2 yards (37-Q.Lake; 0-B.Young)."	"run"	2	0	0	0	0	null	null	null	null	null	null	null	-0.3128945062926505	0.6924571990966797	0	0	0	1	0	0	0	0	0	0	0	0	null	null	"00-0036158"	null	null	null	0	2026	0	0.45067617297172546	-45.067617297172546
4558	"2026_03_LA_DEN"	"DEN"	"LA"	"REG"	3	null	null	null	"2026-09-27"	21	4	null	0	"01:05"	0	"Timeout #2 by LA at 01:05."	"no_play"	0	0	0	0	0	null	null	null	null	null	null	null	0	0.6448253393173218	0	0	0	0	0	0	0	0	0	0	0	0	null	null	null	null	null	null	0	2026	0	null	null
4546	"2026_03_LA_DEN"	"DEN"	"LA"	"REG"	3	"DEN"	"LA"	5	"2026-09-27"	21	4	2	1	"01:05"	5	"(1:05) (Shotgun) 10-B.Nix pass incomplete short left to 14-C.Sutton."	"pass"	0	1	0	0	0	5	null	null	null	null	null	null	-0.9573160104337148	0.6448253393173218	0	0	0	0	1	0	0	0	0	0	0	0	"00-0039732"	"00-0034348"	null	null	null	null	0	2026	0	0.5927249789237976	40.72750210762024
4603	"2026_03_LA_DEN"	"DEN"	"LA"	"REG"	3	null	null	null	"2026-09-27"	21	4	null	0	"01:01"	0	"Timeout #1 by DEN at 01:01."	"no_play"	0	0	0	0	0	null	null	null	null	null	null	null	0	0.6021789312362671	0	0	0	0	0	0	0	0	0	0	0	0	null	null	null	null	null	null	0	2026	0	null	null
4591	"2026_03_LA_DEN"	"DEN"	"LA"	"REG"	3	"DEN"	"LA"	5	"2026-09-27"	21	4	3	1	"01:01"	5	"(1:01) (Shotgun) 10-B.Nix pass incomplete short left to 1-E.Engram (37-Q.Lake). PENALTY on LA-37-Q.Lake, Illegal Use of Hands, 3 yards, enforced at LA 5 - No Play."	"no_play"	0	0	0	0	0	null	null	null	null	null	null	null	1.8937005731568206	0.6021789312362671	0	0	0	0	0	0	0	0	0	0	0	0	null	null	null	null	null	null	0	2026	1	0.915236234664917	8.4763765335083
4632	"2026_03_LA_DEN"	"DEN"	"LA"	"REG"	3	"DEN"	"LA"	2	"2026-09-27"	21	4	1	1	"00:56"	2	"(:56) 63-A.Palczewski reported in as eligible. 10-B.Nix pass incomplete short right to 45-N.Adkins."	"pass"	0	1	0	0	0	2	null	null	null	null	null	null	-0.46121090097585693	0.7036855816841125	0	0	0	0	1	0	0	0	0	0	0	0	"00-0039732"	"00-0038783"	null	null	null	null	0	2026	0	0.38378092646598816	61.621907353401184
4657	"2026_03_LA_DEN"	"DEN"	"LA"	"REG"	3	"DEN"	"LA"	2	"2026-09-27"	21	4	2	1	"00:51"	2	"(:51) (Shotgun) 63-A.Palczewski reported in as eligible. 10-B.Nix right end for 2 yards, TOUCHDOWN. The Replay Official reviewed the runner broke the plane ruling, and the play was REVERSED. (Shotgun) 63-A.Palczewski reported in as eligible. 10-B.Nix right end ran ob at LA 1 for 1 yard (22-T.McDuffie)."	"run"	1	0	0	0	0	null	null	null	null	null	null	null	-0.04478093268699013	0.6551021337509155	0	0	0	1	0	0	0	0	0	0	0	0	null	null	"00-0039732"	null	null	null	0	2026	0	0.40617552399635315	-40.617552399635315
4711	"2026_03_LA_DEN"	"DEN"	"LA"	"REG"	3	"DEN"	"LA"	1	"2026-09-27"	21	4	3	1	"00:48"	1	"(:48) 63-A.Palczewski reported in as eligible. PENALTY on LA-91-K.Turner, Encroachment, 0 yards, enforced at LA 1 - No Play."	"no_play"	0	0	0	0	0	null	null	null	null	null	null	null	0	0.6362049579620361	0	0	0	0	0	0	0	0	0	0	0	0	null	null	null	null	null	null	0	2026	0	0.22483651340007782	null
4746	"2026_03_LA_DEN"	"DEN"	"LA"	"REG"	3	"DEN"	"LA"	1	"2026-09-27"	21	4	3	1	"00:48"	1	"(:48) 63-A.Palczewski reported in as eligible. 10-B.Nix up the middle for 1 yard, TOUCHDOWN."	"run"	1	0	0	0	0	null	null	null	null	null	"DEN"	"00-0039732"	1.695103816979099	0.6362049579620361	0	0	0	1	0	0	1	0	1	0	0	0	null	null	"00-0039732"	null	null	null	0	2026	1	0.22483651340007782	-22.483651340007782
4771	"2026_03_LA_DEN"	"DEN"	"LA"	"REG"	3	"DEN"	"LA"	15	"2026-09-27"	21	4	null	0	"00:47"	0	"3-W.Lutz extra point is GOOD, Center-48-M.Fraboni, Holder-16-J.Crawshaw. PENALTY on LA-22-T.McDuffie, Defensive Offside, 5 yards, enforced between downs."	"extra_point"	0	0	0	0	0	null	null	33	"good"	null	null	null	0.06757300310763314	0.8321659414913192	0	0	0	0	0	0	0	0	0	0	0	0	null	null	null	null	null	"00-0032569"	0	2026	1	null	null
4786	"2026_03_LA_DEN"	"DEN"	"LA"	"REG"	3	"LA"	"DEN"	40	"2026-09-27"	22	4	null	0	"00:47"	0	"3-W.Lutz kicks 53 yards from DEN 40 to LA 7. 19-X.Smith to LA 33 for 26 yards (46-A.Prentice; 55-J.Turner)."	"kickoff"	0	0	0	0	0	null	null	53	null	null	null	null	0.21872547216480598	0.16638082265853882	0	0	0	0	0	0	0	0	0	0	0	0	null	null	null	null	"00-0038359"	"00-0032569"	26	2026	1	null	null
4821	"2026_03_LA_DEN"	"DEN"	"LA"	"REG"	3	"LA"	"DEN"	67	"2026-09-27"	22	4	1	0	"00:42"	10	"(:42) (Shotgun) 9-M.Stafford pass incomplete short right to 4-K.Mumpfield (21-R.Moss)."	"pass"	0	1	0	0	0	15	null	null	null	null	null	null	-0.15991348901297897	0.21954575181007385	0	0	0	0	1	0	0	0	0	0	0	0	"00-0026498"	"00-0040590"	null	null	null	null	0	2026	0	0.9764429926872253	2.355700731277466
4844	"2026_03_LA_DEN"	"DEN"	"LA"	"REG"	3	"LA"	"DEN"	67	"2026-09-27"	22	4	2	0	"00:37"	10	"(:37) (Shotgun) 9-M.Stafford pass incomplete short right to 17-D.Adams."	"pass"	0	1	0	0	0	15	null	null	null	null	null	null	-0.19273723242804408	0.18805281817913055	0	0	0	0	1	0	0	0	0	0	0	0	"00-0026498"	"00-0031381"	null	null	null	null	0	2026	0	0.9797562956809998	2.0243704319000244
4879	"2026_03_LA_DEN"	"DEN"	"LA"	"REG"	3	"LA"	"DEN"	67	"2026-09-27"	22	4	3	0	"00:32"	10	"(:32) (Shotgun) 9-M.Stafford pass short right to 23-K.Williams to DEN 48 for 19 yards (22-B.Jones)."	"pass"	19	1	0	0	0	5	null	null	null	null	null	null	0.9125026107649319	0.16727589070796967	0	0	0	0	1	0	0	0	0	0	0	1	"00-0026498"	"00-0037840"	null	null	null	null	0	2026	1	0.9740927219390869	2.5907278060913086
4916	"2026_03_LA_DEN"	"DEN"	"LA"	"REG"	3	null	null	null	"2026-09-27"	22	4	null	0	"00:26"	0	"Timeout #3 by LA at 00:26."	"no_play"	0	0	0	0	0	null	null	null	null	null	null	null	0	0.22818343341350555	0	0	0	0	0	0	0	0	0	0	0	0	null	null	null	null	null	null	0	2026	0	null	null
4904	"2026_03_LA_DEN"	"DEN"	"LA"	"REG"	3	"LA"	"DEN"	48	"2026-09-27"	22	4	1	0	"00:26"	10	"(:26) (Shotgun) 9-M.Stafford pass incomplete short right to 89-T.Higbee. The Replay Official reviewed the incomplete pass ruling, and the play was REVERSED. (Shotgun) 9-M.Stafford pass short right to 89-T.Higbee ran ob at DEN 34 for 14 yards."	"pass"	14	1	0	0	0	14	null	null	null	null	null	null	0.8994490639306605	0.22818343341350555	0	0	0	0	1	0	0	0	0	0	0	1	"00-0026498"	"00-0033110"	null	null	null	null	0	2026	1	0.9908097982406616	0.9190201759338379
4934	"2026_03_LA_DEN"	"DEN"	"LA"	"REG"	3	"LA"	"DEN"	34	"2026-09-27"	22	4	1	0	"00:21"	10	"(:21) (Shotgun) 9-M.Stafford pass incomplete deep left to 17-D.Adams."	"pass"	0	1	0	0	0	20	null	null	null	null	null	null	-0.1870572623447515	0.2635009288787842	0	0	0	0	1	0	0	0	0	0	0	0	"00-0026498"	"00-0031381"	null	null	null	null	0	2026	0	0.9837483167648315	1.6251683235168457
4997	"2026_03_LA_DEN"	"DEN"	"LA"	"REG"	3	"LA"	"DEN"	34	"2026-09-27"	22	4	2	0	"00:16"	10	"(:16) (Shotgun) 9-M.Stafford pass deep right to 23-K.Williams to DEN 14 for 20 yards (26-D.Key)."	"pass"	20	1	0	0	0	16	null	null	null	null	null	null	0.3884921920252964	0.23520292341709137	0	0	0	0	1	0	0	0	0	0	0	1	"00-0026498"	"00-0037840"	null	null	null	null	0	2026	1	0.9860354661941528	1.3964533805847168
5022	"2026_03_LA_DEN"	"DEN"	"LA"	"REG"	3	"LA"	"DEN"	14	"2026-09-27"	22	4	1	0	"00:03"	10	"(:03) (No Huddle) 9-M.Stafford spiked the ball to stop the clock."	"qb_spike"	0	0	0	1	0	-1	null	null	null	null	null	null	-0.05432780657429248	0.4108363687992096	0	0	0	0	1	0	0	0	0	0	0	0	"00-0026498"	null	null	null	null	null	0	2026	0	null	null
5066	"2026_03_LA_DEN"	"DEN"	"LA"	"REG"	3	null	null	null	"2026-09-27"	22	4	null	0	"00:02"	0	"Timeout #2 by DEN at 00:02."	"no_play"	0	0	0	0	0	null	null	null	null	null	null	null	0	0.4111124575138092	0	0	0	0	0	0	0	0	0	0	0	0	null	null	null	null	null	null	0	2026	0	null	null
5054	"2026_03_LA_DEN"	"DEN"	"LA"	"REG"	3	"LA"	"DEN"	14	"2026-09-27"	22	4	2	0	"00:02"	10	"(:02) (Shotgun) PENALTY on LA-77-A.Jackson, False Start, 5 yards, enforced at DEN 14 - No Play."	"no_play"	0	0	0	0	0	null	null	null	null	null	null	null	-0.13149876584066078	0.4111124575138092	0	0	0	0	0	0	0	0	0	0	0	0	null	null	null	null	null	null	0	2026	0	0.9776598811149597	null
5085	"2026_03_LA_DEN"	"DEN"	"LA"	"REG"	3	"LA"	"DEN"	19	"2026-09-27"	22	4	2	0	"00:02"	15	"(:02) (Shotgun) 9-M.Stafford pass deep right intended for 17-D.Adams INTERCEPTED by 9-T.Hufanga at DEN -1. Touchback."	"pass"	0	1	0	0	0	19	null	null	null	null	null	null	-2.123824982147198	0.3694586753845215	1	0	0	0	1	0	0	0	0	0	0	0	"00-0026498"	"00-0031381"	null	null	null	null	0	2026	0	0.9796385765075684	2.036142349243164
5113	"2026_03_LA_DEN"	"DEN"	"LA"	"REG"	3	"DEN"	"LA"	null	"2026-09-27"	null	4	null	0	"00:00"	0	"END GAME"	null	null	null	0	0	0	null	null	null	null	null	null	null	null	null	null	null	null	null	null	null	null	null	null	null	null	null	null	null	null	null	null	null	null	2026	null	null	null
