player_id	player_name	player_display_name	position	position_group	headshot_url	season	week	season_type	game_id	team	opponent_team	completions	attempts	passing_yards	passing_tds	passing_interceptions	sacks_suffered	sack_yards_lost	sack_fumbles	sack_fumbles_lost	passing_air_yards	passing_yards_after_catch	passing_first_downs	passing_epa	passing_cpoe	passing_2pt_conversions	pacr	passing_10	passing_16	passing_20	passing_40	carries	rushing_yards	rushing_tds	rushing_fumbles	rushing_fumbles_lost	rushing_first_downs	rushing_epa	rushing_2pt_conversions	rushing_10	rushing_12	rushing_20	rushing_40	receptions	targets	receiving_yards	receiving_tds	receiving_fumbles	receiving_fumbles_lost	receiving_air_yards	receiving_yards_after_catch	receiving_first_downs	receiving_epa	receiving_2pt_conversions	receiving_10	receiving_16	receiving_20	receiving_40	racr	target_share	air_yards_share	wopr	special_teams_tds	def_tackles_solo	def_tackles_with_assist	def_tackle_assists	def_tackles_for_loss	def_tackles_for_loss_yards	def_fumbles_forced	def_sacks	def_sack_yards	def_qb_hits	def_interceptions	def_interception_yards	def_pass_defended	def_tds	def_fumbles	def_safeties	def_punt_blocks	def_pat_blocks	def_fg_blocks	def_2pt_atts	def_2pt_made	misc_yards	fumble_recovery_own	fumble_recovery_yards_own	fumble_recovery_opp	fumble_recovery_yards_opp	fumble_recovery_tds	penalties	penalty_yards	fumbles_forced_by_opp	fumbles_not_forced	fumbles_out_of_bounds	fumbles_total	fumbles_lost_total	punt_returns	punt_return_yards	kickoff_returns	kickoff_return_yards	fg_made	fg_att	fg_missed	fg_blocked	fg_long	fg_pct	fg_made_0_19	fg_made_20_29	fg_made_30_39	fg_made_40_49	fg_made_50_59	fg_made_60_	fg_missed_0_19	fg_missed_20_29	fg_missed_30_39	fg_missed_40_49	fg_missed_50_59	fg_missed_60_	fg_made_list	fg_missed_list	fg_blocked_list	fg_made_distance	fg_missed_distance	fg_blocked_distance	pat_made	pat_att	pat_missed	pat_blocked	pat_pct	gwfg_made	gwfg_att	gwfg_missed	gwfg_blocked	gwfg_distance	pt_att	pt_blocked	pt_long	pt_yards	pt_inside_20	pt_out_of_bounds	pt_downed	pt_touchback	pt_fair_caught	pt_returned	pt_return_yards	pt_return_tds	pt_net_yards	fantasy_points	fantasy_points_ppr
"00-0037093"	"D.Young"	"Dareke Young"	"WR"	"WR"	"https://static.www.nfl.com/image/upload/f_auto,q_auto/league/xd0585sr1fy1wpry0ued"	2026	2	"REG"	"2026_02_LV_LAC"	"LV"	"LAC"	0	0	0	0	0	0	0	0	0	0	0	0	null	null	0	null	0	0	0	0	0	0	0	0	0	0	null	0	0	0	0	0	1	1	27	0	0	0	13	14	1	1.784718342591077	0	1	1	1	0	2.076923076923077	0.034482758620689655	0.045936395759717315	0.08387961496283661	0	0	0	0	0	0	0	0	0	0	0	0	0	0	0	0	0	0	0	0	0	0	0	0	0	0	0	0	0	0	0	0	0	0	0	0	0	0	0	0	0	0	null	null	0	0	0	0	0	0	0	0	0	0	0	0	null	null	null	0	0	0	0	0	0	0	null	0	0	0	0	0	0	0	null	0	0	0	0	0	0	0	0	0	0	2.7	3.7
"00-0037132"	"B.Covey"	"Britain Covey"	"WR"	"WR"	"https://static.www.nfl.com/image/upload/f_auto,q_auto/league/jgvgr3prtme8ua28bfxi"	2026	2	"REG"	"2026_02_PHI_TEN"	"PHI"	"TEN"	0	0	0	0	0	0	0	0	0	0	0	0	null	null	0	null	0	0	0	0	0	0	0	0	0	0	null	0	0	0	0	0	0	0	0	0	0	0	0	0	0	null	0	0	0	0	0	null	0	0	0	0	0	0	0	0	0	0	0	0	0	0	0	0	0	0	0	0	0	0	0	0	0	0	0	0	0	0	0	0	0	0	0	0	0	2	31	0	0	0	0	0	0	null	null	0	0	0	0	0	0	0	0	0	0	0	0	null	null	null	0	0	0	0	0	0	0	null	0	0	0	0	0	0	0	null	0	0	0	0	0	0	0	0	0	0	0	0
"00-0037191"	"T.McDuffie"	"Trent McDuffie"	"CB"	"DB"	"https://static.www.nfl.com/image/upload/f_auto,q_auto/league/xaq30zfwnliekwqzoank"	2026	2	"REG"	"2026_02_NYG_LA"	"LA"	"NYG"	0	0	0	0	0	0	0	0	0	0	0	0	null	null	0	null	0	0	0	0	0	0	0	0	0	0	null	0	0	0	0	0	0	0	0	0	0	0	0	0	0	null	0	0	0	0	0	null	0	0	0	0	2	0	0	0	0	0	0	0	0	1	22	4	0	0	0	0	0	0	0	0	0	0	0	0	0	0	0	0	0	0	0	0	0	0	0	0	0	0	0	0	0	null	null	0	0	0	0	0	0	0	0	0	0	0	0	null	null	null	0	0	0	0	0	0	0	null	0	0	0	0	0	0	0	null	0	0	0	0	0	0	0	0	0	0	0	0
"00-0037195"	"J.Watson"	"Jaylen Watson"	"CB"	"DB"	"https://static.www.nfl.com/image/upload/f_auto,q_auto/league/k3ayxrquehkikudpu0e4"	2026	2	"REG"	"2026_02_NYG_LA"	"LA"	"NYG"	0	0	0	0	0	0	0	0	0	0	0	0	null	null	0	null	0	0	0	0	0	0	0	0	0	0	null	0	0	0	0	0	0	0	0	0	0	0	0	0	0	null	0	0	0	0	0	null	0	0	0	0	3	0	1	0	0	0	0	0	0	0	0	1	0	0	0	0	0	0	0	0	0	0	0	0	0	0	0	0	0	0	0	0	0	0	0	0	0	0	0	0	0	null	null	0	0	0	0	0	0	0	0	0	0	0	0	null	null	null	0	0	0	0	0	0	0	null	0	0	0	0	0	0	0	null	0	0	0	0	0	0	0	0	0	0	0	0
"00-0037224"	"C.Dicker"	"Cameron Dicker"	"K"	"SPEC"	"https://static.www.nfl.com/image/upload/f_auto,q_auto/league/fvkop13kntnwv3amucpf"	2026	2	"REG"	"2026_02_LV_LAC"	"LAC"	"LV"	0	0	0	0	0	0	0	0	0	0	0	0	null	null	0	null	0	0	0	0	0	0	0	0	0	0	null	0	0	0	0	0	0	0	0	0	0	0	0	0	0	null	0	0	0	0	0	null	0	0	0	0	0	0	0	0	0	0	0	0	0	0	0	0	0	0	0	0	0	0	0	0	0	0	0	0	0	0	0	0	0	0	0	0	0	0	0	0	0	0	1	1	0	null	0	0	0	0	0	0	0	0	0	0	0	1	0	null	"58"	null	0	58	0	2	2	0	0	1	0	0	0	0	0	0	0	null	0	0	0	0	0	0	0	0	0	0	0	0
"00-0037236"	"A.Hutchinson"	"Aidan Hutchinson"	"DE"	"DL"	"https://static.www.nfl.com/image/upload/f_auto,q_auto/league/gmeczjok2lmjftb6mfof"	2026	2	"REG"	"2026_02_DET_BUF"	"DET"	"BUF"	0	0	0	0	0	0	0	0	0	0	0	0	null	null	0	null	0	0	0	0	0	0	0	0	0	0	null	0	0	0	0	0	0	0	0	0	0	0	0	0	0	null	0	0	0	0	0	null	0	0	0	0	2	0	1	1	5	1	1	5	2	0	0	0	0	0	0	0	0	0	0	0	0	0	0	0	0	0	0	0	0	0	0	0	0	0	0	0	0	0	0	0	0	null	null	0	0	0	0	0	0	0	0	0	0	0	0	null	null	null	0	0	0	0	0	0	0	null	0	0	0	0	0	0	0	null	0	0	0	0	0	0	0	0	0	0	0	0
"00-0037240"	"J.Williams"	"Jameson Williams"	"WR"	"WR"	"https://static.www.nfl.com/image/upload/f_auto,q_auto/league/byiptqggtglvy5qrw5wp"	2026	2	"REG"	"2026_02_DET_BUF"	"DET"	"BUF"	0	0	0	0	0	0	0	0	0	0	0	0	null	null	0	null	0	0	0	0	0	0	0	0	0	0	null	0	0	0	0	0	2	4	33	0	0	0	50	1	2	1.4968308016541414	0	2	2	0	0	0.66	0.10526315789473684	0.14836795252225518	0.26175230360768387	0	0	0	0	0	0	0	0	0	0	0	0	0	0	0	0	0	0	0	0	0	0	0	0	0	0	0	0	0	0	0	0	0	0	0	0	0	0	0	0	0	0	null	null	0	0	0	0	0	0	0	0	0	0	0	0	null	null	null	0	0	0	0	0	0	0	null	0	0	0	0	0	0	0	null	0	0	0	0	0	0	0	0	0	0	3.3000000000000003	5.300000000000001
"00-0037247"	"G.Pickens"	"George Pickens"	"WR"	"WR"	"https://static.www.nfl.com/image/upload/f_auto,q_auto/league/cbpyykoguf7rsxezqzvk"	2026	2	"REG"	"2026_02_WAS_DAL"	"DAL"	"WAS"	0	0	0	0	0	0	0	0	0	0	0	0	null	null	0	null	0	0	0	0	0	0	0	0	0	0	null	0	0	0	0	0	6	8	40	0	0	0	83	2	4	0.4819969012378613	0	2	0	0	0	0.4819277108433735	0.25806451612903225	0.3401639344262295	0.6252115282919091	0	0	0	0	0	0	0	0	0	0	0	0	0	0	0	0	0	0	0	0	0	0	0	0	0	0	0	1	10	0	0	0	0	0	0	0	0	0	0	0	0	0	null	null	0	0	0	0	0	0	0	0	0	0	0	0	null	null	null	0	0	0	0	0	0	0	null	0	0	0	0	0	0	0	null	0	0	0	0	0	0	0	0	0	0	4	10
"00-0037248"	"J.Cook"	"James Cook"	"RB"	"RB"	"https://static.www.nfl.com/image/upload/f_auto,q_auto/league/anjbznqb9i21wzcgrtbs"	2026	2	"REG"	"2026_02_DET_BUF"	"BUF"	"DET"	0	0	0	0	0	0	0	0	0	0	0	0	null	null	0	null	0	0	0	0	21	135	1	0	0	7	5.042980637983419	0	5	4	3	0	1	3	4	0	0	0	1	2	0	-1.1596448954078369	0	0	0	0	0	4	0.10714285714285714	0.00425531914893617	0.163693009118541	0	0	0	0	0	0	0	0	0	0	0	0	0	0	0	0	0	0	0	0	0	0	0	0	0	0	0	0	0	0	0	0	0	0	0	0	0	0	0	0	0	0	null	null	0	0	0	0	0	0	0	0	0	0	0	0	null	null	null	0	0	0	0	0	0	0	null	0	0	0	0	0	0	0	null	0	0	0	0	0	0	0	0	0	0	19.9	20.9
"00-0037254"	"T.Bernard"	"Terrel Bernard"	"LB"	"LB"	"https://static.www.nfl.com/image/upload/f_auto,q_auto/league/rhs6gmpfig52ziimyzls"	2026	2	"REG"	"2026_02_DET_BUF"	"BUF"	"DET"	0	0	0	0	0	0	0	0	0	0	0	0	null	null	0	null	0	0	0	0	0	0	0	0	0	0	null	0	0	0	0	0	0	0	0	0	0	0	0	0	0	null	0	0	0	0	0	null	0	0	0	0	3	0	2	1	1	0	0	0	0	0	0	1	0	0	0	0	0	0	0	0	0	0	0	0	0	0	0	0	0	0	0	0	0	0	0	0	0	0	0	0	0	null	null	0	0	0	0	0	0	0	0	0	0	0	0	null	null	null	0	0	0	0	0	0	0	null	0	0	0	0	0	0	0	null	0	0	0	0	0	0	0	0	0	0	0	0
"00-0037256"	"R.White"	"Rachaad White"	"RB"	"RB"	"https://static.www.nfl.com/image/upload/f_auto,q_auto/league/wtdhs50gcl2p6vngsnre"	2026	2	"REG"	"2026_02_WAS_DAL"	"WAS"	"DAL"	0	0	0	0	0	0	0	0	0	0	0	0	null	null	0	null	0	0	0	0	7	43	0	0	0	4	3.5658721654035617	0	1	1	0	0	6	6	40	0	0	0	8	32	1	0.9265393052685607	0	2	0	0	0	5	0.17647058823529413	0.022284122562674095	0.28030476814681304	0	0	0	0	0	0	0	0	0	0	0	0	0	0	0	0	0	0	0	0	0	0	0	0	0	0	0	0	0	0	0	0	0	0	0	0	0	0	0	0	0	0	null	null	0	0	0	0	0	0	0	0	0	0	0	0	null	null	null	0	0	0	0	0	0	0	null	0	0	0	0	0	0	0	null	0	0	0	0	0	0	0	0	0	0	8.3	14.3
"00-0037261"	"K.Shakir"	"Khalil Shakir"	"WR"	"WR"	"https://static.www.nfl.com/image/upload/f_auto,q_auto/league/syvp3hficobwcsim3i9v"	2026	2	"REG"	"2026_02_DET_BUF"	"BUF"	"DET"	0	0	0	0	0	0	0	0	0	0	0	0	null	null	0	null	0	0	0	0	0	0	0	0	0	0	null	0	0	0	0	0	3	6	38	0	0	0	73	19	2	0.5499039654387161	0	2	1	0	0	0.5205479452054794	0.21428571428571427	0.31063829787234043	0.5388753799392096	0	0	0	0	0	0	0	0	0	0	0	0	0	0	0	0	0	0	0	0	0	0	0	0	0	0	0	0	0	0	0	0	0	0	0	0	1	11	0	0	0	0	null	null	0	0	0	0	0	0	0	0	0	0	0	0	null	null	null	0	0	0	0	0	0	0	null	0	0	0	0	0	0	0	null	0	0	0	0	0	0	0	0	0	0	3.8000000000000003	6.800000000000001
"00-0037262"	"T.Booker"	"Thomas Booker"	"DT"	"DL"	"https://static.www.nfl.com/image/upload/f_auto,q_auto/league/awrlnfwnvv3ehlnbe4cp"	2026	2	"REG"	"2026_02_LV_LAC"	"LV"	"LAC"	0	0	0	0	0	0	0	0	0	0	0	0	null	null	0	null	0	0	0	0	0	0	0	0	0	0	null	0	0	0	0	0	0	0	0	0	0	0	0	0	0	null	0	0	0	0	0	null	0	0	0	0	1	0	0	0	0	0	0	0	0	0	0	0	0	0	0	0	0	0	0	0	0	0	0	0	0	0	0	0	0	0	0	0	0	0	0	0	0	0	0	0	0	null	null	0	0	0	0	0	0	0	0	0	0	0	0	null	null	null	0	0	0	0	0	0	0	null	0	0	0	0	0	0	0	null	0	0	0	0	0	0	0	0	0	0	0	0
"00-0037270"	"O.Ogbonnia"	"Otito Ogbonnia"	"DT"	"DL"	"https://static.www.nfl.com/image/upload/f_auto,q_auto/league/oyayc8mxpu7grfwqgzrz"	2026	2	"REG"	"2026_02_WAS_DAL"	"DAL"	"WAS"	0	0	0	0	0	0	0	0	0	0	0	0	null	null	0	null	0	0	0	0	0	0	0	0	0	0	null	0	0	0	0	0	0	0	0	0	0	0	0	0	0	null	0	0	0	0	0	null	0	0	0	0	0	0	0	0	0	0	0	0	1	0	0	0	0	0	0	0	0	0	0	0	0	0	0	0	0	0	0	0	0	0	0	0	0	0	0	0	0	0	0	0	0	null	null	0	0	0	0	0	0	0	0	0	0	0	0	null	null	null	0	0	0	0	0	0	0	null	0	0	0	0	0	0	0	null	0	0	0	0	0	0	0	0	0	0	0	0
"00-0037275"	"D.Bland"	"DaRon Bland"	"CB"	"DB"	"https://static.www.nfl.com/image/upload/f_auto,q_auto/league/z07adznf3gtvfusy8azb"	2026	2	"REG"	"2026_02_WAS_DAL"	"DAL"	"WAS"	0	0	0	0	0	0	0	0	0	0	0	0	null	null	0	null	0	0	0	0	0	0	0	0	0	0	null	0	0	0	0	0	0	0	0	0	0	0	0	0	0	null	0	0	0	0	0	null	0	0	0	0	4	0	1	0	0	0	0	0	0	0	0	1	0	0	0	0	0	0	0	0	0	0	0	0	0	0	1	5	0	0	0	0	0	0	0	0	0	0	0	0	0	null	null	0	0	0	0	0	0	0	0	0	0	0	0	null	null	null	0	0	0	0	0	0	0	null	0	0	0	0	0	0	0	null	0	0	0	0	0	0	0	0	0	0	0	0
"00-0037288"	"C.Benford"	"Christian Benford"	"CB"	"DB"	"https://static.www.nfl.com/image/upload/f_auto,q_auto/league/kxucquiz77lhp8rn1nni"	2026	2	"REG"	"2026_02_DET_BUF"	"BUF"	"DET"	0	0	0	0	0	0	0	0	0	0	0	0	null	null	0	null	0	0	0	0	0	0	0	0	0	0	null	0	0	0	0	0	0	0	0	0	0	0	0	0	0	null	0	0	0	0	0	null	0	0	0	0	5	0	3	0	0	0	0	0	0	0	0	2	0	0	0	0	0	0	0	0	0	0	0	0	0	0	1	8	0	0	0	0	0	0	0	0	0	0	0	0	0	null	null	0	0	0	0	0	0	0	0	0	0	0	0	null	null	null	0	0	0	0	0	0	0	null	0	0	0	0	0	0	0	null	0	0	0	0	0	0	0	0	0	0	0	0
"00-0037289"	"M.Rodriguez"	"Malcolm Rodriguez"	"LB"	"LB"	"https://static.www.nfl.com/image/upload/f_auto,q_auto/league/sovw0sc0bm1xltqv2zmb"	2026	2	"REG"	"2026_02_DET_BUF"	"DET"	"BUF"	0	0	0	0	0	0	0	0	0	0	0	0	null	null	0	null	0	0	0	0	0	0	0	0	0	0	null	0	0	0	0	0	0	0	0	0	0	0	0	0	0	null	0	0	0	0	0	null	0	0	0	0	0	0	1	0	0	0	0	0	0	0	0	0	0	0	0	0	0	0	0	0	0	0	0	0	0	0	0	0	0	0	0	0	0	0	0	0	0	0	0	0	0	null	null	0	0	0	0	0	0	0	0	0	0	0	0	null	null	null	0	0	0	0	0	0	0	null	0	0	0	0	0	0	0	null	0	0	0	0	0	0	0	0	0	0	0	0
"00-0037291"	"J.Nailor"	"Jalen Nailor"	"WR"	"WR"	"https://static.www.nfl.com/image/upload/f_auto,q_auto/league/nojopyt8hxuwycxyaokb"	2026	2	"REG"	"2026_02_LV_LAC"	"LV"	"LAC"	0	0	0	0	0	0	0	0	0	0	0	0	null	null	0	null	0	0	0	0	0	0	0	0	0	0	null	0	0	0	0	0	1	3	9	0	0	0	27	3	1	0.6263638774398714	0	0	0	0	0	0.3333333333333333	0.10344827586206896	0.09540636042402827	0.22195686608992324	0	0	0	0	0	0	0	0	0	0	0	0	0	0	0	0	0	0	0	0	0	0	0	0	0	0	0	0	0	0	0	0	0	0	0	0	0	0	0	0	0	0	null	null	0	0	0	0	0	0	0	0	0	0	0	0	null	null	null	0	0	0	0	0	0	0	null	0	0	0	0	0	0	0	null	0	0	0	0	0	0	0	0	0	0	0.9	1.9
"00-0037304"	"C.Heyward"	"Connor Heyward"	"FB"	"RB"	"https://static.www.nfl.com/image/upload/f_auto,q_auto/league/nbbhxtutzvbj0ejljyyp"	2026	2	"REG"	"2026_02_LV_LAC"	"LV"	"LAC"	0	0	0	0	0	0	0	0	0	0	0	0	null	null	0	null	0	0	0	0	1	1	0	0	0	1	2.2232437203638256	0	0	0	0	0	0	0	0	0	0	0	0	0	0	null	0	0	0	0	0	null	0	0	0	0	0	0	0	0	0	0	0	0	0	0	0	0	0	0	0	0	0	0	0	0	0	0	0	0	0	0	0	0	0	0	0	0	0	0	0	0	0	0	0	0	0	null	null	0	0	0	0	0	0	0	0	0	0	0	0	null	null	null	0	0	0	0	0	0	0	null	0	0	0	0	0	0	0	null	0	0	0	0	0	0	0	0	0	0	0.1	0.1
"00-0037512"	"I.Pola-Mao"	"Isaiah Pola-Mao"	"SAF"	"DB"	"https://static.www.nfl.com/image/upload/f_auto,q_auto/league/iv2fsbkqbciaglpqrlbd"	2026	2	"REG"	"2026_02_LV_LAC"	"LV"	"LAC"	0	0	0	0	0	0	0	0	0	0	0	0	null	null	0	null	0	0	0	0	0	0	0	0	0	0	null	0	0	0	0	0	0	0	0	0	0	0	0	0	0	null	0	0	0	0	0	null	0	0	0	0	1	0	3	0	0	0	0	0	0	0	0	0	0	0	0	0	0	0	0	0	0	0	0	0	0	0	0	0	0	0	0	0	0	0	0	0	0	0	0	0	0	null	null	0	0	0	0	0	0	0	0	0	0	0	0	null	null	null	0	0	0	0	0	0	0	null	0	0	0	0	0	0	0	null	0	0	0	0	0	0	0	0	0	0	0	0
"00-0037524"	"T.Martin"	"Tay Martin"	"WR"	"WR"	"https://static.www.nfl.com/image/upload/f_auto,q_auto/league/ttdp5v9tl0zqmb0dmmuv"	2026	2	"REG"	"2026_02_DET_BUF"	"DET"	"BUF"	0	0	0	0	0	0	0	0	0	0	0	0	null	null	0	null	0	0	0	0	0	0	0	0	0	0	null	0	0	0	0	0	0	0	0	0	0	0	0	0	0	null	0	0	0	0	0	null	0	0	0	0	0	0	1	0	0	0	0	0	0	0	0	0	0	0	0	0	0	0	0	0	0	0	0	0	0	0	0	0	0	0	0	0	0	0	0	0	0	0	0	0	0	null	null	0	0	0	0	0	0	0	0	0	0	0	0	null	null	null	0	0	0	0	0	0	0	null	0	0	0	0	0	0	0	null	0	0	0	0	0	0	0	0	0	0	0	0
"00-0037527"	"S.Olubi"	"Segun Olubi"	"LB"	"LB"	"https://static.www.nfl.com/image/upload/f_auto,q_auto/league/wdbdm4wqfnxyot962sco"	2026	2	"REG"	"2026_02_LV_LAC"	"LV"	"LAC"	0	0	0	0	0	0	0	0	0	0	0	0	null	null	0	null	0	0	0	0	0	0	0	0	0	0	null	0	0	0	0	0	0	0	0	0	0	0	0	0	0	null	0	0	0	0	0	null	0	0	0	0	1	0	0	0	0	0	0	0	0	0	0	0	0	0	0	0	0	0	0	0	0	0	0	0	0	0	0	0	0	0	0	0	0	0	0	0	0	0	0	0	0	null	null	0	0	0	0	0	0	0	0	0	0	0	0	null	null	null	0	0	0	0	0	0	0	null	0	0	0	0	0	0	0	null	0	0	0	0	0	0	0	0	0	0	0	0
"00-0037561"	"M.Bell"	"Markquese Bell"	"SAF"	"DB"	"https://static.www.nfl.com/image/upload/f_auto,q_auto/league/wdantov1g2bbtjf4chpx"	2026	2	"REG"	"2026_02_WAS_DAL"	"DAL"	"WAS"	0	0	0	0	0	0	0	0	0	0	0	0	null	null	0	null	0	0	0	0	0	0	0	0	0	0	null	0	0	0	0	0	0	0	0	0	0	0	0	0	0	null	0	0	0	0	0	null	0	0	0	0	5	0	1	0	0	0	0	0	0	0	0	0	0	0	0	0	0	0	0	0	0	0	0	0	0	0	0	0	0	0	0	0	0	0	0	0	0	0	0	0	0	null	null	0	0	0	0	0	0	0	0	0	0	0	0	null	null	null	0	0	0	0	0	0	0	null	0	0	0	0	0	0	0	null	0	0	0	0	0	0	0	0	0	0	0	0
"00-0037587"	"N.Landman"	"Nate Landman"	"LB"	"LB"	"https://static.www.nfl.com/image/upload/f_auto,q_auto/league/w44rpubxjijvxv0pkfnh"	2026	2	"REG"	"2026_02_NYG_LA"	"LA"	"NYG"	0	0	0	0	0	0	0	0	0	0	0	0	null	null	0	null	0	0	0	0	0	0	0	0	0	0	null	0	0	0	0	0	0	0	0	0	0	0	0	0	0	null	0	0	0	0	0	null	0	0	0	0	3	0	4	1	2	0	0	0	0	0	0	0	0	0	0	0	0	0	0	0	0	0	0	0	0	0	0	0	0	0	0	0	0	0	0	0	0	0	0	0	0	null	null	0	0	0	0	0	0	0	0	0	0	0	0	null	null	null	0	0	0	0	0	0	0	null	0	0	0	0	0	0	0	null	0	0	0	0	0	0	0	0	0	0	0	0
"00-0037594"	"J.Chestnut"	"Julius Chestnut"	"RB"	"RB"	"https://static.www.nfl.com/image/upload/f_auto,q_auto/league/bkhv6hpjogvs5b31wwrs"	2026	2	"REG"	"2026_02_PHI_TEN"	"TEN"	"PHI"	0	0	0	0	0	0	0	0	0	0	0	0	null	null	0	null	0	0	0	0	0	0	0	0	0	0	null	0	0	0	0	0	0	0	0	0	0	0	0	0	0	null	0	0	0	0	0	null	0	0	0	0	1	0	0	0	0	0	0	0	0	0	0	0	0	0	0	0	0	0	0	0	0	0	0	0	0	0	0	0	0	0	0	0	0	0	0	0	0	0	0	0	0	null	null	0	0	0	0	0	0	0	0	0	0	0	0	null	null	null	0	0	0	0	0	0	0	null	0	0	0	0	0	0	0	null	0	0	0	0	0	0	0	0	0	0	0	0
"00-0037615"	"N.Dean"	"Nakobe Dean"	"LB"	"LB"	"https://static.www.nfl.com/image/upload/f_auto,q_auto/league/cyowdu41yhyzblsz2aam"	2026	2	"REG"	"2026_02_LV_LAC"	"LV"	"LAC"	0	0	0	0	0	0	0	0	0	0	0	0	null	null	0	null	0	0	0	0	0	0	0	0	0	0	null	0	0	0	0	0	0	0	0	0	0	0	0	0	0	null	0	0	0	0	0	null	0	0	0	0	7	0	3	0	0	1	0.5	0.5	2	0	0	0	0	0	0	0	0	0	0	0	0	0	0	0	0	0	0	0	0	0	0	0	0	0	0	0	0	0	0	0	0	null	null	0	0	0	0	0	0	0	0	0	0	0	0	null	null	null	0	0	0	0	0	0	0	null	0	0	0	0	0	0	0	null	0	0	0	0	0	0	0	0	0	0	0	0
"00-0037616"	"N.Cross"	"Nick Cross"	"SAF"	"DB"	"https://static.www.nfl.com/image/upload/f_auto,q_auto/league/kk6rwopeqnomepo0lc9f"	2026	2	"REG"	"2026_02_WAS_DAL"	"WAS"	"DAL"	0	0	0	0	0	0	0	0	0	0	0	0	null	null	0	null	0	0	0	0	0	0	0	0	0	0	null	0	0	0	0	0	0	0	0	0	0	0	0	0	0	null	0	0	0	0	0	null	0	0	0	0	3	0	0	1	1	0	0	0	0	0	0	0	0	0	0	0	0	0	0	0	0	0	0	0	0	0	0	0	0	0	0	0	0	0	0	0	0	0	0	0	0	null	null	0	0	0	0	0	0	0	0	0	0	0	0	null	null	null	0	0	0	0	0	0	0	null	0	0	0	0	0	0	0	null	0	0	0	0	0	0	0	0	0	0	0	0
"00-0037663"	"J.Johnson"	"Jermaine Johnson II"	"DE"	"DL"	"https://static.www.nfl.com/image/upload/f_auto,q_auto/league/jj3gmudznyutylbkkqbu"	2026	2	"REG"	"2026_02_PHI_TEN"	"TEN"	"PHI"	0	0	0	0	0	0	0	0	0	0	0	0	null	null	0	null	0	0	0	0	0	0	0	0	0	0	null	0	0	0	0	0	0	0	0	0	0	0	0	0	0	null	0	0	0	0	0	null	0	0	0	0	1	0	1	0	0	0	0	0	0	0	0	0	0	0	0	0	0	0	0	0	0	0	0	0	0	0	0	0	0	0	0	0	0	0	0	0	0	0	0	0	0	null	null	0	0	0	0	0	0	0	0	0	0	0	0	null	null	null	0	0	0	0	0	0	0	null	0	0	0	0	0	0	0	null	0	0	0	0	0	0	0	0	0	0	0	0
"00-0037692"	"B.Aubrey"	"Brandon Aubrey"	"K"	"SPEC"	"https://static.www.nfl.com/image/upload/f_auto,q_auto/league/bgwg06zmyohjxvzznbf6"	2026	2	"REG"	"2026_02_WAS_DAL"	"DAL"	"WAS"	0	0	0	0	0	0	0	0	0	0	0	0	null	null	0	null	0	0	0	0	0	0	0	0	0	0	null	0	0	0	0	0	0	0	0	0	0	0	0	0	0	null	0	0	0	0	0	null	0	0	0	0	0	0	0	0	0	0	0	0	0	0	0	0	0	0	0	0	0	0	0	0	0	0	0	0	0	0	1	0	0	0	0	0	0	0	0	0	0	3	3	0	0	60	1	0	1	0	1	0	1	0	0	0	0	0	0	"25;44;60"	null	null	129	0	0	4	4	0	0	1	0	0	0	0	0	0	0	null	0	0	0	0	0	0	0	0	0	0	0	0
"00-0037742"	"T.Burks"	"Treylon Burks"	"WR"	"WR"	"https://static.www.nfl.com/image/upload/f_auto,q_auto/league/bmozbzdxgnnwdniuvgnn"	2026	2	"REG"	"2026_02_WAS_DAL"	"WAS"	"DAL"	0	0	0	0	0	0	0	0	0	0	0	0	null	null	0	null	0	0	0	0	0	0	0	0	0	0	null	0	0	0	0	0	0	1	0	0	0	0	56	0	0	-0.6461160673061386	0	0	0	0	0	0	0.029411764705882353	0.15598885793871867	0.1533098476159266	0	0	0	0	0	0	0	0	0	0	0	0	0	0	0	0	0	0	0	0	0	0	0	0	0	0	0	0	0	0	0	0	0	0	0	0	0	0	0	0	0	0	null	null	0	0	0	0	0	0	0	0	0	0	0	0	null	null	null	0	0	0	0	0	0	0	null	0	0	0	0	0	0	0	null	0	0	0	0	0	0	0	0	0	0	0	0
"00-0037744"	"T.McBride"	"Trey McBride"	"TE"	"TE"	"https://static.www.nfl.com/image/upload/f_auto,q_auto/league/psasp10nn5pcvkli9kil"	2026	2	"REG"	"2026_02_SEA_ARI"	"ARI"	"SEA"	0	0	0	0	0	0	0	0	0	0	0	0	null	null	0	null	0	0	0	0	0	0	0	0	0	0	null	0	0	0	0	0	8	10	41	1	0	0	36	15	3	5.130864311067853	0	0	0	0	0	1.1388888888888888	0.38461538461538464	0.3302752293577982	0.8081157374735357	0	0	0	0	0	0	0	0	0	0	0	0	0	0	0	0	0	0	0	0	0	0	0	0	0	0	0	0	0	0	0	0	0	0	0	0	0	0	0	0	0	0	null	null	0	0	0	0	0	0	0	0	0	0	0	0	null	null	null	0	0	0	0	0	0	0	null	0	0	0	0	0	0	0	null	0	0	0	0	0	0	0	0	0	0	10.100000000000001	18.1
"00-0037801"	"K.Turpin"	"KaVontae Turpin"	"WR"	"WR"	"https://static.www.nfl.com/image/upload/f_auto,q_auto/league/tayjlp1hgmm6rewgl1k4"	2026	2	"REG"	"2026_02_WAS_DAL"	"DAL"	"WAS"	0	0	0	0	0	0	0	0	0	0	0	0	null	null	0	null	0	0	0	0	1	1	0	0	0	0	-0.4803865540307015	0	0	0	0	0	0	0	0	0	0	0	0	0	0	null	0	0	0	0	0	null	0	0	0	0	0	0	0	0	0	0	0	0	0	0	0	0	0	0	0	0	0	0	0	0	0	0	0	0	0	0	0	0	0	0	0	0	0	1	9	4	122	0	0	0	0	null	null	0	0	0	0	0	0	0	0	0	0	0	0	null	null	null	0	0	0	0	0	0	0	null	0	0	0	0	0	0	0	null	0	0	0	0	0	0	0	0	0	0	0.1	0.1
"00-0037819"	"L.Chenal"	"Leo Chenal"	"LB"	"LB"	"https://static.www.nfl.com/image/upload/f_auto,q_auto/league/vjl1lsaotcqcxkhm2std"	2026	2	"REG"	"2026_02_WAS_DAL"	"WAS"	"DAL"	0	0	0	0	0	0	0	0	0	0	0	0	null	null	0	null	0	0	0	0	0	0	0	0	0	0	null	0	0	0	0	0	0	0	0	0	0	0	0	0	0	null	0	0	0	0	0	null	0	0	0	0	6	0	6	0	0	0	0	0	0	0	0	0	0	0	0	0	0	0	0	0	0	0	0	0	0	0	0	0	0	0	0	0	0	0	0	0	0	0	0	0	0	null	null	0	0	0	0	0	0	0	0	0	0	0	0	null	null	null	0	0	0	0	0	0	0	null	0	0	0	0	0	0	0	null	0	0	0	0	0	0	0	0	0	0	0	0
"00-0037825"	"T.Linderbaum"	"Tyler Linderbaum"	"C"	"OL"	"https://static.www.nfl.com/image/upload/f_auto,q_auto/league/fh4i4wf9f4nslburymqu"	2026	2	"REG"	"2026_02_LV_LAC"	"LV"	"LAC"	0	0	0	0	0	0	0	0	0	0	0	0	null	null	0	null	0	0	0	0	0	0	0	0	0	0	null	0	0	0	0	0	0	0	0	0	0	0	0	0	0	null	0	0	0	0	0	null	0	0	0	0	0	0	0	0	0	0	0	0	0	0	0	0	0	0	0	0	0	0	0	0	0	0	0	0	0	0	1	5	0	0	0	0	0	0	0	0	0	0	0	0	0	null	null	0	0	0	0	0	0	0	0	0	0	0	0	null	null	null	0	0	0	0	0	0	0	null	0	0	0	0	0	0	0	null	0	0	0	0	0	0	0	0	0	0	0	0
"00-0037829"	"S.Burford"	"Spencer Burford"	"G"	"OL"	"https://static.www.nfl.com/image/upload/f_auto,q_auto/league/wtff3ynyk6usevyirayk"	2026	2	"REG"	"2026_02_LV_LAC"	"LV"	"LAC"	0	0	0	0	0	0	0	0	0	0	0	0	null	null	0	null	0	0	0	0	0	0	0	0	0	0	null	0	0	0	0	0	0	0	0	0	0	0	0	0	0	null	0	0	0	0	0	null	0	0	0	0	0	0	0	0	0	0	0	0	0	0	0	0	0	0	0	0	0	0	0	0	0	0	0	0	0	0	1	10	0	0	0	0	0	0	0	0	0	0	0	0	0	null	null	0	0	0	0	0	0	0	0	0	0	0	0	null	null	null	0	0	0	0	0	0	0	null	0	0	0	0	0	0	0	null	0	0	0	0	0	0	0	0	0	0	0	0
"00-0037838"	"I.Likely"	"Isaiah Likely"	"TE"	"TE"	"https://static.www.nfl.com/image/upload/f_auto,q_auto/league/b1pahldt9ixp9lssxi2d"	2026	2	"REG"	"2026_02_NYG_LA"	"NYG"	"LA"	0	0	0	0	0	0	0	0	0	0	0	0	null	null	0	null	0	0	0	0	0	0	0	0	0	0	null	0	0	0	0	0	5	10	33	0	0	0	48	4	3	-0.37831551814451814	0	1	0	0	0	0.6875	0.3125	0.14076246334310852	0.5672837243401759	0	0	0	0	0	0	0	0	0	0	0	0	0	0	0	0	0	0	0	0	0	0	0	0	0	0	0	0	0	0	0	0	0	0	0	0	0	0	0	0	0	0	null	null	0	0	0	0	0	0	0	0	0	0	0	0	null	null	null	0	0	0	0	0	0	0	null	0	0	0	0	0	0	0	null	0	0	0	0	0	0	0	0	0	0	3.3000000000000003	8.3
"00-0037839"	"C.Durant"	"Cobie Durant"	"CB"	"DB"	"https://static.www.nfl.com/image/upload/f_auto,q_auto/league/oeeeljrjnb0mvvzi6csj"	2026	2	"REG"	"2026_02_WAS_DAL"	"DAL"	"WAS"	0	0	0	0	0	0	0	0	0	0	0	0	null	null	0	null	0	0	0	0	0	0	0	0	0	0	null	0	0	0	0	0	0	0	0	0	0	0	0	0	0	null	0	0	0	0	0	null	0	0	0	0	1	0	0	0	0	0	0	0	0	0	0	1	0	0	0	0	0	0	0	0	0	0	0	0	0	0	0	0	0	0	0	0	0	0	0	0	0	0	0	0	0	null	null	0	0	0	0	0	0	0	0	0	0	0	0	null	null	null	0	0	0	0	0	0	0	null	0	0	0	0	0	0	0	null	0	0	0	0	0	0	0	0	0	0	0	0
"00-0037840"	"K.Williams"	"Kyren Williams"	"RB"	"RB"	"https://static.www.nfl.com/image/upload/f_auto,q_auto/league/xti3pek6rmojqchakxpy"	2026	2	"REG"	"2026_02_NYG_LA"	"LA"	"NYG"	0	0	0	0	0	0	0	0	0	0	0	0	null	null	0	null	0	0	0	0	12	85	0	1	1	3	-3.9138881494873203	0	3	3	1	0	2	2	12	1	0	0	5	7	1	2.347978851525113	0	1	0	0	0	2.4	0.06666666666666667	0.015105740181268883	0.11057401812688822	0	0	0	0	0	0	0	0	0	0	0	0	0	0	0	0	0	0	0	0	0	0	0	0	0	0	0	0	0	1	0	0	1	1	0	0	0	0	0	0	0	0	null	null	0	0	0	0	0	0	0	0	0	0	0	0	null	null	null	0	0	0	0	0	0	0	null	0	0	0	0	0	0	0	null	0	0	0	0	0	0	0	0	0	0	13.700000000000001	15.700000000000001
"00-0037841"	"Q.Lake"	"Quentin Lake"	"SAF"	"DB"	"https://static.www.nfl.com/image/upload/f_auto,q_auto/league/qktbfevtbxiyrw9ekk72"	2026	2	"REG"	"2026_02_NYG_LA"	"LA"	"NYG"	0	0	0	0	0	0	0	0	0	0	0	0	null	null	0	null	0	0	0	0	0	0	0	0	0	0	null	0	0	0	0	0	0	0	0	0	0	0	0	0	0	null	0	0	0	0	0	null	0	0	0	0	6	0	1	0	0	1	0	0	0	0	0	3	0	0	0	0	0	0	0	0	0	0	0	0	0	0	0	0	0	0	0	0	0	0	0	0	0	0	0	0	0	null	null	0	0	0	0	0	0	0	0	0	0	0	0	null	null	null	0	0	0	0	0	0	0	null	0	0	0	0	0	0	0	null	0	0	0	0	0	0	0	0	0	0	0	0
"00-0038041"	"J.Ferguson"	"Jake Ferguson"	"TE"	"TE"	"https://static.www.nfl.com/image/upload/f_auto,q_auto/league/xpykb0tbosfwsn6dqstb"	2026	2	"REG"	"2026_02_WAS_DAL"	"DAL"	"WAS"	0	0	0	0	0	0	0	0	0	0	0	0	null	null	0	null	0	0	0	0	0	0	0	0	0	0	null	0	0	0	0	0	4	4	43	2	0	0	29	14	3	6.472676556033548	0	3	0	0	0	1.4827586206896552	0.12903225806451613	0.11885245901639344	0.2767451084082496	0	0	0	0	0	0	0	0	0	0	0	0	0	0	0	0	0	0	0	0	0	0	0	0	0	0	0	0	0	0	0	0	0	0	0	0	0	0	0	0	0	0	null	null	0	0	0	0	0	0	0	0	0	0	0	0	null	null	null	0	0	0	0	0	0	0	null	0	0	0	0	0	0	0	null	0	0	0	0	0	0	0	0	0	0	16.3	20.3
"00-0038046"	"C.Kolar"	"Charlie Kolar"	"TE"	"TE"	"https://static.www.nfl.com/image/upload/f_auto,q_auto/league/g75ws8vkqz9cqwifhcy7"	2026	2	"REG"	"2026_02_LV_LAC"	"LAC"	"LV"	0	0	0	0	0	0	0	0	0	0	0	0	null	null	0	null	0	0	0	0	0	0	0	0	0	0	null	0	0	0	0	0	3	3	21	0	0	0	11	10	1	1.2624482044484466	0	0	0	0	0	1.9090909090909092	0.11538461538461539	0.040892193308550186	0.2017014583929082	0	0	0	0	0	0	0	0	0	0	0	0	0	0	0	0	0	0	0	0	0	0	0	0	0	0	0	0	0	0	0	0	0	0	0	0	0	0	0	0	0	0	null	null	0	0	0	0	0	0	0	0	0	0	0	0	null	null	null	0	0	0	0	0	0	0	null	0	0	0	0	0	0	0	null	0	0	0	0	0	0	0	0	0	0	2.1	5.1
"00-0038094"	"J.Stout"	"Jordan Stout"	"P"	"SPEC"	"https://static.www.nfl.com/image/upload/f_auto,q_auto/league/eeftrwsh0aigc7r22goy"	2026	2	"REG"	"2026_02_NYG_LA"	"NYG"	"LA"	0	0	0	0	0	0	0	0	0	0	0	0	null	null	0	null	0	0	0	0	0	0	0	0	0	0	null	0	0	0	0	0	0	0	0	0	0	0	0	0	0	null	0	0	0	0	0	null	0	0	0	0	0	0	0	0	0	0	0	0	0	0	0	0	0	0	0	0	0	0	0	0	0	0	0	0	0	0	0	0	0	0	0	0	0	0	0	0	0	0	0	0	0	null	null	0	0	0	0	0	0	0	0	0	0	0	0	null	null	null	0	0	0	0	0	0	0	null	0	0	0	0	0	6	0	78	315	3	0	0	1	1	4	32	0	263	0	0
"00-0038112"	"C.Jurgens"	"Cam Jurgens"	"G"	"OL"	"https://static.www.nfl.com/image/upload/f_auto,q_auto/league/j2vljio1hfmqcwj3pd5m"	2026	2	"REG"	"2026_02_PHI_TEN"	"PHI"	"TEN"	0	0	0	0	0	0	0	0	0	0	0	0	null	null	0	null	0	0	0	0	0	0	0	0	0	0	null	0	0	0	0	0	0	0	0	0	0	0	0	0	0	null	0	0	0	0	0	null	0	0	0	0	0	0	0	0	0	0	0	0	0	0	0	0	0	0	0	0	0	0	0	0	0	0	0	0	0	0	1	10	0	0	0	0	0	0	0	0	0	0	0	0	0	null	null	0	0	0	0	0	0	0	0	0	0	0	0	null	null	null	0	0	0	0	0	0	0	null	0	0	0	0	0	0	0	null	0	0	0	0	0	0	0	0	0	0	0	0
"00-0038115"	"D.Bellinger"	"Daniel Bellinger"	"TE"	"TE"	"https://static.www.nfl.com/image/upload/f_auto,q_auto/league/nvabdu88h2cvroeygabo"	2026	2	"REG"	"2026_02_PHI_TEN"	"TEN"	"PHI"	0	0	0	0	0	0	0	0	0	0	0	0	null	null	0	null	0	0	0	0	0	0	0	0	0	0	null	0	0	0	0	0	0	1	0	0	0	0	4	0	0	-0.6219080085866153	0	0	0	0	0	0	0.058823529411764705	0.02857142857142857	0.10823529411764704	0	0	0	0	0	0	0	0	0	0	0	0	0	0	0	0	0	0	0	0	0	0	0	0	0	0	0	0	0	0	0	0	0	0	0	0	0	0	0	0	0	0	null	null	0	0	0	0	0	0	0	0	0	0	0	0	null	null	null	0	0	0	0	0	0	0	null	0	0	0	0	0	0	0	null	0	0	0	0	0	0	0	0	0	0	0	0
"00-0038116"	"A.Ebiketie"	"Arnold Ebiketie"	"LB"	"LB"	"https://static.www.nfl.com/image/upload/f_auto,q_auto/league/w5sjq8cj5tdar5ttlll7"	2026	2	"REG"	"2026_02_PHI_TEN"	"PHI"	"TEN"	0	0	0	0	0	0	0	0	0	0	0	0	null	null	0	null	0	0	0	0	0	0	0	0	0	0	null	0	0	0	0	0	0	0	0	0	0	0	0	0	0	null	0	0	0	0	0	null	0	0	0	0	1	0	1	0	0	0	0	0	0	0	0	0	0	0	0	0	0	0	0	0	0	0	0	0	0	0	0	0	0	0	0	0	0	0	0	0	0	0	0	0	0	null	null	0	0	0	0	0	0	0	0	0	0	0	0	null	null	null	0	0	0	0	0	0	0	null	0	0	0	0	0	0	0	null	0	0	0	0	0	0	0	0	0	0	0	0
"00-0038117"	"W.Robinson"	"Wan'Dale Robinson"	"WR"	"WR"	"https://static.www.nfl.com/image/upload/f_auto,q_auto/league/yzcvyhmilvxedfjfjglc"	2026	2	"REG"	"2026_02_PHI_TEN"	"TEN"	"PHI"	0	0	0	0	0	0	0	0	0	0	0	0	null	null	0	null	0	0	0	0	0	0	0	0	0	0	null	0	0	0	0	0	1	1	9	0	0	0	6	3	1	1.62332643289119	0	0	0	0	0	1.5	0.058823529411764705	0.04285714285714286	0.11823529411764705	0	0	0	0	0	0	0	0	0	0	0	0	0	0	0	0	0	0	0	0	0	0	0	0	0	0	0	0	0	0	0	0	0	0	0	0	0	0	0	0	0	0	null	null	0	0	0	0	0	0	0	0	0	0	0	0	null	null	null	0	0	0	0	0	0	0	null	0	0	0	0	0	0	0	null	0	0	0	0	0	0	0	0	0	0	0.9	1.9
"00-0038121"	"A.Taylor"	"Alontae Taylor"	"CB"	"DB"	"https://static.www.nfl.com/image/upload/f_auto,q_auto/league/avogci7ghtzxoxdcdtnx"	2026	2	"REG"	"2026_02_PHI_TEN"	"TEN"	"PHI"	0	0	0	0	0	0	0	0	0	0	0	0	null	null	0	null	0	0	0	0	0	0	0	0	0	0	null	0	0	0	0	0	0	0	0	0	0	0	0	0	0	null	0	0	0	0	0	null	0	0	0	0	5	0	0	2	3	0	0	0	0	0	0	0	0	0	0	0	0	0	0	0	0	0	0	0	0	0	0	0	0	0	0	0	0	0	0	0	0	0	0	0	0	null	null	0	0	0	0	0	0	0	0	0	0	0	0	null	null	null	0	0	0	0	0	0	0	null	0	0	0	0	0	0	0	null	0	0	0	0	0	0	0	0	0	0	0	0
"00-0038125"	"R.McCreary"	"Roger McCreary"	"CB"	"DB"	"https://static.www.nfl.com/image/upload/f_auto,q_auto/league/elq9ou82mtnczfos63em"	2026	2	"REG"	"2026_02_DET_BUF"	"DET"	"BUF"	0	0	0	0	0	0	0	0	0	0	0	0	null	null	0	null	0	0	0	0	0	0	0	0	0	0	null	0	0	0	0	0	0	0	0	0	0	0	0	0	0	null	0	0	0	0	0	null	0	0	0	0	0	0	0	0	0	0	0	0	0	0	0	0	0	0	0	0	0	0	0	0	0	0	0	0	0	0	1	5	0	0	0	0	0	0	0	0	0	0	0	0	0	null	null	0	0	0	0	0	0	0	0	0	0	0	0	null	null	null	0	0	0	0	0	0	0	null	0	0	0	0	0	0	0	null	0	0	0	0	0	0	0	0	0	0	0	0
"00-0038359"	"X.Smith"	"Xavier Smith"	"WR"	"WR"	"https://static.www.nfl.com/image/upload/f_auto,q_auto/league/hqvwpitewijx8bjrcofe"	2026	2	"REG"	"2026_02_NYG_LA"	"LA"	"NYG"	0	0	0	0	0	0	0	0	0	0	0	0	null	null	0	null	0	0	0	0	0	0	0	0	0	0	null	0	0	0	0	0	0	1	0	0	0	0	0	0	0	-0.7810277043608949	0	0	0	0	0	null	0.03333333333333333	0	0.05	0	0	0	0	0	0	0	0	0	0	0	0	0	0	0	0	0	0	0	0	0	0	0	0	0	0	0	0	0	0	0	0	0	0	4	32	2	29	0	0	0	0	null	null	0	0	0	0	0	0	0	0	0	0	0	0	null	null	null	0	0	0	0	0	0	0	null	0	0	0	0	0	0	0	null	0	0	0	0	0	0	0	0	0	0	0	0
"00-0038366"	"T.Ingle"	"Tanner Ingle"	"SAF"	"DB"	"https://static.www.nfl.com/image/upload/f_auto,q_auto/league/vzeuylllstdp5udwxgzq"	2026	2	"REG"	"2026_02_NYG_LA"	"LA"	"NYG"	0	0	0	0	0	0	0	0	0	0	0	0	null	null	0	null	0	0	0	0	0	0	0	0	0	0	null	0	0	0	0	0	0	0	0	0	0	0	0	0	0	null	0	0	0	0	0	null	0	0	0	0	0	0	0	0	0	0	0	0	0	0	0	0	0	0	0	0	0	0	0	0	0	0	0	0	0	0	1	15	0	0	0	0	0	0	0	0	0	0	0	0	0	null	null	0	0	0	0	0	0	0	0	0	0	0	0	null	null	null	0	0	0	0	0	0	0	null	0	0	0	0	0	0	0	null	0	0	0	0	0	0	0	0	0	0	0	0
"00-0038386"	"J.Carter"	"Jalen Carter"	"DT"	"DL"	"https://static.www.nfl.com/image/upload/f_auto,q_auto/league/lzctlmzr184bc1mix5qs"	2026	2	"REG"	"2026_02_PHI_TEN"	"PHI"	"TEN"	0	0	0	0	0	0	0	0	0	0	0	0	null	null	0	null	0	0	0	0	0	0	0	0	0	0	null	0	0	0	0	0	0	0	0	0	0	0	0	0	0	null	0	0	0	0	0	null	0	0	0	0	1	0	0	1	9	0	1	9	1	0	0	0	0	0	0	0	0	0	0	0	0	0	0	0	0	0	0	0	0	0	0	0	0	0	0	0	0	0	0	0	0	null	null	0	0	0	0	0	0	0	0	0	0	0	0	null	null	null	0	0	0	0	0	0	0	null	0	0	0	0	0	0	0	null	0	0	0	0	0	0	0	0	0	0	0	0
"00-0038393"	"D.Wicks"	"Dontayvion Wicks"	"WR"	"WR"	"https://static.www.nfl.com/image/upload/f_auto,q_auto/league/v1lt8kpvkn0qw5elyaoz"	2026	2	"REG"	"2026_02_PHI_TEN"	"PHI"	"TEN"	0	0	0	0	0	0	0	0	0	0	0	0	null	null	0	null	0	0	0	0	0	0	0	0	0	0	null	0	0	0	0	0	5	6	74	0	0	0	69	8	5	11.054226216801908	0	3	2	2	0	1.0724637681159421	0.17647058823529413	0.2363013698630137	0.43011684125705074	0	0	0	0	0	0	0	0	0	0	0	0	0	0	0	0	0	0	0	0	0	0	0	0	0	0	0	0	0	0	0	0	0	0	0	0	0	0	0	0	0	0	null	null	0	0	0	0	0	0	0	0	0	0	0	0	null	null	null	0	0	0	0	0	0	0	null	0	0	0	0	0	0	0	null	0	0	0	0	0	0	0	0	0	0	7.4	12.4
"00-0038399"	"Z.Barnes"	"Zaire Barnes"	"LB"	"LB"	"https://static.www.nfl.com/image/upload/f_auto,q_auto/league/jnyarp6uvues6avvg9xa"	2026	2	"REG"	"2026_02_NYG_LA"	"NYG"	"LA"	0	0	0	0	0	0	0	0	0	0	0	0	null	null	0	null	0	0	0	0	0	0	0	0	0	0	null	0	0	0	0	0	0	0	0	0	0	0	0	0	0	null	0	0	0	0	0	null	0	0	0	0	1	0	2	0	0	0	0	0	0	0	0	0	0	0	0	0	0	0	0	0	0	0	0	0	0	0	0	0	0	0	0	0	0	0	0	0	0	0	0	0	0	null	null	0	0	0	0	0	0	0	0	0	0	0	0	null	null	null	0	0	0	0	0	0	0	null	0	0	0	0	0	0	0	null	0	0	0	0	0	0	0	0	0	0	0	0
"00-0038412"	"M.Ojomo"	"Moro Ojomo"	"DT"	"DL"	"https://static.www.nfl.com/image/upload/f_auto,q_auto/league/pifqoqquxxvoqwah8khm"	2026	2	"REG"	"2026_02_PHI_TEN"	"PHI"	"TEN"	0	0	0	0	0	0	0	0	0	0	0	0	null	null	0	null	0	0	0	0	0	0	0	0	0	0	null	0	0	0	0	0	0	0	0	0	0	0	0	0	0	null	0	0	0	0	0	null	0	0	0	0	2	0	2	1	3	0	0	0	0	0	0	0	0	0	0	0	0	0	0	0	0	0	0	0	0	0	0	0	0	0	0	0	0	0	0	0	0	0	0	0	0	null	null	0	0	0	0	0	0	0	0	0	0	0	0	null	null	null	0	0	0	0	0	0	0	null	0	0	0	0	0	0	0	null	0	0	0	0	0	0	0	0	0	0	0	0
"00-0038428"	"A.Szmyt"	"Andre Szmyt"	"K"	"SPEC"	"https://static.www.nfl.com/image/upload/f_auto,q_auto/league/tkah6glpysuyq2a54gts"	2026	2	"REG"	"2026_02_CLE_TB"	"CLE"	"TB"	0	0	0	0	0	0	0	0	0	0	0	0	null	null	0	null	0	0	0	0	0	0	0	0	0	0	null	0	0	0	0	0	0	0	0	0	0	0	0	0	0	null	0	0	0	0	0	null	0	0	0	0	0	0	0	0	0	0	0	0	0	0	0	0	0	0	0	0	0	0	0	0	0	0	0	0	0	0	0	0	0	0	0	0	0	0	0	0	0	3	3	0	0	50	1	0	0	2	0	1	0	0	0	0	0	0	0	"50;34;34"	null	null	118	0	0	2	2	0	0	1	0	0	0	0	0	0	0	null	0	0	0	0	0	0	0	0	0	0	0	0
"00-0038454"	"K.Mitchell"	"Keaton Mitchell"	"RB"	"RB"	"https://static.www.nfl.com/image/upload/f_auto,q_auto/league/ztciwwpbyaffmckwrzdk"	2026	2	"REG"	"2026_02_LV_LAC"	"LAC"	"LV"	0	0	0	0	0	0	0	0	0	0	0	0	null	null	0	null	0	0	0	0	5	24	0	0	0	1	-0.822222036018502	0	1	0	0	0	1	1	15	0	0	0	3	12	0	1.2378554593306035	0	1	0	0	0	5	0.038461538461538464	0.011152416356877323	0.06549899914212182	0	0	0	0	0	0	0	0	0	0	0	0	0	0	0	0	0	0	0	0	0	0	1	0	0	0	0	0	0	0	0	0	0	0	0	0	2	47	0	0	0	0	null	null	0	0	0	0	0	0	0	0	0	0	0	0	null	null	null	0	0	0	0	0	0	0	null	0	0	0	0	0	0	0	null	0	0	0	0	0	0	0	0	0	0	3.9000000000000004	4.9
"00-0038514"	"T.Jones"	"Truman Jones"	"DE"	"DL"	"https://static.www.nfl.com/image/upload/f_auto,q_auto/league/zhhugc4ahcrbbpbsufqr"	2026	2	"REG"	"2026_02_PHI_TEN"	"TEN"	"PHI"	0	0	0	0	0	0	0	0	0	0	0	0	null	null	0	null	0	0	0	0	0	0	0	0	0	0	null	0	0	0	0	0	0	0	0	0	0	0	0	0	0	null	0	0	0	0	0	null	0	0	0	0	1	0	0	0	0	0	0	0	0	0	0	0	0	0	0	0	0	0	0	0	0	0	0	0	0	0	0	0	0	0	0	0	0	0	0	0	0	0	0	0	0	null	null	0	0	0	0	0	0	0	0	0	0	0	0	null	null	null	0	0	0	0	0	0	0	null	0	0	0	0	0	0	0	null	0	0	0	0	0	0	0	0	0	0	0	0
"00-0038542"	"Bi.Robinson"	"Bijan Robinson"	"RB"	"RB"	"https://static.www.nfl.com/image/upload/f_auto,q_auto/league/esii5yb8yn9edboi4mlq"	2026	2	"REG"	"2026_02_CAR_ATL"	"ATL"	"CAR"	0	0	0	0	0	0	0	0	0	0	0	0	null	null	0	null	0	0	0	0	16	72	0	0	0	2	-1.8817057596170343	0	2	0	0	0	3	4	9	0	0	0	12	8	0	-4.509929163847119	0	0	0	0	0	0.75	0.12903225806451613	0.07547169811320754	0.24637857577601946	0	0	0	0	0	0	0	0	0	0	0	0	0	0	0	0	0	0	0	0	0	0	0	0	0	0	0	0	0	0	0	0	0	0	0	0	0	0	0	0	0	0	null	null	0	0	0	0	0	0	0	0	0	0	0	0	null	null	null	0	0	0	0	0	0	0	null	0	0	0	0	0	0	0	null	0	0	0	0	0	0	0	0	0	0	8.1	11.1
"00-0038543"	"J.Smith-Njigba"	"Jaxon Smith-Njigba"	"WR"	"WR"	"https://static.www.nfl.com/image/upload/f_auto,q_auto/league/yx1xjrupbqdknnjaq4a6"	2026	2	"REG"	"2026_02_SEA_ARI"	"SEA"	"ARI"	0	0	0	0	0	0	0	0	0	0	0	0	null	null	0	null	0	0	0	0	0	0	0	0	0	0	null	0	0	0	0	0	9	11	155	3	0	0	121	52	8	17.878805030108197	0	4	1	1	1	1.28099173553719	0.4230769230769231	0.5330396475770925	1.0077431379193493	0	0	0	0	0	0	0	0	0	0	0	0	0	0	0	0	0	0	0	0	0	0	0	0	0	0	0	0	0	0	0	0	0	0	0	0	0	0	0	0	0	0	null	null	0	0	0	0	0	0	0	0	0	0	0	0	null	null	null	0	0	0	0	0	0	0	null	0	0	0	0	0	0	0	null	0	0	0	0	0	0	0	0	0	0	33.5	42.5
"00-0038544"	"Q.Johnston"	"Quentin Johnston"	"WR"	"WR"	"https://static.www.nfl.com/image/upload/f_auto,q_auto/league/lyvsrjh4mjb4dqwp6shm"	2026	2	"REG"	"2026_02_LV_LAC"	"LAC"	"LV"	0	0	0	0	0	0	0	0	0	0	0	0	null	null	0	null	0	0	0	0	1	7	0	0	0	0	0.31812829710543156	0	0	0	0	0	1	5	7	0	0	0	64	11	1	-2.359888547216542	0	0	0	0	0	0.109375	0.19230769230769232	0.2379182156133829	0.45500428939090654	0	0	0	0	0	0	0	0	0	0	0	0	0	0	0	0	0	0	0	0	0	0	0	0	0	0	0	0	0	0	0	0	0	0	0	0	0	0	0	0	0	0	null	null	0	0	0	0	0	0	0	0	0	0	0	0	null	null	null	0	0	0	0	0	0	0	null	0	0	0	0	0	0	0	null	0	0	0	0	0	0	0	0	0	0	1.4000000000000001	2.4000000000000004
"00-0038553"	"D.Henley"	"Daiyan Henley"	"LB"	"LB"	"https://static.www.nfl.com/image/upload/f_auto,q_auto/league/jl1rn08ci17wub2xok8a"	2026	2	"REG"	"2026_02_LV_LAC"	"LAC"	"LV"	0	0	0	0	0	0	0	0	0	0	0	0	null	null	0	null	0	0	0	0	0	0	0	0	0	0	null	0	0	0	0	0	0	0	0	0	0	0	0	0	0	null	0	0	0	0	0	null	0	0	0	0	0	0	3	0	0	0	0	0	0	0	0	0	0	0	0	0	0	0	0	0	0	0	0	0	0	0	0	0	0	0	0	0	0	0	0	0	0	0	0	0	0	null	null	0	0	0	0	0	0	0	0	0	0	0	0	null	null	null	0	0	0	0	0	0	0	null	0	0	0	0	0	0	0	null	0	0	0	0	0	0	0	0	0	0	0	0
"00-0038555"	"T.Bigsby"	"Tank Bigsby"	"RB"	"RB"	"https://static.www.nfl.com/image/upload/f_auto,q_auto/league/vfkdjfpiyrcuzahrmfvn"	2026	2	"REG"	"2026_02_PHI_TEN"	"PHI"	"TEN"	0	0	0	0	0	0	0	0	0	0	0	0	null	null	0	null	0	0	0	0	13	33	1	0	0	2	-1.7339279715670273	0	0	0	0	0	2	2	5	0	0	0	-8	13	0	-0.7698274508584291	0	0	0	0	0	-0.625	0.058823529411764705	-0.0273972602739726	0.06905721192586622	0	1	0	0	0	0	0	0	0	0	0	0	0	0	0	0	0	0	0	0	0	0	0	0	0	0	0	0	0	0	0	0	0	0	0	0	0	0	0	0	0	0	null	null	0	0	0	0	0	0	0	0	0	0	0	0	null	null	null	0	0	0	0	0	0	0	null	0	0	0	0	0	0	0	null	0	0	0	0	0	0	0	0	0	0	9.8	11.8
"00-0038557"	"D.Williams"	"Dorian Williams"	"LB"	"LB"	"https://static.www.nfl.com/image/upload/f_auto,q_auto/league/fsslbcbp87yehsofpwg1"	2026	2	"REG"	"2026_02_DET_BUF"	"BUF"	"DET"	0	0	0	0	0	0	0	0	0	0	0	0	null	null	0	null	0	0	0	0	0	0	0	0	0	0	null	0	0	0	0	0	0	0	0	0	0	0	0	0	0	null	0	0	0	0	0	null	0	0	0	0	5	0	1	1	1	0	0	0	0	0	0	1	0	0	0	0	0	0	0	0	0	0	0	0	0	0	0	0	0	0	0	0	0	0	0	0	0	0	0	0	0	null	null	0	0	0	0	0	0	0	0	0	0	0	0	null	null	null	0	0	0	0	0	0	0	null	0	0	0	0	0	0	0	null	0	0	0	0	0	0	0	0	0	0	0	0
"00-0038563"	"T.Tucker"	"Tre Tucker"	"WR"	"WR"	"https://static.www.nfl.com/image/upload/f_auto,q_auto/league/hazzk3hrcequzosdgzgv"	2026	2	"REG"	"2026_02_LV_LAC"	"LV"	"LAC"	0	0	0	0	0	0	0	0	0	0	0	0	null	null	0	null	0	0	0	0	0	0	0	0	0	0	null	0	0	0	0	0	5	7	119	1	0	0	143	2	4	3.3659990568994544	0	4	2	2	2	0.8321678321678322	0.2413793103448276	0.5053003533568905	0.7157792128670647	0	0	0	0	0	0	0	0	0	0	0	0	0	0	0	0	0	0	0	0	0	0	0	0	0	0	0	0	0	0	0	0	0	0	0	0	0	0	0	0	0	0	null	null	0	0	0	0	0	0	0	0	0	0	0	0	null	null	null	0	0	0	0	0	0	0	null	0	0	0	0	0	0	0	null	0	0	0	0	0	0	0	0	0	0	17.9	22.9
"00-0038567"	"C.Ryland"	"Chad Ryland"	"K"	"SPEC"	"https://static.www.nfl.com/image/upload/f_auto,q_auto/league/gbfzwbzdl9wj582nh5g9"	2026	2	"REG"	"2026_02_SEA_ARI"	"ARI"	"SEA"	0	0	0	0	0	0	0	0	0	0	0	0	null	null	0	null	0	0	0	0	0	0	0	0	0	0	null	0	0	0	0	0	0	0	0	0	0	0	0	0	0	null	0	0	0	0	0	null	0	0	0	0	0	0	1	0	0	0	0	0	0	0	0	0	0	0	0	0	0	0	0	0	0	0	0	0	0	0	0	0	0	0	0	0	0	0	0	0	0	0	0	0	0	null	null	0	0	0	0	0	0	0	0	0	0	0	0	null	null	null	0	0	0	1	1	0	0	1	0	0	0	0	0	0	0	null	0	0	0	0	0	0	0	0	0	0	0	0
"00-0038573"	"D.Davis"	"Derius Davis"	"WR"	"WR"	"https://static.www.nfl.com/image/upload/f_auto,q_auto/league/ykmeihbr6903smvblzgc"	2026	2	"REG"	"2026_02_LV_LAC"	"LAC"	"LV"	0	0	0	0	0	0	0	0	0	0	0	0	null	null	0	null	0	0	0	0	0	0	0	0	0	0	null	0	0	0	0	0	0	1	0	0	0	0	14	0	0	-3.3475058235926554	0	0	0	0	0	0	0.038461538461538464	0.05204460966542751	0.09412353445810695	0	1	0	0	0	0	0	0	0	0	0	0	0	0	0	0	0	0	0	0	0	0	0	0	0	0	0	0	0	0	0	0	0	0	0	0	0	0	0	0	0	0	null	null	0	0	0	0	0	0	0	0	0	0	0	0	null	null	null	0	0	0	0	0	0	0	null	0	0	0	0	0	0	0	null	0	0	0	0	0	0	0	0	0	0	0	0
"00-0038620"	"E.Hallett"	"Erick Hallett"	"SAF"	"DB"	"https://static.www.nfl.com/image/upload/f_auto,q_auto/league/hnpxgdu65sr9w51rkp6g"	2026	2	"REG"	"2026_02_PHI_TEN"	"TEN"	"PHI"	0	0	0	0	0	0	0	0	0	0	0	0	null	null	0	null	0	0	0	0	0	0	0	0	0	0	null	0	0	0	0	0	0	0	0	0	0	0	0	0	0	null	0	0	0	0	0	null	0	0	0	0	0	0	1	0	0	0	0	0	0	0	0	0	0	0	0	0	0	0	0	0	0	0	0	0	0	0	0	0	0	0	0	0	0	0	0	0	0	0	0	0	0	null	null	0	0	0	0	0	0	0	0	0	0	0	0	null	null	null	0	0	0	0	0	0	0	null	0	0	0	0	0	0	0	null	0	0	0	0	0	0	0	0	0	0	0	0
"00-0038625"	"D.Winters"	"Dee Winters"	"LB"	"LB"	"https://static.www.nfl.com/image/upload/f_auto,q_auto/league/xlebnylgre4ogpnnl4na"	2026	2	"REG"	"2026_02_WAS_DAL"	"DAL"	"WAS"	0	0	0	0	0	0	0	0	0	0	0	0	null	null	0	null	0	0	0	0	0	0	0	0	0	0	null	0	0	0	0	0	0	0	0	0	0	0	0	0	0	null	0	0	0	0	0	null	0	0	0	0	7	0	2	1	13	0	0	0	0	0	0	0	0	0	0	0	0	0	0	0	0	0	0	1	5	0	0	0	0	0	0	0	0	0	0	0	0	0	0	0	0	null	null	0	0	0	0	0	0	0	0	0	0	0	0	null	null	null	0	0	0	0	0	0	0	null	0	0	0	0	0	0	0	null	0	0	0	0	0	0	0	0	0	0	0	0
"00-0038660"	"T.Nowaske"	"Trevor Nowaske"	"LB"	"LB"	"https://static.www.nfl.com/image/upload/f_auto,q_auto/league/m65qtbao0n91lg4gprrp"	2026	2	"REG"	"2026_02_DET_BUF"	"DET"	"BUF"	0	0	0	0	0	0	0	0	0	0	0	0	null	null	0	null	0	0	0	0	0	0	0	0	0	0	null	0	0	0	0	0	0	0	0	0	0	0	0	0	0	null	0	0	0	0	0	null	0	0	0	0	1	0	1	0	0	0	0	0	1	0	0	0	0	0	0	0	0	0	0	0	0	0	0	0	0	0	0	0	0	0	0	0	0	0	0	0	0	0	0	0	0	null	null	0	0	0	0	0	0	0	0	0	0	0	0	null	null	null	0	0	0	0	0	0	0	null	0	0	0	0	0	0	0	null	0	0	0	0	0	0	0	0	0	0	0	0
"00-0038705"	"E.Demercado"	"Emari Demercado"	"RB"	"RB"	"https://static.www.nfl.com/image/upload/f_auto,q_auto/league/wu0sm9ttr4aiugi9fquf"	2026	2	"REG"	"2026_02_WAS_DAL"	"DAL"	"WAS"	0	0	0	0	0	0	0	0	0	0	0	0	null	null	0	null	0	0	0	0	3	8	0	0	0	0	-0.826654769887682	0	0	0	0	0	0	0	0	0	0	0	0	0	0	null	0	0	0	0	0	null	0	0	0	0	0	0	0	0	0	0	0	0	0	0	0	0	0	0	0	0	0	0	0	0	0	0	0	0	0	0	0	0	0	0	0	0	0	0	0	0	0	0	0	0	0	null	null	0	0	0	0	0	0	0	0	0	0	0	0	null	null	null	0	0	0	0	0	0	0	null	0	0	0	0	0	0	0	null	0	0	0	0	0	0	0	0	0	0	0.8	0.8
"00-0038738"	"H.Luepke"	"Hunter Luepke"	"RB"	"RB"	"https://static.www.nfl.com/image/upload/f_auto,q_auto/league/m28qafff4o5vb3aaumiv"	2026	2	"REG"	"2026_02_WAS_DAL"	"DAL"	"WAS"	0	0	0	0	0	0	0	0	0	0	0	0	null	null	0	null	0	0	0	0	1	1	0	0	0	1	0.2930102444952354	0	0	0	0	0	0	0	0	0	0	0	0	0	0	null	0	0	0	0	0	null	0	0	0	0	0	0	2	0	0	0	0	0	0	0	0	0	0	0	0	0	0	0	0	0	0	0	0	0	0	0	0	0	0	0	0	0	0	0	0	0	0	0	0	0	0	null	null	0	0	0	0	0	0	0	0	0	0	0	0	null	null	null	0	0	0	0	0	0	0	null	0	0	0	0	0	0	0	null	0	0	0	0	0	0	0	0	0	0	0.1	0.1
"00-0038742"	"T.Wheat"	"Tyrus Wheat"	"LB"	"LB"	"https://static.www.nfl.com/image/upload/f_auto,q_auto/league/krmcu6sltcvyy6ddisn7"	2026	2	"REG"	"2026_02_WAS_DAL"	"DAL"	"WAS"	0	0	0	0	0	0	0	0	0	0	0	0	null	null	0	null	0	0	0	0	0	0	0	0	0	0	null	0	0	0	0	0	0	0	0	0	0	0	0	0	0	null	0	0	0	0	0	null	0	0	0	0	1	0	1	0	0	0	0	0	0	0	0	0	0	0	0	0	0	0	0	0	0	0	0	0	0	0	0	0	0	0	0	0	0	0	0	0	0	0	0	0	0	null	null	0	0	0	0	0	0	0	0	0	0	0	0	null	null	null	0	0	0	0	0	0	0	null	0	0	0	0	0	0	0	null	0	0	0	0	0	0	0	0	0	0	0	0
"00-0038820"	"C.Izien"	"Christian Izien"	"SAF"	"DB"	"https://static.www.nfl.com/image/upload/f_auto,q_auto/league/mgnzlvalqatapemmfbao"	2026	2	"REG"	"2026_02_DET_BUF"	"DET"	"BUF"	0	0	0	0	0	0	0	0	0	0	0	0	null	null	0	null	0	0	0	0	0	0	0	0	0	0	null	0	0	0	0	0	0	0	0	0	0	0	0	0	0	null	0	0	0	0	0	null	0	0	0	0	2	0	1	0	0	0	0	0	0	0	0	0	0	0	0	0	0	0	0	0	0	0	0	0	0	0	0	0	0	0	0	0	0	0	0	0	0	0	0	0	0	null	null	0	0	0	0	0	0	0	0	0	0	0	0	null	null	null	0	0	0	0	0	0	0	null	0	0	0	0	0	0	0	null	0	0	0	0	0	0	0	0	0	0	0	0
"00-0038896"	"J.Saylors"	"Jacob Saylors"	"RB"	"RB"	"https://static.www.nfl.com/image/upload/f_auto,q_auto/league/wunm6abfmikwaewmwkp7"	2026	2	"REG"	"2026_02_DET_BUF"	"DET"	"BUF"	0	0	0	0	0	0	0	0	0	0	0	0	null	null	0	null	0	0	0	0	0	0	0	0	0	0	null	0	0	0	0	0	0	0	0	0	0	0	0	0	0	null	0	0	0	0	0	null	0	0	0	0	1	0	0	0	0	0	0	0	0	0	0	0	0	0	0	0	0	0	0	0	0	0	0	0	0	0	0	0	0	0	0	0	0	0	0	2	58	0	0	0	0	null	null	0	0	0	0	0	0	0	0	0	0	0	0	null	null	null	0	0	0	0	0	0	0	null	0	0	0	0	0	0	0	null	0	0	0	0	0	0	0	0	0	0	0	0
"00-0038933"	"D.Kincaid"	"Dalton Kincaid"	"TE"	"TE"	"https://static.www.nfl.com/image/upload/f_auto,q_auto/league/z7k857flehljboaixj8m"	2026	2	"REG"	"2026_02_DET_BUF"	"BUF"	"DET"	0	0	0	0	0	0	0	0	0	0	0	0	null	null	0	null	0	0	0	0	0	0	0	0	0	0	null	0	0	0	0	0	7	8	95	1	0	0	84	39	5	7.191458230721764	0	4	3	2	0	1.130952380952381	0.2857142857142857	0.3574468085106383	0.6787841945288753	0	0	0	0	0	0	0	0	0	0	0	0	0	0	0	0	0	0	0	0	0	0	0	0	0	0	0	0	0	0	0	0	0	0	0	0	0	0	0	0	0	0	null	null	0	0	0	0	0	0	0	0	0	0	0	0	null	null	null	0	0	0	0	0	0	0	null	0	0	0	0	0	0	0	null	0	0	0	0	0	0	0	0	0	0	15.5	22.5
"00-0038936"	"J.Scruggs"	"Juice Scruggs"	"C"	"OL"	"https://static.www.nfl.com/image/upload/f_auto,q_auto/league/ni0rm2lbpplykzufmm5q"	2026	2	"REG"	"2026_02_DET_BUF"	"DET"	"BUF"	0	0	0	0	0	0	0	0	0	0	0	0	null	null	0	null	0	0	0	0	0	0	0	0	0	0	null	0	0	0	0	0	0	0	0	0	0	0	0	0	0	null	0	0	0	0	0	null	0	0	0	0	0	0	0	0	0	0	0	0	0	0	0	0	0	0	0	0	0	0	0	0	0	0	0	0	0	0	1	4	0	0	0	0	0	0	0	0	0	0	0	0	0	null	null	0	0	0	0	0	0	0	0	0	0	0	0	null	null	null	0	0	0	0	0	0	0	null	0	0	0	0	0	0	0	null	0	0	0	0	0	0	0	0	0	0	0	0
"00-0038940"	"T.Lacy"	"Tyler Lacy"	"DE"	"DL"	"https://static.www.nfl.com/image/upload/f_auto,q_auto/league/k0vshmovqi55f4nwuiaf"	2026	2	"REG"	"2026_02_DET_BUF"	"DET"	"BUF"	0	0	0	0	0	0	0	0	0	0	0	0	null	null	0	null	0	0	0	0	0	0	0	0	0	0	null	0	0	0	0	0	0	0	0	0	0	0	0	0	0	null	0	0	0	0	0	null	0	0	0	0	1	0	1	0	0	0	0	0	0	0	0	0	0	0	0	0	0	0	0	0	0	0	0	0	0	0	1	15	0	0	0	0	0	0	0	0	0	0	0	0	0	null	null	0	0	0	0	0	0	0	0	0	0	0	0	null	null	null	0	0	0	0	0	0	0	null	0	0	0	0	0	0	0	null	0	0	0	0	0	0	0	0	0	0	0	0
"00-0038986"	"N.Jones"	"Nic Jones"	"CB"	"DB"	"https://static.www.nfl.com/image/upload/f_auto,q_auto/league/ph6swp4bcjab60k3zlmw"	2026	2	"REG"	"2026_02_NYG_LA"	"NYG"	"LA"	0	0	0	0	0	0	0	0	0	0	0	0	null	null	0	null	0	0	0	0	0	0	0	0	0	0	null	0	0	0	0	0	0	0	0	0	0	0	0	0	0	null	0	0	0	0	0	null	0	0	0	0	1	0	1	0	0	0	0	0	0	0	0	0	0	0	0	0	0	0	0	0	0	0	0	0	0	0	0	0	0	0	0	0	0	0	0	0	0	0	0	0	0	null	null	0	0	0	0	0	0	0	0	0	0	0	0	null	null	null	0	0	0	0	0	0	0	null	0	0	0	0	0	0	0	null	0	0	0	0	0	0	0	0	0	0	0	0
"00-0039001"	"T.Steen"	"Tyler Steen"	"G"	"OL"	"https://static.www.nfl.com/image/upload/f_auto,q_auto/league/vql0qqvuq0eqkaolcqep"	2026	2	"REG"	"2026_02_PHI_TEN"	"PHI"	"TEN"	0	0	0	0	0	0	0	0	0	0	0	0	null	null	0	null	0	0	0	0	0	0	0	0	0	0	null	0	0	0	0	0	0	0	0	0	0	0	0	0	0	null	0	0	0	0	0	null	0	0	0	0	0	0	0	0	0	0	0	0	0	0	0	0	0	0	0	0	0	0	0	0	0	0	0	0	0	0	1	10	0	0	0	0	0	0	0	0	0	0	0	0	0	null	null	0	0	0	0	0	0	0	0	0	0	0	0	null	null	null	0	0	0	0	0	0	0	null	0	0	0	0	0	0	0	null	0	0	0	0	0	0	0	0	0	0	0	0
"00-0039013"	"N.Smith"	"Nolan Smith"	"LB"	"LB"	"https://static.www.nfl.com/image/upload/f_auto,q_auto/league/mutic3dzmrlfruwqlgcb"	2026	2	"REG"	"2026_02_PHI_TEN"	"PHI"	"TEN"	0	0	0	0	0	0	0	0	0	0	0	0	null	null	0	null	0	0	0	0	0	0	0	0	0	0	null	0	0	0	0	0	0	0	0	0	0	0	0	0	0	null	0	0	0	0	0	null	0	0	0	0	2	0	1	2	7	0	1	5	1	0	0	0	0	0	0	0	0	0	0	0	0	0	0	0	0	0	0	0	0	0	0	0	0	0	0	0	0	0	0	0	0	null	null	0	0	0	0	0	0	0	0	0	0	0	0	null	null	null	0	0	0	0	0	0	0	null	0	0	0	0	0	0	0	null	0	0	0	0	0	0	0	0	0	0	0	0
"00-0039018"	"J.Campbell"	"Jack Campbell"	"LB"	"LB"	"https://static.www.nfl.com/image/upload/f_auto,q_auto/league/gxyqaufhu1wgnomrm8ic"	2026	2	"REG"	"2026_02_DET_BUF"	"DET"	"BUF"	0	0	0	0	0	0	0	0	0	0	0	0	null	null	0	null	0	0	0	0	0	0	0	0	0	0	null	0	0	0	0	0	0	0	0	0	0	0	0	0	0	null	0	0	0	0	0	null	0	0	0	0	2	0	4	0	0	0	0	0	1	0	0	0	0	0	0	0	0	0	0	0	0	0	0	0	0	0	1	2	0	0	0	0	0	0	0	0	0	0	0	0	0	null	null	0	0	0	0	0	0	0	0	0	0	0	0	null	null	null	0	0	0	0	0	0	0	null	0	0	0	0	0	0	0	null	0	0	0	0	0	0	0	0	0	0	0	0
"00-0039032"	"T.Spears"	"Tyjae Spears"	"RB"	"RB"	"https://static.www.nfl.com/image/upload/f_auto,q_auto/league/pkly3nkohty1tuijtwty"	2026	2	"REG"	"2026_02_PHI_TEN"	"TEN"	"PHI"	0	0	0	0	0	0	0	0	0	0	0	0	null	null	0	null	0	0	0	0	7	41	0	0	0	1	1.2276470783488236	0	1	1	1	0	2	2	29	0	1	0	1	28	1	1.4878248478635214	0	1	1	1	0	29	0.11764705882352941	0.007142857142857143	0.1814705882352941	0	0	0	0	0	0	0	0	0	0	0	0	0	0	0	0	0	0	0	0	0	0	0	0	0	0	0	0	0	1	0	1	1	0	0	0	0	0	0	0	0	0	null	null	0	0	0	0	0	0	0	0	0	0	0	0	null	null	null	0	0	0	0	0	0	0	null	0	0	0	0	0	0	0	null	0	0	0	0	0	0	0	0	0	0	7	9
"00-0039059"	"E.Evans"	"Ethan Evans"	"P"	"SPEC"	"https://static.www.nfl.com/image/upload/f_auto,q_auto/league/by1ttgtdiqwd3a2pdbl5"	2026	2	"REG"	"2026_02_NYG_LA"	"LA"	"NYG"	0	0	0	0	0	0	0	0	0	0	0	0	null	null	0	null	0	0	0	0	0	0	0	0	0	0	null	0	0	0	0	0	0	0	0	0	0	0	0	0	0	null	0	0	0	0	0	null	0	0	0	0	0	0	0	0	0	0	0	0	0	0	0	0	0	0	0	0	0	0	0	0	0	0	0	0	0	0	0	0	0	0	0	0	0	0	0	0	0	0	0	0	0	null	null	0	0	0	0	0	0	0	0	0	0	0	0	null	null	null	0	0	0	0	0	0	0	null	0	0	0	0	0	3	0	67	143	1	0	0	1	2	0	0	0	123	0	0
"00-0039061"	"D.Johnson"	"Desjuan Johnson"	"LB"	"LB"	"https://static.www.nfl.com/image/upload/f_auto,q_auto/league/qj7pup9mp0owqeocx98x"	2026	2	"REG"	"2026_02_NYG_LA"	"LA"	"NYG"	0	0	0	0	0	0	0	0	0	0	0	0	null	null	0	null	0	0	0	0	0	0	0	0	0	0	null	0	0	0	0	0	0	0	0	0	0	0	0	0	0	null	0	0	0	0	0	null	0	0	0	0	0	0	1	0	0	0	0	0	1	0	0	0	0	0	0	0	0	0	0	0	0	0	0	0	0	0	0	0	0	0	0	0	0	0	0	0	0	0	0	0	0	null	null	0	0	0	0	0	0	0	0	0	0	0	0	null	null	null	0	0	0	0	0	0	0	null	0	0	0	0	0	0	0	null	0	0	0	0	0	0	0	0	0	0	0	0
"00-0039065"	"S.LaPorta"	"Sam LaPorta"	"TE"	"TE"	"https://static.www.nfl.com/image/upload/f_auto,q_auto/league/wxlk7ysg2nfq6h6ntdcu"	2026	2	"REG"	"2026_02_DET_BUF"	"DET"	"BUF"	0	0	0	0	0	0	0	0	0	0	0	0	null	null	0	null	0	0	0	0	0	0	0	0	0	0	null	0	0	0	0	0	6	7	52	1	0	0	23	38	4	5.68004742753692	0	3	1	0	0	2.260869565217391	0.18421052631578946	0.06824925816023739	0.32409027018585035	0	0	0	0	0	0	0	0	0	0	0	0	0	0	0	0	0	0	0	0	0	0	0	0	0	0	0	0	0	0	0	0	0	0	0	0	0	0	0	0	0	0	null	null	0	0	0	0	0	0	0	0	0	0	0	0	null	null	null	0	0	0	0	0	0	0	null	0	0	0	0	0	0	0	null	0	0	0	0	0	0	0	0	0	0	11.2	17.2
"00-0039066"	"M.Mayer"	"Michael Mayer"	"TE"	"TE"	"https://static.www.nfl.com/image/upload/f_auto,q_auto/league/twnkr9uq1phvukxb5jmh"	2026	2	"REG"	"2026_02_LV_LAC"	"LV"	"LAC"	0	0	0	0	0	0	0	0	0	0	0	0	null	null	0	null	0	0	0	0	0	0	0	0	0	0	null	0	0	0	0	0	3	4	23	0	0	0	18	17	1	1.2582229200052097	0	1	0	0	0	1.2777777777777777	0.13793103448275862	0.0636042402826855	0.2514195199220178	0	0	0	0	0	0	0	0	0	0	0	0	0	0	0	0	0	0	0	0	0	0	0	0	0	0	0	1	5	0	0	0	0	0	0	0	0	0	0	0	0	0	null	null	0	0	0	0	0	0	0	0	0	0	0	0	null	null	null	0	0	0	0	0	0	0	null	0	0	0	0	0	0	0	null	0	0	0	0	0	0	0	0	0	0	2.3000000000000003	5.300000000000001
"00-0039074"	"D.Allen"	"Davis Allen"	"TE"	"TE"	"https://static.www.nfl.com/image/upload/f_auto,q_auto/league/iweydtcrfchsl3mt6jtd"	2026	2	"REG"	"2026_02_NYG_LA"	"LA"	"NYG"	0	0	0	0	0	0	0	0	0	0	0	0	null	null	0	null	0	0	0	0	0	0	0	0	0	0	null	0	0	0	0	0	1	1	7	0	0	0	2	5	1	1.2133277039392851	0	0	0	0	0	3.5	0.03333333333333333	0.006042296072507553	0.05422960725075529	0	0	0	0	0	0	0	0	0	0	0	0	0	0	0	0	0	0	0	0	0	0	0	0	0	0	0	0	0	0	0	0	0	0	0	0	0	0	0	0	0	0	null	null	0	0	0	0	0	0	0	0	0	0	0	0	null	null	null	0	0	0	0	0	0	0	null	0	0	0	0	0	0	0	null	0	0	0	0	0	0	0	0	0	0	0.7000000000000001	1.7000000000000002
"00-0039111"	"T.Tuipulotu"	"Tuli Tuipulotu"	"LB"	"LB"	"https://static.www.nfl.com/image/upload/f_auto,q_auto/league/u2qqrqzzi3yawzxmbrxs"	2026	2	"REG"	"2026_02_LV_LAC"	"LAC"	"LV"	0	0	0	0	0	0	0	0	0	0	0	0	null	null	0	null	0	0	0	0	0	0	0	0	0	0	null	0	0	0	0	0	0	0	0	0	0	0	0	0	0	null	0	0	0	0	0	null	0	0	0	0	0	0	1	0	0	0	0	0	1	0	0	0	0	0	0	0	0	0	0	0	0	0	0	0	0	0	0	0	0	0	0	0	0	0	0	0	0	0	0	0	0	null	null	0	0	0	0	0	0	0	0	0	0	0	0	null	null	null	0	0	0	0	0	0	0	null	0	0	0	0	0	0	0	null	0	0	0	0	0	0	0	0	0	0	0	0
"00-0039137"	"B.Young"	"Byron Young"	"LB"	"LB"	"https://static.www.nfl.com/image/upload/f_auto,q_auto/league/dwybonqyn3rrvi94yw9r"	2026	2	"REG"	"2026_02_NYG_LA"	"LA"	"NYG"	0	0	0	0	0	0	0	0	0	0	0	0	null	null	0	null	0	0	0	0	0	0	0	0	0	0	null	0	0	0	0	0	0	0	0	0	0	0	0	0	0	null	0	0	0	0	0	null	0	0	0	0	3	0	2	1	1	0	1	1	3	0	0	0	0	0	0	0	0	0	0	0	0	0	0	0	0	0	0	0	0	0	0	0	0	0	0	0	0	0	0	0	0	null	null	0	0	0	0	0	0	0	0	0	0	0	0	null	null	null	0	0	0	0	0	0	0	null	0	0	0	0	0	0	0	null	0	0	0	0	0	0	0	0	0	0	0	0
"00-0039138"	"K.Turner"	"Kobie Turner"	"DE"	"DL"	"https://static.www.nfl.com/image/upload/f_auto,q_auto/league/lallpvcrevuemqxzmyuu"	2026	2	"REG"	"2026_02_NYG_LA"	"LA"	"NYG"	0	0	0	0	0	0	0	0	0	0	0	0	null	null	0	null	0	0	0	0	0	0	0	0	0	0	null	0	0	0	0	0	0	0	0	0	0	0	0	0	0	null	0	0	0	0	0	null	0	0	0	0	1	0	3	0	0	0	0	0	1	0	0	0	0	0	0	0	0	0	0	0	0	0	0	0	0	0	0	0	0	0	0	0	0	0	0	0	0	0	0	0	0	null	null	0	0	0	0	0	0	0	0	0	0	0	0	null	null	null	0	0	0	0	0	0	0	null	0	0	0	0	0	0	0	null	0	0	0	0	0	0	0	0	0	0	0	0
"00-0039139"	"J.Gibbs"	"Jahmyr Gibbs"	"RB"	"RB"	"https://static.www.nfl.com/image/upload/f_auto,q_auto/league/cursejnmmp1i9hnxihkj"	2026	2	"REG"	"2026_02_DET_BUF"	"DET"	"BUF"	0	0	0	0	0	0	0	0	0	0	0	0	null	null	0	null	0	0	0	0	16	52	0	0	0	2	-2.5224125995071742	0	2	1	0	0	6	8	61	1	0	0	34	28	5	6.001467454712838	0	3	0	0	0	1.7941176470588236	0.21052631578947367	0.10089020771513353	0.38641261908480395	0	0	0	0	0	0	0	0	0	0	0	0	0	0	0	0	0	0	0	0	0	0	0	0	0	0	0	0	0	0	0	0	0	0	0	0	0	0	0	0	0	0	null	null	0	0	0	0	0	0	0	0	0	0	0	0	null	null	null	0	0	0	0	0	0	0	null	0	0	0	0	0	0	0	null	0	0	0	0	0	0	0	0	0	0	17.3	23.3
"00-0039149"	"Q.Martin"	"Quan Martin"	"SAF"	"DB"	"https://static.www.nfl.com/image/upload/f_auto,q_auto/league/mqvepjtbymevlwn2c7qj"	2026	2	"REG"	"2026_02_WAS_DAL"	"WAS"	"DAL"	0	0	0	0	0	0	0	0	0	0	0	0	null	null	0	null	0	0	0	0	0	0	0	0	0	0	null	0	0	0	0	0	0	0	0	0	0	0	0	0	0	null	0	0	0	0	0	null	0	0	0	0	1	0	1	0	0	0	0	0	0	0	0	0	0	0	0	0	0	0	0	0	0	0	0	0	0	0	0	0	0	0	0	0	0	0	0	0	0	0	0	0	0	null	null	0	0	0	0	0	0	0	0	0	0	0	0	null	null	null	0	0	0	0	0	0	0	null	0	0	0	0	0	0	0	null	0	0	0	0	0	0	0	0	0	0	0	0
"00-0039151"	"E.Forbes"	"Emmanuel Forbes"	"CB"	"DB"	"https://static.www.nfl.com/image/upload/f_auto,q_auto/league/zuqfigu7eadzoeo0uymt"	2026	2	"REG"	"2026_02_NYG_LA"	"LA"	"NYG"	0	0	0	0	0	0	0	0	0	0	0	0	null	null	0	null	0	0	0	0	0	0	0	0	0	0	null	0	0	0	0	0	0	0	0	0	0	0	0	0	0	null	0	0	0	0	0	null	0	0	0	0	0	0	0	0	0	0	0	0	0	0	0	1	0	0	0	0	0	0	0	0	0	0	0	0	0	0	0	0	0	0	0	0	0	0	0	0	0	0	0	0	0	null	null	0	0	0	0	0	0	0	0	0	0	0	0	null	null	null	0	0	0	0	0	0	0	null	0	0	0	0	0	0	0	null	0	0	0	0	0	0	0	0	0	0	0	0
"00-0039163"	"C.Stroud"	"C.J. Stroud"	"QB"	"QB"	"https://static.www.nfl.com/image/upload/f_auto,q_auto/league/tt4zrtxlhifaljhj0rn7"	2026	2	"REG"	"2026_02_CIN_HOU"	"HOU"	"CIN"	30	55	353	0	0	4	-39	0	0	475	139	15	-6.359239376523311	-8.43130749464035	0	0.7431578947368421	14	7	5	0	3	29	0	0	0	1	2.237394804134965	0	2	1	0	0	0	0	0	0	0	0	0	0	0	null	0	0	0	0	0	null	0	0	0	0	0	0	0	0	0	0	0	0	0	0	0	0	0	0	0	0	0	0	0	0	0	0	0	0	0	0	1	13	0	0	0	0	0	0	0	0	0	0	0	0	0	null	null	0	0	0	0	0	0	0	0	0	0	0	0	null	null	null	0	0	0	0	0	0	0	null	0	0	0	0	0	0	0	null	0	0	0	0	0	0	0	0	0	0	17.020000000000003	17.020000000000003
"00-0039172"	"J.Bates"	"Jake Bates"	"K"	"SPEC"	"https://static.www.nfl.com/image/upload/f_auto,q_auto/league/umhfee7ax7r8gjdt8okb"	2026	2	"REG"	"2026_02_DET_BUF"	"DET"	"BUF"	0	0	0	0	0	0	0	0	0	0	0	0	null	null	0	null	0	0	0	0	0	0	0	0	0	0	null	0	0	0	0	0	0	0	0	0	0	0	0	0	0	null	0	0	0	0	0	null	0	0	0	0	0	0	0	0	0	0	0	0	0	0	0	0	0	0	0	0	0	0	0	0	0	0	0	0	0	0	0	0	0	0	0	0	0	0	0	0	0	1	1	0	0	31	1	0	0	1	0	0	0	0	0	0	0	0	0	"31"	null	null	31	0	0	4	4	0	0	1	0	0	0	0	0	0	0	null	0	0	0	0	0	0	0	0	0	0	0	0
"00-0039176"	"B.Okoye"	"Basil Okoye"	"DT"	"DL"	"https://static.www.nfl.com/image/upload/f_auto,q_auto/league/g0bc8uf6fx9g6myyswi5"	2026	2	"REG"	"2026_02_NYG_LA"	"NYG"	"LA"	0	0	0	0	0	0	0	0	0	0	0	0	null	null	0	null	0	0	0	0	0	0	0	0	0	0	null	0	0	0	0	0	0	0	0	0	0	0	0	0	0	null	0	0	0	0	0	null	0	0	0	0	0	0	1	0	0	0	0	0	0	0	0	0	0	0	0	0	0	0	0	0	0	0	0	0	0	0	0	0	0	0	0	0	0	0	0	0	0	0	0	0	0	null	null	0	0	0	0	0	0	0	0	0	0	0	0	null	null	null	0	0	0	0	0	0	0	null	0	0	0	0	0	0	0	null	0	0	0	0	0	0	0	0	0	0	0	0
"00-0039337"	"M.Nabers"	"Malik Nabers"	"WR"	"WR"	"https://static.www.nfl.com/image/upload/f_auto,q_auto/league/w3edoyyuomqlovvp9ixc"	2026	2	"REG"	"2026_02_NYG_LA"	"NYG"	"LA"	0	0	0	0	0	0	0	0	0	0	0	0	null	null	0	null	0	0	0	0	0	0	0	0	0	0	null	0	0	0	0	0	1	4	1	0	0	0	77	4	0	-7.106677545234561	0	0	0	0	0	0.012987012987012988	0.125	0.22580645161290322	0.3455645161290323	0	0	0	0	0	0	0	0	0	0	0	0	0	0	0	0	0	0	0	0	0	0	0	0	0	0	0	0	0	0	0	0	0	0	0	0	0	0	0	0	0	0	null	null	0	0	0	0	0	0	0	0	0	0	0	0	null	null	null	0	0	0	0	0	0	0	null	0	0	0	0	0	0	0	null	0	0	0	0	0	0	0	0	0	0	0.1	1.1
"00-0039349"	"D.Glaze"	"DJ Glaze"	"OT"	"OL"	"https://static.www.nfl.com/image/upload/f_auto,q_auto/league/ypxzwxzy64kiigpmue1y"	2026	2	"REG"	"2026_02_LV_LAC"	"LV"	"LAC"	0	0	0	0	0	0	0	0	0	0	0	0	null	null	0	null	0	0	0	0	0	0	0	0	0	0	null	0	0	0	0	0	0	0	0	0	0	0	0	0	0	null	0	0	0	0	0	null	0	0	0	0	0	0	0	0	0	0	0	0	0	0	0	0	0	0	0	0	0	0	0	0	0	0	0	0	0	0	1	10	0	0	0	0	0	0	0	0	0	0	0	0	0	null	null	0	0	0	0	0	0	0	0	0	0	0	0	null	null	null	0	0	0	0	0	0	0	null	0	0	0	0	0	0	0	null	0	0	0	0	0	0	0	0	0	0	0	0
"00-0039364"	"S.Vaki"	"Sione Vaki"	"RB"	"RB"	"https://static.www.nfl.com/image/upload/f_auto,q_auto/league/abqcluf2gbejhiyjjtoz"	2026	2	"REG"	"2026_02_DET_BUF"	"DET"	"BUF"	0	0	0	0	0	0	0	0	0	0	0	0	null	null	0	null	0	0	0	0	1	7	0	0	0	0	0.5090844398364425	0	0	0	0	0	1	1	13	0	0	0	1	12	0	0.5632163274567574	0	1	0	0	0	13	0.02631578947368421	0.002967359050445104	0.04155083554583788	0	0	0	0	0	0	0	0	0	0	0	0	0	0	0	0	0	0	0	0	0	0	0	0	0	0	0	0	0	0	0	0	0	0	0	0	0	0	0	0	0	0	null	null	0	0	0	0	0	0	0	0	0	0	0	0	null	null	null	0	0	0	0	0	0	0	null	0	0	0	0	0	0	0	null	0	0	0	0	0	0	0	0	0	0	2	3
"00-0039366"	"T.Still"	"Tarheeb Still"	"CB"	"DB"	"https://static.www.nfl.com/image/upload/f_auto,q_auto/league/q1y35mhd4laqikbiuq5e"	2026	2	"REG"	"2026_02_LV_LAC"	"LAC"	"LV"	0	0	0	0	0	0	0	0	0	0	0	0	null	null	0	null	0	0	0	0	0	0	0	0	0	0	null	0	0	0	0	0	0	0	0	0	0	0	0	0	0	null	0	0	0	0	0	null	0	0	0	0	0	0	2	0	0	0	0	0	0	0	0	0	0	0	0	0	0	0	0	0	0	0	0	0	0	0	0	0	0	0	0	0	0	0	0	0	0	0	0	0	0	null	null	0	0	0	0	0	0	0	0	0	0	0	0	null	null	null	0	0	0	0	0	0	0	null	0	0	0	0	0	0	0	null	0	0	0	0	0	0	0	0	0	0	0	0
"00-0039369"	"C.Hart"	"Cam Hart"	"CB"	"DB"	"https://static.www.nfl.com/image/upload/f_auto,q_auto/league/khd8lmp7idmluahgvk3u"	2026	2	"REG"	"2026_02_LV_LAC"	"LAC"	"LV"	0	0	0	0	0	0	0	0	0	0	0	0	null	null	0	null	0	0	0	0	0	0	0	0	0	0	null	0	0	0	0	0	0	0	0	0	0	0	0	0	0	null	0	0	0	0	0	null	0	0	0	0	3	0	1	0	0	0	0	0	0	1	2	2	0	0	0	0	0	0	0	0	0	0	0	0	0	0	1	5	0	0	0	0	0	0	0	0	0	0	0	0	0	null	null	0	0	0	0	0	0	0	0	0	0	0	0	null	null	null	0	0	0	0	0	0	0	null	0	0	0	0	0	0	0	null	0	0	0	0	0	0	0	0	0	0	0	0
"00-0039374"	"T.Eichenberg"	"Tommy Eichenberg"	"LB"	"LB"	"https://static.www.nfl.com/image/upload/f_auto,q_auto/league/nzujkx5ycu6leuz2ctie"	2026	2	"REG"	"2026_02_LV_LAC"	"LV"	"LAC"	0	0	0	0	0	0	0	0	0	0	0	0	null	null	0	null	0	0	0	0	0	0	0	0	0	0	null	0	0	0	0	0	0	0	0	0	0	0	0	0	0	null	0	0	0	0	0	null	0	0	0	0	1	0	2	0	0	0	0	0	0	0	0	0	0	0	0	0	0	0	0	0	0	0	0	0	0	0	0	0	0	0	0	0	0	0	0	0	0	0	0	0	0	null	null	0	0	0	0	0	0	0	0	0	0	0	0	null	null	null	0	0	0	0	0	0	0	null	0	0	0	0	0	0	0	null	0	0	0	0	0	0	0	0	0	0	0	0
"00-0039384"	"T.Tracy"	"Tyrone Tracy Jr."	"RB"	"RB"	"https://static.www.nfl.com/image/upload/f_auto,q_auto/league/b9nje50lohbprf06xoom"	2026	2	"REG"	"2026_02_NYG_LA"	"NYG"	"LA"	0	0	0	0	0	0	0	0	0	0	0	0	null	null	0	null	0	0	0	0	0	0	0	0	0	0	null	0	0	0	0	0	0	0	0	0	0	0	0	0	0	null	0	0	0	0	0	null	0	0	0	0	0	0	1	0	0	0	0	0	0	0	0	0	0	0	0	0	0	0	0	0	0	0	0	0	0	0	0	0	0	0	0	0	0	0	0	2	52	0	0	0	0	null	null	0	0	0	0	0	0	0	0	0	0	0	0	null	null	null	0	0	0	0	0	0	0	null	0	0	0	0	0	0	0	null	0	0	0	0	0	0	0	0	0	0	0	0
"00-0039391"	"K.Vidal"	"Kimani Vidal"	"RB"	"RB"	"https://static.www.nfl.com/image/upload/f_auto,q_auto/league/tqdctdun0bv60d5ziwtl"	2026	2	"REG"	"2026_02_LV_LAC"	"LAC"	"LV"	0	0	0	0	0	0	0	0	0	0	0	0	null	null	0	null	0	0	0	0	0	0	0	0	0	0	null	0	0	0	0	0	0	0	0	0	0	0	0	0	0	null	0	0	0	0	0	null	0	0	0	0	1	0	0	0	0	0	0	0	0	0	0	0	0	0	0	0	0	0	0	0	0	0	0	0	0	0	0	0	0	0	0	0	0	0	0	1	26	0	0	0	0	null	null	0	0	0	0	0	0	0	0	0	0	0	0	null	null	null	0	0	0	0	0	0	0	null	0	0	0	0	0	0	0	null	0	0	0	0	0	0	0	0	0	0	0	0
"00-0039404"	"W.Reichard"	"Will Reichard"	"K"	"SPEC"	"https://static.www.nfl.com/image/upload/f_auto,q_auto/league/wv1h4umuddkfss96uutw"	2026	2	"REG"	"2026_02_MIN_CHI"	"MIN"	"CHI"	0	0	0	0	0	0	0	0	0	0	0	0	null	null	0	null	0	0	0	0	0	0	0	0	0	0	null	0	0	0	0	0	0	0	0	0	0	0	0	0	0	null	0	0	0	0	0	null	0	0	0	0	0	0	0	0	0	0	0	0	0	0	0	0	0	0	0	0	0	0	0	0	0	0	0	0	0	0	0	0	0	0	0	0	0	0	0	0	0	3	3	0	0	49	1	0	0	2	1	0	0	0	0	0	0	0	0	"35;49;39"	null	null	123	0	0	0	0	0	0	null	0	0	0	0	0	0	0	null	0	0	0	0	0	0	0	0	0	0	0	0
"00-0039407"	"D.Laube"	"Dylan Laube"	"RB"	"RB"	"https://static.www.nfl.com/image/upload/f_auto,q_auto/league/lpizdza73bgksstymv5t"	2026	2	"REG"	"2026_02_LV_LAC"	"LV"	"LAC"	0	0	0	0	0	0	0	0	0	0	0	0	null	null	0	null	0	0	0	0	0	0	0	0	0	0	null	0	0	0	0	0	0	0	0	0	0	0	0	0	0	null	0	0	0	0	0	null	0	0	0	0	0	0	0	0	0	0	0	0	0	0	0	0	0	0	0	0	0	0	0	0	0	0	0	0	0	0	0	0	0	0	0	0	0	0	0	2	35	0	0	0	0	null	null	0	0	0	0	0	0	0	0	0	0	0	0	null	null	null	0	0	0	0	0	0	0	null	0	0	0	0	0	0	0	null	0	0	0	0	0	0	0	0	0	0	0	0
"00-0039409"	"C.Little"	"Cam Little"	"K"	"SPEC"	"https://static.www.nfl.com/image/upload/f_auto,q_auto/league/mc9goepr7mglrx6ek1fi"	2026	2	"REG"	"2026_02_JAX_DEN"	"JAX"	"DEN"	0	0	0	0	0	0	0	0	0	0	0	0	null	null	0	null	0	0	0	0	0	0	0	0	0	0	null	0	0	0	0	0	0	0	0	0	0	0	0	0	0	null	0	0	0	0	0	null	0	0	0	0	0	0	0	0	0	0	0	0	0	0	0	0	0	0	0	0	0	0	0	0	0	0	0	0	0	0	0	0	0	0	0	0	0	0	0	0	0	2	3	1	0	44	0.6666666666666666	0	1	0	1	0	0	0	0	0	0	1	0	"44;23"	"54"	null	67	54	0	1	1	0	0	1	0	0	0	0	0	0	0	null	0	0	0	0	0	0	0	0	0	0	0	0
"00-0039410"	"R.Flournoy"	"Ryan Flournoy"	"WR"	"WR"	"https://static.www.nfl.com/image/upload/f_auto,q_auto/league/tqwq3cgpqu7j9hzoyicx"	2026	2	"REG"	"2026_02_WAS_DAL"	"DAL"	"WAS"	0	0	0	0	0	0	0	0	0	0	0	0	null	null	0	null	0	0	0	0	0	0	0	0	0	0	null	0	0	0	0	0	5	6	23	0	0	0	8	16	2	0.19514951400924474	0	1	0	0	0	2.875	0.1935483870967742	0.03278688524590164	0.3132734003172924	0	0	0	0	0	0	0	0	0	0	0	0	0	0	0	0	0	0	0	0	0	0	0	0	0	0	0	0	0	0	0	0	0	0	0	0	0	0	0	0	0	0	null	null	0	0	0	0	0	0	0	0	0	0	0	0	null	null	null	0	0	0	0	0	0	0	null	0	0	0	0	0	0	0	null	0	0	0	0	0	0	0	0	0	0	2.3000000000000003	7.300000000000001
"00-0039412"	"J.Jean-Baptiste"	"Javontae Jean-Baptiste"	"LB"	"LB"	"https://static.www.nfl.com/image/upload/f_auto,q_auto/league/bmal2stgfn8j8hdlrhe4"	2026	2	"REG"	"2026_02_WAS_DAL"	"WAS"	"DAL"	0	0	0	0	0	0	0	0	0	0	0	0	null	null	0	null	0	0	0	0	0	0	0	0	0	0	null	0	0	0	0	0	0	0	0	0	0	0	0	0	0	null	0	0	0	0	0	null	0	0	0	0	1	0	1	0	0	0	0	0	0	0	0	0	0	0	0	0	0	0	0	0	0	0	0	0	0	0	0	0	0	0	0	0	0	0	0	0	0	0	0	0	0	null	null	0	0	0	0	0	0	0	0	0	0	0	0	null	null	null	0	0	0	0	0	0	0	null	0	0	0	0	0	0	0	null	0	0	0	0	0	0	0	0	0	0	0	0
"00-0039423"	"J.Laulu"	"Jonah Laulu"	"DT"	"DL"	"https://static.www.nfl.com/image/upload/f_auto,q_auto/league/kxxw0cwdafdxbsvh5un9"	2026	2	"REG"	"2026_02_LV_LAC"	"LV"	"LAC"	0	0	0	0	0	0	0	0	0	0	0	0	null	null	0	null	0	0	0	0	0	0	0	0	0	0	null	0	0	0	0	0	0	0	0	0	0	0	0	0	0	null	0	0	0	0	0	null	0	0	0	0	1	0	0	0	0	0	0	0	1	0	0	0	0	0	0	0	0	0	0	0	0	0	0	0	0	0	0	0	0	0	0	0	0	0	0	0	0	0	0	0	0	null	null	0	0	0	0	0	0	0	0	0	0	0	0	null	null	null	0	0	0	0	0	0	0	null	0	0	0	0	0	0	0	null	0	0	0	0	0	0	0	0	0	0	0	0
"00-0039498"	"H.Mevis"	"Harrison Mevis"	"K"	"SPEC"	"https://static.www.nfl.com/image/upload/f_auto,q_auto/league/yjmtai1e4eqbsw2yk6mh"	2026	2	"REG"	"2026_02_NYG_LA"	"LA"	"NYG"	0	0	0	0	0	0	0	0	0	0	0	0	null	null	0	null	0	0	0	0	0	0	0	0	0	0	null	0	0	0	0	0	0	0	0	0	0	0	0	0	0	null	0	0	0	0	0	null	0	0	0	0	0	0	1	0	0	0	0	0	0	0	0	0	0	0	0	0	0	0	0	0	0	0	0	0	0	0	0	0	0	0	0	0	0	0	0	0	0	0	1	1	0	null	0	0	0	0	0	0	0	0	0	0	1	0	0	null	"43"	null	0	43	0	4	4	0	0	1	0	0	0	0	0	0	0	null	0	0	0	0	0	0	0	0	0	0	0	0
"00-0039530"	"B.Spann-Ford"	"Brevyn Spann-Ford"	"TE"	"TE"	"https://static.www.nfl.com/image/upload/f_auto,q_auto/league/sko2pmuqociwa92ep1ad"	2026	2	"REG"	"2026_02_WAS_DAL"	"DAL"	"WAS"	0	0	0	0	0	0	0	0	0	0	0	0	null	null	0	null	0	0	0	0	0	0	0	0	0	0	null	0	0	0	0	0	0	0	0	0	0	0	0	0	0	null	0	0	0	0	0	null	0	0	0	0	2	0	1	0	0	0	0	0	0	0	0	0	0	0	0	0	0	0	0	0	0	0	0	0	0	0	0	0	0	0	0	0	0	0	0	0	0	0	0	0	0	null	null	0	0	0	0	0	0	0	0	0	0	0	0	null	null	null	0	0	0	0	0	0	0	null	0	0	0	0	0	0	0	null	0	0	0	0	0	0	0	0	0	0	0	0
"00-0039576"	"S.Shrader"	"Spencer Shrader"	"K"	"SPEC"	"https://static.www.nfl.com/image/upload/f_auto,q_auto/league/upbporhm1frqfpgalfrk"	2026	2	"REG"	"2026_02_IND_KC"	"IND"	"KC"	0	0	0	0	0	0	0	0	0	0	0	0	null	null	0	null	0	0	0	0	0	0	0	0	0	0	null	0	0	0	0	0	0	0	0	0	0	0	0	0	0	null	0	0	0	0	0	null	0	0	0	0	0	0	0	0	0	0	0	0	0	0	0	0	0	0	0	0	0	0	0	0	0	0	0	0	0	0	0	0	0	0	0	0	0	0	0	0	0	3	3	0	0	49	1	0	0	1	2	0	0	0	0	0	0	0	0	"42;49;38"	null	null	129	0	0	3	3	0	0	1	0	0	0	0	0	0	0	null	0	0	0	0	0	0	0	0	0	0	0	0
"00-0039660"	"T.Harper"	"Thomas Harper"	"SAF"	"DB"	"https://static.www.nfl.com/image/upload/f_auto,q_auto/league/gndkodhyidctgvcqy1bk"	2026	2	"REG"	"2026_02_DET_BUF"	"DET"	"BUF"	0	0	0	0	0	0	0	0	0	0	0	0	null	null	0	null	0	0	0	0	0	0	0	0	0	0	null	0	0	0	0	0	0	0	0	0	0	0	0	0	0	null	0	0	0	0	0	null	0	0	0	0	2	0	0	0	0	0	0	0	0	0	0	1	0	0	0	0	0	0	0	0	0	0	0	0	0	0	0	0	0	0	0	0	0	0	0	0	0	0	0	0	0	null	null	0	0	0	0	0	0	0	0	0	0	0	0	null	null	null	0	0	0	0	0	0	0	null	0	0	0	0	0	0	0	null	0	0	0	0	0	0	0	0	0	0	0	0
"00-0039686"	"C.Yankoff"	"Colson Yankoff"	"TE"	"TE"	"https://static.www.nfl.com/image/upload/f_auto,q_auto/league/cgsxdjqy6l2zuqaftbd6"	2026	2	"REG"	"2026_02_WAS_DAL"	"WAS"	"DAL"	0	0	0	0	0	0	0	0	0	0	0	0	null	null	0	null	0	0	0	0	0	0	0	0	0	0	null	0	0	0	0	0	1	1	14	0	0	0	4	10	1	0.8355084690265357	0	1	0	0	0	3.5	0.029411764705882353	0.011142061281337047	0.05191708995575946	0	0	0	1	0	0	0	0	0	0	0	0	0	0	0	0	0	0	0	0	0	0	0	0	0	0	0	0	0	0	0	0	0	0	0	0	0	0	0	0	0	0	null	null	0	0	0	0	0	0	0	0	0	0	0	0	null	null	null	0	0	0	0	0	0	0	null	0	0	0	0	0	0	0	null	0	0	0	0	0	0	0	0	0	0	1.4000000000000001	2.4000000000000004
"00-0039731"	"J.Latham"	"JC Latham"	"OT"	"OL"	"https://static.www.nfl.com/image/upload/f_auto,q_auto/league/smrxlm1rtszojndj3wvu"	2026	2	"REG"	"2026_02_PHI_TEN"	"TEN"	"PHI"	0	0	0	0	0	0	0	0	0	0	0	0	null	null	0	null	0	0	0	0	0	0	0	0	0	0	null	0	0	0	0	0	0	0	0	0	0	0	0	0	0	null	0	0	0	0	0	null	0	0	0	0	0	0	0	0	0	0	0	0	0	0	0	0	0	0	0	0	0	0	0	0	0	0	0	0	0	0	2	10	0	0	0	0	0	0	0	0	0	0	0	0	0	null	null	0	0	0	0	0	0	0	0	0	0	0	0	null	null	null	0	0	0	0	0	0	0	null	0	0	0	0	0	0	0	null	0	0	0	0	0	0	0	0	0	0	0	0
"00-0039734"	"B.Fiske"	"Braden Fiske"	"DE"	"DL"	"https://static.www.nfl.com/image/upload/f_auto,q_auto/league/nepcpkxlqw0mvpwrgvh8"	2026	2	"REG"	"2026_02_NYG_LA"	"LA"	"NYG"	0	0	0	0	0	0	0	0	0	0	0	0	null	null	0	null	0	0	0	0	0	0	0	0	0	0	null	0	0	0	0	0	0	0	0	0	0	0	0	0	0	null	0	0	0	0	0	null	0	0	0	0	0	0	0	0	0	0	0	0	1	0	0	0	0	0	0	0	0	0	0	0	0	0	0	0	0	0	1	5	0	0	0	0	0	0	0	0	0	0	0	0	0	null	null	0	0	0	0	0	0	0	0	0	0	0	0	null	null	null	0	0	0	0	0	0	0	null	0	0	0	0	0	0	0	null	0	0	0	0	0	0	0	0	0	0	0	0
"00-0039738"	"B.Corum"	"Blake Corum"	"RB"	"RB"	"https://static.www.nfl.com/image/upload/f_auto,q_auto/league/axzqbqjkrbwfzodwwakq"	2026	2	"REG"	"2026_02_NYG_LA"	"LA"	"NYG"	0	0	0	0	0	0	0	0	0	0	0	0	null	null	0	null	0	0	0	0	12	79	0	1	0	5	2.3006848770892248	0	3	3	0	0	1	1	13	0	0	0	-6	19	1	1.2859892674605362	0	1	0	0	0	-2.1666666666666665	0.03333333333333333	-0.01812688821752266	0.03731117824773414	0	0	0	0	0	0	0	0	0	0	0	0	0	0	0	0	0	0	0	0	0	0	1	0	0	0	0	0	0	1	0	0	1	0	0	0	0	0	0	0	0	0	null	null	0	0	0	0	0	0	0	0	0	0	0	0	null	null	null	0	0	0	0	0	0	0	null	0	0	0	0	0	0	0	null	0	0	0	0	0	0	0	0	0	0	9.200000000000001	10.200000000000001
"00-0039740"	"J.Hunt"	"Jalyx Hunt"	"LB"	"LB"	"https://static.www.nfl.com/image/upload/f_auto,q_auto/league/uymi2mf5vbfkxopurlby"	2026	2	"REG"	"2026_02_PHI_TEN"	"PHI"	"TEN"	0	0	0	0	0	0	0	0	0	0	0	0	null	null	0	null	0	0	0	0	0	0	0	0	0	0	null	0	0	0	0	0	0	0	0	0	0	0	0	0	0	null	0	0	0	0	0	null	0	0	0	0	5	0	0	1	2	0	0	0	1	0	0	0	0	0	0	0	0	0	0	0	0	0	0	0	0	0	0	0	0	0	0	0	0	0	0	0	0	0	0	0	0	null	null	0	0	0	0	0	0	0	0	0	0	0	0	null	null	null	0	0	0	0	0	0	0	null	0	0	0	0	0	0	0	null	0	0	0	0	0	0	0	0	0	0	0	0
"00-0039746"	"W.Shipley"	"Will Shipley"	"RB"	"RB"	"https://static.www.nfl.com/image/upload/f_auto,q_auto/league/pvpaepncsdfgzdubkuhg"	2026	2	"REG"	"2026_02_PHI_TEN"	"PHI"	"TEN"	0	0	0	0	0	0	0	0	0	0	0	0	null	null	0	null	0	0	0	0	7	24	0	0	0	1	-1.4988947820966132	0	0	0	0	0	2	2	5	0	0	0	0	5	0	-1.277260406932328	0	0	0	0	0	0	0.058823529411764705	0	0.08823529411764705	0	0	0	0	0	0	0	0	0	0	0	0	0	0	0	0	0	0	0	0	0	0	0	0	0	0	0	0	0	0	0	0	0	0	0	0	0	0	0	0	0	0	null	null	0	0	0	0	0	0	0	0	0	0	0	0	null	null	null	0	0	0	0	0	0	0	null	0	0	0	0	0	0	0	null	0	0	0	0	0	0	0	0	0	0	2.9000000000000004	4.9
"00-0039772"	"J.Wallace"	"Josh Wallace"	"CB"	"DB"	"https://static.www.nfl.com/image/upload/f_auto,q_auto/league/rl9xt27qup1xfmv1h1gc"	2026	2	"REG"	"2026_02_NYG_LA"	"LA"	"NYG"	0	0	0	0	0	0	0	0	0	0	0	0	null	null	0	null	0	0	0	0	0	0	0	0	0	0	null	0	0	0	0	0	0	0	0	0	0	0	0	0	0	null	0	0	0	0	0	null	0	0	0	0	3	0	0	0	0	0	0	0	0	0	0	0	0	0	0	0	0	0	0	0	0	0	0	0	0	0	1	5	0	0	0	0	0	0	0	0	0	0	0	0	0	null	null	0	0	0	0	0	0	0	0	0	0	0	0	null	null	null	0	0	0	0	0	0	0	null	0	0	0	0	0	0	0	null	0	0	0	0	0	0	0	0	0	0	0	0
"00-0039774"	"O.Speights"	"Omar Speights"	"LB"	"LB"	"https://static.www.nfl.com/image/upload/f_auto,q_auto/league/tbz3cgrfkc8yjsxkjhxe"	2026	2	"REG"	"2026_02_NYG_LA"	"LA"	"NYG"	0	0	0	0	0	0	0	0	0	0	0	0	null	null	0	null	0	0	0	0	0	0	0	0	0	0	null	0	0	0	0	0	0	0	0	0	0	0	0	0	0	null	0	0	0	0	0	null	0	0	0	0	1	0	4	0	0	0	0	0	0	0	0	0	0	0	0	0	0	0	0	0	0	0	0	0	0	0	0	0	0	0	0	0	0	0	0	0	0	0	0	0	0	null	null	0	0	0	0	0	0	0	0	0	0	0	0	null	null	null	0	0	0	0	0	0	0	null	0	0	0	0	0	0	0	null	0	0	0	0	0	0	0	0	0	0	0	0
"00-0039776"	"J.McCollough"	"Jaylen McCollough"	"SAF"	"DB"	"https://static.www.nfl.com/image/upload/f_auto,q_auto/league/g4k2pwpoyaethnwwerpy"	2026	2	"REG"	"2026_02_NYG_LA"	"LA"	"NYG"	0	0	0	0	0	0	0	0	0	0	0	0	null	null	0	null	0	0	0	0	0	0	0	0	0	0	null	0	0	0	0	0	0	0	0	0	0	0	0	0	0	null	0	0	0	0	0	null	0	0	0	0	0	0	1	0	0	0	0	0	1	0	0	0	0	0	0	0	0	0	0	0	0	0	0	0	0	0	0	0	0	0	0	0	0	0	0	0	0	0	0	0	0	null	null	0	0	0	0	0	0	0	0	0	0	0	0	null	null	null	0	0	0	0	0	0	0	null	0	0	0	0	0	0	0	null	0	0	0	0	0	0	0	0	0	0	0	0
"00-0039821"	"A.Phillips"	"Andru Phillips"	"DB"	"DB"	"https://static.www.nfl.com/image/upload/f_auto,q_auto/league/kh3iigah1t49ywg0scb9"	2026	2	"REG"	"2026_02_NYG_LA"	"NYG"	"LA"	0	0	0	0	0	0	0	0	0	0	0	0	null	null	0	null	0	0	0	0	0	0	0	0	0	0	null	0	0	0	0	0	0	0	0	0	0	0	0	0	0	null	0	0	0	0	0	null	0	0	0	0	1	0	0	0	0	0	0	0	0	0	0	0	0	0	0	0	0	0	0	0	0	0	0	0	0	0	0	0	0	0	0	0	0	0	0	0	0	0	0	0	0	null	null	0	0	0	0	0	0	0	0	0	0	0	0	null	null	null	0	0	0	0	0	0	0	null	0	0	0	0	0	0	0	null	0	0	0	0	0	0	0	0	0	0	0	0
"00-0039826"	"J.Trotter"	"Jeremiah Trotter Jr."	"LB"	"LB"	"https://static.www.nfl.com/image/upload/f_auto,q_auto/league/fbgpf6iqljasd4h1miw2"	2026	2	"REG"	"2026_02_PHI_TEN"	"PHI"	"TEN"	0	0	0	0	0	0	0	0	0	0	0	0	null	null	0	null	0	0	0	0	0	0	0	0	0	0	null	0	0	0	0	0	0	0	0	0	0	0	0	0	0	null	0	0	0	0	0	null	0	0	0	0	2	0	0	0	0	0	0	0	0	0	0	0	0	0	0	0	0	0	0	0	0	0	0	0	0	0	0	0	0	0	0	0	0	0	0	0	0	0	0	0	0	null	null	0	0	0	0	0	0	0	0	0	0	0	0	null	null	null	0	0	0	0	0	0	0	null	0	0	0	0	0	0	0	null	0	0	0	0	0	0	0	0	0	0	0	0
"00-0039835"	"J.Eboigbe"	"Justin Eboigbe"	"DT"	"DL"	"https://static.www.nfl.com/image/upload/f_auto,q_auto/league/vayynevqkczp1ziitvkm"	2026	2	"REG"	"2026_02_LV_LAC"	"LAC"	"LV"	0	0	0	0	0	0	0	0	0	0	0	0	null	null	0	null	0	0	0	0	0	0	0	0	0	0	null	0	0	0	0	0	0	0	0	0	0	0	0	0	0	null	0	0	0	0	0	null	0	0	0	0	1	0	3	0	0	0	0	0	0	0	0	0	0	0	0	0	0	0	0	0	0	0	0	0	0	0	0	0	0	0	0	0	0	0	0	0	0	0	0	0	0	null	null	0	0	0	0	0	0	0	0	0	0	0	0	null	null	null	0	0	0	0	0	0	0	null	0	0	0	0	0	0	0	null	0	0	0	0	0	0	0	0	0	0	0	0
"00-0039841"	"C.DeJean"	"Cooper DeJean"	"CB"	"DB"	"https://static.www.nfl.com/image/upload/f_auto,q_auto/league/aifrssmqxtoiydq9r1uo"	2026	2	"REG"	"2026_02_PHI_TEN"	"PHI"	"TEN"	0	0	0	0	0	0	0	0	0	0	0	0	null	null	0	null	0	0	0	0	0	0	0	0	0	0	null	0	0	0	0	0	0	0	0	0	0	0	0	0	0	null	0	0	0	0	0	null	0	0	0	0	2	0	3	0	0	0	0	0	0	0	0	0	0	0	0	0	0	0	0	0	0	0	0	0	0	0	0	0	0	0	0	0	0	0	0	0	0	0	0	0	0	null	null	0	0	0	0	0	0	0	0	0	0	0	0	null	null	null	0	0	0	0	0	0	0	null	0	0	0	0	0	0	0	null	0	0	0	0	0	0	0	0	0	0	0	0
"00-0039847"	"T.Johnson"	"Theo Johnson"	"TE"	"TE"	"https://static.www.nfl.com/image/upload/f_auto,q_auto/league/fv2jbzlocr1o3ahkru43"	2026	2	"REG"	"2026_02_NYG_LA"	"NYG"	"LA"	0	0	0	0	0	0	0	0	0	0	0	0	null	null	0	null	0	0	0	0	0	0	0	0	0	0	null	0	0	0	0	0	0	4	0	0	0	0	55	0	0	-3.4178547230549157	0	0	0	0	0	0	0.125	0.16129032258064516	0.3004032258064516	0	1	0	0	0	0	0	0	0	0	0	0	0	0	0	0	0	0	0	0	0	0	0	0	0	0	0	1	5	0	0	0	0	0	0	0	0	0	0	0	0	0	null	null	0	0	0	0	0	0	0	0	0	0	0	0	null	null	null	0	0	0	0	0	0	0	null	0	0	0	0	0	0	0	null	0	0	0	0	0	0	0	0	0	0	0	0
"00-0039858"	"C.Gray"	"Cedric Gray"	"LB"	"LB"	"https://static.www.nfl.com/image/upload/f_auto,q_auto/league/y5zs5kaw54mz5cyajpbw"	2026	2	"REG"	"2026_02_PHI_TEN"	"TEN"	"PHI"	0	0	0	0	0	0	0	0	0	0	0	0	null	null	0	null	0	0	0	0	0	0	0	0	0	0	null	0	0	0	0	0	0	0	0	0	0	0	0	0	0	null	0	0	0	0	0	null	0	0	0	0	2	1	1	1	2	0	0	0	0	0	0	0	0	0	0	0	0	0	0	0	0	0	0	0	0	0	1	5	0	0	0	0	0	0	0	0	0	0	0	0	0	null	null	0	0	0	0	0	0	0	0	0	0	0	0	null	null	null	0	0	0	0	0	0	0	null	0	0	0	0	0	0	0	null	0	0	0	0	0	0	0	0	0	0	0	0
"00-0039861"	"T.Nubin"	"Tyler Nubin"	"SAF"	"DB"	"https://static.www.nfl.com/image/upload/f_auto,q_auto/league/wu3phjekllc6yybgarbl"	2026	2	"REG"	"2026_02_NYG_LA"	"NYG"	"LA"	0	0	0	0	0	0	0	0	0	0	0	0	null	null	0	null	0	0	0	0	0	0	0	0	0	0	null	0	0	0	0	0	0	0	0	0	0	0	0	0	0	null	0	0	0	0	0	null	0	0	0	0	5	0	3	0	0	0	0	0	0	0	0	1	0	0	0	0	0	0	0	0	0	0	0	0	0	0	0	0	0	0	0	0	0	0	0	0	0	0	0	0	0	null	null	0	0	0	0	0	0	0	0	0	0	0	0	null	null	null	0	0	0	0	0	0	0	null	0	0	0	0	0	0	0	null	0	0	0	0	0	0	0	0	0	0	0	0
"00-0039872"	"C.Bishop"	"Cole Bishop"	"SAF"	"DB"	"https://static.www.nfl.com/image/upload/f_auto,q_auto/league/kjvkuqb6ghv0ydbsoows"	2026	2	"REG"	"2026_02_DET_BUF"	"BUF"	"DET"	0	0	0	0	0	0	0	0	0	0	0	0	null	null	0	null	0	0	0	0	0	0	0	0	0	0	null	0	0	0	0	0	0	0	0	0	0	0	0	0	0	null	0	0	0	0	0	null	0	0	0	0	5	0	1	0	0	0	0	0	0	0	0	0	0	0	0	0	0	0	0	0	0	0	0	0	0	0	0	0	0	0	0	0	0	0	0	0	0	0	0	0	0	null	null	0	0	0	0	0	0	0	0	0	0	0	0	null	null	null	0	0	0	0	0	0	0	null	0	0	0	0	0	0	0	null	0	0	0	0	0	0	0	0	0	0	0	0
"00-0039873"	"D.Carter"	"DeWayne Carter"	"DT"	"DL"	"https://static.www.nfl.com/image/upload/f_auto,q_auto/league/somthlvcx5v20nqmu85n"	2026	2	"REG"	"2026_02_DET_BUF"	"BUF"	"DET"	0	0	0	0	0	0	0	0	0	0	0	0	null	null	0	null	0	0	0	0	0	0	0	0	0	0	null	0	0	0	0	0	0	0	0	0	0	0	0	0	0	null	0	0	0	0	0	null	0	0	0	0	1	0	0	0	0	0	0	0	0	0	0	0	0	0	0	0	0	0	0	0	0	0	0	0	0	0	0	0	0	0	0	0	0	0	0	0	0	0	0	0	0	null	null	0	0	0	0	0	0	0	0	0	0	0	0	null	null	null	0	0	0	0	0	0	0	null	0	0	0	0	0	0	0	null	0	0	0	0	0	0	0	0	0	0	0	0
"00-0039875"	"R.Davis"	"Ray Davis"	"RB"	"RB"	"https://static.www.nfl.com/image/upload/f_auto,q_auto/league/xibwzhrl6q5xkgh3utug"	2026	2	"REG"	"2026_02_DET_BUF"	"BUF"	"DET"	0	0	0	0	0	0	0	0	0	0	0	0	null	null	0	null	0	0	0	0	0	0	0	0	0	0	null	0	0	0	0	0	0	0	0	0	0	0	0	0	0	null	0	0	0	0	0	null	0	0	0	0	0	0	0	0	0	0	0	0	0	0	0	0	0	0	0	0	0	0	0	0	0	0	0	0	0	0	0	0	0	0	0	0	0	0	0	1	31	0	0	0	0	null	null	0	0	0	0	0	0	0	0	0	0	0	0	null	null	null	0	0	0	0	0	0	0	null	0	0	0	0	0	0	0	null	0	0	0	0	0	0	0	0	0	0	0	0
"00-0039879"	"J.Solomon"	"Javon Solomon"	"LB"	"LB"	"https://static.www.nfl.com/image/upload/f_auto,q_auto/league/sjftmvhxpsr0zvtqywnt"	2026	2	"REG"	"2026_02_DET_BUF"	"BUF"	"DET"	0	0	0	0	0	0	0	0	0	0	0	0	null	null	0	null	0	0	0	0	0	0	0	0	0	0	null	0	0	0	0	0	0	0	0	0	0	0	0	0	0	null	0	0	0	0	0	null	0	0	0	0	1	0	0	0	0	0	0	0	0	0	0	0	0	0	0	0	0	0	0	0	0	0	0	0	0	0	0	0	0	0	0	0	0	0	0	0	0	0	0	0	0	null	null	0	0	0	0	0	0	0	0	0	0	0	0	null	null	null	0	0	0	0	0	0	0	null	0	0	0	0	0	0	0	null	0	0	0	0	0	0	0	0	0	0	0	0
"00-0039888"	"Q.Mitchell"	"Quinyon Mitchell"	"CB"	"DB"	"https://static.www.nfl.com/image/upload/f_auto,q_auto/league/hfhzawkrobxrfuohtp50"	2026	2	"REG"	"2026_02_PHI_TEN"	"PHI"	"TEN"	0	0	0	0	0	0	0	0	0	0	0	0	null	null	0	null	0	0	0	0	0	0	0	0	0	0	null	0	0	0	0	0	0	0	0	0	0	0	0	0	0	null	0	0	0	0	0	null	0	0	0	0	5	0	1	0	0	0	0	0	0	0	0	0	0	0	0	0	0	0	0	0	0	0	0	0	0	0	0	0	0	0	0	0	0	0	0	0	0	0	0	0	0	null	null	0	0	0	0	0	0	0	0	0	0	0	0	null	null	null	0	0	0	0	0	0	0	null	0	0	0	0	0	0	0	null	0	0	0	0	0	0	0	0	0	0	0	0
"00-0039897"	"J.Alt"	"Joe Alt"	"OT"	"OL"	"https://static.www.nfl.com/image/upload/f_auto,q_auto/league/hul7ydlbropij2fjhvvy"	2026	2	"REG"	"2026_02_LV_LAC"	"LAC"	"LV"	0	0	0	0	0	0	0	0	0	0	0	0	null	null	0	null	0	0	0	0	0	0	0	0	0	0	null	0	0	0	0	0	0	0	0	0	0	0	0	0	0	null	0	0	0	0	0	null	0	0	0	0	0	0	0	0	0	0	0	0	0	0	0	0	0	0	0	0	0	0	0	0	0	0	0	0	0	0	4	15	0	0	0	0	0	0	0	0	0	0	0	0	0	null	null	0	0	0	0	0	0	0	0	0	0	0	0	null	null	null	0	0	0	0	0	0	0	null	0	0	0	0	0	0	0	null	0	0	0	0	0	0	0	0	0	0	0	0
"00-0039898"	"M.Sainristil"	"Mike Sainristil"	"CB"	"DB"	"https://static.www.nfl.com/image/upload/f_auto,q_auto/league/eftoaweovfwayhiyjg6q"	2026	2	"REG"	"2026_02_WAS_DAL"	"WAS"	"DAL"	0	0	0	0	0	0	0	0	0	0	0	0	null	null	0	null	0	0	0	0	0	0	0	0	0	0	null	0	0	0	0	0	0	0	0	0	0	0	0	0	0	null	0	0	0	0	0	null	0	0	0	0	3	0	1	0	0	0	0	0	0	0	0	0	0	0	0	0	0	0	0	0	0	0	0	0	0	0	0	0	0	0	0	0	0	0	0	0	0	0	0	0	0	null	null	0	0	0	0	0	0	0	0	0	0	0	0	null	null	null	0	0	0	0	0	0	0	null	0	0	0	0	0	0	0	null	0	0	0	0	0	0	0	0	0	0	0	0
"00-0039901"	"K.Coleman"	"Keon Coleman"	"WR"	"WR"	"https://static.www.nfl.com/image/upload/f_auto,q_auto/league/cm7g87waetksjouyjgvg"	2026	2	"REG"	"2026_02_DET_BUF"	"BUF"	"DET"	0	0	0	0	0	0	0	0	0	0	0	0	null	null	0	null	0	0	0	0	0	0	0	0	0	0	null	0	0	0	0	0	6	6	63	0	0	0	48	15	4	5.8681350132101215	0	2	1	1	0	1.3125	0.21428571428571427	0.20425531914893616	0.4644072948328267	0	0	0	0	0	0	0	0	0	0	0	0	0	0	0	0	0	0	0	0	0	0	0	0	0	0	0	0	0	0	0	0	0	0	0	0	0	0	0	0	0	0	null	null	0	0	0	0	0	0	0	0	0	0	0	0	null	null	null	0	0	0	0	0	0	0	null	0	0	0	0	0	0	0	null	0	0	0	0	0	0	0	0	0	0	6.300000000000001	12.3
"00-0039910"	"J.Daniels"	"Jayden Daniels"	"QB"	"QB"	"https://static.www.nfl.com/image/upload/f_auto,q_auto/league/gfz8k5onuqjrche9ogqc"	2026	2	"REG"	"2026_02_WAS_DAL"	"WAS"	"DAL"	11	17	96	1	0	0	0	0	0	155	46	4	0.1793638041715524	3.49460132420063	0	0.6193548387096774	4	1	1	0	7	69	0	1	0	5	3.373570305877365	0	3	3	1	0	0	0	0	0	0	0	0	0	0	null	0	0	0	0	0	null	0	0	0	0	0	0	0	0	0	0	0	0	0	0	0	0	0	0	0	0	0	0	0	0	0	0	-11	0	0	0	0	0	0	1	0	1	0	0	0	0	0	0	0	0	0	null	null	0	0	0	0	0	0	0	0	0	0	0	0	null	null	null	0	0	0	0	0	0	0	null	0	0	0	0	0	0	0	null	0	0	0	0	0	0	0	0	0	0	14.74	14.74
"00-0039912"	"B.Sinnott"	"Ben Sinnott"	"TE"	"TE"	"https://static.www.nfl.com/image/upload/f_auto,q_auto/league/ilkrv6dqajndnlsbmv8f"	2026	2	"REG"	"2026_02_WAS_DAL"	"WAS"	"DAL"	0	0	0	0	0	0	0	0	0	0	0	0	null	null	0	null	0	0	0	0	0	0	0	0	0	0	null	0	0	0	0	0	1	1	6	0	0	0	4	2	0	0.3274935632944107	0	0	0	0	0	1.5	0.029411764705882353	0.011142061281337047	0.05191708995575946	0	0	0	0	0	0	0	0	0	0	0	0	0	0	0	0	0	0	0	0	0	0	0	0	0	0	0	0	0	0	0	0	0	0	0	0	0	0	0	0	0	0	null	null	0	0	0	0	0	0	0	0	0	0	0	0	null	null	null	0	0	0	0	0	0	0	null	0	0	0	0	0	0	0	null	0	0	0	0	0	0	0	0	0	0	0.6000000000000001	1.6
"00-0039913"	"B.Coleman"	"Brandon Coleman"	"G"	"OL"	"https://static.www.nfl.com/image/upload/f_auto,q_auto/league/knxy90rm9gohdrwufodf"	2026	2	"REG"	"2026_02_WAS_DAL"	"WAS"	"DAL"	0	0	0	0	0	0	0	0	0	0	0	0	null	null	0	null	0	0	0	0	0	0	0	0	0	0	null	0	0	0	0	0	0	0	0	0	0	0	0	0	0	null	0	0	0	0	0	null	0	0	0	0	0	0	0	0	0	0	0	0	0	0	0	0	0	0	0	0	0	0	0	0	0	0	0	0	0	0	1	5	0	0	0	0	0	0	0	0	0	0	0	0	0	null	null	0	0	0	0	0	0	0	0	0	0	0	0	null	null	null	0	0	0	0	0	0	0	null	0	0	0	0	0	0	0	null	0	0	0	0	0	0	0	0	0	0	0	0
"00-0039915"	"L.McConkey"	"Ladd McConkey"	"WR"	"WR"	"https://static.www.nfl.com/image/upload/f_auto,q_auto/league/q2sk7yforrkiusvruo1o"	2026	2	"REG"	"2026_02_LV_LAC"	"LAC"	"LV"	0	0	0	0	0	0	0	0	0	0	0	0	null	null	0	null	0	0	0	0	0	0	0	0	0	0	null	0	0	0	0	0	3	3	35	0	0	0	34	1	2	5.142281586886384	0	2	1	0	0	1.0294117647058822	0.11538461538461539	0.12639405204460966	0.2615527595081498	0	0	0	0	0	0	0	0	0	0	0	0	0	0	0	0	0	0	0	0	0	0	0	0	0	0	0	0	0	0	0	0	0	0	0	0	0	0	0	0	0	0	null	null	0	0	0	0	0	0	0	0	0	0	0	0	null	null	null	0	0	0	0	0	0	0	null	0	0	0	0	0	0	0	null	0	0	0	0	0	0	0	0	0	0	3.5	6.5
"00-0040008"	"S.Revel"	"Shavon Revel Jr."	"CB"	"DB"	"https://static.www.nfl.com/image/upload/f_auto,q_auto/league/af84hncoicg65gvvainl"	2026	2	"REG"	"2026_02_WAS_DAL"	"DAL"	"WAS"	0	0	0	0	0	0	0	0	0	0	0	0	null	null	0	null	0	0	0	0	0	0	0	0	0	0	null	0	0	0	0	0	0	0	0	0	0	0	0	0	0	null	0	0	0	0	0	null	0	0	0	0	3	0	0	0	0	0	0	0	0	0	0	1	0	0	0	0	0	0	0	0	0	0	0	0	0	0	0	0	0	0	0	0	0	0	0	0	0	0	0	0	0	null	null	0	0	0	0	0	0	0	0	0	0	0	0	null	null	null	0	0	0	0	0	0	0	null	0	0	0	0	0	0	0	null	0	0	0	0	0	0	0	0	0	0	0	0
"00-0040011"	"S.James"	"Shemar James"	"LB"	"LB"	"https://static.www.nfl.com/image/upload/f_auto,q_auto/league/bpuq0wagps3hcsl0clff"	2026	2	"REG"	"2026_02_WAS_DAL"	"DAL"	"WAS"	0	0	0	0	0	0	0	0	0	0	0	0	null	null	0	null	0	0	0	0	0	0	0	0	0	0	null	0	0	0	0	0	0	0	0	0	0	0	0	0	0	null	0	0	0	0	0	null	0	0	0	0	1	0	2	0	0	0	0	0	0	0	0	0	0	0	0	0	0	0	0	0	0	0	0	0	0	0	0	0	0	0	0	0	0	0	0	0	0	0	0	0	0	null	null	0	0	0	0	0	0	0	0	0	0	0	0	null	null	null	0	0	0	0	0	0	0	null	0	0	0	0	0	0	0	null	0	0	0	0	0	0	0	0	0	0	0	0
"00-0040013"	"S.Mondon"	"Smael Mondon Jr."	"LB"	"LB"	"https://static.www.nfl.com/image/upload/f_auto,q_auto/league/tbyyduioarpumchzmfdj"	2026	2	"REG"	"2026_02_PHI_TEN"	"PHI"	"TEN"	0	0	0	0	0	0	0	0	0	0	0	0	null	null	0	null	0	0	0	0	0	0	0	0	0	0	null	0	0	0	0	0	0	0	0	0	0	0	0	0	0	null	0	0	0	0	0	null	0	0	0	0	1	0	0	0	0	0	0	0	0	0	0	0	0	0	0	0	0	0	0	0	0	0	0	0	0	0	0	0	0	0	0	0	0	0	0	0	0	0	0	0	0	null	null	0	0	0	0	0	0	0	0	0	0	0	0	null	null	null	0	0	0	0	0	0	0	null	0	0	0	0	0	0	0	null	0	0	0	0	0	0	0	0	0	0	0	0
"00-0040020"	"M.Robinson"	"Micah Robinson"	"CB"	"DB"	"https://static.www.nfl.com/image/upload/f_auto,q_auto/league/dxjhrwbtwvdqfqc3kecf"	2026	2	"REG"	"2026_02_PHI_TEN"	"TEN"	"PHI"	0	0	0	0	0	0	0	0	0	0	0	0	null	null	0	null	0	0	0	0	0	0	0	0	0	0	null	0	0	0	0	0	0	0	0	0	0	0	0	0	0	null	0	0	0	0	0	null	0	0	0	0	3	0	5	1	2	0	0	0	0	0	0	0	0	0	0	0	0	0	0	0	0	0	0	0	0	0	0	0	0	0	0	0	0	0	0	0	0	0	0	0	0	null	null	0	0	0	0	0	0	0	0	0	0	0	0	null	null	null	0	0	0	0	0	0	0	null	0	0	0	0	0	0	0	null	0	0	0	0	0	0	0	0	0	0	0	0
"00-0040024"	"D.Cooper"	"Darius Cooper"	"WR"	"WR"	"https://static.www.nfl.com/image/upload/f_auto,q_auto/league/pe71oe4eoyyfnq80fkxc"	2026	2	"REG"	"2026_02_PHI_TEN"	"PHI"	"TEN"	0	0	0	0	0	0	0	0	0	0	0	0	null	null	0	null	0	0	0	0	0	0	0	0	0	0	null	0	0	0	0	0	2	3	26	1	0	0	25	18	2	3.197748047648929	0	1	1	1	0	1.04	0.08823529411764706	0.08561643835616438	0.19228444802578565	0	1	0	0	0	0	0	0	0	0	0	0	0	0	0	0	0	0	0	0	0	0	0	0	0	0	0	0	0	0	0	0	0	0	0	0	0	0	0	0	0	0	null	null	0	0	0	0	0	0	0	0	0	0	0	0	null	null	null	0	0	0	0	0	0	0	null	0	0	0	0	0	0	0	null	0	0	0	0	0	0	0	0	0	0	8.6	10.6
"00-0040041"	"N.Stackhouse"	"Nazir Stackhouse"	"DT"	"DL"	"https://static.www.nfl.com/image/upload/f_auto,q_auto/league/vokytmju8zhlte70ss9a"	2026	2	"REG"	"2026_02_PHI_TEN"	"TEN"	"PHI"	0	0	0	0	0	0	0	0	0	0	0	0	null	null	0	null	0	0	0	0	0	0	0	0	0	0	null	0	0	0	0	0	0	0	0	0	0	0	0	0	0	null	0	0	0	0	0	null	0	0	0	0	0	1	0	1	1	0	0	0	0	0	0	0	0	0	0	0	0	0	0	0	0	0	0	0	0	0	0	0	0	0	0	0	0	0	0	0	0	0	0	0	0	null	null	0	0	0	0	0	0	0	0	0	0	0	0	null	null	null	0	0	0	0	0	0	0	null	0	0	0	0	0	0	0	null	0	0	0	0	0	0	0	0	0	0	0	0
"00-0040045"	"A.Clark"	"Alijah Clark"	"DB"	"DB"	"https://static.www.nfl.com/image/upload/f_auto,q_auto/league/sr5sjigohu5fufu4yxm7"	2026	2	"REG"	"2026_02_WAS_DAL"	"DAL"	"WAS"	0	0	0	0	0	0	0	0	0	0	0	0	null	null	0	null	0	0	0	0	0	0	0	0	0	0	null	0	0	0	0	0	0	0	0	0	0	0	0	0	0	null	0	0	0	0	0	null	0	0	0	0	0	0	1	0	0	0	0	0	0	0	0	0	0	0	0	0	0	0	0	0	0	0	0	0	0	0	0	0	0	0	0	0	0	0	0	0	0	0	0	0	0	null	null	0	0	0	0	0	0	0	0	0	0	0	0	null	null	null	0	0	0	0	0	0	0	null	0	0	0	0	0	0	0	null	0	0	0	0	0	0	0	0	0	0	0	0
"00-0040074"	"T.Loop"	"Tyler Loop"	"K"	"SPEC"	"https://static.www.nfl.com/image/upload/f_auto,q_auto/league/kbwixtntqevptepedhll"	2026	2	"REG"	"2026_02_NO_BAL"	"BAL"	"NO"	0	0	0	0	0	0	0	0	0	0	0	0	null	null	0	null	0	0	0	0	0	0	0	0	0	0	null	0	0	0	0	0	0	0	0	0	0	0	0	0	0	null	0	0	0	0	0	null	0	0	0	0	1	0	0	0	0	0	0	0	0	0	0	0	0	0	0	0	0	0	0	0	0	0	0	0	0	0	0	0	0	0	0	0	0	0	0	0	0	1	2	0	1	49	0.5	0	0	0	1	0	0	0	0	0	0	0	0	"49"	null	"49"	49	0	49	2	2	0	0	1	0	0	0	0	0	0	0	null	0	0	0	0	0	0	0	0	0	0	0	0
"00-0040122"	"A.Jeanty"	"Ashton Jeanty"	"RB"	"RB"	"https://static.www.nfl.com/image/upload/f_auto,q_auto/league/syspis1mntov9kgspb7r"	2026	2	"REG"	"2026_02_LV_LAC"	"LV"	"LAC"	0	0	0	0	0	0	0	0	0	0	0	0	null	null	0	null	0	0	0	0	21	48	0	0	0	1	-12.246554861766159	0	0	0	0	0	4	7	15	0	0	0	2	25	0	-4.52646994398674	0	0	0	0	0	7.5	0.2413793103448276	0.007067137809187279	0.3670159619836725	0	1	0	0	0	0	0	0	0	0	0	0	0	0	0	0	0	0	0	0	0	0	0	0	0	0	0	0	0	0	0	0	0	0	0	0	0	0	0	0	0	0	null	null	0	0	0	0	0	0	0	0	0	0	0	0	null	null	null	0	0	0	0	0	0	0	null	0	0	0	0	0	0	0	null	0	0	0	0	0	0	0	0	0	0	6.300000000000001	10.3
"00-0040132"	"L.Jackson"	"Landon Jackson"	"DE"	"DL"	"https://static.www.nfl.com/image/upload/f_auto,q_auto/league/q388glnv5me6fniielsz"	2026	2	"REG"	"2026_02_DET_BUF"	"BUF"	"DET"	0	0	0	0	0	0	0	0	0	0	0	0	null	null	0	null	0	0	0	0	0	0	0	0	0	0	null	0	0	0	0	0	0	0	0	0	0	0	0	0	0	null	0	0	0	0	0	null	0	0	0	0	1	0	1	0	0	0	0	0	0	0	0	0	0	0	0	0	0	0	0	0	0	0	0	0	0	0	1	13	0	0	0	0	0	0	0	0	0	0	0	0	0	null	null	0	0	0	0	0	0	0	0	0	0	0	0	null	null	null	0	0	0	0	0	0	0	null	0	0	0	0	0	0	0	null	0	0	0	0	0	0	0	0	0	0	0	0
"00-0040141"	"K.Winston"	"Kevin Winston Jr."	"SAF"	"DB"	"https://static.www.nfl.com/image/upload/f_auto,q_auto/league/zeai9xuvlquhwkzztbua"	2026	2	"REG"	"2026_02_PHI_TEN"	"TEN"	"PHI"	0	0	0	0	0	0	0	0	0	0	0	0	null	null	0	null	0	0	0	0	0	0	0	0	0	0	null	0	0	0	0	0	0	0	0	0	0	0	0	0	0	null	0	0	0	0	0	null	0	0	0	0	5	0	3	0	0	0	0	0	0	0	0	0	0	0	0	0	0	0	0	0	0	0	0	0	0	0	0	0	0	0	0	0	0	0	0	0	0	0	0	0	0	null	null	0	0	0	0	0	0	0	0	0	0	0	0	null	null	null	0	0	0	0	0	0	0	null	0	0	0	0	0	0	0	null	0	0	0	0	0	0	0	0	0	0	0	0
"00-0040144"	"J.Caldwell"	"Jamaree Caldwell"	"DT"	"DL"	"https://static.www.nfl.com/image/upload/f_auto,q_auto/league/o6zilnte5jibvs84wshv"	2026	2	"REG"	"2026_02_LV_LAC"	"LAC"	"LV"	0	0	0	0	0	0	0	0	0	0	0	0	null	null	0	null	0	0	0	0	0	0	0	0	0	0	null	0	0	0	0	0	0	0	0	0	0	0	0	0	0	null	0	0	0	0	0	null	0	0	0	0	0	0	2	0	0	0	0	0	0	0	0	0	0	0	0	0	0	0	0	0	0	0	0	0	0	0	0	0	0	0	0	0	0	0	0	0	0	0	0	0	0	null	null	0	0	0	0	0	0	0	0	0	0	0	0	null	null	null	0	0	0	0	0	0	0	null	0	0	0	0	0	0	0	null	0	0	0	0	0	0	0	0	0	0	0	0
"00-0040164"	"J.Lane"	"Jaylin Lane"	"WR"	"WR"	"https://static.www.nfl.com/image/upload/f_auto,q_auto/league/fa5ufxqxs3hzioih3cfb"	2026	2	"REG"	"2026_02_WAS_DAL"	"WAS"	"DAL"	0	0	0	0	0	0	0	0	0	0	0	0	null	null	0	null	0	0	0	0	0	0	0	0	0	0	null	0	0	0	0	0	0	0	0	0	0	0	0	0	0	null	0	0	0	0	0	null	0	0	0	0	0	0	0	0	0	0	0	0	0	0	0	0	0	0	0	0	0	0	0	0	0	1	0	0	0	0	0	0	1	0	0	1	0	1	14	6	120	0	0	0	0	null	null	0	0	0	0	0	0	0	0	0	0	0	0	null	null	null	0	0	0	0	0	0	0	null	0	0	0	0	0	0	0	null	0	0	0	0	0	0	0	0	0	0	0	0
"00-0040169"	"T.Hemingway"	"Tonka Hemingway"	"DT"	"DL"	"https://static.www.nfl.com/image/upload/f_auto,q_auto/league/naoeqgrcfxdgtdrimc6v"	2026	2	"REG"	"2026_02_LV_LAC"	"LV"	"LAC"	0	0	0	0	0	0	0	0	0	0	0	0	null	null	0	null	0	0	0	0	0	0	0	0	0	0	null	0	0	0	0	0	0	0	0	0	0	0	0	0	0	null	0	0	0	0	0	null	0	0	0	0	0	0	3	0	0	0	0	0	1	0	0	1	0	0	0	0	0	0	0	0	0	0	0	0	0	0	0	0	0	0	0	0	0	0	0	0	0	0	0	0	0	null	null	0	0	0	0	0	0	0	0	0	0	0	0	null	null	null	0	0	0	0	0	0	0	null	0	0	0	0	0	0	0	null	0	0	0	0	0	0	0	0	0	0	0	0
"00-0040170"	"E.Ayomanor"	"Elic Ayomanor"	"WR"	"WR"	"https://static.www.nfl.com/image/upload/f_auto,q_auto/league/jjmscqt6v4ecasveugoh"	2026	2	"REG"	"2026_02_PHI_TEN"	"TEN"	"PHI"	0	0	0	0	0	0	0	0	0	0	0	0	null	null	0	null	0	0	0	0	0	0	0	0	0	0	null	0	0	0	0	0	2	3	69	0	0	0	33	41	2	3.7793983654119074	0	2	2	2	1	2.090909090909091	0.17647058823529413	0.2357142857142857	0.42970588235294116	0	0	0	0	0	0	0	0	0	0	0	0	0	0	0	0	0	0	0	0	0	0	0	0	0	0	0	0	0	0	0	0	0	0	0	0	0	0	0	0	0	0	null	null	0	0	0	0	0	0	0	0	0	0	0	0	null	null	null	0	0	0	0	0	0	0	null	0	0	0	0	0	0	0	null	0	0	0	0	0	0	0	0	0	0	6.9	8.9
"00-0040189"	"O.Gadsden"	"Oronde Gadsden II"	"TE"	"TE"	"https://static.www.nfl.com/image/upload/f_auto,q_auto/league/r8b4oghjwhw8x9nv1wbs"	2026	2	"REG"	"2026_02_LV_LAC"	"LAC"	"LV"	0	0	0	0	0	0	0	0	0	0	0	0	null	null	0	null	0	0	0	0	0	0	0	0	0	0	null	0	0	0	0	0	2	2	18	1	0	0	18	0	1	2.014296727720648	0	1	0	0	0	1	0.07692307692307693	0.06691449814126393	0.16222476408350014	0	0	0	0	0	0	0	0	0	0	0	0	0	0	0	0	0	0	0	0	0	0	0	0	0	0	0	0	0	0	0	0	0	0	0	0	0	0	0	0	0	0	null	null	0	0	0	0	0	0	0	0	0	0	0	0	null	null	null	0	0	0	0	0	0	0	null	0	0	0	0	0	0	0	null	0	0	0	0	0	0	0	0	0	0	7.8	9.8
"00-0040192"	"J.Hancock"	"Jordan Hancock"	"CB"	"DB"	"https://static.www.nfl.com/image/upload/f_auto,q_auto/league/ursfrg83sovz52fo6oeh"	2026	2	"REG"	"2026_02_DET_BUF"	"BUF"	"DET"	0	0	0	0	0	0	0	0	0	0	0	0	null	null	0	null	0	0	0	0	0	0	0	0	0	0	null	0	0	0	0	0	0	0	0	0	0	0	0	0	0	null	0	0	0	0	0	null	0	0	0	0	3	0	2	0	0	0	0	0	0	0	0	0	0	0	0	0	0	0	0	0	0	0	0	0	0	0	0	0	0	0	0	0	0	0	0	0	0	0	0	0	0	null	null	0	0	0	0	0	0	0	0	0	0	0	0	null	null	null	0	0	0	0	0	0	0	null	0	0	0	0	0	0	0	null	0	0	0	0	0	0	0	0	0	0	0	0
"00-0040200"	"A.Borregales"	"Andy Borregales"	"K"	"SPEC"	"https://static.www.nfl.com/image/upload/f_auto,q_auto/league/x2fxn5qf6zkgmvedjpys"	2026	2	"REG"	"2026_02_PIT_NE"	"NE"	"PIT"	0	0	0	0	0	0	0	0	0	0	0	0	null	null	0	null	0	0	0	0	0	0	0	0	0	0	null	0	0	0	0	0	0	0	0	0	0	0	0	0	0	null	0	0	0	0	0	null	0	0	0	0	0	0	0	0	0	0	0	0	0	0	0	0	0	0	0	0	0	0	0	0	0	0	0	0	0	0	0	0	0	0	0	0	0	0	0	0	0	2	3	1	0	45	0.6666666666666666	0	0	1	1	0	0	0	0	0	1	0	0	"30;45"	"47"	null	75	47	0	2	2	0	0	1	0	0	0	0	0	0	0	null	0	0	0	0	0	0	0	0	0	0	0	0
"00-0040201"	"M.Harris"	"Marcus Harris"	"CB"	"DB"	"https://static.www.nfl.com/image/upload/f_auto,q_auto/league/xwb7yigex1r2dne7yelm"	2026	2	"REG"	"2026_02_PHI_TEN"	"TEN"	"PHI"	0	0	0	0	0	0	0	0	0	0	0	0	null	null	0	null	0	0	0	0	0	0	0	0	0	0	null	0	0	0	0	0	0	0	0	0	0	0	0	0	0	null	0	0	0	0	0	null	0	0	0	0	4	0	2	1	5	0	0	0	0	1	3	1	0	0	0	0	0	0	0	0	0	0	0	0	0	0	0	0	0	0	0	0	0	0	0	0	0	0	0	0	0	null	null	0	0	0	0	0	0	0	0	0	0	0	0	null	null	null	0	0	0	0	0	0	0	null	0	0	0	0	0	0	0	null	0	0	0	0	0	0	0	0	0	0	0	0
"00-0040221"	"R.Mickens"	"R.J. Mickens"	"SAF"	"DB"	"https://static.www.nfl.com/image/upload/f_auto,q_auto/league/ukzfqydyiezmemut0zoe"	2026	2	"REG"	"2026_02_LV_LAC"	"LAC"	"LV"	0	0	0	0	0	0	0	0	0	0	0	0	null	null	0	null	0	0	0	0	0	0	0	0	0	0	null	0	0	0	0	0	0	0	0	0	0	0	0	0	0	null	0	0	0	0	0	null	0	0	0	0	2	0	1	0	0	0	0	0	0	0	0	0	0	0	0	0	0	0	0	0	0	0	0	0	0	0	0	0	0	0	0	0	0	0	0	0	0	0	0	0	0	null	null	0	0	0	0	0	0	0	0	0	0	0	0	null	null	null	0	0	0	0	0	0	0	null	0	0	0	0	0	0	0	null	0	0	0	0	0	0	0	0	0	0	0	0
"00-0040242"	"J.Croskey-Merritt"	"Jacory Croskey-Merritt"	"RB"	"RB"	"https://static.www.nfl.com/image/upload/f_auto,q_auto/league/qew4qhlj4yuf50voko61"	2026	2	"REG"	"2026_02_WAS_DAL"	"WAS"	"DAL"	0	0	0	0	0	0	0	0	0	0	0	0	null	null	0	null	0	0	0	0	12	43	0	0	0	0	-1.3867259972612374	0	0	0	0	0	1	1	5	0	0	0	-1	6	0	-0.028810620540753007	0	0	0	0	0	-5	0.029411764705882353	-0.002785515320334262	0.04216778633458954	0	0	0	0	0	0	0	0	0	0	0	0	0	0	0	0	0	0	0	0	0	0	1	-2	0	0	0	0	0	0	0	0	0	0	0	0	0	0	0	0	0	0	null	null	0	0	0	0	0	0	0	0	0	0	0	0	null	null	null	0	0	0	0	0	0	0	null	0	0	0	0	0	0	0	null	0	0	0	0	0	0	0	0	0	0	4.800000000000001	5.800000000000001
"00-0040279"	"R.Fitzgerald"	"Ryan Fitzgerald"	"K"	"SPEC"	"https://static.www.nfl.com/image/upload/f_auto,q_auto/league/giy8qnq6njxzwtqvqdsm"	2026	2	"REG"	"2026_02_CAR_ATL"	"CAR"	"ATL"	0	0	0	0	0	0	0	0	0	0	0	0	null	null	0	null	0	0	0	0	0	0	0	0	0	0	null	0	0	0	0	0	0	0	0	0	0	0	0	0	0	null	0	0	0	0	0	null	0	0	0	0	0	0	0	0	0	0	0	0	0	0	0	0	0	0	0	0	0	0	0	0	0	0	0	0	0	0	0	0	0	0	0	0	0	0	0	0	0	2	2	0	0	37	1	0	1	1	0	0	0	0	0	0	0	0	0	"37;25"	null	null	62	0	0	4	4	0	0	1	0	0	0	0	0	0	0	null	0	0	0	0	0	0	0	0	0	0	0	0
"00-0040318"	"A.Kaho"	"Ale Kaho"	"LB"	"LB"	"https://static.www.nfl.com/image/upload/f_auto,q_auto/league/xtiv998kd4048degy4xl"	2026	2	"REG"	"2026_02_WAS_DAL"	"WAS"	"DAL"	0	0	0	0	0	0	0	0	0	0	0	0	null	null	0	null	0	0	0	0	0	0	0	0	0	0	null	0	0	0	0	0	0	0	0	0	0	0	0	0	0	null	0	0	0	0	0	null	0	0	0	0	2	0	0	0	0	0	0	0	0	0	0	0	0	0	0	0	0	0	0	0	0	0	0	0	0	0	0	0	0	0	0	0	0	0	0	0	0	0	0	0	0	null	null	0	0	0	0	0	0	0	0	0	0	0	0	null	null	null	0	0	0	0	0	0	0	null	0	0	0	0	0	0	0	null	0	0	0	0	0	0	0	0	0	0	0	0
"00-0040363"	"K.Latu"	"Keleki Latu"	"TE"	"TE"	"https://static.www.nfl.com/image/upload/f_auto,q_auto/league/vebjjfyrrrbwaqjlyvun"	2026	2	"REG"	"2026_02_DET_BUF"	"BUF"	"DET"	0	0	0	0	0	0	0	0	0	0	0	0	null	null	0	null	0	0	0	0	0	0	0	0	0	0	null	0	0	0	0	0	0	0	0	0	0	0	0	0	0	null	0	0	0	0	0	null	0	0	0	0	0	0	1	0	0	0	0	0	0	0	0	0	0	0	0	0	0	0	0	0	0	0	0	0	0	0	0	0	0	0	0	0	0	0	0	0	0	0	0	0	0	null	null	0	0	0	0	0	0	0	0	0	0	0	0	null	null	null	0	0	0	0	0	0	0	null	0	0	0	0	0	0	0	null	0	0	0	0	0	0	0	0	0	0	0	0
"00-0040580"	"J.Stewart"	"Josaiah Stewart"	"LB"	"LB"	"https://static.www.nfl.com/image/upload/f_auto,q_auto/league/epzy8ucs3mt2qgxhuolw"	2026	2	"REG"	"2026_02_NYG_LA"	"LA"	"NYG"	0	0	0	0	0	0	0	0	0	0	0	0	null	null	0	null	0	0	0	0	0	0	0	0	0	0	null	0	0	0	0	0	0	0	0	0	0	0	0	0	0	null	0	0	0	0	0	null	0	0	0	0	0	0	1	0	0	0	0	0	0	0	0	0	0	0	0	0	0	0	0	0	0	0	0	0	0	0	0	0	0	0	0	0	0	0	0	0	0	0	0	0	0	null	null	0	0	0	0	0	0	0	0	0	0	0	0	null	null	null	0	0	0	0	0	0	0	null	0	0	0	0	0	0	0	null	0	0	0	0	0	0	0	0	0	0	0	0
"00-0040584"	"G.Helm"	"Gunnar Helm"	"TE"	"TE"	"https://static.www.nfl.com/image/upload/f_auto,q_auto/league/hewm6ztgka7xkbl6ybvb"	2026	2	"REG"	"2026_02_PHI_TEN"	"TEN"	"PHI"	0	0	0	0	0	0	0	0	0	0	0	0	null	null	0	null	0	0	0	0	0	0	0	0	0	0	null	0	0	0	0	0	2	2	13	0	0	0	-1	14	0	-0.02358055202057585	0	0	0	0	0	0	0.11764705882352941	-0.007142857142857143	0.1714705882352941	0	0	0	0	0	0	0	0	0	0	0	0	0	0	0	0	0	0	0	0	0	0	0	0	0	0	0	0	0	0	0	0	0	0	0	0	0	0	0	0	0	0	null	null	0	0	0	0	0	0	0	0	0	0	0	0	null	null	null	0	0	0	0	0	0	0	null	0	0	0	0	0	0	0	null	0	0	0	0	0	0	0	0	0	0	1.3	3.3
"00-0040590"	"K.Mumpfield"	"Konata Mumpfield"	"WR"	"WR"	"https://static.www.nfl.com/image/upload/f_auto,q_auto/league/cehkowkvb4aujslmppbj"	2026	2	"REG"	"2026_02_NYG_LA"	"LA"	"NYG"	0	0	0	0	0	0	0	0	0	0	0	0	null	null	0	null	0	0	0	0	0	0	0	0	0	0	null	0	0	0	0	0	1	2	12	0	0	0	23	8	1	-0.3841153697576374	0	1	0	0	0	0.5217391304347826	0.06666666666666667	0.06948640483383686	0.1486404833836858	0	0	0	0	0	0	0	0	0	0	0	0	0	0	0	0	0	0	0	0	0	0	0	0	0	0	0	1	10	0	0	0	0	0	0	0	0	0	0	0	0	0	null	null	0	0	0	0	0	0	0	0	0	0	0	0	null	null	null	0	0	0	0	0	0	0	null	0	0	0	0	0	0	0	null	0	0	0	0	0	0	0	0	0	0	1.2000000000000002	2.2
"00-0040666"	"O.Hampton"	"Omarion Hampton"	"RB"	"RB"	"https://static.www.nfl.com/image/upload/f_auto,q_auto/league/lf2jxvxnbexlinoydbej"	2026	2	"REG"	"2026_02_LV_LAC"	"LAC"	"LV"	0	0	0	0	0	0	0	0	0	0	0	0	null	null	0	null	0	0	0	0	23	94	1	1	1	6	-11.008444503939245	0	2	1	0	0	2	2	21	0	0	0	-8	29	1	0.9794745955150574	0	1	1	0	0	-2.625	0.07692307692307693	-0.02973977695167286	0.09456677151844439	0	0	0	0	0	0	0	0	0	0	0	0	0	0	0	0	0	0	0	0	0	0	0	0	0	0	0	0	0	1	0	0	1	1	0	0	0	0	0	0	0	0	null	null	0	0	0	0	0	0	0	0	0	0	0	0	null	null	null	0	0	0	0	0	0	0	null	0	0	0	0	0	0	0	null	0	0	0	0	0	0	0	0	0	0	15.5	17.5
"00-0040669"	"I.TeSlaa"	"Isaac TeSlaa"	"WR"	"WR"	"https://static.www.nfl.com/image/upload/f_auto,q_auto/league/ducfhbiy2a8loytcjymn"	2026	2	"REG"	"2026_02_DET_BUF"	"DET"	"BUF"	0	0	0	0	0	0	0	0	0	0	0	0	null	null	0	null	0	0	0	0	0	0	0	0	0	0	null	0	0	0	0	0	2	5	26	0	0	0	81	4	1	1.8013443901436403	0	1	1	1	0	0.32098765432098764	0.13157894736842105	0.2403560830860534	0.365617679212869	0	0	0	0	0	0	0	0	0	0	0	0	0	0	0	0	0	0	0	0	0	0	0	0	0	0	0	0	0	0	0	0	0	0	0	0	0	0	0	0	0	0	null	null	0	0	0	0	0	0	0	0	0	0	0	0	null	null	null	0	0	0	0	0	0	0	null	0	0	0	0	0	0	0	null	0	0	0	0	0	0	0	0	0	0	2.6	4.6
"00-0040672"	"T.Williams"	"Tyleik Williams"	"DT"	"DL"	"https://static.www.nfl.com/image/upload/f_auto,q_auto/league/emppyzljgfew4i1qmdhb"	2026	2	"REG"	"2026_02_DET_BUF"	"DET"	"BUF"	0	0	0	0	0	0	0	0	0	0	0	0	null	null	0	null	0	0	0	0	0	0	0	0	0	0	null	0	0	0	0	0	0	0	0	0	0	0	0	0	0	null	0	0	0	0	0	null	0	0	0	0	3	0	2	0	0	0	0	0	1	0	0	0	0	0	0	0	0	0	0	0	0	0	0	0	0	0	0	0	0	0	0	0	0	0	0	0	0	0	0	0	0	null	null	0	0	0	0	0	0	0	0	0	0	0	0	null	null	null	0	0	0	0	0	0	0	null	0	0	0	0	0	0	0	null	0	0	0	0	0	0	0	0	0	0	0	0
"00-0040676"	"C.Ward"	"Cam Ward"	"QB"	"QB"	"https://static.www.nfl.com/image/upload/f_auto,q_auto/league/l7switu6stlwd2irm8yo"	2026	2	"REG"	"2026_02_PHI_TEN"	"TEN"	"PHI"	13	20	183	0	0	2	-14	0	0	140	104	7	-0.09771453429129906	6.544844543232637	0	1.3071428571428572	6	4	4	1	4	7	2	0	0	3	4.094063307216857	0	0	0	0	0	0	0	0	0	0	0	0	0	0	null	0	0	0	0	0	null	0	0	0	0	0	0	0	0	0	0	0	0	0	0	0	0	0	0	0	0	0	0	0	0	0	0	0	0	0	0	0	0	0	0	0	0	0	0	0	0	0	0	0	0	0	null	null	0	0	0	0	0	0	0	0	0	0	0	0	null	null	null	0	0	0	0	0	0	0	null	0	0	0	0	0	0	0	null	0	0	0	0	0	0	0	0	0	0	20.02	20.02
"00-0040677"	"A.Carter"	"Abdul Carter"	"LB"	"LB"	"https://static.www.nfl.com/image/upload/f_auto,q_auto/league/tfchuu4khsh6jarotqga"	2026	2	"REG"	"2026_02_NYG_LA"	"NYG"	"LA"	0	0	0	0	0	0	0	0	0	0	0	0	null	null	0	null	0	0	0	0	0	0	0	0	0	0	null	0	0	0	0	0	0	0	0	0	0	0	0	0	0	null	0	0	0	0	0	null	0	0	0	0	1	0	2	1	9	0	1	9	1	0	0	0	0	0	0	0	0	0	0	0	0	0	0	0	0	0	0	0	0	0	0	0	0	0	0	0	0	0	0	0	0	null	null	0	0	0	0	0	0	0	0	0	0	0	0	null	null	null	0	0	0	0	0	0	0	null	0	0	0	0	0	0	0	null	0	0	0	0	0	0	0	0	0	0	0	0
"00-0040686"	"J.Conerly"	"Josh Conerly Jr."	"OT"	"OL"	"https://static.www.nfl.com/image/upload/f_auto,q_auto/league/q9vrq43u3qh6nw3rcajo"	2026	2	"REG"	"2026_02_WAS_DAL"	"WAS"	"DAL"	0	0	0	0	0	0	0	0	0	0	0	0	null	null	0	null	0	0	0	0	0	0	0	0	0	0	null	0	0	0	0	0	0	0	0	0	0	0	0	0	0	null	0	0	0	0	0	null	0	0	0	0	0	0	0	0	0	0	0	0	0	0	0	0	0	0	0	0	0	0	0	0	0	0	0	0	0	0	1	10	0	0	0	0	0	0	0	0	0	0	0	0	0	null	null	0	0	0	0	0	0	0	0	0	0	0	0	null	null	null	0	0	0	0	0	0	0	null	0	0	0	0	0	0	0	null	0	0	0	0	0	0	0	0	0	0	0	0
"00-0040691"	"J.Dart"	"Jaxson Dart"	"QB"	"QB"	"https://static.www.nfl.com/image/upload/f_auto,q_auto/league/n6uymxssgiicjmxkzxoc"	2026	2	"REG"	"2026_02_NYG_LA"	"NYG"	"LA"	3	5	20	0	0	0	0	0	0	47	2	2	-1.115789121715352	-5.341377258300781	0	0.425531914893617	1	0	0	0	0	0	0	0	0	0	null	0	0	0	0	0	0	0	0	0	0	0	0	0	0	null	0	0	0	0	0	null	0	0	0	0	0	0	0	0	0	0	0	0	0	0	0	0	0	0	0	0	0	0	0	0	0	0	0	0	0	0	0	0	0	0	0	0	0	0	0	0	0	0	0	0	0	null	null	0	0	0	0	0	0	0	0	0	0	0	0	null	null	null	0	0	0	0	0	0	0	null	0	0	0	0	0	0	0	null	0	0	0	0	0	0	0	0	0	0	0.8	0.8
"00-0040705"	"C.Dike"	"Chimere Dike"	"WR"	"WR"	"https://static.www.nfl.com/image/upload/f_auto,q_auto/league/cbcpv4931dqmgsu3anvo"	2026	2	"REG"	"2026_02_PHI_TEN"	"TEN"	"PHI"	0	0	0	0	0	0	0	0	0	0	0	0	null	null	0	null	0	0	0	0	0	0	0	0	0	0	null	0	0	0	0	0	0	0	0	0	0	0	0	0	0	null	0	0	0	0	0	null	0	0	0	0	0	0	0	0	0	0	0	0	0	0	0	0	0	0	0	0	0	0	0	0	0	0	0	0	0	0	0	0	0	0	0	0	0	1	9	4	101	0	0	0	0	null	null	0	0	0	0	0	0	0	0	0	0	0	0	null	null	null	0	0	0	0	0	0	0	null	0	0	0	0	0	0	0	null	0	0	0	0	0	0	0	0	0	0	0	0
"00-0040708"	"J.Campbell"	"Jihaad Campbell"	"LB"	"LB"	"https://static.www.nfl.com/image/upload/f_auto,q_auto/league/njvl2eabvfekcqqa4jmq"	2026	2	"REG"	"2026_02_PHI_TEN"	"PHI"	"TEN"	0	0	0	0	0	0	0	0	0	0	0	0	null	null	0	null	0	0	0	0	0	0	0	0	0	0	null	0	0	0	0	0	0	0	0	0	0	0	0	0	0	null	0	0	0	0	0	null	0	0	0	0	6	0	4	0	0	1	0	0	0	0	0	0	0	0	0	0	0	0	0	0	0	0	0	0	0	0	0	0	0	0	0	0	0	0	0	0	0	0	0	0	0	null	null	0	0	0	0	0	0	0	0	0	0	0	0	null	null	null	0	0	0	0	0	0	0	null	0	0	0	0	0	0	0	null	0	0	0	0	0	0	0	0	0	0	0	0
"00-0040709"	"M.Hairston"	"Maxwell Hairston"	"CB"	"DB"	"https://static.www.nfl.com/image/upload/f_auto,q_auto/league/we3enqymnmzrfabz8srg"	2026	2	"REG"	"2026_02_DET_BUF"	"BUF"	"DET"	0	0	0	0	0	0	0	0	0	0	0	0	null	null	0	null	0	0	0	0	0	0	0	0	0	0	null	0	0	0	0	0	0	0	0	0	0	0	0	0	0	null	0	0	0	0	0	null	0	0	0	0	1	0	0	0	0	0	0	0	0	0	0	0	0	0	0	0	0	0	0	0	0	0	0	0	0	0	0	0	0	0	0	0	0	0	0	0	0	0	0	0	0	null	null	0	0	0	0	0	0	0	0	0	0	0	0	null	null	null	0	0	0	0	0	0	0	null	0	0	0	0	0	0	0	null	0	0	0	0	0	0	0	0	0	0	0	0
"00-0040710"	"D.Walker"	"Deone Walker"	"DT"	"DL"	"https://static.www.nfl.com/image/upload/f_auto,q_auto/league/cn80cdlc2ilvqpsqgx7h"	2026	2	"REG"	"2026_02_DET_BUF"	"BUF"	"DET"	0	0	0	0	0	0	0	0	0	0	0	0	null	null	0	null	0	0	0	0	0	0	0	0	0	0	null	0	0	0	0	0	0	0	0	0	0	0	0	0	0	null	0	0	0	0	0	null	0	0	0	0	0	0	1	0	0	0	0	0	3	0	0	3	0	0	0	0	0	0	0	0	0	0	0	0	0	0	0	0	0	0	0	0	0	0	0	0	0	0	0	0	0	null	null	0	0	0	0	0	0	0	0	0	0	0	0	null	null	null	0	0	0	0	0	0	0	null	0	0	0	0	0	0	0	null	0	0	0	0	0	0	0	0	0	0	0	0
"00-0040715"	"C.Skattebo"	"Cam Skattebo"	"RB"	"RB"	"https://static.www.nfl.com/image/upload/f_auto,q_auto/league/hlggiqdfvj1f4kntkafr"	2026	2	"REG"	"2026_02_NYG_LA"	"NYG"	"LA"	0	0	0	0	0	0	0	0	0	0	0	0	null	null	0	null	0	0	0	0	12	36	0	0	0	1	-2.1879949385183863	0	0	0	0	0	4	4	19	0	1	0	-4	23	1	-1.7702094846172258	0	1	1	0	0	-4.75	0.125	-0.011730205278592375	0.17928885630498534	0	0	0	0	0	0	0	0	0	0	0	0	0	0	0	0	0	0	0	0	0	0	0	0	0	0	0	0	0	1	0	1	1	0	0	0	0	0	0	0	0	0	null	null	0	0	0	0	0	0	0	0	0	0	0	0	null	null	null	0	0	0	0	0	0	0	null	0	0	0	0	0	0	0	null	0	0	0	0	0	0	0	0	0	0	5.5	9.5
"00-0040725"	"D.Ezeiruaku"	"Donovan Ezeiruaku"	"LB"	"LB"	"https://static.www.nfl.com/image/upload/f_auto,q_auto/league/e8ajbchys6mqj7agkqxf"	2026	2	"REG"	"2026_02_WAS_DAL"	"DAL"	"WAS"	0	0	0	0	0	0	0	0	0	0	0	0	null	null	0	null	0	0	0	0	0	0	0	0	0	0	null	0	0	0	0	0	0	0	0	0	0	0	0	0	0	null	0	0	0	0	0	null	0	0	0	0	2	0	1	0	0	0	0	0	0	0	0	0	0	0	0	0	0	0	0	0	0	0	0	0	0	0	0	0	0	0	0	0	0	0	0	0	0	0	0	0	0	null	null	0	0	0	0	0	0	0	0	0	0	0	0	null	null	null	0	0	0	0	0	0	0	null	0	0	0	0	0	0	0	null	0	0	0	0	0	0	0	0	0	0	0	0
"00-0040727"	"T.Harris"	"Tre Harris"	"WR"	"WR"	"https://static.www.nfl.com/image/upload/f_auto,q_auto/league/v5ofh8jggzo8rygtpwl7"	2026	2	"REG"	"2026_02_LV_LAC"	"LAC"	"LV"	0	0	0	0	0	0	0	0	0	0	0	0	null	null	0	null	0	0	0	0	0	0	0	0	0	0	null	0	0	0	0	0	1	3	53	0	0	0	56	33	1	3.8676998778246343	0	1	1	1	1	0.9464285714285714	0.11538461538461539	0.20817843866171004	0.3188018301401201	0	0	0	0	0	0	0	0	0	0	0	0	0	0	0	0	0	0	0	0	0	0	1	0	0	0	0	0	0	0	0	0	0	0	0	0	0	0	0	0	0	0	null	null	0	0	0	0	0	0	0	0	0	0	0	0	null	null	null	0	0	0	0	0	0	0	null	0	0	0	0	0	0	0	null	0	0	0	0	0	0	0	0	0	0	5.300000000000001	6.300000000000001
"00-0040729"	"J.Bech"	"Jack Bech"	"WR"	"WR"	"https://static.www.nfl.com/image/upload/f_auto,q_auto/league/feplgtl0x1svqen9szwv"	2026	2	"REG"	"2026_02_LV_LAC"	"LV"	"LAC"	0	0	0	0	0	0	0	0	0	0	0	0	null	null	0	null	0	0	0	0	0	0	0	0	0	0	null	0	0	0	0	0	2	2	25	0	1	0	18	7	1	1.5189560276921839	0	1	1	1	0	1.3888888888888888	0.06896551724137931	0.0636042402826855	0.14797124405994883	0	0	0	0	0	0	0	0	0	0	0	0	0	0	0	0	0	0	0	0	0	0	1	0	0	0	0	0	0	1	0	0	1	0	0	0	0	0	0	0	0	0	null	null	0	0	0	0	0	0	0	0	0	0	0	0	null	null	null	0	0	0	0	0	0	0	null	0	0	0	0	0	0	0	null	0	0	0	0	0	0	0	0	0	0	2.5	4.5
"00-0040737"	"T.Ferguson"	"Terrance Ferguson"	"TE"	"TE"	"https://static.www.nfl.com/image/upload/f_auto,q_auto/league/w5o0s5yf6j5dsmiwdtfg"	2026	2	"REG"	"2026_02_NYG_LA"	"LA"	"NYG"	0	0	0	0	0	0	0	0	0	0	0	0	null	null	0	null	0	0	0	0	0	0	0	0	0	0	null	0	0	0	0	0	6	9	54	1	0	0	54	24	2	1.7882356044719927	0	1	1	1	0	1	0.3	0.16314199395770393	0.5641993957703927	0	0	0	0	0	0	0	0	0	0	0	0	0	0	0	0	0	0	0	0	0	0	0	0	0	0	0	0	0	0	0	0	0	0	0	0	0	0	0	0	0	0	null	null	0	0	0	0	0	0	0	0	0	0	0	0	null	null	null	0	0	0	0	0	0	0	null	0	0	0	0	0	0	0	null	0	0	0	0	0	0	0	0	0	0	11.4	17.4
"00-0040749"	"A.Mukuba"	"Andrew Mukuba"	"SAF"	"DB"	"https://static.www.nfl.com/image/upload/f_auto,q_auto/league/eurn0h9z78sclv1eq5jp"	2026	2	"REG"	"2026_02_PHI_TEN"	"PHI"	"TEN"	0	0	0	0	0	0	0	0	0	0	0	0	null	null	0	null	0	0	0	0	0	0	0	0	0	0	null	0	0	0	0	0	0	0	0	0	0	0	0	0	0	null	0	0	0	0	0	null	0	0	0	0	2	0	4	0	0	0	0	0	0	0	0	0	0	0	0	0	0	0	0	0	0	0	0	0	0	0	0	0	0	0	0	0	0	0	0	0	0	0	0	0	0	null	null	0	0	0	0	0	0	0	0	0	0	0	0	null	null	null	0	0	0	0	0	0	0	null	0	0	0	0	0	0	0	null	0	0	0	0	0	0	0	0	0	0	0	0
"00-0040752"	"O.Oladejo"	"Oluwafemi Oladejo"	"DE"	"DL"	"https://static.www.nfl.com/image/upload/f_auto,q_auto/league/koxindt0qvandhu8otrf"	2026	2	"REG"	"2026_02_PHI_TEN"	"TEN"	"PHI"	0	0	0	0	0	0	0	0	0	0	0	0	null	null	0	null	0	0	0	0	0	0	0	0	0	0	null	0	0	0	0	0	0	0	0	0	0	0	0	0	0	null	0	0	0	0	0	null	0	0	0	0	1	0	0	0	0	0	0	0	0	0	0	0	0	0	0	0	0	0	0	0	0	0	0	0	0	0	0	0	0	0	0	0	0	0	0	0	0	0	0	0	0	null	null	0	0	0	0	0	0	0	0	0	0	0	0	null	null	null	0	0	0	0	0	0	0	null	0	0	0	0	0	0	0	null	0	0	0	0	0	0	0	0	0	0	0	0
"00-0040865"	"C.Downs"	"Caleb Downs"	"SAF"	"DB"	"https://static.www.nfl.com/image/upload/f_auto,q_auto/league/nkj0yjytmlcbciqjus0w"	2026	2	"REG"	"2026_02_WAS_DAL"	"DAL"	"WAS"	0	0	0	0	0	0	0	0	0	0	0	0	null	null	0	null	0	0	0	0	0	0	0	0	0	0	null	0	0	0	0	0	0	0	0	0	0	0	0	0	0	null	0	0	0	0	0	null	0	0	0	0	6	0	3	0	0	1	0	0	0	0	0	1	0	0	0	0	0	0	0	0	0	0	0	0	0	0	0	0	0	0	0	0	0	0	0	0	0	0	0	0	0	null	null	0	0	0	0	0	0	0	0	0	0	0	0	null	null	null	0	0	0	0	0	0	0	null	0	0	0	0	0	0	0	null	0	0	0	0	0	0	0	0	0	0	0	0
"00-0040867"	"M.Lemon"	"Makai Lemon"	"WR"	"WR"	"https://static.www.nfl.com/image/upload/f_auto,q_auto/league/ys2i2o7c0bl36xvlrojz"	2026	2	"REG"	"2026_02_PHI_TEN"	"PHI"	"TEN"	0	0	0	0	0	0	0	0	0	0	0	0	null	null	0	null	0	0	0	0	1	-5	0	0	0	0	-1.328937416896224	0	0	0	0	0	1	1	14	0	0	0	13	1	1	2.494666001526639	0	1	0	0	0	1.0769230769230769	0.029411764705882353	0.04452054794520548	0.07528203062046736	0	1	0	0	0	0	0	0	0	0	0	0	0	0	0	0	0	0	0	0	0	0	0	0	0	0	0	0	0	0	0	0	0	0	0	0	0	0	0	0	0	0	null	null	0	0	0	0	0	0	0	0	0	0	0	0	null	null	null	0	0	0	0	0	0	0	null	0	0	0	0	0	0	0	null	0	0	0	0	0	0	0	0	0	0	0.9	1.9
"00-0040868"	"T.Stukes"	"Treydan Stukes"	"SAF"	"DB"	"https://static.www.nfl.com/image/upload/f_auto,q_auto/league/uhljscop4d7yxtanrwop"	2026	2	"REG"	"2026_02_LV_LAC"	"LV"	"LAC"	0	0	0	0	0	0	0	0	0	0	0	0	null	null	0	null	0	0	0	0	0	0	0	0	0	0	null	0	0	0	0	0	0	0	0	0	0	0	0	0	0	null	0	0	0	0	0	null	0	0	0	0	2	0	2	0	0	0	0	0	0	0	0	0	0	0	0	0	0	0	0	0	0	0	0	0	0	0	0	0	0	0	0	0	0	0	0	0	0	0	0	0	0	null	null	0	0	0	0	0	0	0	0	0	0	0	0	null	null	null	0	0	0	0	0	0	0	null	0	0	0	0	0	0	0	null	0	0	0	0	0	0	0	0	0	0	0	0
"00-0040872"	"J.Barham"	"Jaishawn Barham"	"LB"	"LB"	"https://static.www.nfl.com/image/upload/f_auto,q_auto/league/h35ij5cb5g5a8av170ca"	2026	2	"REG"	"2026_02_WAS_DAL"	"DAL"	"WAS"	0	0	0	0	0	0	0	0	0	0	0	0	null	null	0	null	0	0	0	0	0	0	0	0	0	0	null	0	0	0	0	0	0	0	0	0	0	0	0	0	0	null	0	0	0	0	0	null	0	0	0	0	4	0	3	1	6	1	0	0	0	0	0	0	0	0	0	0	0	0	0	0	0	0	0	0	0	0	0	0	0	0	0	0	0	0	0	0	0	0	0	0	0	null	null	0	0	0	0	0	0	0	0	0	0	0	0	null	null	null	0	0	0	0	0	0	0	null	0	0	0	0	0	0	0	null	0	0	0	0	0	0	0	0	0	0	0	0
"00-0040878"	"M.Washington"	"Mike Washington Jr."	"RB"	"RB"	"https://static.www.nfl.com/image/upload/f_auto,q_auto/league/ocdjq5ohmtgdghqdh5m4"	2026	2	"REG"	"2026_02_LV_LAC"	"LV"	"LAC"	0	0	0	0	0	0	0	0	0	0	0	0	null	null	0	null	0	0	0	0	3	7	0	0	0	0	-1.4388708385522477	0	0	0	0	0	0	1	0	0	0	0	10	0	0	-0.539872482419014	0	0	0	0	0	0	0.034482758620689655	0.0353356890459364	0.07645912026318996	0	0	0	0	0	0	0	0	0	0	0	0	0	0	0	0	0	0	0	0	0	0	0	0	0	0	0	0	0	0	0	0	0	0	0	0	0	0	0	0	0	0	null	null	0	0	0	0	0	0	0	0	0	0	0	0	null	null	null	0	0	0	0	0	0	0	null	0	0	0	0	0	0	0	null	0	0	0	0	0	0	0	0	0	0	0.7000000000000001	0.7000000000000001
"00-0040880"	"L.Overton"	"LT Overton"	"DT"	"DL"	"https://static.www.nfl.com/image/upload/f_auto,q_auto/league/f7qnzlq019tmi9o6f1ld"	2026	2	"REG"	"2026_02_WAS_DAL"	"DAL"	"WAS"	0	0	0	0	0	0	0	0	0	0	0	0	null	null	0	null	0	0	0	0	0	0	0	0	0	0	null	0	0	0	0	0	0	0	0	0	0	0	0	0	0	null	0	0	0	0	0	null	0	0	0	0	1	0	0	0	0	0	0	0	0	0	0	0	0	0	0	0	0	0	0	0	0	0	0	0	0	0	0	0	0	0	0	0	0	0	0	0	0	0	0	0	0	null	null	0	0	0	0	0	0	0	0	0	0	0	0	null	null	null	0	0	0	0	0	0	0	null	0	0	0	0	0	0	0	null	0	0	0	0	0	0	0	0	0	0	0	0
"00-0040886"	"N.Singleton"	"Nicholas Singleton"	"RB"	"RB"	"https://static.www.nfl.com/image/upload/f_auto,q_auto/league/ztwqbc0s69cbz5ow0r0q"	2026	2	"REG"	"2026_02_PHI_TEN"	"TEN"	"PHI"	0	0	0	0	0	0	0	0	0	0	0	0	null	null	0	null	0	0	0	0	4	10	0	0	0	0	-1.227023360435851	0	0	0	0	0	0	0	0	0	0	0	0	0	0	null	0	0	0	0	0	null	0	0	0	0	0	0	0	0	0	0	0	0	0	0	0	0	0	0	0	0	0	0	0	0	0	0	0	0	0	0	0	0	0	0	0	0	0	0	0	0	0	0	0	0	0	null	null	0	0	0	0	0	0	0	0	0	0	0	0	null	null	null	0	0	0	0	0	0	0	null	0	0	0	0	0	0	0	null	0	0	0	0	0	0	0	0	0	0	1	1
"00-0040889"	"H.Masses"	"Hezekiah Masses"	"CB"	"DB"	"https://static.www.nfl.com/image/upload/f_auto,q_auto/league/ba2rfnspviherhdlsxml"	2026	2	"REG"	"2026_02_LV_LAC"	"LV"	"LAC"	0	0	0	0	0	0	0	0	0	0	0	0	null	null	0	null	0	0	0	0	0	0	0	0	0	0	null	0	0	0	0	0	0	0	0	0	0	0	0	0	0	null	0	0	0	0	0	null	0	0	0	0	4	0	1	1	2	0	0	0	0	2	29	2	0	0	0	0	0	0	0	0	0	0	0	0	0	0	1	6	0	0	0	0	0	0	0	0	0	0	0	0	0	null	null	0	0	0	0	0	0	0	0	0	0	0	0	null	null	null	0	0	0	0	0	0	0	null	0	0	0	0	0	0	0	null	0	0	0	0	0	0	0	0	0	0	0	0
"00-0040894"	"M.Benson"	"Malik Benson"	"WR"	"WR"	"https://static.www.nfl.com/image/upload/f_auto,q_auto/league/tndlq4zmq6r9nsvmzih6"	2026	2	"REG"	"2026_02_LV_LAC"	"LV"	"LAC"	0	0	0	0	0	0	0	0	0	0	0	0	null	null	0	null	0	0	0	0	0	0	0	0	0	0	null	0	0	0	0	0	0	1	0	0	0	0	27	0	0	-1.7370607606135309	0	0	0	0	0	0	0.034482758620689655	0.09540636042402827	0.11850859022785426	0	0	0	0	0	0	0	0	0	0	0	0	0	0	0	0	0	0	0	0	0	0	0	0	0	0	0	0	0	0	0	0	0	0	1	16	0	0	0	0	0	0	null	null	0	0	0	0	0	0	0	0	0	0	0	0	null	null	null	0	0	0	0	0	0	0	null	0	0	0	0	0	0	0	null	0	0	0	0	0	0	0	0	0	0	0	0
"00-0040899"	"T.Smack"	"Trey Smack"	"K"	"SPEC"	"https://static.www.nfl.com/image/upload/f_auto,q_auto/league/zierx6p09ilfe0o0ckj7"	2026	2	"REG"	"2026_02_GB_NYJ"	"GB"	"NYJ"	0	0	0	0	0	0	0	0	0	0	0	0	null	null	0	null	0	0	0	0	0	0	0	0	0	0	null	0	0	0	0	0	0	0	0	0	0	0	0	0	0	null	0	0	0	0	0	null	0	0	0	0	0	0	0	0	0	0	0	0	0	0	0	0	0	0	0	0	0	0	0	0	0	0	0	0	0	0	0	0	0	0	0	0	0	0	0	0	0	2	2	0	0	34	1	0	1	1	0	0	0	0	0	0	0	0	0	"34;26"	null	null	60	0	0	2	2	0	0	1	1	1	0	0	26	0	0	null	0	0	0	0	0	0	0	0	0	0	0	0
"00-0041027"	"J.Love"	"Jeremiyah Love"	"RB"	"RB"	"https://static.www.nfl.com/image/upload/f_auto,q_auto/league/b12gtjsylmql5v7iyyla"	2026	2	"REG"	"2026_02_SEA_ARI"	"ARI"	"SEA"	0	0	0	0	0	0	0	0	0	0	0	0	null	null	0	null	0	0	0	0	9	29	0	0	0	1	-2.5202722421381623	0	0	0	0	0	3	3	16	0	0	0	0	16	0	0.12589711672626436	0	0	0	0	0	0	0.11538461538461539	0	0.17307692307692307	0	0	0	0	0	0	0	0	0	0	0	0	0	0	0	0	0	0	0	0	0	0	0	0	0	0	0	0	0	0	0	0	0	0	0	0	0	0	0	0	0	0	null	null	0	0	0	0	0	0	0	0	0	0	0	0	null	null	null	0	0	0	0	0	0	0	null	0	0	0	0	0	0	0	null	0	0	0	0	0	0	0	0	0	0	4.5	7.5
"00-0041028"	"S.Styles"	"Sonny Styles"	"LB"	"LB"	"https://static.www.nfl.com/image/upload/f_auto,q_auto/league/wxufyrsnbie0gyq9piyf"	2026	2	"REG"	"2026_02_WAS_DAL"	"WAS"	"DAL"	0	0	0	0	0	0	0	0	0	0	0	0	null	null	0	null	0	0	0	0	0	0	0	0	0	0	null	0	0	0	0	0	0	0	0	0	0	0	0	0	0	null	0	0	0	0	0	null	0	0	0	0	0	0	3	0	0	0	0	0	0	0	0	0	0	0	0	0	0	0	0	0	0	0	0	0	0	0	0	0	0	0	0	0	0	0	0	0	0	0	0	0	0	null	null	0	0	0	0	0	0	0	0	0	0	0	0	null	null	null	0	0	0	0	0	0	0	null	0	0	0	0	0	0	0	null	0	0	0	0	0	0	0	0	0	0	0	0
"00-0041036"	"T.Parker"	"TJ Parker"	"LB"	"LB"	"https://static.www.nfl.com/image/upload/f_auto,q_auto/league/oayz0zuvip1soobdidga"	2026	2	"REG"	"2026_02_DET_BUF"	"BUF"	"DET"	0	0	0	0	0	0	0	0	0	0	0	0	null	null	0	null	0	0	0	0	0	0	0	0	0	0	null	0	0	0	0	0	0	0	0	0	0	0	0	0	0	null	0	0	0	0	0	null	0	0	0	0	1	0	0	0	0	0	0	0	0	0	0	0	0	0	0	0	0	0	0	0	0	0	0	0	0	0	0	0	0	0	0	0	0	0	0	0	0	0	0	0	0	null	null	0	0	0	0	0	0	0	0	0	0	0	0	null	null	null	0	0	0	0	0	0	0	null	0	0	0	0	0	0	0	null	0	0	0	0	0	0	0	0	0	0	0	0
"00-0041040"	"A.Williams"	"Antonio Williams"	"WR"	"WR"	"https://static.www.nfl.com/image/upload/f_auto,q_auto/league/noywrsgaqoqlv64c12yw"	2026	2	"REG"	"2026_02_WAS_DAL"	"WAS"	"DAL"	0	1	0	0	0	0	0	0	0	23	0	0	-0.581719929818064	-30.83031475543976	0	0	0	0	0	0	0	0	0	0	0	0	null	0	0	0	0	0	3	3	24	0	0	0	16	8	1	1.661763314215932	0	1	0	0	0	1.5	0.08823529411764706	0.04456824512534819	0.16355071276421432	0	0	0	0	0	0	0	0	0	0	0	0	0	0	0	0	0	0	0	0	0	0	0	0	0	0	0	0	0	0	0	0	0	0	0	0	0	0	0	0	0	0	null	null	0	0	0	0	0	0	0	0	0	0	0	0	null	null	null	0	0	0	0	0	0	0	null	0	0	0	0	0	0	0	null	0	0	0	0	0	0	0	0	0	0	2.4000000000000004	5.4
"00-0041042"	"M.Fields"	"Malachi Fields"	"WR"	"WR"	"https://static.www.nfl.com/image/upload/f_auto,q_auto/league/tpls1aptxx9x8xaqvjtj"	2026	2	"REG"	"2026_02_NYG_LA"	"NYG"	"LA"	0	0	0	0	0	0	0	0	0	0	0	0	null	null	0	null	0	0	0	0	0	0	0	0	0	0	null	0	0	0	0	0	2	6	30	0	0	0	131	6	2	-5.126942260423675	0	2	1	0	0	0.22900763358778625	0.1875	0.3841642228739003	0.5501649560117301	0	1	0	0	0	0	0	0	0	0	0	0	0	0	0	0	0	0	0	0	0	0	0	0	0	0	0	0	0	0	0	0	0	0	0	0	0	0	0	0	0	0	null	null	0	0	0	0	0	0	0	0	0	0	0	0	null	null	null	0	0	0	0	0	0	0	null	0	0	0	0	0	0	0	null	0	0	0	0	0	0	0	0	0	0	3	5
"00-0041064"	"G.Smith"	"Genesis Smith"	"SAF"	"DB"	"https://static.www.nfl.com/image/upload/f_auto,q_auto/league/xaausvzp0c7hyqgiqdbr"	2026	2	"REG"	"2026_02_LV_LAC"	"LAC"	"LV"	0	0	0	0	0	0	0	0	0	0	0	0	null	null	0	null	0	0	0	0	0	0	0	0	0	0	null	0	0	0	0	0	0	0	0	0	0	0	0	0	0	null	0	0	0	0	0	null	0	0	0	0	0	0	1	0	0	0	0	0	0	0	0	1	0	0	0	0	0	0	0	0	0	0	0	0	0	0	0	0	0	0	0	0	0	0	0	0	0	0	0	0	0	null	null	0	0	0	0	0	0	0	0	0	0	0	0	null	null	null	0	0	0	0	0	0	0	null	0	0	0	0	0	0	0	null	0	0	0	0	0	0	0	0	0	0	0	0
"00-0041072"	"N.Barrett"	"Nick Barrett"	"DT"	"DL"	"https://static.www.nfl.com/image/upload/f_auto,q_auto/league/q50al52f5lmwzulxqqtl"	2026	2	"REG"	"2026_02_LV_LAC"	"LAC"	"LV"	0	0	0	0	0	0	0	0	0	0	0	0	null	null	0	null	0	0	0	0	0	0	0	0	0	0	null	0	0	0	0	0	0	0	0	0	0	0	0	0	0	null	0	0	0	0	0	null	0	0	0	0	1	0	0	0	0	0	0	0	1	0	0	0	0	0	0	0	0	0	0	0	0	0	0	0	0	0	0	0	0	0	0	0	0	0	0	0	0	0	0	0	0	null	null	0	0	0	0	0	0	0	0	0	0	0	0	null	null	null	0	0	0	0	0	0	0	null	0	0	0	0	0	0	0	null	0	0	0	0	0	0	0	0	0	0	0	0
"00-0041096"	"K.Allen"	"Kaytron Allen"	"RB"	"RB"	"https://static.www.nfl.com/image/upload/f_auto,q_auto/league/vbhwkqty94alwjyz8cin"	2026	2	"REG"	"2026_02_WAS_DAL"	"WAS"	"DAL"	0	0	0	0	0	0	0	0	0	0	0	0	null	null	0	null	0	0	0	0	5	24	0	0	0	1	-2.092012543580495	0	0	0	0	0	0	0	0	0	0	0	0	0	0	null	0	0	0	0	0	null	0	0	0	0	0	0	0	0	0	0	0	0	0	0	0	0	0	0	0	0	0	0	0	0	0	0	0	0	0	0	0	0	0	0	0	0	0	0	0	0	0	0	0	0	0	null	null	0	0	0	0	0	0	0	0	0	0	0	0	null	null	null	0	0	0	0	0	0	0	null	0	0	0	0	0	0	0	null	0	0	0	0	0	0	0	0	0	0	2.4000000000000004	2.4000000000000004
"00-0041126"	"T.Doman"	"Tommy Doman Jr."	"P"	"SPEC"	"https://static.www.nfl.com/image/upload/f_auto,q_auto/league/kqtedpbw8nmmvnp5vomj"	2026	2	"REG"	"2026_02_DET_BUF"	"BUF"	"DET"	0	0	0	0	0	0	0	0	0	0	0	0	null	null	0	null	0	0	0	0	0	0	0	0	0	0	null	0	0	0	0	0	0	0	0	0	0	0	0	0	0	null	0	0	0	0	0	null	0	0	0	0	0	0	0	0	0	0	0	0	0	0	0	0	0	0	0	0	0	0	0	0	0	0	0	0	0	0	0	0	0	0	0	0	0	0	0	0	0	0	0	0	0	null	null	0	0	0	0	0	0	0	0	0	0	0	0	null	null	null	0	0	0	0	0	0	0	null	0	0	0	0	0	2	0	43	83	1	0	0	0	2	0	0	0	83	0	0
"00-0041145"	"D.Zvada"	"Dominic Zvada"	"K"	"SPEC"	"https://static.www.nfl.com/image/upload/f_auto,q_auto/league/rej45oauer8jysbtwbxm"	2026	2	"REG"	"2026_02_NYG_LA"	"NYG"	"LA"	0	0	0	0	0	0	0	0	0	0	0	0	null	null	0	null	0	0	0	0	0	0	0	0	0	0	null	0	0	0	0	0	0	0	0	0	0	0	0	0	0	null	0	0	0	0	0	null	0	0	0	0	0	0	0	0	0	0	0	0	0	0	0	0	0	0	0	0	0	0	0	0	0	0	0	0	0	0	0	0	0	0	0	0	0	0	0	0	0	2	2	0	0	52	1	0	1	0	0	1	0	0	0	0	0	0	0	"24;52"	null	null	76	0	0	0	0	0	0	null	0	0	0	0	0	0	0	null	0	0	0	0	0	0	0	0	0	0	0	0
"00-0041182"	"D.Stevens"	"Drew Stevens"	"K"	"SPEC"	"https://static.www.nfl.com/image/upload/f_auto,q_auto/league/dzlynw7seoaqck1r2il3"	2026	2	"REG"	"2026_02_WAS_DAL"	"WAS"	"DAL"	0	0	0	0	0	0	0	0	0	0	0	0	null	null	0	null	0	0	0	0	0	0	0	0	0	0	null	0	0	0	0	0	0	0	0	0	0	0	0	0	0	null	0	0	0	0	0	null	0	0	0	0	0	0	0	0	0	0	0	0	0	0	0	0	0	0	0	0	0	0	0	0	0	0	0	0	0	0	0	0	0	0	0	0	0	0	0	0	0	2	3	1	0	47	0.6666666666666666	0	1	0	1	0	0	0	0	0	0	1	0	"27;47"	"51"	null	74	51	0	2	2	0	0	1	0	0	0	0	0	0	0	null	0	0	0	0	0	0	0	0	0	0	0	0
"00-0041381"	"R.Shelley"	"Rodney Shelley"	"DB"	"DB"	"https://static.www.nfl.com/image/upload/f_auto,q_auto/league/h81syaexfnoma3efhimz"	2026	2	"REG"	"2026_02_LV_LAC"	"LAC"	"LV"	0	0	0	0	0	0	0	0	0	0	0	0	null	null	0	null	0	0	0	0	0	0	0	0	0	0	null	0	0	0	0	0	0	0	0	0	0	0	0	0	0	null	0	0	0	0	0	null	0	0	0	0	2	0	0	0	0	0	0	0	0	0	0	0	0	0	0	0	0	0	0	0	0	0	0	0	0	0	0	0	0	0	0	0	0	0	0	0	0	0	0	0	0	null	null	0	0	0	0	0	0	0	0	0	0	0	0	null	null	null	0	0	0	0	0	0	0	null	0	0	0	0	0	0	0	null	0	0	0	0	0	0	0	0	0	0	0	0
"00-0041391"	"D.Igbinosun"	"Davison Igbinosun"	"CB"	"DB"	"https://static.www.nfl.com/image/upload/f_auto,q_auto/league/jb0yvudwlaooyiemyxh8"	2026	2	"REG"	"2026_02_DET_BUF"	"BUF"	"DET"	0	0	0	0	0	0	0	0	0	0	0	0	null	null	0	null	0	0	0	0	0	0	0	0	0	0	null	0	0	0	0	0	0	0	0	0	0	0	0	0	0	null	0	0	0	0	0	null	0	0	0	0	4	0	1	0	0	0	0	0	0	0	0	0	0	0	0	0	0	0	0	0	0	0	0	0	0	0	1	5	0	0	0	0	0	0	0	0	0	0	0	0	0	null	null	0	0	0	0	0	0	0	0	0	0	0	0	null	null	null	0	0	0	0	0	0	0	null	0	0	0	0	0	0	0	null	0	0	0	0	0	0	0	0	0	0	0	0
"00-0041392"	"J.Slaughter"	"Jake Slaughter"	"C"	"OL"	"https://static.www.nfl.com/image/upload/f_auto,q_auto/league/m3tbps2o5cuy8ueeygjy"	2026	2	"REG"	"2026_02_LV_LAC"	"LAC"	"LV"	0	0	0	0	0	0	0	0	0	0	0	0	null	null	0	null	0	0	0	0	0	0	0	0	0	0	null	0	0	0	0	0	0	0	0	0	0	0	0	0	0	null	0	0	0	0	0	null	0	0	0	0	0	0	0	0	0	0	0	0	0	0	0	0	0	0	0	0	0	0	0	0	0	0	0	0	0	0	0	0	0	1	0	1	0	0	0	0	0	0	0	0	0	null	null	0	0	0	0	0	0	0	0	0	0	0	0	null	null	null	0	0	0	0	0	0	0	null	0	0	0	0	0	0	0	null	0	0	0	0	0	0	0	0	0	0	0	0
"00-0041404"	"W.Bailey"	"Wesley Bailey"	"LB"	"LB"	"https://static.www.nfl.com/image/upload/f_auto,q_auto/league/roysfq0w8zqapiaxl5ef"	2026	2	"REG"	"2026_02_NYG_LA"	"LA"	"NYG"	0	0	0	0	0	0	0	0	0	0	0	0	null	null	0	null	0	0	0	0	0	0	0	0	0	0	null	0	0	0	0	0	0	0	0	0	0	0	0	0	0	null	0	0	0	0	0	null	0	0	0	0	1	0	0	0	0	0	1	0	1	0	0	0	0	0	0	0	0	0	0	0	0	0	0	0	0	0	0	0	0	0	0	0	0	0	0	0	0	0	0	0	0	null	null	0	0	0	0	0	0	0	0	0	0	0	0	null	null	null	0	0	0	0	0	0	0	null	0	0	0	0	0	0	0	null	0	0	0	0	0	0	0	0	0	0	0	0
"00-0041438"	"C.Tate"	"Carnell Tate"	"WR"	"WR"	"https://static.www.nfl.com/image/upload/f_auto,q_auto/league/ghpmpzcnigxrdbyvcxke"	2026	2	"REG"	"2026_02_PHI_TEN"	"TEN"	"PHI"	0	0	0	0	0	0	0	0	0	0	0	0	null	null	0	null	0	0	0	0	0	0	0	0	0	0	null	0	0	0	0	0	3	5	27	0	0	0	50	2	1	-3.5470066311536357	0	1	0	0	0	0.54	0.29411764705882354	0.35714285714285715	0.6911764705882353	0	0	0	0	0	0	0	0	0	0	0	0	0	0	0	0	0	0	0	0	0	0	0	0	0	0	0	0	0	0	0	0	0	0	0	0	0	0	0	0	0	0	null	null	0	0	0	0	0	0	0	0	0	0	0	0	null	null	null	0	0	0	0	0	0	0	null	0	0	0	0	0	0	0	null	0	0	0	0	0	0	0	0	0	0	2.7	5.7
"00-0041444"	"K.Elarms-Orr"	"Kaleb Elarms-Orr"	"LB"	"LB"	"https://static.www.nfl.com/image/upload/f_auto,q_auto/league/uagxpthu9yavvnupay9y"	2026	2	"REG"	"2026_02_DET_BUF"	"BUF"	"DET"	0	0	0	0	0	0	0	0	0	0	0	0	null	null	0	null	0	0	0	0	0	0	0	0	0	0	null	0	0	0	0	0	0	0	0	0	0	0	0	0	0	null	0	0	0	0	0	null	0	0	0	0	0	0	2	0	0	0	0	0	0	0	0	0	0	0	0	0	0	0	0	0	0	0	0	0	0	0	0	0	0	0	0	0	0	0	0	0	0	0	0	0	0	null	null	0	0	0	0	0	0	0	0	0	0	0	0	null	null	null	0	0	0	0	0	0	0	null	0	0	0	0	0	0	0	null	0	0	0	0	0	0	0	0	0	0	0	0
"00-0041447"	"S.Gill-Howard"	"Skyler Gill-Howard"	"DT"	"DL"	"https://static.www.nfl.com/image/upload/f_auto,q_auto/league/noftllzrysprcx9tktdb"	2026	2	"REG"	"2026_02_DET_BUF"	"DET"	"BUF"	0	0	0	0	0	0	0	0	0	0	0	0	null	null	0	null	0	0	0	0	0	0	0	0	0	0	null	0	0	0	0	0	0	0	0	0	0	0	0	0	0	null	0	0	0	0	0	null	0	0	0	0	0	0	1	0	0	0	0	0	1	0	0	0	0	0	0	0	0	0	0	0	0	0	0	0	0	0	0	0	0	0	0	0	0	0	0	0	0	0	0	0	0	null	null	0	0	0	0	0	0	0	0	0	0	0	0	null	null	null	0	0	0	0	0	0	0	null	0	0	0	0	0	0	0	null	0	0	0	0	0	0	0	0	0	0	0	0
"00-0041459"	"E.O'Neill"	"Eric O'Neill"	"DE"	"DL"	"https://static.www.nfl.com/image/upload/f_auto,q_auto/league/kexejxtyigkg6wiopccu"	2026	2	"REG"	"2026_02_DET_BUF"	"DET"	"BUF"	0	0	0	0	0	0	0	0	0	0	0	0	null	null	0	null	0	0	0	0	0	0	0	0	0	0	null	0	0	0	0	0	0	0	0	0	0	0	0	0	0	null	0	0	0	0	0	null	0	0	0	0	1	0	0	0	0	0	0	0	0	0	0	0	0	0	0	0	0	0	0	0	0	0	0	0	0	0	0	0	0	0	0	0	0	0	0	0	0	0	0	0	0	null	null	0	0	0	0	0	0	0	0	0	0	0	0	null	null	null	0	0	0	0	0	0	0	null	0	0	0	0	0	0	0	null	0	0	0	0	0	0	0	0	0	0	0	0
"00-0041462"	"C.Hood"	"Colton Hood"	"CB"	"DB"	"https://static.www.nfl.com/image/upload/f_auto,q_auto/league/lzlv1gqqjzhawk3jfu8m"	2026	2	"REG"	"2026_02_NYG_LA"	"NYG"	"LA"	0	0	0	0	0	0	0	0	0	0	0	0	null	null	0	null	0	0	0	0	0	0	0	0	0	0	null	0	0	0	0	0	0	0	0	0	0	0	0	0	0	null	0	0	0	0	0	null	0	0	0	0	2	0	1	0	0	0	0	0	0	0	0	0	0	0	0	0	0	0	0	0	0	0	0	0	0	0	0	0	0	0	0	0	0	0	0	0	0	0	0	0	0	null	null	0	0	0	0	0	0	0	0	0	0	0	0	null	null	null	0	0	0	0	0	0	0	null	0	0	0	0	0	0	0	null	0	0	0	0	0	0	0	0	0	0	0	0
"00-0041479"	"A.Hill"	"Anthony Hill Jr."	"LB"	"LB"	"https://static.www.nfl.com/image/upload/f_auto,q_auto/league/rcozyv4kil96dw8aovh4"	2026	2	"REG"	"2026_02_PHI_TEN"	"TEN"	"PHI"	0	0	0	0	0	0	0	0	0	0	0	0	null	null	0	null	0	0	0	0	0	0	0	0	0	0	null	0	0	0	0	0	0	0	0	0	0	0	0	0	0	null	0	0	0	0	0	null	0	0	0	0	6	0	4	0	0	0	0	0	0	0	0	0	0	0	0	0	0	0	0	0	0	0	0	0	0	0	0	0	0	0	0	0	0	0	0	0	0	0	0	0	0	null	null	0	0	0	0	0	0	0	0	0	0	0	0	null	null	null	0	0	0	0	0	0	0	null	0	0	0	0	0	0	0	null	0	0	0	0	0	0	0	0	0	0	0	0
"00-0041505"	"F.Mauigoa"	"Francis Mauigoa"	"OT"	"OL"	"https://static.www.nfl.com/image/upload/f_auto,q_auto/league/sf5gdoimkobalbcvgirv"	2026	2	"REG"	"2026_02_NYG_LA"	"NYG"	"LA"	0	0	0	0	0	0	0	0	0	0	0	0	null	null	0	null	0	0	0	0	0	0	0	0	0	0	null	0	0	0	0	0	0	0	0	0	0	0	0	0	0	null	0	0	0	0	0	null	0	0	0	0	0	0	0	0	0	0	0	0	0	0	0	0	0	0	0	0	0	0	0	0	0	0	0	0	0	0	1	5	0	0	0	0	0	0	0	0	0	0	0	0	0	null	null	0	0	0	0	0	0	0	0	0	0	0	0	null	null	null	0	0	0	0	0	0	0	null	0	0	0	0	0	0	0	null	0	0	0	0	0	0	0	0	0	0	0	0
"00-0041508"	"K.Faulk"	"Keldric Faulk"	"DE"	"DL"	"https://static.www.nfl.com/image/upload/f_auto,q_auto/league/yn8hrjyo5q5kcmriamnb"	2026	2	"REG"	"2026_02_PHI_TEN"	"TEN"	"PHI"	0	0	0	0	0	0	0	0	0	0	0	0	null	null	0	null	0	0	0	0	0	0	0	0	0	0	null	0	0	0	0	0	0	0	0	0	0	0	0	0	0	null	0	0	0	0	0	null	0	0	0	0	0	0	1	0	0	0	0	0	0	0	0	0	0	0	0	0	0	0	0	0	0	0	0	0	0	0	0	0	0	0	0	0	0	0	0	0	0	0	0	0	0	null	null	0	0	0	0	0	0	0	0	0	0	0	0	null	null	null	0	0	0	0	0	0	0	null	0	0	0	0	0	0	0	null	0	0	0	0	0	0	0	0	0	0	0	0
"00-0041509"	"A.Reese"	"Arvell Reese"	"LB"	"LB"	"https://static.www.nfl.com/image/upload/f_auto,q_auto/league/tvhqfy34evkal6zpu9to"	2026	2	"REG"	"2026_02_NYG_LA"	"NYG"	"LA"	0	0	0	0	0	0	0	0	0	0	0	0	null	null	0	null	0	0	0	0	0	0	0	0	0	0	null	0	0	0	0	0	0	0	0	0	0	0	0	0	0	null	0	0	0	0	0	null	0	0	0	0	3	0	4	0	0	0	0	0	0	0	0	0	0	0	0	0	0	0	0	0	0	0	0	0	0	0	0	0	0	0	0	0	0	0	0	0	0	0	0	0	0	null	null	0	0	0	0	0	0	0	0	0	0	0	0	null	null	null	0	0	0	0	0	0	0	null	0	0	0	0	0	0	0	null	0	0	0	0	0	0	0	0	0	0	0	0
"00-0041537"	"M.Lawrence"	"Malachi Lawrence"	"LB"	"LB"	"https://static.www.nfl.com/image/upload/f_auto,q_auto/league/fyhju3zbedckstcoufxp"	2026	2	"REG"	"2026_02_WAS_DAL"	"DAL"	"WAS"	0	0	0	0	0	0	0	0	0	0	0	0	null	null	0	null	0	0	0	0	0	0	0	0	0	0	null	0	0	0	0	0	0	0	0	0	0	0	0	0	0	null	0	0	0	0	0	null	0	0	0	0	1	0	0	0	0	0	0	0	1	0	0	0	0	0	0	0	0	0	0	0	0	0	0	0	0	0	0	0	0	0	0	0	0	0	0	0	0	0	0	0	0	null	null	0	0	0	0	0	0	0	0	0	0	0	0	null	null	null	0	0	0	0	0	0	0	null	0	0	0	0	0	0	0	null	0	0	0	0	0	0	0	0	0	0	0	0
"00-0041544"	"A.Mesidor"	"Akheem Mesidor"	"LB"	"LB"	"https://static.www.nfl.com/image/upload/f_auto,q_auto/league/uzofkqafecc5zqqwyiyd"	2026	2	"REG"	"2026_02_LV_LAC"	"LAC"	"LV"	0	0	0	0	0	0	0	0	0	0	0	0	null	null	0	null	0	0	0	0	0	0	0	0	0	0	null	0	0	0	0	0	0	0	0	0	0	0	0	0	0	null	0	0	0	0	0	null	0	0	0	0	0	0	3	0	0	0	0.5	0.5	2	0	0	0	0	0	0	0	0	0	0	0	0	0	0	0	0	0	0	0	0	0	0	0	0	0	0	0	0	0	0	0	0	null	null	0	0	0	0	0	0	0	0	0	0	0	0	null	null	null	0	0	0	0	0	0	0	null	0	0	0	0	0	0	0	null	0	0	0	0	0	0	0	0	0	0	0	0
"00-0041550"	"B.Thompson"	"Brenen Thompson"	"WR"	"WR"	"https://static.www.nfl.com/image/upload/f_auto,q_auto/league/khlvgjk60vz6ghkwpmak"	2026	2	"REG"	"2026_02_LV_LAC"	"LAC"	"LV"	0	0	0	0	0	0	0	0	0	0	0	0	null	null	0	null	0	0	0	0	0	0	0	0	0	0	null	0	0	0	0	0	1	3	13	0	1	0	44	0	1	-0.8524914958886955	0	1	0	0	0	0.29545454545454547	0.11538461538461539	0.16356877323420074	0.28757506434086355	0	0	0	0	0	0	0	0	0	0	0	0	0	0	0	0	0	0	0	0	0	0	0	0	0	0	0	0	0	1	0	1	1	0	0	0	0	0	0	0	0	0	null	null	0	0	0	0	0	0	0	0	0	0	0	0	null	null	null	0	0	0	0	0	0	0	null	0	0	0	0	0	0	0	null	0	0	0	0	0	0	0	0	0	0	1.3	2.3
"00-0041563"	"J.McCoy"	"Jermod McCoy"	"CB"	"DB"	"https://static.www.nfl.com/image/upload/f_auto,q_auto/league/dhihcvbhqkm7sqcmhhwr"	2026	2	"REG"	"2026_02_LV_LAC"	"LV"	"LAC"	0	0	0	0	0	0	0	0	0	0	0	0	null	null	0	null	0	0	0	0	0	0	0	0	0	0	null	0	0	0	0	0	0	0	0	0	0	0	0	0	0	null	0	0	0	0	0	null	0	0	0	0	1	0	1	0	0	0	0	0	0	0	0	0	0	0	0	0	0	0	0	0	0	0	0	0	0	0	0	0	0	0	0	0	0	0	0	0	0	0	0	0	0	null	null	0	0	0	0	0	0	0	0	0	0	0	0	null	null	null	0	0	0	0	0	0	0	null	0	0	0	0	0	0	0	null	0	0	0	0	0	0	0	0	0	0	0	0
null	null	null	null	null	null	2026	2	"REG"	"2026_02_DET_BUF"	"BUF"	"DET"	0	0	0	0	0	0	0	0	0	0	0	0	null	null	0	null	0	0	0	0	0	0	0	0	0	0	null	0	0	0	0	0	0	0	0	0	0	0	0	0	0	null	0	0	0	0	0	null	0	0	0	0	0	0	0	0	0	0	0	0	0	0	0	0	0	0	1	0	0	0	0	0	0	0	0	0	0	0	17	83	0	0	0	0	0	0	0	0	0	0	0	0	0	null	null	0	0	0	0	0	0	0	0	0	0	0	0	null	null	null	0	0	0	0	0	0	0	null	0	0	0	0	0	0	0	null	0	0	0	0	0	0	0	0	0	0	0	0
"00-0025565"	"N.Folk"	"Nick Folk"	"K"	"SPEC"	"https://static.www.nfl.com/image/upload/f_auto,q_auto/league/qf6vaghxuoxqw0pyrvg3"	2026	3	"REG"	"2026_03_ATL_GB"	"ATL"	"GB"	0	0	0	0	0	0	0	0	0	0	0	0	null	null	0	null	0	0	0	0	0	0	0	0	0	0	null	0	0	0	0	0	0	0	0	0	0	0	0	0	0	null	0	0	0	0	0	null	0	0	0	0	0	0	0	0	0	0	0	0	0	0	0	0	0	0	0	0	0	0	0	0	0	0	0	0	0	0	0	0	0	0	0	0	0	0	0	0	0	2	2	0	0	44	1	0	0	1	1	0	0	0	0	0	0	0	0	"44;31"	null	null	75	0	0	3	3	0	0	1	0	0	0	0	0	0	0	null	0	0	0	0	0	0	0	0	0	0	0	0
"00-0026498"	"M.Stafford"	"Matthew Stafford"	"QB"	"QB"	"https://static.www.nfl.com/image/upload/f_auto,q_auto/league/jwpkjfrkzufdyh8u1mg7"	2026	3	"REG"	"2026_03_LA_DEN"	"LA"	"DEN"	30	55	390	2	2	4	-24	0	0	509	150	19	-0.6939477556940825	0.1590934334969034	0	0.7662082514734774	18	8	6	2	2	13	0	0	0	2	2.7243573754676618	0	1	0	0	0	0	0	0	0	0	0	0	0	0	null	0	0	0	0	0	null	0	0	0	0	0	0	0	0	0	0	0	0	0	0	0	0	0	0	0	0	0	0	0	0	0	0	0	0	0	0	0	0	0	0	0	0	0	0	0	0	0	0	0	0	0	null	null	0	0	0	0	0	0	0	0	0	0	0	0	null	null	null	0	0	0	0	0	0	0	null	0	0	0	0	0	0	0	null	0	0	0	0	0	0	0	0	0	0	20.900000000000002	20.900000000000002
"00-0027973"	"A.Dalton"	"Andy Dalton"	"QB"	"QB"	"https://static.www.nfl.com/image/upload/f_auto,q_auto/league/sfsneh0bn46e2kwve7sr"	2026	3	"REG"	"2026_03_PHI_CHI"	"PHI"	"CHI"	0	1	0	0	1	0	0	0	0	2	0	0	-5.569074313913006	-57.41029977798462	0	0	0	0	0	0	0	0	0	0	0	0	null	0	0	0	0	0	0	0	0	0	0	0	0	0	0	null	0	0	0	0	0	null	0	0	0	0	0	0	0	0	0	0	0	0	0	0	0	0	0	0	0	0	0	0	0	0	0	0	0	0	0	0	0	0	0	0	0	0	0	0	0	0	0	0	0	0	0	null	null	0	0	0	0	0	0	0	0	0	0	0	0	null	null	null	0	0	0	0	0	0	0	null	0	0	0	0	0	0	0	null	0	0	0	0	0	0	0	0	0	0	-2	-2
"00-0028986"	"C.Keenum"	"Case Keenum"	"QB"	"QB"	"https://static.www.nfl.com/image/upload/f_auto,q_auto/league/weixhyzal4ntsyszyepu"	2026	3	"REG"	"2026_03_PHI_CHI"	"CHI"	"PHI"	24	34	247	2	0	0	0	0	0	209	120	14	7.252864893835351	2.77622648898293	0	1.1818181818181819	11	4	3	1	4	6	1	1	0	1	-3.825768291775603	0	0	0	0	0	0	0	0	0	0	0	0	0	0	null	0	0	0	0	0	null	0	0	0	0	0	0	0	0	0	0	0	0	0	0	0	0	0	0	0	0	0	0	0	0	0	1	0	0	0	0	0	0	1	0	0	1	0	0	0	0	0	0	0	0	0	null	null	0	0	0	0	0	0	0	0	0	0	0	0	null	null	null	0	0	0	0	0	0	0	null	0	0	0	0	0	0	0	null	0	0	0	0	0	0	0	0	0	0	24.480000000000004	24.480000000000004
"00-0029607"	"D.Davis"	"Demario Davis"	"OLB"	"LB"	"https://static.www.nfl.com/image/upload/f_auto,q_auto/league/xfig8nml2gmofychoe3z"	2026	3	"REG"	"2026_03_NYJ_DET"	"NYJ"	"DET"	0	0	0	0	0	0	0	0	0	0	0	0	null	null	0	null	0	0	0	0	0	0	0	0	0	0	null	0	0	0	0	0	0	0	0	0	0	0	0	0	0	null	0	0	0	0	0	null	0	0	0	0	7	0	3	1	9	0	1	9	1	0	0	0	0	0	0	0	0	0	0	0	0	0	0	0	0	0	0	0	0	0	0	0	0	0	0	0	0	0	0	0	0	null	null	0	0	0	0	0	0	0	0	0	0	0	0	null	null	null	0	0	0	0	0	0	0	null	0	0	0	0	0	0	0	null	0	0	0	0	0	0	0	0	0	0	0	0
"00-0030061"	"Z.Ertz"	"Zach Ertz"	"TE"	"TE"	"https://static.www.nfl.com/image/upload/f_auto,q_auto/league/xktmmeumuoglbuam75iz"	2026	3	"REG"	"2026_03_PHI_CHI"	"PHI"	"CHI"	0	0	0	0	0	0	0	0	0	0	0	0	null	null	0	null	0	0	0	0	0	0	0	0	0	0	null	0	0	0	0	0	1	2	9	0	0	0	4	5	0	-0.8337842195178382	0	0	0	0	0	2.25	0.08	0.025806451612903226	0.13806451612903226	0	0	0	0	0	0	0	0	0	0	0	0	0	0	0	0	0	0	0	0	0	0	0	0	0	0	0	0	0	0	0	0	0	0	0	0	0	0	0	0	0	0	null	null	0	0	0	0	0	0	0	0	0	0	0	0	null	null	null	0	0	0	0	0	0	0	null	0	0	0	0	0	0	0	null	0	0	0	0	0	0	0	0	0	0	0.9	1.9
"00-0030140"	"T.Way"	"Tress Way"	"P"	"SPEC"	"https://static.www.nfl.com/image/upload/f_auto,q_auto/league/u61eijcazx9o4lb0lwp3"	2026	3	"REG"	"2026_03_SEA_WAS"	"WAS"	"SEA"	0	0	0	0	0	0	0	0	0	0	0	0	null	null	0	null	0	0	0	0	0	0	0	0	0	0	null	0	0	0	0	0	0	0	0	0	0	0	0	0	0	null	0	0	0	0	0	null	0	0	0	0	0	0	0	0	0	0	0	0	0	0	0	0	0	0	0	0	0	0	0	0	0	0	0	0	0	0	0	0	0	0	0	0	0	0	0	0	0	0	0	0	0	null	null	0	0	0	0	0	0	0	0	0	0	0	0	null	null	null	0	0	0	0	0	0	0	null	0	0	0	0	0	7	0	60	343	3	0	0	1	3	3	29	0	294	0	0
"00-0030279"	"K.Allen"	"Keenan Allen"	"WR"	"WR"	"https://static.www.nfl.com/image/upload/f_auto,q_auto/league/ri267r6lzfwarh89hsn6"	2026	3	"REG"	"2026_03_HOU_IND"	"IND"	"HOU"	0	0	0	0	0	0	0	0	0	0	0	0	null	null	0	null	0	0	0	0	0	0	0	0	0	0	null	0	0	0	0	0	6	9	63	1	0	0	71	19	3	5.322139363169423	0	2	2	2	0	0.8873239436619719	0.2571428571428571	0.2526690391459075	0.5625826131164209	0	0	0	0	0	0	0	0	0	0	0	0	0	0	0	0	0	0	0	0	0	0	0	0	0	0	0	1	5	0	0	0	0	0	0	0	0	0	0	0	0	0	null	null	0	0	0	0	0	0	0	0	0	0	0	0	null	null	null	0	0	0	0	0	0	0	null	0	0	0	0	0	0	0	null	0	0	0	0	0	0	0	0	0	0	12.3	18.3
"00-0030294"	"T.Jefferson"	"Tony Jefferson"	"S"	"DB"	"https://static.www.nfl.com/image/upload/f_auto,q_auto/league/frazimtiuk4fsvlghusz"	2026	3	"REG"	"2026_03_LAC_BUF"	"LAC"	"BUF"	0	0	0	0	0	0	0	0	0	0	0	0	null	null	0	null	0	0	0	0	0	0	0	0	0	0	null	0	0	0	0	0	0	0	0	0	0	0	0	0	0	null	0	0	0	0	0	null	0	0	0	0	2	0	0	0	0	0	0	0	0	0	0	1	0	0	0	0	0	0	0	0	0	0	0	1	0	0	0	0	0	0	0	0	0	0	0	0	0	0	0	0	0	null	null	0	0	0	0	0	0	0	0	0	0	0	0	null	null	null	0	0	0	0	0	0	0	null	0	0	0	0	0	0	0	null	0	0	0	0	0	0	0	0	0	0	0	0
"00-0030565"	"G.Smith"	"Geno Smith"	"QB"	"QB"	"https://static.www.nfl.com/image/upload/f_auto,q_auto/league/zppfqqcyjfma14jjif3a"	2026	3	"REG"	"2026_03_NYJ_DET"	"NYJ"	"DET"	31	37	321	3	0	5	-44	1	1	322	123	16	10.87924665722818	14.782754497395622	1	0.9968944099378882	11	7	6	1	2	12	0	0	0	1	-0.1315744249150157	0	1	0	0	0	0	0	0	0	0	0	0	0	0	null	0	0	0	0	0	null	0	0	0	0	0	0	0	0	0	0	0	0	0	0	0	0	0	0	0	0	0	0	0	0	0	0	0	0	0	0	0	0	1	0	0	1	1	0	0	0	0	0	0	0	0	null	null	0	0	0	0	0	0	0	0	0	0	0	0	null	null	null	0	0	0	0	0	0	0	null	0	0	0	0	0	0	0	null	0	0	0	0	0	0	0	0	0	0	26.04	26.04
"00-0031040"	"K.Mack"	"Khalil Mack"	"OLB"	"LB"	"https://static.www.nfl.com/image/upload/f_auto,q_auto/league/t9j95jylmjpevgbkvmqn"	2026	3	"REG"	"2026_03_LAC_BUF"	"LAC"	"BUF"	0	0	0	0	0	0	0	0	0	0	0	0	null	null	0	null	0	0	0	0	0	0	0	0	0	0	null	0	0	0	0	0	0	0	0	0	0	0	0	0	0	null	0	0	0	0	0	null	0	0	0	0	1	0	2	1	6	0	1	6	2	0	0	0	0	0	0	0	0	0	0	0	0	0	0	0	0	0	0	0	0	0	0	0	0	0	0	0	0	0	0	0	0	null	null	0	0	0	0	0	0	0	0	0	0	0	0	null	null	null	0	0	0	0	0	0	0	null	0	0	0	0	0	0	0	null	0	0	0	0	0	0	0	0	0	0	0	0
"00-0031136"	"C.Boswell"	"Chris Boswell"	"K"	"SPEC"	"https://static.www.nfl.com/image/upload/f_auto,q_auto/league/rxbnhvnfjmheuryvdmuf"	2026	3	"REG"	"2026_03_CIN_PIT"	"PIT"	"CIN"	0	0	0	0	0	0	0	0	0	0	0	0	null	null	0	null	0	0	0	0	0	0	0	0	0	0	null	0	0	0	0	0	0	0	0	0	0	0	0	0	0	null	0	0	0	0	0	null	0	0	0	0	0	0	0	0	0	0	0	0	0	0	0	0	0	0	0	0	0	0	0	0	0	0	0	0	0	0	0	0	0	0	0	0	0	0	0	0	0	3	3	0	0	44	1	0	0	2	1	0	0	0	0	0	0	0	0	"44;36;33"	null	null	113	0	0	3	3	0	0	1	0	0	0	0	0	0	0	null	0	0	0	0	0	0	0	0	0	0	0	0
"00-0031203"	"C.Santos"	"Cairo Santos"	"K"	"SPEC"	"https://static.www.nfl.com/image/upload/f_auto,q_auto/league/tz5ecjri52gwpoo9s7be"	2026	3	"REG"	"2026_03_PHI_CHI"	"CHI"	"PHI"	0	0	0	0	0	0	0	0	0	0	0	0	null	null	0	null	0	0	0	0	0	0	0	0	0	0	null	0	0	0	0	0	0	0	0	0	0	0	0	0	0	null	0	0	0	0	0	null	0	0	0	0	0	0	0	0	0	0	0	0	0	0	0	0	0	0	0	0	0	0	0	0	0	0	0	0	0	0	1	0	0	0	0	0	0	0	0	0	0	2	2	0	0	48	1	0	1	0	1	0	0	0	0	0	0	0	0	"29;48"	null	null	77	0	0	3	3	0	0	1	0	0	0	0	0	0	0	null	0	0	0	0	0	0	0	0	0	0	0	0
"00-0031381"	"D.Adams"	"Davante Adams"	"WR"	"WR"	"https://static.www.nfl.com/image/upload/f_auto,q_auto/league/tdzluk4xau3arxqk9zsl"	2026	3	"REG"	"2026_03_LA_DEN"	"LA"	"DEN"	0	0	0	0	0	0	0	0	0	0	0	0	null	null	0	null	0	0	0	0	0	0	0	0	0	0	null	0	0	0	0	0	7	13	137	0	0	0	227	51	4	5.048632020188961	0	6	3	3	1	0.6035242290748899	0.2653061224489796	0.44597249508840864	0.7101399302353555	0	0	0	0	0	0	0	0	0	0	0	0	0	0	0	0	0	0	0	0	0	0	0	0	0	0	0	1	10	0	0	0	0	0	0	0	0	0	0	0	0	0	null	null	0	0	0	0	0	0	0	0	0	0	0	0	null	null	null	0	0	0	0	0	0	0	null	0	0	0	0	0	0	0	null	0	0	0	0	0	0	0	0	0	0	13.700000000000001	20.700000000000003
"00-0031388"	"A.Donald"	"Aaron Donald"	"DE"	"DL"	"https://static.www.nfl.com/image/private/f_auto,q_auto/league/gou42dathlyc1rfn4pga"	2026	3	"REG"	"2026_03_LA_DEN"	"LA"	"DEN"	0	0	0	0	0	0	0	0	0	0	0	0	null	null	0	null	0	0	0	0	0	0	0	0	0	0	null	0	0	0	0	0	0	0	0	0	0	0	0	0	0	null	0	0	0	0	0	null	0	0	0	0	0	0	1	0	0	0	0	0	1	0	0	0	0	0	0	0	0	0	0	0	0	0	0	0	0	0	0	0	0	0	0	0	0	0	0	0	0	0	0	0	0	null	null	0	0	0	0	0	0	0	0	0	0	0	0	null	null	null	0	0	0	0	0	0	0	null	0	0	0	0	0	0	0	null	0	0	0	0	0	0	0	0	0	0	0	0
"00-0031411"	"D.Lawrence"	"DeMarcus Lawrence"	"LB"	"LB"	"https://static.www.nfl.com/image/upload/f_auto,q_auto/league/yo0w88bzr0s9qrnmadeq"	2026	3	"REG"	"2026_03_SEA_WAS"	"SEA"	"WAS"	0	0	0	0	0	0	0	0	0	0	0	0	null	null	0	null	0	0	0	0	0	0	0	0	0	0	null	0	0	0	0	0	0	0	0	0	0	0	0	0	0	null	0	0	0	0	0	null	0	0	0	0	1	1	3	1	2	0	0	0	3	0	0	0	0	0	0	0	0	0	0	0	0	0	0	0	0	0	0	0	0	0	0	0	0	0	0	0	0	0	0	0	0	null	null	0	0	0	0	0	0	0	0	0	0	0	0	null	null	null	0	0	0	0	0	0	0	null	0	0	0	0	0	0	0	null	0	0	0	0	0	0	0	0	0	0	0	0
"00-0031492"	"J.Myers"	"Jason Myers"	"K"	"SPEC"	"https://static.www.nfl.com/image/upload/f_auto,q_auto/league/zcd7q9loflr0t5bsvzig"	2026	3	"REG"	"2026_03_SEA_WAS"	"SEA"	"WAS"	0	0	0	0	0	0	0	0	0	0	0	0	null	null	0	null	0	0	0	0	0	0	0	0	0	0	null	0	0	0	0	0	0	0	0	0	0	0	0	0	0	null	0	0	0	0	0	null	0	0	0	0	0	0	0	0	0	0	0	0	0	0	0	0	0	0	0	0	0	0	0	0	0	0	0	0	0	0	1	0	0	0	0	0	0	0	0	0	0	1	1	0	0	57	1	0	0	0	0	1	0	0	0	0	0	0	0	"57"	null	null	57	0	0	4	4	0	0	1	0	0	0	0	0	0	0	null	0	0	0	0	0	0	0	0	0	0	0	0
"00-0031583"	"G.Jarrett"	"Grady Jarrett"	"DT"	"DL"	"https://static.www.nfl.com/image/upload/f_auto,q_auto/league/cchbtgvedcufwteb6dip"	2026	3	"REG"	"2026_03_PHI_CHI"	"CHI"	"PHI"	0	0	0	0	0	0	0	0	0	0	0	0	null	null	0	null	0	0	0	0	0	0	0	0	0	0	null	0	0	0	0	0	0	0	0	0	0	0	0	0	0	null	0	0	0	0	0	null	0	0	0	0	0	0	1	0	0	0	0	0	0	0	0	0	0	0	0	0	0	0	0	0	0	0	0	0	0	0	0	0	0	0	0	0	0	0	0	0	0	0	0	0	0	null	null	0	0	0	0	0	0	0	0	0	0	0	0	null	null	null	0	0	0	0	0	0	0	null	0	0	0	0	0	0	0	null	0	0	0	0	0	0	0	0	0	0	0	0
"00-0031588"	"S.Diggs"	"Stefon Diggs"	"WR"	"WR"	"https://static.www.nfl.com/image/upload/f_auto,q_auto/league/cemcexmscsarpvwhafln"	2026	3	"REG"	"2026_03_SEA_WAS"	"WAS"	"SEA"	0	0	0	0	0	0	0	0	0	0	0	0	null	null	0	null	0	0	0	0	0	0	0	0	0	0	null	0	0	0	0	0	4	7	33	0	0	0	33	25	2	-0.9858591905212961	0	2	0	0	0	1	0.23333333333333334	0.13306451612903225	0.44314516129032255	0	0	0	0	0	0	0	0	0	0	0	0	0	0	0	0	0	0	0	0	0	0	0	0	0	0	0	0	0	0	0	0	0	0	0	0	0	0	0	0	0	0	null	null	0	0	0	0	0	0	0	0	0	0	0	0	null	null	null	0	0	0	0	0	0	0	null	0	0	0	0	0	0	0	null	0	0	0	0	0	0	0	0	0	0	3.3000000000000003	7.300000000000001
"00-0031898"	"A.Singleton"	"Alex Singleton"	"LB"	"LB"	"https://static.www.nfl.com/image/upload/f_auto,q_auto/league/majblawsimvtv3k2xd6j"	2026	3	"REG"	"2026_03_LA_DEN"	"DEN"	"LA"	0	0	0	0	0	0	0	0	0	0	0	0	null	null	0	null	0	0	0	0	0	0	0	0	0	0	null	0	0	0	0	0	0	0	0	0	0	0	0	0	0	null	0	0	0	0	0	null	0	0	0	0	5	0	3	0	0	0	0	0	1	0	0	0	0	0	0	0	0	0	0	0	0	0	0	0	0	0	0	0	0	0	0	0	0	0	0	0	0	0	0	0	0	null	null	0	0	0	0	0	0	0	0	0	0	0	0	null	null	null	0	0	0	0	0	0	0	null	0	0	0	0	0	0	0	null	0	0	0	0	0	0	0	0	0	0	0	0
"00-0031933"	"L.Williams"	"Leonard Williams"	"DE"	"DL"	"https://static.www.nfl.com/image/upload/f_auto,q_auto/league/jhaogtinjeyrwbjsvbl4"	2026	3	"REG"	"2026_03_SEA_WAS"	"SEA"	"WAS"	0	0	0	0	0	0	0	0	0	0	0	0	null	null	0	null	0	0	0	0	0	0	0	0	0	0	null	0	0	0	0	0	0	0	0	0	0	0	0	0	0	null	0	0	0	0	0	null	0	0	0	0	1	1	1	2	8	0	1	5	3	0	0	0	0	0	0	0	0	0	0	0	0	0	0	0	0	0	0	0	0	0	0	0	0	0	0	0	0	0	0	0	0	null	null	0	0	0	0	0	0	0	0	0	0	0	0	null	null	null	0	0	0	0	0	0	0	null	0	0	0	0	0	0	0	null	0	0	0	0	0	0	0	0	0	0	0	0
"00-0032146"	"B.Dupree"	"Bud Dupree"	"OLB"	"LB"	"https://static.www.nfl.com/image/upload/f_auto,q_auto/league/cooz0t9nynyj7cfe1gac"	2026	3	"REG"	"2026_03_LAC_BUF"	"LAC"	"BUF"	0	0	0	0	0	0	0	0	0	0	0	0	null	null	0	null	0	0	0	0	0	0	0	0	0	0	null	0	0	0	0	0	0	0	0	0	0	0	0	0	0	null	0	0	0	0	0	null	0	0	0	0	0	0	1	0	0	0	0	0	0	0	0	0	0	0	0	0	0	0	0	0	0	0	0	0	0	0	0	0	0	0	0	0	0	0	0	0	0	0	0	0	0	null	null	0	0	0	0	0	0	0	0	0	0	0	0	null	null	null	0	0	0	0	0	0	0	null	0	0	0	0	0	0	0	null	0	0	0	0	0	0	0	0	0	0	0	0
"00-0032228"	"J.Cardona"	"Joe Cardona"	"LS"	"SPEC"	"https://static.www.nfl.com/image/upload/f_auto,q_auto/league/csekknezcx6bozjlcfc2"	2026	3	"REG"	"2026_03_LA_DEN"	"LA"	"DEN"	0	0	0	0	0	0	0	0	0	0	0	0	null	null	0	null	0	0	0	0	0	0	0	0	0	0	null	0	0	0	0	0	0	0	0	0	0	0	0	0	0	null	0	0	0	0	0	null	0	0	0	0	0	0	1	0	0	0	0	0	0	0	0	0	0	0	0	0	0	0	0	0	0	0	0	0	0	0	0	0	0	0	0	0	0	0	0	0	0	0	0	0	0	null	null	0	0	0	0	0	0	0	0	0	0	0	0	null	null	null	0	0	0	0	0	0	0	null	0	0	0	0	0	0	0	null	0	0	0	0	0	0	0	0	0	0	0	0
"00-0032268"	"M.Mariota"	"Marcus Mariota"	"QB"	"QB"	"https://static.www.nfl.com/image/upload/f_auto,q_auto/league/grx6m1fmu1odltjo3y31"	2026	3	"REG"	"2026_03_SEA_WAS"	"WAS"	"SEA"	19	31	183	3	0	2	-7	0	0	248	77	10	3.847252230392769	-0.22413700819015503	0	0.7379032258064516	7	3	2	0	5	11	0	0	0	1	-1.710542028355305	0	0	0	0	0	0	0	0	0	0	0	0	0	0	null	0	0	0	0	0	null	0	0	0	0	0	0	0	0	0	0	0	0	0	0	0	0	0	0	0	0	0	0	0	0	0	0	0	0	0	0	0	0	0	0	0	0	0	0	0	0	0	0	0	0	0	null	null	0	0	0	0	0	0	0	0	0	0	0	0	null	null	null	0	0	0	0	0	0	0	null	0	0	0	0	0	0	0	null	0	0	0	0	0	0	0	0	0	0	20.42	20.42
"00-0032385"	"S.Shepard"	"Sterling Shepard"	"WR"	"WR"	"https://static.www.nfl.com/image/upload/f_auto,q_auto/league/l47czwi8aaznnit0se5h"	2026	3	"REG"	"2026_03_NYJ_DET"	"NYJ"	"DET"	0	0	0	0	0	0	0	0	0	0	0	0	null	null	0	null	0	0	0	0	0	0	0	0	0	0	null	0	0	0	0	0	1	1	3	0	0	0	2	1	0	0.8325406482182443	1	0	0	0	0	1.5	0.027777777777777776	0.006211180124223602	0.04601449275362318	0	0	0	0	0	0	0	0	0	0	0	0	0	0	0	0	0	0	0	0	0	0	0	0	0	0	0	0	0	0	0	0	0	0	0	0	0	0	0	0	0	0	null	null	0	0	0	0	0	0	0	0	0	0	0	0	null	null	null	0	0	0	0	0	0	0	null	0	0	0	0	0	0	0	null	0	0	0	0	0	0	0	0	0	0	2.3	3.3
"00-0032387"	"J.Reed"	"Jarran Reed"	"DT"	"DL"	"https://static.www.nfl.com/image/upload/f_auto,q_auto/league/td7umxhgwkswls8rutk0"	2026	3	"REG"	"2026_03_SEA_WAS"	"SEA"	"WAS"	0	0	0	0	0	0	0	0	0	0	0	0	null	null	0	null	0	0	0	0	0	0	0	0	0	0	null	0	0	0	0	0	0	0	0	0	0	0	0	0	0	null	0	0	0	0	0	null	0	0	0	0	0	0	7	0	0	0	0	0	0	0	0	0	0	0	0	0	0	0	0	0	0	0	0	0	0	0	0	0	0	0	0	0	0	0	0	0	0	0	0	0	0	null	null	0	0	0	0	0	0	0	0	0	0	0	0	null	null	null	0	0	0	0	0	0	0	null	0	0	0	0	0	0	0	null	0	0	0	0	0	0	0	0	0	0	0	0
"00-0032464"	"K.Raymond"	"Kalif Raymond"	"WR"	"WR"	"https://static.www.nfl.com/image/upload/f_auto,q_auto/league/dpdv6dm0almcbjdppizx"	2026	3	"REG"	"2026_03_PHI_CHI"	"CHI"	"PHI"	0	0	0	0	0	0	0	0	0	0	0	0	null	null	0	null	0	0	0	0	0	0	0	0	0	0	null	0	0	0	0	0	6	7	90	1	0	0	58	41	4	7.00335611574701	0	4	1	1	1	1.5517241379310345	0.20588235294117646	0.27751196172248804	0.5030819026175064	0	0	0	0	0	0	0	0	0	0	0	0	0	0	0	0	0	0	0	0	0	0	0	0	0	0	0	0	0	0	0	0	0	0	2	15	0	0	0	0	0	0	null	null	0	0	0	0	0	0	0	0	0	0	0	0	null	null	null	0	0	0	0	0	0	0	null	0	0	0	0	0	0	0	null	0	0	0	0	0	0	0	0	0	0	15	21
"00-0032569"	"W.Lutz"	"Wil Lutz"	"K"	"SPEC"	"https://static.www.nfl.com/image/upload/f_auto,q_auto/league/vcglg5vsgbiyggwibgy0"	2026	3	"REG"	"2026_03_LA_DEN"	"DEN"	"LA"	0	0	0	0	0	0	0	0	0	0	0	0	null	null	0	null	0	0	0	0	0	0	0	0	0	0	null	0	0	0	0	0	0	0	0	0	0	0	0	0	0	null	0	0	0	0	0	null	0	0	0	0	0	0	0	0	0	0	0	0	0	0	0	0	0	0	0	0	0	0	0	0	0	0	0	0	0	0	0	0	0	0	0	0	0	0	0	0	0	0	1	1	0	null	0	0	0	0	0	0	0	0	0	0	1	0	0	null	"43"	null	0	43	0	2	2	0	0	1	0	0	0	0	0	0	0	null	0	0	0	0	0	0	0	0	0	0	0	0
"00-0032726"	"K.Fairbairn"	"Ka'imi Fairbairn"	"K"	"SPEC"	"https://static.www.nfl.com/image/upload/f_auto,q_auto/league/nbrs7doetqydf2rzhjjl"	2026	3	"REG"	"2026_03_HOU_IND"	"HOU"	"IND"	0	0	0	0	0	0	0	0	0	0	0	0	null	null	0	null	0	0	0	0	0	0	0	0	0	0	null	0	0	0	0	0	0	0	0	0	0	0	0	0	0	null	0	0	0	0	0	null	0	0	0	0	0	0	0	0	0	0	0	0	0	0	0	0	0	0	0	0	0	0	0	0	0	0	0	0	0	0	0	0	0	0	0	0	0	0	0	0	0	1	1	0	0	24	1	0	1	0	0	0	0	0	0	0	0	0	0	"24"	null	null	24	0	0	2	2	0	0	1	0	0	0	0	0	0	0	null	0	0	0	0	0	0	0	0	0	0	0	0
"00-0032764"	"D.Henry"	"Derrick Henry"	"RB"	"RB"	"https://static.www.nfl.com/image/upload/f_auto,q_auto/league/tm79x0iknqg6hms3ypyt"	2026	3	"REG"	"2026_03_BAL_DAL"	"BAL"	"DAL"	0	0	0	0	0	0	0	0	0	0	0	0	null	null	0	null	0	0	0	0	26	89	2	0	0	4	-10.827249079331523	0	2	1	1	0	1	1	0	0	0	0	-5	5	0	-0.600235674995929	0	0	0	0	0	0	0.05	-0.027624309392265192	0.05566298342541438	0	0	0	0	0	0	0	0	0	0	0	0	0	0	0	0	0	0	0	0	0	0	0	0	0	0	0	0	0	0	0	0	0	0	0	0	0	0	0	0	0	0	null	null	0	0	0	0	0	0	0	0	0	0	0	0	null	null	null	0	0	0	0	0	0	0	null	0	0	0	0	0	0	0	null	0	0	0	0	0	0	0	0	0	0	20.9	21.9
"00-0033090"	"H.Henry"	"Hunter Henry"	"TE"	"TE"	"https://static.www.nfl.com/image/upload/f_auto,q_auto/league/cvlunbqgztudbhjrug7l"	2026	3	"REG"	"2026_03_NE_JAX"	"NE"	"JAX"	0	0	0	0	0	0	0	0	0	0	0	0	null	null	0	null	0	0	0	0	0	0	0	0	0	0	null	0	0	0	0	0	1	2	5	0	0	0	15	5	0	-1.3844162633176893	0	0	0	0	0	0.3333333333333333	0.06666666666666667	0.04143646408839779	0.12900552486187844	0	0	0	0	0	0	0	0	0	0	0	0	0	0	0	0	0	0	0	0	0	0	0	0	0	0	0	0	0	0	0	0	0	0	0	0	0	0	0	0	0	0	null	null	0	0	0	0	0	0	0	0	0	0	0	0	null	null	null	0	0	0	0	0	0	0	null	0	0	0	0	0	0	0	null	0	0	0	0	0	0	0	0	0	0	0.5	1.5
"00-0033106"	"J.Goff"	"Jared Goff"	"QB"	"QB"	"https://static.www.nfl.com/image/upload/f_auto,q_auto/league/kaicbot8qhzrvddilbtp"	2026	3	"REG"	"2026_03_NYJ_DET"	"DET"	"NYJ"	25	32	269	2	0	2	-19	0	0	193	126	14	12.136147641522065	6.941527705038747	0	1.3937823834196892	10	4	3	1	4	6	0	0	0	0	-2.53032345342217	0	0	0	0	0	0	0	0	0	0	0	0	0	0	null	0	0	0	0	0	null	0	0	0	0	0	0	0	0	0	0	0	0	0	0	0	0	0	0	0	0	0	0	0	0	0	0	0	0	0	0	0	0	0	0	0	0	0	0	0	0	0	0	0	0	0	null	null	0	0	0	0	0	0	0	0	0	0	0	0	null	null	null	0	0	0	0	0	0	0	null	0	0	0	0	0	0	0	null	0	0	0	0	0	0	0	0	0	0	19.36	19.36
"00-0033110"	"T.Higbee"	"Tyler Higbee"	"TE"	"TE"	"https://static.www.nfl.com/image/upload/f_auto,q_auto/league/x1d4osiefibd04df6gow"	2026	3	"REG"	"2026_03_LA_DEN"	"LA"	"DEN"	0	0	0	0	0	0	0	0	0	0	0	0	null	null	0	null	0	0	0	0	0	0	0	0	0	0	null	0	0	0	0	0	8	11	62	1	0	0	78	20	6	1.8584174044663087	0	4	0	0	0	0.7948717948717948	0.22448979591836735	0.15324165029469547	0.44400384908383783	0	0	0	0	0	0	0	0	0	0	0	0	0	0	0	0	0	0	0	0	0	0	0	0	0	0	0	0	0	0	0	0	0	0	0	0	0	0	0	0	0	0	null	null	0	0	0	0	0	0	0	0	0	0	0	0	null	null	null	0	0	0	0	0	0	0	null	0	0	0	0	0	0	0	null	0	0	0	0	0	0	0	0	0	0	12.2	20.2
"00-0033246"	"J.Mundt"	"Johnny Mundt"	"TE"	"TE"	"https://static.www.nfl.com/image/upload/f_auto,q_auto/league/gbsnomwbzavt5124vvaz"	2026	3	"REG"	"2026_03_PHI_CHI"	"PHI"	"CHI"	0	0	0	0	0	0	0	0	0	0	0	0	null	null	0	null	0	0	0	0	0	0	0	0	0	0	null	0	0	0	0	0	1	1	4	0	0	0	-6	10	0	-1.162129020318389	0	0	0	0	0	0	0.04	-0.03870967741935484	0.03290322580645161	0	1	0	0	0	0	0	0	0	0	0	0	0	0	0	0	0	0	0	0	0	0	0	0	0	0	0	0	0	0	0	0	0	0	0	0	0	0	0	0	0	0	null	null	0	0	0	0	0	0	0	0	0	0	0	0	null	null	null	0	0	0	0	0	0	0	null	0	0	0	0	0	0	0	null	0	0	0	0	0	0	0	0	0	0	0.4	1.4
"00-0033294"	"C.Clark"	"Chuck Clark"	"SAF"	"DB"	"https://static.www.nfl.com/image/upload/f_auto,q_auto/league/zysqspeckaavbcyduzmz"	2026	3	"REG"	"2026_03_NYJ_DET"	"DET"	"NYJ"	0	0	0	0	0	0	0	0	0	0	0	0	null	null	0	null	0	0	0	0	0	0	0	0	0	0	null	0	0	0	0	0	0	0	0	0	0	0	0	0	0	null	0	0	0	0	0	null	0	0	0	0	3	0	4	1	17	1	1	17	1	0	0	0	0	0	0	0	0	0	0	0	0	0	0	0	0	0	0	0	0	0	0	0	0	0	0	0	0	0	0	0	0	null	null	0	0	0	0	0	0	0	0	0	0	0	0	null	null	null	0	0	0	0	0	0	0	null	0	0	0	0	0	0	0	null	0	0	0	0	0	0	0	0	0	0	0	0
"00-0033297"	"D.Jones"	"D.J. Jones"	"DT"	"DL"	"https://static.www.nfl.com/image/upload/f_auto,q_auto/league/ft4g8bxpn85mshqvp4lj"	2026	3	"REG"	"2026_03_LA_DEN"	"DEN"	"LA"	0	0	0	0	0	0	0	0	0	0	0	0	null	null	0	null	0	0	0	0	0	0	0	0	0	0	null	0	0	0	0	0	0	0	0	0	0	0	0	0	0	null	0	0	0	0	0	null	0	0	0	0	0	0	1	0	0	0	0	0	0	0	0	0	0	0	0	0	0	0	0	0	0	0	0	0	0	0	0	0	0	0	0	0	0	0	0	0	0	0	0	0	0	null	null	0	0	0	0	0	0	0	0	0	0	0	0	null	null	null	0	0	0	0	0	0	0	null	0	0	0	0	0	0	0	null	0	0	0	0	0	0	0	0	0	0	0	0
"00-0033303"	"H.Butker"	"Harrison Butker"	"K"	"SPEC"	"https://static.www.nfl.com/image/upload/f_auto,q_auto/league/yphf8avl8ji0ncdohabz"	2026	3	"REG"	"2026_03_KC_MIA"	"KC"	"MIA"	0	0	0	0	0	0	0	0	0	0	0	0	null	null	0	null	0	0	0	0	0	0	0	0	0	0	null	0	0	0	0	0	0	0	0	0	0	0	0	0	0	null	0	0	0	0	0	null	0	0	0	0	0	0	0	0	0	0	0	0	0	0	0	0	0	0	0	0	0	0	0	0	0	0	0	0	0	0	0	0	0	0	0	0	0	0	0	0	0	1	2	1	0	34	0.5	0	0	1	0	0	0	0	0	0	0	1	0	"34"	"50"	null	34	50	0	3	3	0	0	1	0	0	0	0	0	0	0	null	0	0	0	0	0	0	0	0	0	0	0	0
"00-0033538"	"G.Bolles"	"Garett Bolles"	"OT"	"OL"	"https://static.www.nfl.com/image/upload/f_auto,q_auto/league/xhxwjnd0emn65lfom6z7"	2026	3	"REG"	"2026_03_LA_DEN"	"DEN"	"LA"	0	0	0	0	0	0	0	0	0	0	0	0	null	null	0	null	0	0	0	0	0	0	0	0	0	0	null	0	0	0	0	0	0	0	0	0	0	0	0	0	0	null	0	0	0	0	0	null	0	0	0	0	0	0	0	0	0	0	0	0	0	0	0	0	0	0	0	0	0	0	0	0	0	0	0	0	0	0	2	15	0	0	0	0	0	0	0	0	0	0	0	0	0	null	null	0	0	0	0	0	0	0	0	0	0	0	0	null	null	null	0	0	0	0	0	0	0	null	0	0	0	0	0	0	0	null	0	0	0	0	0	0	0	0	0	0	0	0
"00-0033551"	"R.Douglas"	"Rasul Douglas"	"CB"	"DB"	"https://static.www.nfl.com/image/upload/f_auto,q_auto/league/f2ac9dmdbhc6rvgllcbt"	2026	3	"REG"	"2026_03_SEA_WAS"	"WAS"	"SEA"	0	0	0	0	0	0	0	0	0	0	0	0	null	null	0	null	0	0	0	0	0	0	0	0	0	0	null	0	0	0	0	0	0	0	0	0	0	0	0	0	0	null	0	0	0	0	0	null	0	0	0	0	3	0	0	0	0	0	0	0	0	0	0	1	0	0	0	0	0	0	0	0	0	0	0	0	0	0	0	0	0	0	0	0	0	0	0	0	0	0	0	0	0	null	null	0	0	0	0	0	0	0	0	0	0	0	0	null	null	null	0	0	0	0	0	0	0	null	0	0	0	0	0	0	0	null	0	0	0	0	0	0	0	0	0	0	0	0
"00-0033576"	"E.Saubert"	"Eric Saubert"	"TE"	"TE"	"https://static.www.nfl.com/image/upload/f_auto,q_auto/league/czzieyox5rht6ae3g5tx"	2026	3	"REG"	"2026_03_SEA_WAS"	"SEA"	"WAS"	0	0	0	0	0	0	0	0	0	0	0	0	null	null	0	null	0	0	0	0	0	0	0	0	0	0	null	0	0	0	0	0	1	2	13	1	1	0	6	9	1	1.4521016473299824	0	1	0	0	0	2.1666666666666665	0.044444444444444446	0.020689655172413793	0.08114942528735632	0	0	0	0	0	0	0	0	0	0	0	0	0	0	0	0	0	0	0	0	0	0	1	0	0	0	0	0	0	1	0	0	1	0	0	0	0	0	0	0	0	0	null	null	0	0	0	0	0	0	0	0	0	0	0	0	null	null	null	0	0	0	0	0	0	0	null	0	0	0	0	0	0	0	null	0	0	0	0	0	0	0	0	0	0	7.3	8.3
"00-0033579"	"X.Woods"	"Xavier Woods"	"FS"	"DB"	"https://static.www.nfl.com/image/upload/f_auto,q_auto/league/of7kdkfale5fnuz6u8gr"	2026	3	"REG"	"2026_03_PHI_CHI"	"CHI"	"PHI"	0	0	0	0	0	0	0	0	0	0	0	0	null	null	0	null	0	0	0	0	0	0	0	0	0	0	null	0	0	0	0	0	0	0	0	0	0	0	0	0	0	null	0	0	0	0	0	null	0	0	0	0	2	0	3	0	0	0	0	0	0	0	0	0	0	0	0	0	0	0	0	0	0	0	0	1	0	0	0	0	0	0	0	0	0	0	0	0	0	0	0	0	0	null	null	0	0	0	0	0	0	0	0	0	0	0	0	null	null	null	0	0	0	0	0	0	0	null	0	0	0	0	0	0	0	null	0	0	0	0	0	0	0	0	0	0	0	0
"00-0033787"	"J.Elliott"	"Jake Elliott"	"K"	"SPEC"	"https://static.www.nfl.com/image/upload/f_auto,q_auto/league/gxy1mhbnz1p2nufkg8qz"	2026	3	"REG"	"2026_03_PHI_CHI"	"PHI"	"CHI"	0	0	0	0	0	0	0	0	0	0	0	0	null	null	0	null	0	0	0	0	0	0	0	0	0	0	null	0	0	0	0	0	0	0	0	0	0	0	0	0	0	null	0	0	0	0	0	null	0	0	0	0	0	0	0	0	0	0	0	0	0	0	0	0	0	0	0	0	0	0	0	0	0	0	0	0	0	0	0	0	0	0	0	0	0	0	0	0	0	0	0	0	0	null	null	0	0	0	0	0	0	0	0	0	0	0	0	null	null	null	0	0	0	1	1	0	0	1	0	0	0	0	0	0	0	null	0	0	0	0	0	0	0	0	0	0	0	0
"00-0033881"	"E.Engram"	"Evan Engram"	"TE"	"TE"	"https://static.www.nfl.com/image/upload/f_auto,q_auto/league/nucl2dxmpvhlywhyro8o"	2026	3	"REG"	"2026_03_LA_DEN"	"DEN"	"LA"	0	0	0	0	0	0	0	0	0	0	0	0	null	null	0	null	0	0	0	0	0	0	0	0	0	0	null	0	0	0	0	0	0	2	0	0	0	0	1	0	0	-3.29232259420678	0	0	0	0	0	0	0.06451612903225806	0.005405405405405406	0.10055797733217088	0	0	0	0	0	0	0	0	0	0	0	0	0	0	0	0	0	0	0	0	0	0	0	0	0	0	0	0	0	0	0	0	0	0	0	0	0	0	0	0	0	0	null	null	0	0	0	0	0	0	0	0	0	0	0	0	null	null	null	0	0	0	0	0	0	0	null	0	0	0	0	0	0	0	null	0	0	0	0	0	0	0	0	0	0	0	0
"00-0033904"	"D.Dawkins"	"Dion Dawkins"	"OT"	"OL"	"https://static.www.nfl.com/image/upload/f_auto,q_auto/league/je2zvakc2v5jrahxtq05"	2026	3	"REG"	"2026_03_LAC_BUF"	"BUF"	"LAC"	0	0	0	0	0	0	0	0	0	0	0	0	null	null	0	null	0	0	0	0	0	0	0	0	0	0	null	0	0	0	0	0	0	0	0	0	0	0	0	0	0	null	0	0	0	0	0	null	0	0	0	0	0	0	0	0	0	0	0	0	0	0	0	0	0	0	0	0	0	0	0	0	0	0	0	0	0	0	2	15	0	0	0	0	0	0	0	0	0	0	0	0	0	null	null	0	0	0	0	0	0	0	0	0	0	0	0	null	null	null	0	0	0	0	0	0	0	null	0	0	0	0	0	0	0	null	0	0	0	0	0	0	0	0	0	0	0	0
"00-0033908"	"C.Kupp"	"Cooper Kupp"	"WR"	"WR"	"https://static.www.nfl.com/image/upload/f_auto,q_auto/league/kjixprihktsfog6wx9sq"	2026	3	"REG"	"2026_03_SEA_WAS"	"SEA"	"WAS"	0	0	0	0	0	0	0	0	0	0	0	0	null	null	0	null	0	0	0	0	0	0	0	0	0	0	null	0	0	0	0	0	4	5	46	1	0	0	35	23	3	3.6240251200686755	0	2	2	0	0	1.3142857142857143	0.1111111111111111	0.1206896551724138	0.2511494252873563	0	0	0	0	0	0	0	0	0	0	0	0	0	0	0	0	0	0	0	0	0	0	0	0	0	0	0	0	0	0	0	0	0	0	0	0	0	0	0	0	0	0	null	null	0	0	0	0	0	0	0	0	0	0	0	0	null	null	null	0	0	0	0	0	0	0	null	0	0	0	0	0	0	0	null	0	0	0	0	0	0	0	0	0	0	10.600000000000001	14.600000000000001
"00-0034160"	"M.Dickson"	"Michael Dickson"	"P"	"SPEC"	"https://static.www.nfl.com/image/upload/f_auto,q_auto/league/apjm64xahlm5hjmoxul7"	2026	3	"REG"	"2026_03_SEA_WAS"	"SEA"	"WAS"	0	0	0	0	0	0	0	0	0	0	0	0	null	null	0	null	0	0	0	0	0	0	0	0	0	0	null	0	0	0	0	0	0	0	0	0	0	0	0	0	0	null	0	0	0	0	0	null	0	0	0	0	0	0	0	0	0	0	0	0	0	0	0	0	0	0	0	0	0	0	0	0	0	0	0	0	0	0	0	0	0	0	0	0	0	0	0	0	0	0	0	0	0	null	null	0	0	0	0	0	0	0	0	0	0	0	0	null	null	null	0	0	0	0	0	0	0	null	0	0	0	0	0	4	0	52	174	0	1	0	1	2	0	0	0	154	0	0
"00-0034161"	"D.Carlson"	"Daniel Carlson"	"K"	"SPEC"	"https://static.www.nfl.com/image/upload/f_auto,q_auto/league/gsvj7rtvqwbwdeho8whf"	2026	3	"REG"	"2026_03_LV_NO"	"NO"	"LV"	0	0	0	0	0	0	0	0	0	0	0	0	null	null	0	null	0	0	0	0	0	0	0	0	0	0	null	0	0	0	0	0	0	0	0	0	0	0	0	0	0	null	0	0	0	0	0	null	0	0	0	0	0	0	0	0	0	0	0	0	0	0	0	0	0	0	0	0	0	0	0	0	0	0	0	0	0	0	1	0	0	0	0	0	0	0	0	0	0	0	0	0	0	null	null	0	0	0	0	0	0	0	0	0	0	0	0	null	null	null	0	0	0	3	4	0	1	0.75	0	0	0	0	0	0	0	null	0	0	0	0	0	0	0	0	0	0	0	0
"00-0034162"	"J.Scott"	"J.K. Scott"	"P"	"SPEC"	"https://static.www.nfl.com/image/upload/f_auto,q_auto/league/yayikawhfng99cqrosax"	2026	3	"REG"	"2026_03_LAC_BUF"	"LAC"	"BUF"	0	0	0	0	0	0	0	0	0	0	0	0	null	null	0	null	0	0	0	0	0	0	0	0	0	0	null	0	0	0	0	0	0	0	0	0	0	0	0	0	0	null	0	0	0	0	0	null	0	0	0	0	0	0	0	0	0	0	0	0	0	0	0	0	0	0	0	0	0	0	0	0	0	0	0	0	0	0	0	0	0	0	0	0	0	0	0	0	0	0	0	0	0	null	null	0	0	0	0	0	0	0	0	0	0	0	0	null	null	null	0	0	0	0	0	0	0	null	0	0	0	0	0	3	0	56	145	0	1	0	1	0	1	8	0	117	0	0
"00-0034173"	"E.Pineiro"	"Eddy Pineiro"	"K"	"SPEC"	"https://static.www.nfl.com/image/upload/f_auto,q_auto/league/v3vtl2t4dfzkueanjfwc"	2026	3	"REG"	"2026_03_ARI_SF"	"SF"	"ARI"	0	0	0	0	0	0	0	0	0	0	0	0	null	null	0	null	0	0	0	0	0	0	0	0	0	0	null	0	0	0	0	0	0	0	0	0	0	0	0	0	0	null	0	0	0	0	0	null	0	0	0	0	0	0	0	0	0	0	0	0	0	0	0	0	0	0	0	0	0	0	0	0	0	0	0	0	0	0	0	0	0	0	0	0	0	0	0	0	0	1	1	0	0	57	1	0	0	0	0	1	0	0	0	0	0	0	0	"57"	null	null	57	0	0	3	5	2	0	0.6	0	0	0	0	0	0	0	null	0	0	0	0	0	0	0	0	0	0	0	0
"00-0034234"	"P.Ford"	"Poona Ford"	"DT"	"DL"	"https://static.www.nfl.com/image/upload/f_auto,q_auto/league/emckafsx5psbs9pjhhpe"	2026	3	"REG"	"2026_03_LA_DEN"	"LA"	"DEN"	0	0	0	0	0	0	0	0	0	0	0	0	null	null	0	null	0	0	0	0	0	0	0	0	0	0	null	0	0	0	0	0	0	0	0	0	0	0	0	0	0	null	0	0	0	0	0	null	0	0	0	0	2	0	2	0	0	0	0	0	0	0	0	1	0	0	0	0	0	0	0	0	0	0	0	0	0	0	0	0	0	0	0	0	0	0	0	0	0	0	0	0	0	null	null	0	0	0	0	0	0	0	0	0	0	0	0	null	null	null	0	0	0	0	0	0	0	null	0	0	0	0	0	0	0	null	0	0	0	0	0	0	0	0	0	0	0	0
"00-0034272"	"M.Valdes-Scantling"	"Marquez Valdes-Scantling"	"WR"	"WR"	"https://static.www.nfl.com/image/upload/f_auto,q_auto/league/xkdli55uvkkffiq6fwnu"	2026	3	"REG"	"2026_03_LAC_BUF"	"LAC"	"BUF"	0	0	0	0	0	0	0	0	0	0	0	0	null	null	0	null	0	0	0	0	0	0	0	0	0	0	null	0	0	0	0	0	0	1	0	0	0	0	22	0	0	-5.819916021078825	0	0	0	0	0	0	0.030303030303030304	0.07534246575342465	0.09819427148194271	0	0	0	0	0	0	0	0	0	0	0	0	0	0	0	0	0	0	0	0	0	0	0	0	0	0	0	0	0	0	0	0	0	0	0	0	0	0	0	0	0	0	null	null	0	0	0	0	0	0	0	0	0	0	0	0	null	null	null	0	0	0	0	0	0	0	null	0	0	0	0	0	0	0	null	0	0	0	0	0	0	0	0	0	0	0	0
"00-0034333"	"D.Payne"	"Daron Payne"	"NT"	"DL"	"https://static.www.nfl.com/image/upload/f_auto,q_auto/league/fyaqgxzjicgbmrethav3"	2026	3	"REG"	"2026_03_SEA_WAS"	"WAS"	"SEA"	0	0	0	0	0	0	0	0	0	0	0	0	null	null	0	null	0	0	0	0	0	0	0	0	0	0	null	0	0	0	0	0	0	0	0	0	0	0	0	0	0	null	0	0	0	0	0	null	0	0	0	0	0	0	1	0	0	0	0	0	0	0	0	0	0	0	0	0	0	0	0	0	0	0	0	0	0	0	0	0	0	0	0	0	0	0	0	0	0	0	0	0	0	null	null	0	0	0	0	0	0	0	0	0	0	0	0	null	null	null	0	0	0	0	0	0	0	null	0	0	0	0	0	0	0	null	0	0	0	0	0	0	0	0	0	0	0	0
"00-0034348"	"C.Sutton"	"Courtland Sutton"	"WR"	"WR"	"https://static.www.nfl.com/image/upload/f_auto,q_auto/league/kqwmqcrlrwmqcvfuguhs"	2026	3	"REG"	"2026_03_LA_DEN"	"DEN"	"LA"	0	0	0	0	0	0	0	0	0	0	0	0	null	null	0	null	0	0	0	0	0	0	0	0	0	0	null	0	0	0	0	0	3	7	46	0	0	0	83	14	3	-1.629727615392767	0	2	1	1	0	0.5542168674698795	0.22580645161290322	0.4486486486486487	0.6527637314734089	0	0	0	0	0	0	0	0	0	0	0	0	0	0	0	0	0	0	0	0	0	0	0	0	0	0	0	0	0	0	0	0	0	0	0	0	0	0	0	0	0	0	null	null	0	0	0	0	0	0	0	0	0	0	0	0	null	null	null	0	0	0	0	0	0	0	null	0	0	0	0	0	0	0	null	0	0	0	0	0	0	0	0	0	0	4.6000000000000005	7.6000000000000005
"00-0034350"	"U.Nwosu"	"Uchenna Nwosu"	"LB"	"LB"	"https://static.www.nfl.com/image/upload/f_auto,q_auto/league/eovri4ccfixdbtikxbyg"	2026	3	"REG"	"2026_03_SEA_WAS"	"SEA"	"WAS"	0	0	0	0	0	0	0	0	0	0	0	0	null	null	0	null	0	0	0	0	0	0	0	0	0	0	null	0	0	0	0	0	0	0	0	0	0	0	0	0	0	null	0	0	0	0	0	null	0	0	0	0	0	0	2	0	0	0	0	0	0	0	0	1	0	0	0	0	0	0	0	0	0	0	0	0	0	0	0	0	0	0	0	0	0	0	0	0	0	0	0	0	0	null	null	0	0	0	0	0	0	0	0	0	0	0	0	null	null	null	0	0	0	0	0	0	0	null	0	0	0	0	0	0	0	null	0	0	0	0	0	0	0	0	0	0	0	0
"00-0034356"	"D.Jackson"	"Donte Jackson"	"CB"	"DB"	"https://static.www.nfl.com/image/upload/f_auto,q_auto/league/ptrcpfheqfuuyiqexmsq"	2026	3	"REG"	"2026_03_LAC_BUF"	"LAC"	"BUF"	0	0	0	0	0	0	0	0	0	0	0	0	null	null	0	null	0	0	0	0	0	0	0	0	0	0	null	0	0	0	0	0	0	0	0	0	0	0	0	0	0	null	0	0	0	0	0	null	0	0	0	0	0	0	0	0	0	0	0	0	0	0	0	1	0	0	0	0	0	0	0	0	0	0	0	0	0	0	0	0	0	0	0	0	0	0	0	0	0	0	0	0	0	null	null	0	0	0	0	0	0	0	0	0	0	0	0	null	null	null	0	0	0	0	0	0	0	null	0	0	0	0	0	0	0	null	0	0	0	0	0	0	0	0	0	0	0	0
"00-0034373"	"D.Armstrong"	"Dorance Armstrong"	"DE"	"DL"	"https://static.www.nfl.com/image/upload/f_auto,q_auto/league/iccauovlxlztcx36jitr"	2026	3	"REG"	"2026_03_SEA_WAS"	"WAS"	"SEA"	0	0	0	0	0	0	0	0	0	0	0	0	null	null	0	null	0	0	0	0	0	0	0	0	0	0	null	0	0	0	0	0	0	0	0	0	0	0	0	0	0	null	0	0	0	0	0	null	0	0	0	0	1	0	0	0	0	0	0	0	0	0	0	0	0	0	0	0	0	0	0	0	0	0	0	0	0	0	0	0	0	0	0	0	0	0	0	0	0	0	0	0	0	null	null	0	0	0	0	0	0	0	0	0	0	0	0	null	null	null	0	0	0	0	0	0	0	null	0	0	0	0	0	0	0	null	0	0	0	0	0	0	0	0	0	0	0	0
"00-0034384"	"D.Reed"	"D.J. Reed"	"CB"	"DB"	"https://static.www.nfl.com/image/upload/f_auto,q_auto/league/haxt1fpxhgnobin0d5sx"	2026	3	"REG"	"2026_03_NYJ_DET"	"DET"	"NYJ"	0	0	0	0	0	0	0	0	0	0	0	0	null	null	0	null	0	0	0	0	0	0	0	0	0	0	null	0	0	0	0	0	0	0	0	0	0	0	0	0	0	null	0	0	0	0	0	null	0	0	0	0	5	0	3	0	0	0	0	0	0	0	0	1	0	0	0	0	0	0	0	0	0	0	0	0	0	0	1	16	0	0	0	0	0	0	0	0	0	0	0	0	0	null	null	0	0	0	0	0	0	0	0	0	0	0	0	null	null	null	0	0	0	0	0	0	0	null	0	0	0	0	0	0	0	null	0	0	0	0	0	0	0	0	0	0	0	0
"00-0034397"	"T.Settle"	"Tim Settle"	"DT"	"DL"	"https://static.www.nfl.com/image/upload/f_auto,q_auto/league/pfxye4tf9lojvyeud1d9"	2026	3	"REG"	"2026_03_SEA_WAS"	"WAS"	"SEA"	0	0	0	0	0	0	0	0	0	0	0	0	null	null	0	null	0	0	0	0	0	0	0	0	0	0	null	0	0	0	0	0	0	0	0	0	0	0	0	0	0	null	0	0	0	0	0	null	0	0	0	0	1	0	0	0	0	0	0	0	0	0	0	1	0	0	0	0	0	0	0	0	0	0	0	1	0	0	0	0	0	0	0	0	0	0	0	0	0	0	0	0	0	null	null	0	0	0	0	0	0	0	0	0	0	0	0	null	null	null	0	0	0	0	0	0	0	null	0	0	0	0	0	0	0	null	0	0	0	0	0	0	0	0	0	0	0	0
"00-0034465"	"J.Reaves"	"Jeremy Reaves"	"DB"	"DB"	"https://static.www.nfl.com/image/upload/f_auto,q_auto/league/kwmtxcogvel516q4ws86"	2026	3	"REG"	"2026_03_SEA_WAS"	"WAS"	"SEA"	0	0	0	0	0	0	0	0	0	0	0	0	null	null	0	null	0	0	0	0	0	0	0	0	0	0	null	0	0	0	0	0	0	0	0	0	0	0	0	0	0	null	0	0	0	0	0	null	0	0	0	0	5	0	2	0	0	0	0	0	0	0	0	1	0	0	0	0	0	0	0	0	0	0	0	0	0	0	0	0	0	0	0	0	0	0	0	0	0	0	0	0	0	null	null	0	0	0	0	0	0	0	0	0	0	0	0	null	null	null	0	0	0	0	0	0	0	null	0	0	0	0	0	0	0	null	0	0	0	0	0	0	0	0	0	0	0	0
"00-0034782"	"H.Phillips"	"Harrison Phillips"	"DT"	"DL"	"https://static.www.nfl.com/image/upload/f_auto,q_auto/league/znophhdzukalwuwsx6vx"	2026	3	"REG"	"2026_03_NYJ_DET"	"NYJ"	"DET"	0	0	0	0	0	0	0	0	0	0	0	0	null	null	0	null	0	0	0	0	0	0	0	0	0	0	null	0	0	0	0	0	0	0	0	0	0	0	0	0	0	null	0	0	0	0	0	null	0	0	0	0	1	0	3	0	0	0	0	0	1	0	0	0	0	0	0	0	0	0	0	0	0	0	0	0	0	0	0	0	0	0	0	0	0	0	0	0	0	0	0	0	0	null	null	0	0	0	0	0	0	0	0	0	0	0	0	null	null	null	0	0	0	0	0	0	0	null	0	0	0	0	0	0	0	null	0	0	0	0	0	0	0	0	0	0	0	0
"00-0034790"	"D.James"	"Derwin James"	"FS"	"DB"	"https://static.www.nfl.com/image/upload/f_auto,q_auto/league/z9au0ajgcwoeozfdu0ec"	2026	3	"REG"	"2026_03_LAC_BUF"	"LAC"	"BUF"	0	0	0	0	0	0	0	0	0	0	0	0	null	null	0	null	0	0	0	0	0	0	0	0	0	0	null	0	0	0	0	0	0	0	0	0	0	0	0	0	0	null	0	0	0	0	0	null	0	0	0	0	3	0	1	0	0	0	0	0	0	0	0	0	0	0	0	0	0	0	0	0	0	0	0	0	0	0	0	0	0	0	0	0	0	0	0	0	0	0	0	0	0	null	null	0	0	0	0	0	0	0	0	0	0	0	0	null	null	null	0	0	0	0	0	0	0	null	0	0	0	0	0	0	0	null	0	0	0	0	0	0	0	0	0	0	0	0
"00-0034794"	"J.Sanders"	"Jason Sanders"	"K"	"SPEC"	"https://static.www.nfl.com/image/upload/f_auto,q_auto/league/k3ldptfygihmqgl2eir6"	2026	3	"REG"	"2026_03_NYJ_DET"	"NYJ"	"DET"	0	0	0	0	0	0	0	0	0	0	0	0	null	null	0	null	0	0	0	0	0	0	0	0	0	0	null	0	0	0	0	0	0	0	0	0	0	0	0	0	0	null	0	0	0	0	0	null	0	0	0	0	0	0	0	0	0	0	0	0	0	0	0	0	0	0	0	0	0	0	0	0	0	0	0	0	0	0	0	0	0	0	0	0	0	0	0	0	0	1	1	0	0	42	1	0	0	0	1	0	0	0	0	0	0	0	0	"42"	null	null	42	0	0	1	1	0	0	1	0	0	0	0	0	0	0	null	0	0	0	0	0	0	0	0	0	0	0	0
"00-0034827"	"D.Moore"	"DJ Moore"	"WR"	"WR"	"https://static.www.nfl.com/image/upload/f_auto,q_auto/league/lsavpxtqoqu25emwcnvy"	2026	3	"REG"	"2026_03_LAC_BUF"	"BUF"	"LAC"	0	0	0	0	0	0	0	0	0	0	0	0	null	null	0	null	0	0	0	0	0	0	0	0	0	0	null	0	0	0	0	0	6	10	67	0	0	0	127	23	4	-1.440529472239532	0	4	1	0	0	0.5275590551181102	0.38461538461538464	0.4774436090225564	0.9111336032388664	0	1	0	0	0	0	0	0	0	0	0	0	0	0	0	0	0	0	0	0	0	0	0	0	0	0	0	0	0	0	0	0	0	0	0	0	0	0	0	0	0	0	null	null	0	0	0	0	0	0	0	0	0	0	0	0	null	null	null	0	0	0	0	0	0	0	null	0	0	0	0	0	0	0	null	0	0	0	0	0	0	0	0	0	0	6.7	12.7
"00-0034832"	"B.Chubb"	"Bradley Chubb"	"OLB"	"LB"	"https://static.www.nfl.com/image/upload/f_auto,q_auto/league/k65yb752vk1uq7sweetl"	2026	3	"REG"	"2026_03_LAC_BUF"	"BUF"	"LAC"	0	0	0	0	0	0	0	0	0	0	0	0	null	null	0	null	0	0	0	0	0	0	0	0	0	0	null	0	0	0	0	0	0	0	0	0	0	0	0	0	0	null	0	0	0	0	0	null	0	0	0	0	0	0	3	0	0	0	0	0	2	0	0	0	0	0	0	0	0	0	0	0	0	0	0	0	0	0	1	15	0	0	0	0	0	0	0	0	0	0	0	0	0	null	null	0	0	0	0	0	0	0	0	0	0	0	0	null	null	null	0	0	0	0	0	0	0	null	0	0	0	0	0	0	0	null	0	0	0	0	0	0	0	0	0	0	0	0
"00-0034844"	"S.Barkley"	"Saquon Barkley"	"RB"	"RB"	"https://static.www.nfl.com/image/upload/f_auto,q_auto/league/qcayrzjpura2zydszonh"	2026	3	"REG"	"2026_03_PHI_CHI"	"PHI"	"CHI"	0	0	0	0	0	0	0	0	0	0	0	0	null	null	0	null	0	0	0	0	15	82	0	0	0	4	2.2430531647987664	0	3	3	0	0	1	2	-2	0	0	0	-6	4	0	-1.72101057972759	0	0	0	0	0	0.3333333333333333	0.08	-0.03870967741935484	0.0929032258064516	0	0	0	0	0	0	0	0	0	0	0	0	0	0	0	0	0	0	0	0	0	0	0	0	0	0	0	0	0	0	0	0	0	0	0	0	0	0	0	0	0	0	null	null	0	0	0	0	0	0	0	0	0	0	0	0	null	null	null	0	0	0	0	0	0	0	null	0	0	0	0	0	0	0	null	0	0	0	0	0	0	0	0	0	0	8	9
"00-0034857"	"J.Allen"	"Josh Allen"	"QB"	"QB"	"https://static.www.nfl.com/image/upload/f_auto,q_auto/league/mjwbioajzldkq1vzoz2d"	2026	3	"REG"	"2026_03_LAC_BUF"	"BUF"	"LAC"	16	26	204	0	2	4	-30	1	1	266	108	10	-0.41856371665325254	-0.8816129313065455	0	0.7669172932330827	9	5	3	0	8	22	2	0	0	3	3.401584380422719	0	0	0	0	0	1	1	1	0	0	0	-8	9	0	-0.5018461039289832	0	0	0	0	0	0	0.038461538461538464	-0.03007518796992481	0.03663967611336033	0	0	0	0	0	0	0	0	0	0	0	0	0	0	0	0	0	0	0	0	0	0	0	0	0	0	0	0	0	1	0	0	1	1	0	0	0	0	0	0	0	0	null	null	0	0	0	0	0	0	0	0	0	0	0	0	null	null	null	0	0	0	0	0	0	0	null	0	0	0	0	0	0	0	null	0	0	0	0	0	0	0	0	0	0	16.46	17.46
"00-0034869"	"S.Darnold"	"Sam Darnold"	"QB"	"QB"	"https://static.www.nfl.com/image/upload/f_auto,q_auto/league/fyay8vruj0cqmhopufzk"	2026	3	"REG"	"2026_03_SEA_WAS"	"SEA"	"WAS"	31	45	379	4	2	0	0	0	0	297	169	21	4.08015748056989	5.289578979665583	0	1.2760942760942762	19	9	4	0	1	5	0	0	0	1	1.606186656979844	0	0	0	0	0	0	0	0	0	0	0	0	0	0	null	0	0	0	0	0	null	0	0	0	0	0	0	0	0	0	0	0	0	0	0	0	0	0	0	0	0	0	0	0	0	0	0	0	0	0	0	0	0	0	0	0	0	0	0	0	0	0	0	0	0	0	null	null	0	0	0	0	0	0	0	0	0	0	0	0	null	null	null	0	0	0	0	0	0	0	null	0	0	0	0	0	0	0	null	0	0	0	0	0	0	0	0	0	0	27.66	27.66
"00-0034993"	"M.Epps"	"Marcus Epps"	"SAF"	"DB"	"https://static.www.nfl.com/image/upload/f_auto,q_auto/league/mlmepu3ng2uaqlo4sqhx"	2026	3	"REG"	"2026_03_PHI_CHI"	"PHI"	"CHI"	0	0	0	0	0	0	0	0	0	0	0	0	null	null	0	null	0	0	0	0	0	0	0	0	0	0	null	0	0	0	0	0	0	0	0	0	0	0	0	0	0	null	0	0	0	0	0	null	0	0	0	0	4	0	1	0	0	0	0	0	0	0	0	0	0	0	0	0	0	0	0	0	0	0	0	0	0	0	0	0	0	0	0	0	0	0	0	0	0	0	0	0	0	null	null	0	0	0	0	0	0	0	0	0	0	0	0	null	null	null	0	0	0	0	0	0	0	null	0	0	0	0	0	0	0	null	0	0	0	0	0	0	0	0	0	0	0	0
"00-0035125"	"A.Ingold"	"Alec Ingold"	"FB"	"RB"	"https://static.www.nfl.com/image/upload/f_auto,q_auto/league/saqgxmq3xrr68byket0r"	2026	3	"REG"	"2026_03_LAC_BUF"	"LAC"	"BUF"	0	0	0	0	0	0	0	0	0	0	0	0	null	null	0	null	0	0	0	0	0	0	0	0	0	0	null	0	0	0	0	0	3	4	35	0	0	0	39	20	1	1.096239661972504	0	1	1	1	0	0.8974358974358975	0.12121212121212122	0.13356164383561644	0.27531133250311335	0	0	0	0	0	0	0	0	0	0	0	0	0	0	0	0	0	0	0	0	0	0	0	0	0	0	0	0	0	0	0	0	0	0	0	0	0	0	0	0	0	0	null	null	0	0	0	0	0	0	0	0	0	0	0	0	null	null	null	0	0	0	0	0	0	0	null	0	0	0	0	0	0	0	null	0	0	0	0	0	0	0	0	0	0	3.5	6.5
"00-0035156"	"J.Fox"	"Jack Fox"	"P"	"SPEC"	"https://static.www.nfl.com/image/upload/f_auto,q_auto/league/iwfepgslxhtx236z6faz"	2026	3	"REG"	"2026_03_NYJ_DET"	"DET"	"NYJ"	0	0	0	0	0	0	0	0	0	0	0	0	null	null	0	null	0	0	0	0	0	0	0	0	0	0	null	0	0	0	0	0	0	0	0	0	0	0	0	0	0	null	0	0	0	0	0	null	0	0	0	0	0	0	0	0	0	0	0	0	0	0	0	0	0	0	0	0	0	0	0	0	0	0	0	0	0	0	0	0	0	0	0	0	0	0	0	0	0	0	0	0	0	null	null	0	0	0	0	0	0	0	0	0	0	0	0	null	null	null	0	0	0	0	0	0	0	null	0	0	0	0	0	2	0	43	85	1	0	1	0	1	0	0	0	85	0	0
"00-0035192"	"J.Slye"	"Joey Slye"	"K"	"SPEC"	"https://static.www.nfl.com/image/upload/f_auto,q_auto/league/qyugyvvddildncveryob"	2026	3	"REG"	"2026_03_TEN_NYG"	"TEN"	"NYG"	0	0	0	0	0	0	0	0	0	0	0	0	null	null	0	null	0	0	0	0	0	0	0	0	0	0	null	0	0	0	0	0	0	0	0	0	0	0	0	0	0	null	0	0	0	0	0	null	0	0	0	0	0	0	0	0	0	0	0	0	0	0	0	0	0	0	0	0	0	0	0	0	0	0	0	0	0	0	0	0	0	0	0	0	0	0	0	0	0	0	1	1	0	null	0	0	0	0	0	0	0	0	0	0	0	1	0	null	"59"	null	0	59	0	1	1	0	0	1	0	0	0	0	0	0	0	null	0	0	0	0	0	0	0	0	0	0	0	0
"00-0035202"	"D.Phillips"	"Del'Shawn Phillips"	"LB"	"LB"	"https://static.www.nfl.com/image/upload/f_auto,q_auto/league/plnsixu8jpozw1grxuvc"	2026	3	"REG"	"2026_03_LAC_BUF"	"LAC"	"BUF"	0	0	0	0	0	0	0	0	0	0	0	0	null	null	0	null	0	0	0	0	0	0	0	0	0	0	null	0	0	0	0	0	0	0	0	0	0	0	0	0	0	null	0	0	0	0	0	null	0	0	0	0	3	0	2	0	0	0	0	0	0	0	0	0	0	0	0	0	0	0	0	0	0	0	0	0	0	0	0	0	0	0	0	0	0	0	0	0	0	0	0	0	0	null	null	0	0	0	0	0	0	0	0	0	0	0	0	null	null	null	0	0	0	0	0	0	0	null	0	0	0	0	0	0	0	null	0	0	0	0	0	0	0	0	0	0	0	0
"00-0035230"	"E.Oliver"	"Ed Oliver"	"DT"	"DL"	"https://static.www.nfl.com/image/upload/f_auto,q_auto/league/wqmheiax6xnk7pvcdzav"	2026	3	"REG"	"2026_03_LAC_BUF"	"BUF"	"LAC"	0	0	0	0	0	0	0	0	0	0	0	0	null	null	0	null	0	0	0	0	0	0	0	0	0	0	null	0	0	0	0	0	0	0	0	0	0	0	0	0	0	null	0	0	0	0	0	null	0	0	0	0	1	0	0	0	0	0	0	0	3	0	0	0	0	0	0	0	0	0	0	0	0	0	0	0	0	0	0	0	0	0	0	0	0	0	0	0	0	0	0	0	0	null	null	0	0	0	0	0	0	0	0	0	0	0	0	null	null	null	0	0	0	0	0	0	0	null	0	0	0	0	0	0	0	null	0	0	0	0	0	0	0	0	0	0	0	0
"00-0035248"	"Z.Allen"	"Zach Allen"	"DE"	"DL"	"https://static.www.nfl.com/image/upload/f_auto,q_auto/league/ywtnmev7mxnkh1yhbrgx"	2026	3	"REG"	"2026_03_LA_DEN"	"DEN"	"LA"	0	0	0	0	0	0	0	0	0	0	0	0	null	null	0	null	0	0	0	0	0	0	0	0	0	0	null	0	0	0	0	0	0	0	0	0	0	0	0	0	0	null	0	0	0	0	0	null	0	0	0	0	1	0	1	1	9	0	1	9	5	0	0	0	0	0	0	0	0	0	0	0	0	0	0	0	0	0	0	0	0	0	0	0	0	0	0	0	0	0	0	0	0	null	null	0	0	0	0	0	0	0	0	0	0	0	0	null	null	null	0	0	0	0	0	0	0	null	0	0	0	0	0	0	0	null	0	0	0	0	0	0	0	0	0	0	0	0
"00-0035253"	"C.Gardner-Johnson"	"C.J. Gardner-Johnson"	"SAF"	"DB"	"https://static.www.nfl.com/image/upload/f_auto,q_auto/league/pvzkbh5j3zlna7pkywx6"	2026	3	"REG"	"2026_03_LAC_BUF"	"BUF"	"LAC"	0	0	0	0	0	0	0	0	0	0	0	0	null	null	0	null	0	0	0	0	0	0	0	0	0	0	null	0	0	0	0	0	0	0	0	0	0	0	0	0	0	null	0	0	0	0	0	null	0	0	0	0	3	0	2	0	0	0	0	0	0	1	41	2	0	0	0	0	0	0	0	0	0	0	0	0	0	0	1	5	0	0	0	0	0	0	0	0	0	0	0	0	0	null	null	0	0	0	0	0	0	0	0	0	0	0	0	null	null	null	0	0	0	0	0	0	0	null	0	0	0	0	0	0	0	null	0	0	0	0	0	0	0	0	0	0	0	0
"00-0035269"	"M.Gay"	"Matt Gay"	"K"	"SPEC"	"https://static.www.nfl.com/image/upload/f_auto,q_auto/league/opglxpqmhu21eydoyvg2"	2026	3	"REG"	"2026_03_LV_NO"	"LV"	"NO"	0	0	0	0	0	0	0	0	0	0	0	0	null	null	0	null	0	0	0	0	0	0	0	0	0	0	null	0	0	0	0	0	0	0	0	0	0	0	0	0	0	null	0	0	0	0	0	null	0	0	0	0	0	0	0	0	0	0	0	0	0	0	0	0	0	0	0	0	0	0	0	0	0	0	0	0	0	0	1	0	0	0	0	0	0	0	0	0	0	3	3	0	0	41	1	0	1	1	1	0	0	0	0	0	0	0	0	"41;37;25"	null	null	103	0	0	2	2	0	0	1	0	0	0	0	0	0	0	null	0	0	0	0	0	0	0	0	0	0	0	0
"00-0035279"	"C.Omenihu"	"Charles Omenihu"	"DE"	"DL"	"https://static.www.nfl.com/image/upload/f_auto,q_auto/league/epsvk3cdkn7m24ak0wsy"	2026	3	"REG"	"2026_03_SEA_WAS"	"WAS"	"SEA"	0	0	0	0	0	0	0	0	0	0	0	0	null	null	0	null	0	0	0	0	0	0	0	0	0	0	null	0	0	0	0	0	0	0	0	0	0	0	0	0	0	null	0	0	0	0	0	null	0	0	0	0	0	0	1	0	0	0	0	0	0	0	0	0	0	0	0	0	0	0	0	0	0	0	0	0	0	0	0	0	0	0	0	0	0	0	0	0	0	0	0	0	0	null	null	0	0	0	0	0	0	0	0	0	0	0	0	null	null	null	0	0	0	0	0	0	0	null	0	0	0	0	0	0	0	null	0	0	0	0	0	0	0	0	0	0	0	0
"00-0035357"	"C.Lewis"	"Cam Lewis"	"CB"	"DB"	"https://static.www.nfl.com/image/upload/f_auto,q_auto/league/daximpzohtbyuaxvak82"	2026	3	"REG"	"2026_03_PHI_CHI"	"CHI"	"PHI"	0	0	0	0	0	0	0	0	0	0	0	0	null	null	0	null	0	0	0	0	0	0	0	0	0	0	null	0	0	0	0	0	0	0	0	0	0	0	0	0	0	null	0	0	0	0	0	null	0	0	0	0	2	0	1	0	0	0	0	0	0	0	0	0	0	0	0	0	0	0	0	0	0	0	0	0	0	0	1	21	0	0	0	0	0	0	0	0	0	0	0	0	0	null	null	0	0	0	0	0	0	0	0	0	0	0	0	null	null	null	0	0	0	0	0	0	0	null	0	0	0	0	0	0	0	null	0	0	0	0	0	0	0	0	0	0	0	0
"00-0035358"	"C.McLaughlin"	"Chase McLaughlin"	"K"	"SPEC"	"https://static.www.nfl.com/image/upload/f_auto,q_auto/league/enkzsuyzk232mbq5oe4w"	2026	3	"REG"	"2026_03_MIN_TB"	"TB"	"MIN"	0	0	0	0	0	0	0	0	0	0	0	0	null	null	0	null	0	0	0	0	0	0	0	0	0	0	null	0	0	0	0	0	0	0	0	0	0	0	0	0	0	null	0	0	0	0	0	null	0	0	0	0	0	0	0	0	0	0	0	0	0	0	0	0	0	0	0	0	0	0	0	0	0	0	0	0	0	0	0	0	0	0	0	0	0	0	0	0	0	3	3	0	0	54	1	0	1	1	0	1	0	0	0	0	0	0	0	"28;38;54"	null	null	120	0	0	1	1	0	0	1	0	0	0	0	0	0	0	null	0	0	0	0	0	0	0	0	0	0	0	0
"00-0035386"	"T.Edwards"	"T.J. Edwards"	"LB"	"LB"	"https://static.www.nfl.com/image/upload/f_auto,q_auto/league/tqu3uz4nzkcq4crcepj3"	2026	3	"REG"	"2026_03_PHI_CHI"	"CHI"	"PHI"	0	0	0	0	0	0	0	0	0	0	0	0	null	null	0	null	0	0	0	0	0	0	0	0	0	0	null	0	0	0	0	0	0	0	0	0	0	0	0	0	0	null	0	0	0	0	0	null	0	0	0	0	1	1	1	1	2	0	0	0	0	1	0	3	0	0	0	0	0	0	0	0	0	0	0	0	0	0	0	0	0	0	0	0	0	0	0	0	0	0	0	0	0	null	null	0	0	0	0	0	0	0	0	0	0	0	0	null	null	null	0	0	0	0	0	0	0	null	0	0	0	0	0	0	0	null	0	0	0	0	0	0	0	0	0	0	0	0
"00-0035409"	"S.Tuttle"	"Shy Tuttle"	"DT"	"DL"	"https://static.www.nfl.com/image/upload/f_auto,q_auto/league/lcio402os2qzxmchbvvw"	2026	3	"REG"	"2026_03_SEA_WAS"	"WAS"	"SEA"	0	0	0	0	0	0	0	0	0	0	0	0	null	null	0	null	0	0	0	0	0	0	0	0	0	0	null	0	0	0	0	0	0	0	0	0	0	0	0	0	0	null	0	0	0	0	0	null	0	0	0	0	1	0	0	0	0	0	0	0	0	0	0	0	0	0	0	0	0	0	0	0	0	0	0	0	0	0	0	0	0	0	0	0	0	0	0	0	0	0	0	0	0	null	null	0	0	0	0	0	0	0	0	0	0	0	0	null	null	null	0	0	0	0	0	0	0	null	0	0	0	0	0	0	0	null	0	0	0	0	0	0	0	0	0	0	0	0
"00-0035500"	"G.Dortch"	"Greg Dortch"	"WR"	"WR"	"https://static.www.nfl.com/image/upload/f_auto,q_auto/league/pylafoddjiqh4rhjlhpf"	2026	3	"REG"	"2026_03_LAC_BUF"	"BUF"	"LAC"	0	0	0	0	0	0	0	0	0	0	0	0	null	null	0	null	0	0	0	0	0	0	0	0	0	0	null	0	0	0	0	0	0	0	0	0	0	0	0	0	0	null	0	0	0	0	0	null	0	0	0	0	0	0	0	0	0	0	0	0	0	0	0	0	0	0	0	0	0	0	0	0	0	0	0	0	0	0	0	0	0	0	0	0	0	1	8	3	92	0	0	0	0	null	null	0	0	0	0	0	0	0	0	0	0	0	0	null	null	null	0	0	0	0	0	0	0	null	0	0	0	0	0	0	0	null	0	0	0	0	0	0	0	0	0	0	0	0
"00-0035525"	"D.Bush"	"Devin Bush"	"LB"	"LB"	"https://static.www.nfl.com/image/upload/f_auto,q_auto/league/yn9buon12abtkbrm9cqm"	2026	3	"REG"	"2026_03_PHI_CHI"	"CHI"	"PHI"	0	0	0	0	0	0	0	0	0	0	0	0	null	null	0	null	0	0	0	0	0	0	0	0	0	0	null	0	0	0	0	0	0	0	0	0	0	0	0	0	0	null	0	0	0	0	0	null	0	0	0	0	3	0	2	1	1	0	0	0	0	0	0	0	0	0	0	0	0	0	0	0	0	0	0	0	0	0	0	0	0	0	0	0	0	0	0	0	0	0	0	0	0	null	null	0	0	0	0	0	0	0	0	0	0	0	0	null	null	null	0	0	0	0	0	0	0	null	0	0	0	0	0	0	0	null	0	0	0	0	0	0	0	0	0	0	0	0
"00-0035537"	"T.Johnson"	"Ty Johnson"	"RB"	"RB"	"https://static.www.nfl.com/image/upload/f_auto,q_auto/league/zruhihypizhtgpvsaj3c"	2026	3	"REG"	"2026_03_LAC_BUF"	"BUF"	"LAC"	0	0	0	0	0	0	0	0	0	0	0	0	null	null	0	null	0	0	0	0	0	0	0	0	0	0	null	0	0	0	0	0	4	4	50	0	0	0	0	50	3	5.771728663647082	0	2	2	1	0	0	0.15384615384615385	0	0.23076923076923078	0	0	0	0	0	0	0	0	0	0	0	0	0	0	0	0	0	0	0	0	0	0	0	0	0	0	0	0	0	0	0	0	0	0	0	0	0	0	0	0	0	0	null	null	0	0	0	0	0	0	0	0	0	0	0	0	null	null	null	0	0	0	0	0	0	0	null	0	0	0	0	0	0	0	null	0	0	0	0	0	0	0	0	0	0	5	9
"00-0035544"	"T.Kennedy"	"Tom Kennedy"	"WR"	"WR"	"https://static.www.nfl.com/image/upload/f_auto,q_auto/league/cbpuzvde5zqalmkjo0dv"	2026	3	"REG"	"2026_03_NYJ_DET"	"DET"	"NYJ"	0	0	0	0	0	0	0	0	0	0	0	0	null	null	0	null	0	0	0	0	0	0	0	0	0	0	null	0	0	0	0	0	0	0	0	0	0	0	0	0	0	null	0	0	0	0	0	null	0	0	0	0	0	0	0	0	0	0	0	0	0	0	0	0	0	0	0	0	0	0	0	0	0	0	0	0	0	0	0	0	0	0	0	0	0	1	11	1	23	0	0	0	0	null	null	0	0	0	0	0	0	0	0	0	0	0	0	null	null	null	0	0	0	0	0	0	0	null	0	0	0	0	0	0	0	null	0	0	0	0	0	0	0	0	0	0	0	0
"00-0035617"	"T.Reeder"	"Troy Reeder"	"LB"	"LB"	"https://static.www.nfl.com/image/upload/f_auto,q_auto/league/laiuwnorvmneuwvav61k"	2026	3	"REG"	"2026_03_NYJ_DET"	"NYJ"	"DET"	0	0	0	0	0	0	0	0	0	0	0	0	null	null	0	null	0	0	0	0	0	0	0	0	0	0	null	0	0	0	0	0	0	0	0	0	0	0	0	0	0	null	0	0	0	0	0	null	0	0	0	0	0	0	1	0	0	0	0	0	0	0	0	0	0	0	0	0	0	0	0	0	0	0	0	0	0	0	0	0	0	0	0	0	0	0	0	0	0	0	0	0	0	null	null	0	0	0	0	0	0	0	0	0	0	0	0	null	null	null	0	0	0	0	0	0	0	null	0	0	0	0	0	0	0	null	0	0	0	0	0	0	0	0	0	0	0	0
"00-0035637"	"R.Ya-Sin"	"Rock Ya-Sin"	"CB"	"DB"	"https://static.www.nfl.com/image/upload/f_auto,q_auto/league/llibqv3euvevt5m4ftnj"	2026	3	"REG"	"2026_03_NYJ_DET"	"DET"	"NYJ"	0	0	0	0	0	0	0	0	0	0	0	0	null	null	0	null	0	0	0	0	0	0	0	0	0	0	null	0	0	0	0	0	0	0	0	0	0	0	0	0	0	null	0	0	0	0	0	null	0	0	0	0	2	0	0	0	0	0	0	0	0	0	0	0	0	0	0	0	0	0	0	0	0	0	0	0	0	0	0	0	0	0	0	0	0	0	0	0	0	0	0	0	0	null	null	0	0	0	0	0	0	0	0	0	0	0	0	null	null	null	0	0	0	0	0	0	0	null	0	0	0	0	0	0	0	null	0	0	0	0	0	0	0	0	0	0	0	0
"00-0035647"	"M.Sweat"	"Montez Sweat"	"DE"	"DL"	"https://static.www.nfl.com/image/upload/f_auto,q_auto/league/lmaq9dyixaolzxleqb5e"	2026	3	"REG"	"2026_03_PHI_CHI"	"CHI"	"PHI"	0	0	0	0	0	0	0	0	0	0	0	0	null	null	0	null	0	0	0	0	0	0	0	0	0	0	null	0	0	0	0	0	0	0	0	0	0	0	0	0	0	null	0	0	0	0	0	null	0	0	0	0	1	0	0	1	2	0	1	2	1	0	0	0	0	0	0	0	0	0	0	0	0	0	0	0	0	0	0	0	0	0	0	0	0	0	0	0	0	0	0	0	0	null	null	0	0	0	0	0	0	0	0	0	0	0	0	null	null	null	0	0	0	0	0	0	0	null	0	0	0	0	0	0	0	null	0	0	0	0	0	0	0	0	0	0	0	0
"00-0035659"	"T.McLaurin"	"Terry McLaurin"	"WR"	"WR"	"https://static.www.nfl.com/image/upload/f_auto,q_auto/league/tmfl2zruajmkrtcg4zxp"	2026	3	"REG"	"2026_03_SEA_WAS"	"WAS"	"SEA"	0	0	0	0	0	0	0	0	0	0	0	0	null	null	0	null	0	0	0	0	0	0	0	0	0	0	null	0	0	0	0	0	6	9	77	1	0	0	110	6	5	5.1660218790057115	0	3	2	1	0	0.7	0.3	0.4435483870967742	0.760483870967742	0	0	0	0	0	0	0	0	0	0	0	0	0	0	0	0	0	0	0	0	0	0	0	0	0	0	0	0	0	0	0	0	0	0	0	0	0	0	0	0	0	0	null	null	0	0	0	0	0	0	0	0	0	0	0	0	null	null	null	0	0	0	0	0	0	0	null	0	0	0	0	0	0	0	null	0	0	0	0	0	0	0	0	0	0	13.7	19.7
"00-0035667"	"G.Gaines"	"Greg Gaines"	"DT"	"DL"	"https://static.www.nfl.com/image/upload/f_auto,q_auto/league/zo3aqstf8ng4tju17tid"	2026	3	"REG"	"2026_03_LAC_BUF"	"BUF"	"LAC"	0	0	0	0	0	0	0	0	0	0	0	0	null	null	0	null	0	0	0	0	0	0	0	0	0	0	null	0	0	0	0	0	0	0	0	0	0	0	0	0	0	null	0	0	0	0	0	null	0	0	0	0	0	0	2	0	0	0	0	0	0	0	0	0	0	0	0	0	0	0	0	0	0	0	0	0	0	0	0	0	0	0	0	0	0	0	0	0	0	0	0	0	0	null	null	0	0	0	0	0	0	0	0	0	0	0	0	null	null	null	0	0	0	0	0	0	0	null	0	0	0	0	0	0	0	null	0	0	0	0	0	0	0	0	0	0	0	0
"00-0035689"	"D.Knox"	"Dawson Knox"	"TE"	"TE"	"https://static.www.nfl.com/image/upload/f_auto,q_auto/league/k8bi9ppahwfmoxs8ij4w"	2026	3	"REG"	"2026_03_LAC_BUF"	"BUF"	"LAC"	0	0	0	0	0	0	0	0	0	0	0	0	null	null	0	null	0	0	0	0	1	0	0	0	0	0	-1.787635036278516	0	0	0	0	0	1	1	5	0	0	0	3	2	0	-0.07778867543675005	0	0	0	0	0	1.6666666666666667	0.038461538461538464	0.011278195488721804	0.06558704453441296	0	1	0	0	0	0	0	0	0	0	0	0	0	0	0	0	0	0	0	0	0	0	0	0	0	0	0	1	10	0	0	0	0	0	0	0	0	0	0	0	0	0	null	null	0	0	0	0	0	0	0	0	0	0	0	0	null	null	null	0	0	0	0	0	0	0	null	0	0	0	0	0	0	0	null	0	0	0	0	0	0	0	0	0	0	0.5	1.5
"00-0035763"	"M.Roach"	"Malcolm Roach"	"DT"	"DL"	"https://static.www.nfl.com/image/upload/f_auto,q_auto/league/oxcd8veodm7hkiualglu"	2026	3	"REG"	"2026_03_LA_DEN"	"DEN"	"LA"	0	0	0	0	0	0	0	0	0	0	0	0	null	null	0	null	0	0	0	0	0	0	0	0	0	0	null	0	0	0	0	0	0	0	0	0	0	0	0	0	0	null	0	0	0	0	0	null	0	0	0	0	2	0	2	1	1	0	0	0	1	0	0	1	0	0	0	0	0	0	0	0	0	0	0	0	0	0	0	0	0	0	0	0	0	0	0	0	0	0	0	0	0	null	null	0	0	0	0	0	0	0	0	0	0	0	0	null	null	null	0	0	0	0	0	0	0	null	0	0	0	0	0	0	0	null	0	0	0	0	0	0	0	0	0	0	0	0
"00-0036037"	"S.Franklin"	"Sam Franklin Jr."	"SAF"	"DB"	"https://static.www.nfl.com/image/upload/f_auto,q_auto/league/djoisg0rjwm8t8dlskvn"	2026	3	"REG"	"2026_03_LAC_BUF"	"BUF"	"LAC"	0	0	0	0	0	0	0	0	0	0	0	0	null	null	0	null	0	0	0	0	0	0	0	0	0	0	null	0	0	0	0	0	0	0	0	0	0	0	0	0	0	null	0	0	0	0	0	null	0	0	0	0	1	0	1	0	0	0	0	0	0	0	0	0	0	0	0	0	0	0	0	0	0	0	0	0	0	0	0	0	0	0	0	0	0	0	0	0	0	0	0	0	0	null	null	0	0	0	0	0	0	0	0	0	0	0	0	null	null	null	0	0	0	0	0	0	0	null	0	0	0	0	0	0	0	null	0	0	0	0	0	0	0	0	0	0	0	0
"00-0036124"	"K.Dorsey"	"Khalil Dorsey"	"CB"	"DB"	"https://static.www.nfl.com/image/upload/f_auto,q_auto/league/fuzzcdksr4hobrl1rdhv"	2026	3	"REG"	"2026_03_NYJ_DET"	"DET"	"NYJ"	0	0	0	0	0	0	0	0	0	0	0	0	null	null	0	null	0	0	0	0	0	0	0	0	0	0	null	0	0	0	0	0	0	0	0	0	0	0	0	0	0	null	0	0	0	0	0	null	0	0	0	0	1	0	0	0	0	0	0	0	0	0	0	0	0	0	0	0	0	0	0	0	0	0	0	0	0	0	0	0	0	0	0	0	0	0	0	0	0	0	0	0	0	null	null	0	0	0	0	0	0	0	0	0	0	0	0	null	null	null	0	0	0	0	0	0	0	null	0	0	0	0	0	0	0	null	0	0	0	0	0	0	0	0	0	0	0	0
"00-0036158"	"J.Dobbins"	"J.K. Dobbins"	"RB"	"RB"	"https://static.www.nfl.com/image/upload/f_auto,q_auto/league/cevotvl3ho5h1mioruyg"	2026	3	"REG"	"2026_03_LA_DEN"	"DEN"	"LA"	0	0	0	0	0	0	0	0	0	0	0	0	null	null	0	null	0	0	0	0	17	49	0	1	0	2	-1.9404759034223389	0	0	0	0	0	1	2	4	0	0	0	-3	4	0	-0.6200941279530525	0	0	0	0	0	-1.3333333333333333	0.06451612903225806	-0.016216216216216217	0.08542284219703575	0	0	0	0	0	0	0	0	0	0	0	0	0	0	0	0	0	0	0	0	0	0	0	0	0	0	0	0	0	1	0	0	1	0	0	0	0	0	0	0	0	0	null	null	0	0	0	0	0	0	0	0	0	0	0	0	null	null	null	0	0	0	0	0	0	0	null	0	0	0	0	0	0	0	null	0	0	0	0	0	0	0	0	0	0	5.300000000000001	6.300000000000001
"00-0036162"	"T.Bass"	"Tyler Bass"	"K"	"SPEC"	"https://static.www.nfl.com/image/upload/f_auto,q_auto/league/rwidgp7jp8vxhssi7und"	2026	3	"REG"	"2026_03_LAC_BUF"	"BUF"	"LAC"	0	0	0	0	0	0	0	0	0	0	0	0	null	null	0	null	0	0	0	0	0	0	0	0	0	0	null	0	0	0	0	0	0	0	0	0	0	0	0	0	0	null	0	0	0	0	0	null	0	0	0	0	0	0	0	0	0	0	0	0	0	0	0	0	0	0	0	0	0	0	0	0	0	0	0	0	0	0	0	0	0	0	0	0	0	0	0	0	0	1	1	0	0	28	1	0	1	0	0	0	0	0	0	0	0	0	0	"28"	null	null	28	0	0	3	3	0	0	1	0	0	0	0	0	0	0	null	0	0	0	0	0	0	0	0	0	0	0	0
"00-0036221"	"B.Jones"	"Brandon Jones"	"SAF"	"DB"	"https://static.www.nfl.com/image/upload/f_auto,q_auto/league/vsc57i9kmaaquegceqtt"	2026	3	"REG"	"2026_03_LA_DEN"	"DEN"	"LA"	0	0	0	0	0	0	0	0	0	0	0	0	null	null	0	null	0	0	0	0	0	0	0	0	0	0	null	0	0	0	0	0	0	0	0	0	0	0	0	0	0	null	0	0	0	0	0	null	0	0	0	0	10	0	2	1	2	0	0	0	1	0	0	1	0	0	0	0	0	0	0	0	0	0	0	0	0	0	0	0	0	0	0	0	0	0	0	0	0	0	0	0	0	null	null	0	0	0	0	0	0	0	0	0	0	0	0	null	null	null	0	0	0	0	0	0	0	null	0	0	0	0	0	0	0	null	0	0	0	0	0	0	0	0	0	0	0	0
"00-0036224"	"J.Greenard"	"Jonathan Greenard"	"LB"	"LB"	"https://static.www.nfl.com/image/upload/f_auto,q_auto/league/z49ugsnmbfkldervsiws"	2026	3	"REG"	"2026_03_PHI_CHI"	"PHI"	"CHI"	0	0	0	0	0	0	0	0	0	0	0	0	null	null	0	null	0	0	0	0	0	0	0	0	0	0	null	0	0	0	0	0	0	0	0	0	0	0	0	0	0	null	0	0	0	0	0	null	0	0	0	0	1	0	0	0	0	1	0	0	1	0	0	0	0	0	0	0	0	0	0	0	0	0	0	0	0	0	0	0	0	0	0	0	0	0	0	0	0	0	0	0	0	null	null	0	0	0	0	0	0	0	0	0	0	0	0	null	null	null	0	0	0	0	0	0	0	null	0	0	0	0	0	0	0	null	0	0	0	0	0	0	0	0	0	0	0	0
"00-0036244"	"C.Parkinson"	"Colby Parkinson"	"TE"	"TE"	"https://static.www.nfl.com/image/upload/f_auto,q_auto/league/qsyrgtfjj06wryahnxc9"	2026	3	"REG"	"2026_03_LA_DEN"	"LA"	"DEN"	0	0	0	0	0	0	0	0	0	0	0	0	null	null	0	null	0	0	0	0	0	0	0	0	0	0	null	0	0	0	0	0	0	1	0	0	0	0	3	0	0	-0.5195919330581091	0	0	0	0	0	0	0.02040816326530612	0.005893909626719057	0.03473798163666252	0	0	0	0	0	0	0	0	0	0	0	0	0	0	0	0	0	0	0	0	0	0	0	0	0	0	0	0	0	0	0	0	0	0	0	0	0	0	0	0	0	0	null	null	0	0	0	0	0	0	0	0	0	0	0	0	null	null	null	0	0	0	0	0	0	0	null	0	0	0	0	0	0	0	null	0	0	0	0	0	0	0	0	0	0	0	0
"00-0036258"	"J.Jackson"	"Jonah Jackson"	"G"	"OL"	"https://static.www.nfl.com/image/upload/f_auto,q_auto/league/dd2w0xyfjzbj4ooxflls"	2026	3	"REG"	"2026_03_PHI_CHI"	"CHI"	"PHI"	0	0	0	0	0	0	0	0	0	0	0	0	null	null	0	null	0	0	0	0	0	0	0	0	0	0	null	0	0	0	0	0	0	0	0	0	0	0	0	0	0	null	0	0	0	0	0	null	0	0	0	0	0	0	0	0	0	0	0	0	0	0	0	0	0	0	0	0	0	0	0	0	0	0	0	0	0	0	1	15	0	0	0	0	0	0	0	0	0	0	0	0	0	null	null	0	0	0	0	0	0	0	0	0	0	0	0	null	null	null	0	0	0	0	0	0	0	null	0	0	0	0	0	0	0	null	0	0	0	0	0	0	0	0	0	0	0	0
"00-0036260"	"J.Kinlaw"	"Javon Kinlaw"	"DT"	"DL"	"https://static.www.nfl.com/image/upload/f_auto,q_auto/league/jxqkukux4rgfpp5eekyo"	2026	3	"REG"	"2026_03_SEA_WAS"	"WAS"	"SEA"	0	0	0	0	0	0	0	0	0	0	0	0	null	null	0	null	0	0	0	0	0	0	0	0	0	0	null	0	0	0	0	0	0	0	0	0	0	0	0	0	0	null	0	0	0	0	0	null	0	0	0	0	0	0	2	0	0	0	0	0	1	0	0	0	0	0	0	0	0	0	0	0	0	0	0	0	0	0	0	0	0	0	0	0	0	0	0	0	0	0	0	0	0	null	null	0	0	0	0	0	0	0	0	0	0	0	0	null	null	null	0	0	0	0	0	0	0	null	0	0	0	0	0	0	0	null	0	0	0	0	0	0	0	0	0	0	0	0
"00-0036264"	"J.Love"	"Jordan Love"	"QB"	"QB"	"https://static.www.nfl.com/image/upload/f_auto,q_auto/league/thz8stjkbjwddxqnozi5"	2026	3	"REG"	"2026_03_ATL_GB"	"GB"	"ATL"	28	53	312	2	1	1	-1	0	0	392	134	15	3.57120850867047	-8.510311269292645	0	0.7959183673469388	13	4	4	1	1	0	0	1	0	0	-0.35274579748511314	0	0	0	0	0	0	0	0	0	0	0	0	0	0	null	0	0	0	0	0	null	0	0	0	0	0	0	0	0	0	0	0	0	0	0	0	0	0	0	0	0	0	0	0	0	0	0	0	0	0	0	0	0	0	1	0	1	0	0	0	0	0	0	0	0	0	null	null	0	0	0	0	0	0	0	0	0	0	0	0	null	null	null	0	0	0	0	0	0	0	null	0	0	0	0	0	0	0	null	0	0	0	0	0	0	0	0	0	0	18.48	18.48
"00-0036275"	"D.Swift"	"D'Andre Swift"	"RB"	"RB"	"https://static.www.nfl.com/image/upload/f_auto,q_auto/league/owpmwzoilitcodc6cmxo"	2026	3	"REG"	"2026_03_PHI_CHI"	"CHI"	"PHI"	0	0	0	0	0	0	0	0	0	0	0	0	null	null	0	null	0	0	0	0	20	84	0	0	0	2	-0.8183065922930837	0	1	1	0	0	2	3	4	0	0	0	-1	5	1	-0.4024647975456901	0	0	0	0	0	-4	0.08823529411764706	-0.004784688995215311	0.12900365887981988	0	0	0	0	0	0	0	0	0	0	0	0	0	0	0	0	0	0	0	0	0	0	0	0	0	0	0	1	5	0	0	0	0	0	0	0	0	0	0	0	0	0	null	null	0	0	0	0	0	0	0	0	0	0	0	0	null	null	null	0	0	0	0	0	0	0	null	0	0	0	0	0	0	0	null	0	0	0	0	0	0	0	0	0	0	8.8	10.8
"00-0036286"	"K.Chaisson"	"K'Lavon Chaisson"	"LB"	"LB"	"https://static.www.nfl.com/image/upload/f_auto,q_auto/league/gc9qqj4piwlwse4spobk"	2026	3	"REG"	"2026_03_SEA_WAS"	"WAS"	"SEA"	0	0	0	0	0	0	0	0	0	0	0	0	null	null	0	null	0	0	0	0	0	0	0	0	0	0	null	0	0	0	0	0	0	0	0	0	0	0	0	0	0	null	0	0	0	0	0	null	0	0	0	0	3	0	0	1	4	0	0	0	1	0	0	0	0	0	0	0	0	0	0	0	0	0	0	0	0	0	1	15	0	0	0	0	0	0	0	0	0	0	0	0	0	null	null	0	0	0	0	0	0	0	0	0	0	0	0	null	null	null	0	0	0	0	0	0	0	null	0	0	0	0	0	0	0	null	0	0	0	0	0	0	0	0	0	0	0	0
"00-0036290"	"C.Kmet"	"Cole Kmet"	"TE"	"TE"	"https://static.www.nfl.com/image/upload/f_auto,q_auto/league/ysnui8mzlu2fo70ub0yt"	2026	3	"REG"	"2026_03_PHI_CHI"	"CHI"	"PHI"	0	0	0	0	0	0	0	0	0	0	0	0	null	null	0	null	0	0	0	0	0	0	0	0	0	0	null	0	0	0	0	0	0	1	0	0	0	0	6	0	0	-0.5942271248204634	0	0	0	0	0	0	0.029411764705882353	0.028708133971291867	0.06421334083872783	0	0	0	0	0	0	0	0	0	0	0	0	0	0	0	0	0	0	0	0	0	0	0	0	0	0	0	0	0	0	0	0	0	0	0	0	0	0	0	0	0	0	null	null	0	0	0	0	0	0	0	0	0	0	0	0	null	null	null	0	0	0	0	0	0	0	null	0	0	0	0	0	0	0	null	0	0	0	0	0	0	0	0	0	0	0	0
"00-0036292"	"J.Johnson"	"Jaylon Johnson"	"CB"	"DB"	"https://static.www.nfl.com/image/upload/f_auto,q_auto/league/ooazlgwwseozyduthxn6"	2026	3	"REG"	"2026_03_PHI_CHI"	"CHI"	"PHI"	0	0	0	0	0	0	0	0	0	0	0	0	null	null	0	null	0	0	0	0	0	0	0	0	0	0	null	0	0	0	0	0	0	0	0	0	0	0	0	0	0	null	0	0	0	0	0	null	0	0	0	0	5	0	0	1	3	0	0	0	0	0	0	0	0	0	0	0	0	0	0	0	0	0	0	0	0	0	0	0	0	0	0	0	0	0	0	0	0	0	0	0	0	null	null	0	0	0	0	0	0	0	0	0	0	0	0	null	null	null	0	0	0	0	0	0	0	null	0	0	0	0	0	0	0	null	0	0	0	0	0	0	0	0	0	0	0	0
"00-0036313"	"B.Mann"	"Braden Mann"	"P"	"SPEC"	"https://static.www.nfl.com/image/upload/f_auto,q_auto/league/eizeojehmxkvvfahj1tk"	2026	3	"REG"	"2026_03_PHI_CHI"	"PHI"	"CHI"	0	0	0	0	0	0	0	0	0	0	0	0	null	null	0	null	0	0	0	0	0	0	0	0	0	0	null	0	0	0	0	0	0	0	0	0	0	0	0	0	0	null	0	0	0	0	0	null	0	0	0	0	0	0	0	0	0	0	0	0	0	0	0	0	0	0	0	0	0	0	0	0	0	0	0	0	0	0	0	0	0	0	0	0	0	0	0	0	0	0	0	0	0	null	null	0	0	0	0	0	0	0	0	0	0	0	0	null	null	null	0	0	0	0	0	0	0	null	0	0	0	0	0	4	0	50	167	2	1	0	0	1	2	15	0	152	0	0
"00-0036322"	"J.Jefferson"	"Justin Jefferson"	"WR"	"WR"	"https://static.www.nfl.com/image/upload/f_auto,q_auto/league/htjevkugzk6ietrjysny"	2026	3	"REG"	"2026_03_MIN_TB"	"MIN"	"TB"	0	0	0	0	0	0	0	0	0	0	0	0	null	null	0	null	0	0	0	0	0	0	0	0	0	0	null	0	0	0	0	0	2	2	32	0	0	0	18	14	1	1.7265080997530053	0	2	1	1	0	1.7777777777777777	0.08	0.07142857142857142	0.16999999999999998	0	0	0	0	0	0	0	0	0	0	0	0	0	0	0	0	0	0	0	0	0	0	0	0	0	0	0	0	0	0	0	0	0	0	0	0	0	0	0	0	0	0	null	null	0	0	0	0	0	0	0	0	0	0	0	0	null	null	null	0	0	0	0	0	0	0	null	0	0	0	0	0	0	0	null	0	0	0	0	0	0	0	0	0	0	3.2	5.2
"00-0036335"	"D.Wonnum"	"D.J. Wonnum"	"DE"	"DL"	"https://static.www.nfl.com/image/upload/f_auto,q_auto/league/ajj965d0f6fmtfprrsgo"	2026	3	"REG"	"2026_03_NYJ_DET"	"DET"	"NYJ"	0	0	0	0	0	0	0	0	0	0	0	0	null	null	0	null	0	0	0	0	0	0	0	0	0	0	null	0	0	0	0	0	0	0	0	0	0	0	0	0	0	null	0	0	0	0	0	null	0	0	0	0	2	0	0	2	14	0	2	14	2	0	0	0	0	0	0	0	0	0	0	0	0	0	0	0	0	0	0	0	0	0	0	0	0	0	0	0	0	0	0	0	0	null	null	0	0	0	0	0	0	0	0	0	0	0	0	null	null	null	0	0	0	0	0	0	0	null	0	0	0	0	0	0	0	null	0	0	0	0	0	0	0	0	0	0	0	0
"00-0036337"	"J.Lynch"	"James Lynch"	"DT"	"DL"	"https://static.www.nfl.com/image/upload/f_auto,q_auto/league/mmgzvvsxc3nffzkzyidq"	2026	3	"REG"	"2026_03_PHI_CHI"	"CHI"	"PHI"	0	0	0	0	0	0	0	0	0	0	0	0	null	null	0	null	0	0	0	0	0	0	0	0	0	0	null	0	0	0	0	0	0	0	0	0	0	0	0	0	0	null	0	0	0	0	0	null	0	0	0	0	0	0	1	0	0	0	0	0	0	0	0	0	0	0	0	0	0	0	0	0	0	0	0	0	0	0	0	0	0	0	0	0	0	0	0	0	0	0	0	0	0	null	null	0	0	0	0	0	0	0	0	0	0	0	0	null	null	null	0	0	0	0	0	0	0	null	0	0	0	0	0	0	0	null	0	0	0	0	0	0	0	0	0	0	0	0
"00-0036338"	"T.Dye"	"Troy Dye"	"LB"	"LB"	"https://static.www.nfl.com/image/upload/f_auto,q_auto/league/gfdhupqzscbwdyhvowq4"	2026	3	"REG"	"2026_03_LAC_BUF"	"LAC"	"BUF"	0	0	0	0	0	0	0	0	0	0	0	0	null	null	0	null	0	0	0	0	0	0	0	0	0	0	null	0	0	0	0	0	0	0	0	0	0	0	0	0	0	null	0	0	0	0	0	null	0	0	0	0	4	0	2	0	0	0	0	0	0	0	0	1	0	0	0	0	0	0	0	0	0	0	0	0	0	0	0	0	0	0	0	0	0	0	0	0	0	0	0	0	0	null	null	0	0	0	0	0	0	0	0	0	0	0	0	null	null	null	0	0	0	0	0	0	0	null	0	0	0	0	0	0	0	null	0	0	0	0	0	0	0	0	0	0	0	0
"00-0036349"	"K.Curl"	"Kam Curl"	"SAF"	"DB"	"https://static.www.nfl.com/image/upload/f_auto,q_auto/league/b57yoekpyop58abtiilz"	2026	3	"REG"	"2026_03_LA_DEN"	"LA"	"DEN"	0	0	0	0	0	0	0	0	0	0	0	0	null	null	0	null	0	0	0	0	0	0	0	0	0	0	null	0	0	0	0	0	0	0	0	0	0	0	0	0	0	null	0	0	0	0	0	null	0	0	0	0	3	0	0	0	0	0	0	0	0	0	0	0	0	0	0	0	0	0	0	0	0	0	0	0	0	0	0	0	0	0	0	0	0	0	0	0	0	0	0	0	0	null	null	0	0	0	0	0	0	0	0	0	0	0	0	null	null	null	0	0	0	0	0	0	0	null	0	0	0	0	0	0	0	null	0	0	0	0	0	0	0	0	0	0	0	0
"00-0036355"	"J.Herbert"	"Justin Herbert"	"QB"	"QB"	"https://static.www.nfl.com/image/upload/f_auto,q_auto/league/jnkspnntgebegzp4ghve"	2026	3	"REG"	"2026_03_LAC_BUF"	"LAC"	"BUF"	20	34	226	1	1	2	-9	0	0	292	111	11	-6.369609650015765	-0.9744671258059415	0	0.773972602739726	10	6	5	0	4	17	0	0	0	2	1.6403282855753787	0	0	0	0	0	0	0	0	0	0	0	0	0	0	null	0	0	0	0	0	null	0	0	0	0	0	0	0	0	0	0	0	0	0	0	0	0	0	0	0	0	0	0	0	0	0	0	0	0	0	0	0	0	0	0	0	0	0	0	0	0	0	0	0	0	0	null	null	0	0	0	0	0	0	0	0	0	0	0	0	null	null	null	0	0	0	0	0	0	0	null	0	0	0	0	0	0	0	null	0	0	0	0	0	0	0	0	0	0	12.740000000000002	12.740000000000002
"00-0036366"	"N.Gallimore"	"Neville Gallimore"	"DT"	"DL"	"https://static.www.nfl.com/image/upload/f_auto,q_auto/league/py87zsmepp3roc7eytqf"	2026	3	"REG"	"2026_03_PHI_CHI"	"CHI"	"PHI"	0	0	0	0	0	0	0	0	0	0	0	0	null	null	0	null	0	0	0	0	0	0	0	0	0	0	null	0	0	0	0	0	0	0	0	0	0	0	0	0	0	null	0	0	0	0	0	null	0	0	0	0	1	0	0	0	0	0	0	0	0	0	0	0	0	0	0	0	0	0	0	0	0	0	0	0	0	0	0	0	0	0	0	0	0	0	0	0	0	0	0	0	0	null	null	0	0	0	0	0	0	0	0	0	0	0	0	null	null	null	0	0	0	0	0	0	0	null	0	0	0	0	0	0	0	null	0	0	0	0	0	0	0	0	0	0	0	0
"00-0036375"	"A.Robertson"	"Amik Robertson"	"CB"	"DB"	"https://static.www.nfl.com/image/upload/f_auto,q_auto/league/giptmuhxwq2ugaaettbg"	2026	3	"REG"	"2026_03_SEA_WAS"	"WAS"	"SEA"	0	0	0	0	0	0	0	0	0	0	0	0	null	null	0	null	0	0	0	0	0	0	0	0	0	0	null	0	0	0	0	0	0	0	0	0	0	0	0	0	0	null	0	0	0	0	0	null	0	0	0	0	4	0	2	0	0	1	0	0	0	0	0	4	0	0	0	0	0	0	0	0	0	0	0	0	0	0	0	0	0	0	0	0	0	0	0	0	0	0	0	0	0	null	null	0	0	0	0	0	0	0	0	0	0	0	0	null	null	null	0	0	0	0	0	0	0	null	0	0	0	0	0	0	0	null	0	0	0	0	0	0	0	0	0	0	0	0
"00-0036389"	"J.Hurts"	"Jalen Hurts"	"QB"	"QB"	"https://static.www.nfl.com/image/upload/f_auto,q_auto/league/xow5yvxjeqa6witmofmp"	2026	3	"REG"	"2026_03_PHI_CHI"	"PHI"	"CHI"	16	25	153	0	1	2	-12	0	0	153	83	6	-10.955890044919215	0.1015464464823405	0	1	7	3	1	0	4	25	1	0	0	3	3.590947016258724	0	1	1	1	0	0	0	0	0	0	0	0	0	0	null	0	0	0	0	0	null	0	0	0	0	0	0	0	0	0	0	0	0	0	0	0	0	0	0	0	0	0	0	0	0	0	0	0	0	0	0	1	10	0	0	0	0	0	0	0	0	0	0	0	0	0	null	null	0	0	0	0	0	0	0	0	0	0	0	0	null	null	null	0	0	0	0	0	0	0	null	0	0	0	0	0	0	0	null	0	0	0	0	0	0	0	0	0	0	12.620000000000001	12.620000000000001
"00-0036418"	"Z.Baun"	"Zack Baun"	"LB"	"LB"	"https://static.www.nfl.com/image/upload/f_auto,q_auto/league/dhostt4bqph1utq56oxc"	2026	3	"REG"	"2026_03_PHI_CHI"	"PHI"	"CHI"	0	0	0	0	0	0	0	0	0	0	0	0	null	null	0	null	0	0	0	0	0	0	0	0	0	0	null	0	0	0	0	0	0	0	0	0	0	0	0	0	0	null	0	0	0	0	0	null	0	0	0	0	3	2	4	2	4	0	0	0	0	0	0	1	0	0	0	0	0	0	0	0	0	0	0	0	0	0	0	0	0	0	0	0	0	0	0	0	0	0	0	0	0	null	null	0	0	0	0	0	0	0	0	0	0	0	0	null	null	null	0	0	0	0	0	0	0	null	0	0	0	0	0	0	0	null	0	0	0	0	0	0	0	0	0	0	0	0
"00-0036428"	"J.Strnad"	"Justin Strnad"	"LB"	"LB"	"https://static.www.nfl.com/image/upload/f_auto,q_auto/league/mlrmzoeod0ocotxp2nam"	2026	3	"REG"	"2026_03_LA_DEN"	"DEN"	"LA"	0	0	0	0	0	0	0	0	0	0	0	0	null	null	0	null	0	0	0	0	0	0	0	0	0	0	null	0	0	0	0	0	0	0	0	0	0	0	0	0	0	null	0	0	0	0	0	null	0	0	0	0	4	0	0	1	1	0	0	0	0	0	0	1	0	0	0	0	0	0	0	0	0	0	0	0	0	0	0	0	0	0	0	0	0	0	0	0	0	0	0	0	0	null	null	0	0	0	0	0	0	0	0	0	0	0	0	null	null	null	0	0	0	0	0	0	0	null	0	0	0	0	0	0	0	null	0	0	0	0	0	0	0	0	0	0	0	0
"00-0036442"	"J.Burrow"	"Joe Burrow"	"QB"	"QB"	"https://static.www.nfl.com/image/upload/f_auto,q_auto/league/gnnvcgui1cijybukk2w7"	2026	3	"REG"	"2026_03_CIN_PIT"	"CIN"	"PIT"	28	37	282	3	0	1	-13	1	1	259	78	14	14.65216805457166	8.889996159721065	0	1.0888030888030888	12	6	4	0	2	13	0	0	0	1	0.47935761231929064	0	0	0	0	0	0	0	0	0	0	0	0	0	0	null	0	0	0	0	0	null	0	0	0	0	0	0	0	0	0	0	0	0	0	0	0	0	0	0	0	0	0	0	0	0	0	0	0	0	0	0	0	0	1	0	0	1	1	0	0	0	0	0	0	0	0	null	null	0	0	0	0	0	0	0	0	0	0	0	0	null	null	null	0	0	0	0	0	0	0	null	0	0	0	0	0	0	0	null	0	0	0	0	0	0	0	0	0	0	22.580000000000002	22.580000000000002
"00-0036480"	"D.Odeyingbo"	"Dayo Odeyingbo"	"DE"	"DL"	"https://static.www.nfl.com/image/upload/f_auto,q_auto/league/h0brx6vrdusdxl6fkxgv"	2026	3	"REG"	"2026_03_PHI_CHI"	"CHI"	"PHI"	0	0	0	0	0	0	0	0	0	0	0	0	null	null	0	null	0	0	0	0	0	0	0	0	0	0	null	0	0	0	0	0	0	0	0	0	0	0	0	0	0	null	0	0	0	0	0	null	0	0	0	0	1	0	2	1	10	0	1	10	1	0	0	0	0	0	0	0	0	0	0	0	0	0	0	0	0	0	0	0	0	0	0	0	0	0	0	0	0	0	0	0	0	null	null	0	0	0	0	0	0	0	0	0	0	0	0	null	null	null	0	0	0	0	0	0	0	null	0	0	0	0	0	0	0	null	0	0	0	0	0	0	0	0	0	0	0	0
"00-0036500"	"J.Sherwood"	"Jamien Sherwood"	"LB"	"LB"	"https://static.www.nfl.com/image/upload/f_auto,q_auto/league/mbax9jdlzp7cxh0hyuow"	2026	3	"REG"	"2026_03_NYJ_DET"	"NYJ"	"DET"	0	0	0	0	0	0	0	0	0	0	0	0	null	null	0	null	0	0	0	0	0	0	0	0	0	0	null	0	0	0	0	0	0	0	0	0	0	0	0	0	0	null	0	0	0	0	0	null	0	0	0	0	4	0	4	1	1	0	0	0	0	0	0	0	0	0	0	0	0	0	0	0	0	0	0	0	0	0	0	0	0	0	0	0	0	0	0	0	0	0	0	0	0	null	null	0	0	0	0	0	0	0	0	0	0	0	0	null	null	null	0	0	0	0	0	0	0	null	0	0	0	0	0	0	0	null	0	0	0	0	0	0	0	0	0	0	0	0
"00-0036501"	"M.Carter"	"Michael Carter II"	"CB"	"DB"	"https://static.www.nfl.com/image/upload/f_auto,q_auto/league/a7yskzasxy1hjvyqql1t"	2026	3	"REG"	"2026_03_PHI_CHI"	"PHI"	"CHI"	0	0	0	0	0	0	0	0	0	0	0	0	null	null	0	null	0	0	0	0	0	0	0	0	0	0	null	0	0	0	0	0	0	0	0	0	0	0	0	0	0	null	0	0	0	0	0	null	0	0	0	0	3	0	1	0	0	0	0	0	0	0	0	0	0	0	0	0	0	0	0	0	0	0	0	0	0	0	0	0	0	0	0	0	0	0	0	0	0	0	0	0	0	null	null	0	0	0	0	0	0	0	0	0	0	0	0	null	null	null	0	0	0	0	0	0	0	null	0	0	0	0	0	0	0	null	0	0	0	0	0	0	0	0	0	0	0	0
"00-0036564"	"T.Hufanga"	"Talanoa Hufanga"	"SAF"	"DB"	"https://static.www.nfl.com/image/upload/f_auto,q_auto/league/i1jjyltv64sihzzrr04t"	2026	3	"REG"	"2026_03_LA_DEN"	"DEN"	"LA"	0	0	0	0	0	0	0	0	0	0	0	0	null	null	0	null	0	0	0	0	0	0	0	0	0	0	null	0	0	0	0	0	0	0	0	0	0	0	0	0	0	null	0	0	0	0	0	null	0	0	0	0	2	0	3	1	10	0	1	10	1	2	66	3	1	0	0	0	0	0	0	0	0	0	0	0	0	0	0	0	0	0	0	0	0	0	0	0	0	0	0	0	0	null	null	0	0	0	0	0	0	0	0	0	0	0	0	null	null	null	0	0	0	0	0	0	0	null	0	0	0	0	0	0	0	null	0	0	0	0	0	0	0	0	0	0	0	0
"00-0036603"	"A.Jackson"	"Alaric Jackson"	"OT"	"OL"	"https://static.www.nfl.com/image/upload/f_auto,q_auto/league/p7eblgie3na4hjdl6pzb"	2026	3	"REG"	"2026_03_LA_DEN"	"LA"	"DEN"	0	0	0	0	0	0	0	0	0	0	0	0	null	null	0	null	0	0	0	0	0	0	0	0	0	0	null	0	0	0	0	0	0	0	0	0	0	0	0	0	0	null	0	0	0	0	0	null	0	0	0	0	0	0	0	0	0	0	0	0	0	0	0	0	0	0	0	0	0	0	0	0	0	0	0	0	0	0	1	5	0	0	0	0	0	0	0	0	0	0	0	0	0	null	null	0	0	0	0	0	0	0	0	0	0	0	0	null	null	null	0	0	0	0	0	0	0	null	0	0	0	0	0	0	0	null	0	0	0	0	0	0	0	0	0	0	0	0
"00-0036613"	"J.Waddle"	"Jaylen Waddle"	"WR"	"WR"	"https://static.www.nfl.com/image/upload/f_auto,q_auto/league/gkh7m1jedon9mwn5jlf1"	2026	3	"REG"	"2026_03_LA_DEN"	"DEN"	"LA"	0	0	0	0	0	0	0	0	0	0	0	0	null	null	0	null	0	0	0	0	1	14	0	0	0	1	0.9821468419395387	0	1	1	0	0	2	7	10	0	0	0	81	3	1	-2.9213630060173705	1	0	0	0	0	0.12345679012345678	0.22580645161290322	0.43783783783783786	0.6451961639058412	0	0	0	0	0	0	0	0	0	0	0	0	0	0	0	0	0	0	0	0	0	0	0	0	0	0	0	0	0	0	0	0	0	0	0	0	0	0	0	0	0	0	null	null	0	0	0	0	0	0	0	0	0	0	0	0	null	null	null	0	0	0	0	0	0	0	null	0	0	0	0	0	0	0	null	0	0	0	0	0	0	0	0	0	0	4.4	6.4
"00-0036624"	"A.McNeill"	"Alim McNeill"	"DT"	"DL"	"https://static.www.nfl.com/image/upload/f_auto,q_auto/league/ugdqnlqg8btovqnkzqpw"	2026	3	"REG"	"2026_03_NYJ_DET"	"DET"	"NYJ"	0	0	0	0	0	0	0	0	0	0	0	0	null	null	0	null	0	0	0	0	0	0	0	0	0	0	null	0	0	0	0	0	0	0	0	0	0	0	0	0	0	null	0	0	0	0	0	null	0	0	0	0	2	0	0	1	8	0	1	8	2	0	0	0	0	0	0	0	0	0	0	0	0	0	0	0	0	0	0	0	0	0	0	0	0	0	0	0	0	0	0	0	0	null	null	0	0	0	0	0	0	0	0	0	0	0	0	null	null	null	0	0	0	0	0	0	0	null	0	0	0	0	0	0	0	null	0	0	0	0	0	0	0	0	0	0	0	0
"00-0036626"	"D.Brown"	"Dyami Brown"	"WR"	"WR"	"https://static.www.nfl.com/image/upload/f_auto,q_auto/league/addv9eheok1jj7amfkpb"	2026	3	"REG"	"2026_03_SEA_WAS"	"WAS"	"SEA"	0	0	0	0	0	0	0	0	0	0	0	0	null	null	0	null	0	0	0	0	0	0	0	0	0	0	null	0	0	0	0	0	0	1	0	0	0	0	22	0	0	-0.9768942871596664	0	0	0	0	0	0	0.03333333333333333	0.08870967741935484	0.11209677419354838	0	0	0	0	0	0	0	0	0	0	0	0	0	0	0	0	0	0	0	0	0	0	0	0	0	0	0	0	0	0	0	0	0	0	0	0	0	0	0	0	0	0	null	null	0	0	0	0	0	0	0	0	0	0	0	0	null	null	null	0	0	0	0	0	0	0	null	0	0	0	0	0	0	0	null	0	0	0	0	0	0	0	0	0	0	0	0
"00-0036628"	"J.Bates"	"John Bates"	"TE"	"TE"	"https://static.www.nfl.com/image/upload/f_auto,q_auto/league/sqaiwpind6kk4ns4acql"	2026	3	"REG"	"2026_03_SEA_WAS"	"WAS"	"SEA"	0	0	0	0	0	0	0	0	0	0	0	0	null	null	0	null	0	0	0	0	0	0	0	0	0	0	null	0	0	0	0	0	1	1	9	0	0	0	2	7	0	0.7552716708742082	0	0	0	0	0	4.5	0.03333333333333333	0.008064516129032258	0.055645161290322584	0	0	0	0	0	0	0	0	0	0	0	0	0	0	0	0	0	0	0	0	0	0	0	0	0	0	0	1	5	0	0	0	0	0	0	0	0	0	0	0	0	0	null	null	0	0	0	0	0	0	0	0	0	0	0	0	null	null	null	0	0	0	0	0	0	0	null	0	0	0	0	0	0	0	null	0	0	0	0	0	0	0	0	0	0	0.9	1.9
"00-0036672"	"G.Stuard"	"Grant Stuard"	"LB"	"LB"	"https://static.www.nfl.com/image/upload/f_auto,q_auto/league/n4pxuecujgacthcoxgql"	2026	3	"REG"	"2026_03_LA_DEN"	"LA"	"DEN"	0	0	0	0	0	0	0	0	0	0	0	0	null	null	0	null	0	0	0	0	0	0	0	0	0	0	null	0	0	0	0	0	0	0	0	0	0	0	0	0	0	null	0	0	0	0	0	null	0	0	0	0	0	0	1	0	0	0	0	0	0	0	0	0	0	0	0	0	0	0	0	0	0	0	0	0	0	0	0	0	0	0	0	0	0	0	0	0	0	0	0	0	0	null	null	0	0	0	0	0	0	0	0	0	0	0	0	null	null	null	0	0	0	0	0	0	0	null	0	0	0	0	0	0	0	null	0	0	0	0	0	0	0	0	0	0	0	0
"00-0036683"	"D.Key"	"Devon Key"	"SAF"	"DB"	"https://static.www.nfl.com/image/upload/f_auto,q_auto/league/efu0kj0lyprsgahy1met"	2026	3	"REG"	"2026_03_LA_DEN"	"DEN"	"LA"	0	0	0	0	0	0	0	0	0	0	0	0	null	null	0	null	0	0	0	0	0	0	0	0	0	0	null	0	0	0	0	0	0	0	0	0	0	0	0	0	0	null	0	0	0	0	0	null	0	0	0	0	2	0	0	0	0	0	0	0	0	0	0	0	0	0	0	0	0	0	0	0	0	0	0	0	0	0	0	0	0	0	0	0	0	0	0	0	0	0	0	0	0	null	null	0	0	0	0	0	0	0	0	0	0	0	0	null	null	null	0	0	0	0	0	0	0	null	0	0	0	0	0	0	0	null	0	0	0	0	0	0	0	0	0	0	0	0
"00-0036727"	"A.Prentice"	"Adam Prentice"	"FB"	"RB"	"https://static.www.nfl.com/image/upload/f_auto,q_auto/league/xuvyqidnso9ga1dfefoy"	2026	3	"REG"	"2026_03_LA_DEN"	"DEN"	"LA"	0	0	0	0	0	0	0	0	0	0	0	0	null	null	0	null	0	0	0	0	0	0	0	0	0	0	null	0	0	0	0	0	0	0	0	0	0	0	0	0	0	null	0	0	0	0	0	null	0	0	0	0	0	0	1	0	0	0	0	0	0	0	0	0	0	0	0	0	0	0	0	0	0	0	0	0	0	0	0	0	0	0	0	0	0	0	0	0	0	0	0	0	0	null	null	0	0	0	0	0	0	0	0	0	0	0	0	null	null	null	0	0	0	0	0	0	0	null	0	0	0	0	0	0	0	null	0	0	0	0	0	0	0	0	0	0	0	0
"00-0036754"	"B.Wright"	"Brock Wright"	"TE"	"TE"	"https://static.www.nfl.com/image/upload/f_auto,q_auto/league/ghmaeofuj87fm97yhvcp"	2026	3	"REG"	"2026_03_NYJ_DET"	"DET"	"NYJ"	0	0	0	0	0	0	0	0	0	0	0	0	null	null	0	null	0	0	0	0	0	0	0	0	0	0	null	0	0	0	0	0	2	2	7	0	0	0	4	3	1	0.5233054084237665	0	0	0	0	0	1.75	0.06451612903225806	0.02072538860103627	0.11128196556911249	0	0	0	0	0	0	0	0	0	0	0	0	0	0	0	0	0	0	0	0	0	0	0	0	0	0	0	0	0	0	0	0	0	0	0	0	0	0	0	0	0	0	null	null	0	0	0	0	0	0	0	0	0	0	0	0	null	null	null	0	0	0	0	0	0	0	null	0	0	0	0	0	0	0	null	0	0	0	0	0	0	0	0	0	0	0.7000000000000001	2.7
"00-0036816"	"R.Patterson"	"Riley Patterson"	"K"	"SPEC"	"https://static.www.nfl.com/image/upload/f_auto,q_auto/league/xjg7x98iyq5hlgjc62ot"	2026	3	"REG"	"2026_03_KC_MIA"	"MIA"	"KC"	0	0	0	0	0	0	0	0	0	0	0	0	null	null	0	null	0	0	0	0	0	0	0	0	0	0	null	0	0	0	0	0	0	0	0	0	0	0	0	0	0	null	0	0	0	0	0	null	0	0	0	0	0	0	1	0	0	0	0	0	0	0	0	0	0	0	0	0	0	0	0	0	0	0	0	0	0	0	0	0	0	0	0	0	0	0	0	0	0	1	1	0	0	37	1	0	0	1	0	0	0	0	0	0	0	0	0	"37"	null	null	37	0	0	1	1	0	0	1	0	0	0	0	0	0	0	null	0	0	0	0	0	0	0	0	0	0	0	0
"00-0036854"	"E.McPherson"	"Evan McPherson"	"K"	"SPEC"	"https://static.www.nfl.com/image/upload/f_auto,q_auto/league/t6fs7i54i4n7xjiayoz0"	2026	3	"REG"	"2026_03_CIN_PIT"	"CIN"	"PIT"	0	0	0	0	0	0	0	0	0	0	0	0	null	null	0	null	0	0	0	0	0	0	0	0	0	0	null	0	0	0	0	0	0	0	0	0	0	0	0	0	0	null	0	0	0	0	0	null	0	0	0	0	0	0	0	0	0	0	0	0	0	0	0	0	0	0	0	0	0	0	0	0	0	0	0	0	0	0	0	0	0	0	0	0	0	0	0	0	0	2	2	0	0	50	1	0	0	1	0	1	0	0	0	0	0	0	0	"50;38"	null	null	88	0	0	3	3	0	0	1	0	0	0	0	0	0	0	null	0	0	0	0	0	0	0	0	0	0	0	0
"00-0036874"	"P.Surtain"	"Pat Surtain II"	"CB"	"DB"	"https://static.www.nfl.com/image/upload/f_auto,q_auto/league/soec8zk3n5jvxvywq1gm"	2026	3	"REG"	"2026_03_LA_DEN"	"DEN"	"LA"	0	0	0	0	0	0	0	0	0	0	0	0	null	null	0	null	0	0	0	0	0	0	0	0	0	0	null	0	0	0	0	0	0	0	0	0	0	0	0	0	0	null	0	0	0	0	0	null	0	0	0	0	6	0	2	0	0	0	0	0	0	0	0	0	0	0	0	0	0	0	0	0	0	0	0	0	0	0	0	0	0	0	0	0	0	0	0	0	0	0	0	0	0	null	null	0	0	0	0	0	0	0	0	0	0	0	0	null	null	null	0	0	0	0	0	0	0	null	0	0	0	0	0	0	0	null	0	0	0	0	0	0	0	0	0	0	0	0
"00-0036880"	"P.Sewell"	"Penei Sewell"	"OT"	"OL"	"https://static.www.nfl.com/image/upload/f_auto,q_auto/league/g1g0qefvafsm8hxjpiyy"	2026	3	"REG"	"2026_03_NYJ_DET"	"DET"	"NYJ"	0	0	0	0	0	0	0	0	0	0	0	0	null	null	0	null	0	0	0	0	0	0	0	0	0	0	null	0	0	0	0	0	0	0	0	0	0	0	0	0	0	null	0	0	0	0	0	null	0	0	0	0	0	0	0	0	0	0	0	0	0	0	0	0	0	0	0	0	0	0	0	0	0	0	0	0	0	0	1	10	0	0	0	0	0	0	0	0	0	0	0	0	0	null	null	0	0	0	0	0	0	0	0	0	0	0	0	null	null	null	0	0	0	0	0	0	0	null	0	0	0	0	0	0	0	null	0	0	0	0	0	0	0	0	0	0	0	0
"00-0036888"	"D.Hamlin"	"Damar Hamlin"	"SAF"	"DB"	"https://static.www.nfl.com/image/upload/f_auto,q_auto/league/k7mdv3garedeitxksnya"	2026	3	"REG"	"2026_03_LAC_BUF"	"BUF"	"LAC"	0	0	0	0	0	0	0	0	0	0	0	0	null	null	0	null	0	0	0	0	0	0	0	0	0	0	null	0	0	0	0	0	0	0	0	0	0	0	0	0	0	null	0	0	0	0	0	null	0	0	0	0	1	0	1	0	0	0	0	0	0	0	0	0	0	0	0	0	0	0	0	0	0	0	0	0	0	0	0	0	0	0	0	0	0	0	0	0	0	0	0	0	0	null	null	0	0	0	0	0	0	0	0	0	0	0	0	null	null	null	0	0	0	0	0	0	0	null	0	0	0	0	0	0	0	null	0	0	0	0	0	0	0	0	0	0	0	0
"00-0036900"	"J.Chase"	"Ja'Marr Chase"	"WR"	"WR"	"https://static.www.nfl.com/image/upload/f_auto,q_auto/league/qya3dtjb5kgofcuj2tuw"	2026	3	"REG"	"2026_03_CIN_PIT"	"CIN"	"PIT"	0	0	0	0	0	0	0	0	0	0	0	0	null	null	0	null	0	0	0	0	0	0	0	0	0	0	null	0	0	0	0	0	9	12	98	1	0	0	99	28	6	9.303245808172505	0	4	2	1	0	0.98989898989899	0.32432432432432434	0.38223938223938225	0.7540540540540541	0	0	0	0	0	0	0	0	0	0	0	0	0	0	0	0	0	0	0	0	0	0	0	0	0	0	0	0	0	0	0	0	0	0	0	0	0	0	0	0	0	0	null	null	0	0	0	0	0	0	0	0	0	0	0	0	null	null	null	0	0	0	0	0	0	0	null	0	0	0	0	0	0	0	null	0	0	0	0	0	0	0	0	0	0	15.8	24.8
"00-0036902"	"J.Ossai"	"Joseph Ossai"	"DE"	"DL"	"https://static.www.nfl.com/image/upload/f_auto,q_auto/league/ornl2j2dyfvtma6eiozd"	2026	3	"REG"	"2026_03_NYJ_DET"	"NYJ"	"DET"	0	0	0	0	0	0	0	0	0	0	0	0	null	null	0	null	0	0	0	0	0	0	0	0	0	0	null	0	0	0	0	0	0	0	0	0	0	0	0	0	0	null	0	0	0	0	0	null	0	0	0	0	0	0	2	0	0	0	0	0	0	0	0	0	0	0	0	0	0	0	0	0	0	0	0	0	0	0	0	0	0	0	0	0	0	0	0	0	0	0	0	0	0	null	null	0	0	0	0	0	0	0	0	0	0	0	0	null	null	null	0	0	0	0	0	0	0	null	0	0	0	0	0	0	0	null	0	0	0	0	0	0	0	0	0	0	0	0
"00-0036912"	"D.Smith"	"DeVonta Smith"	"WR"	"WR"	"https://static.www.nfl.com/image/upload/f_auto,q_auto/league/k724kq3hyv7jc0y9s03x"	2026	3	"REG"	"2026_03_PHI_CHI"	"PHI"	"CHI"	0	0	0	0	0	0	0	0	0	0	0	0	null	null	0	null	0	0	0	0	0	0	0	0	0	0	null	0	0	0	0	0	6	8	65	0	0	0	56	27	2	-0.7883612855221145	0	2	1	1	0	1.1607142857142858	0.32	0.36129032258064514	0.7329032258064516	0	0	0	0	0	0	0	0	0	0	0	0	0	0	0	0	0	0	0	0	0	0	0	0	0	0	0	0	0	0	0	0	0	0	0	0	0	0	0	0	0	0	null	null	0	0	0	0	0	0	0	0	0	0	0	0	null	null	null	0	0	0	0	0	0	0	null	0	0	0	0	0	0	0	null	0	0	0	0	0	0	0	0	0	0	6.5	12.5
"00-0036914"	"G.Rousseau"	"Greg Rousseau"	"LB"	"LB"	"https://static.www.nfl.com/image/upload/f_auto,q_auto/league/bezzackpgrvijtqh6hta"	2026	3	"REG"	"2026_03_LAC_BUF"	"BUF"	"LAC"	0	0	0	0	0	0	0	0	0	0	0	0	null	null	0	null	0	0	0	0	0	0	0	0	0	0	null	0	0	0	0	0	0	0	0	0	0	0	0	0	0	null	0	0	0	0	0	null	0	0	0	0	5	0	3	4	17	0	2	9	3	0	0	0	0	0	0	0	0	0	0	0	0	0	0	0	0	0	1	15	0	0	0	0	0	0	0	0	0	0	0	0	0	null	null	0	0	0	0	0	0	0	0	0	0	0	0	null	null	null	0	0	0	0	0	0	0	null	0	0	0	0	0	0	0	null	0	0	0	0	0	0	0	0	0	0	0	0
"00-0036940"	"O.Oweh"	"Odafe Oweh"	"LB"	"LB"	"https://static.www.nfl.com/image/upload/f_auto,q_auto/league/lxeaoe3u7srngnwlyyon"	2026	3	"REG"	"2026_03_SEA_WAS"	"WAS"	"SEA"	0	0	0	0	0	0	0	0	0	0	0	0	null	null	0	null	0	0	0	0	0	0	0	0	0	0	null	0	0	0	0	0	0	0	0	0	0	0	0	0	0	null	0	0	0	0	0	null	0	0	0	0	0	0	5	0	0	0	0	0	2	0	0	0	0	0	0	0	0	0	0	0	0	0	0	0	0	0	0	0	0	0	0	0	0	0	0	0	0	0	0	0	0	null	null	0	0	0	0	0	0	0	0	0	0	0	0	null	null	null	0	0	0	0	0	0	0	null	0	0	0	0	0	0	0	null	0	0	0	0	0	0	0	0	0	0	0	0
"00-0036941"	"A.Cisco"	"Andre Cisco"	"SAF"	"DB"	"https://static.www.nfl.com/image/upload/f_auto,q_auto/league/sdk8jvmv30mvetujj7bs"	2026	3	"REG"	"2026_03_NYJ_DET"	"NYJ"	"DET"	0	0	0	0	0	0	0	0	0	0	0	0	null	null	0	null	0	0	0	0	0	0	0	0	0	0	null	0	0	0	0	0	0	0	0	0	0	0	0	0	0	null	0	0	0	0	0	null	0	0	0	0	5	0	1	1	10	0	1	10	1	0	0	0	0	0	0	0	0	0	0	0	0	0	0	0	0	0	0	0	0	0	0	0	0	0	0	0	0	0	0	0	0	null	null	0	0	0	0	0	0	0	0	0	0	0	0	null	null	null	0	0	0	0	0	0	0	null	0	0	0	0	0	0	0	null	0	0	0	0	0	0	0	0	0	0	0	0
"00-0036943"	"M.Fraboni"	"Mitchell Fraboni"	"LS"	"SPEC"	"https://static.www.nfl.com/image/upload/f_auto,q_auto/league/csvbeqtitr9ixpgdt0fu"	2026	3	"REG"	"2026_03_LA_DEN"	"DEN"	"LA"	0	0	0	0	0	0	0	0	0	0	0	0	null	null	0	null	0	0	0	0	0	0	0	0	0	0	null	0	0	0	0	0	0	0	0	0	0	0	0	0	0	null	0	0	0	0	0	null	0	0	0	0	0	0	0	0	0	0	0	0	0	0	0	0	0	0	0	0	0	0	0	0	0	0	0	0	0	0	1	5	0	0	0	0	0	0	0	0	0	0	0	0	0	null	null	0	0	0	0	0	0	0	0	0	0	0	0	null	null	null	0	0	0	0	0	0	0	null	0	0	0	0	0	0	0	null	0	0	0	0	0	0	0	0	0	0	0	0
"00-0036963"	"A.St. Brown"	"Amon-Ra St. Brown"	"WR"	"WR"	"https://static.www.nfl.com/image/upload/f_auto,q_auto/league/fd8nwhm6pvxfyzphzl6i"	2026	3	"REG"	"2026_03_NYJ_DET"	"DET"	"NYJ"	0	0	0	0	0	0	0	0	0	0	0	0	null	null	0	null	0	0	0	0	0	0	0	0	0	0	null	0	0	0	0	0	4	8	19	1	0	0	57	3	2	-1.3876622025238352	0	1	1	0	0	0.3333333333333333	0.25806451612903225	0.29533678756476683	0.5938325254888852	0	0	0	0	0	0	0	0	0	0	0	0	0	0	0	0	0	0	0	0	0	0	0	0	0	0	0	0	0	0	0	0	0	0	0	0	0	0	0	0	0	0	null	null	0	0	0	0	0	0	0	0	0	0	0	0	null	null	null	0	0	0	0	0	0	0	null	0	0	0	0	0	0	0	null	0	0	0	0	0	0	0	0	0	0	7.9	11.9
"00-0036964"	"D.Barnes"	"Derrick Barnes"	"LB"	"LB"	"https://static.www.nfl.com/image/upload/f_auto,q_auto/league/bh66oqiavycebvryiy96"	2026	3	"REG"	"2026_03_NYJ_DET"	"DET"	"NYJ"	0	0	0	0	0	0	0	0	0	0	0	0	null	null	0	null	0	0	0	0	0	0	0	0	0	0	null	0	0	0	0	0	0	0	0	0	0	0	0	0	0	null	0	0	0	0	0	null	0	0	0	0	5	0	3	1	2	0	0	0	0	0	0	0	0	0	0	0	0	0	0	0	0	0	0	0	0	0	0	0	0	0	0	0	0	0	0	0	0	0	0	0	0	null	null	0	0	0	0	0	0	0	0	0	0	0	0	null	null	null	0	0	0	0	0	0	0	null	0	0	0	0	0	0	0	null	0	0	0	0	0	0	0	0	0	0	0	0
"00-0036970"	"K.Pitts"	"Kyle Pitts"	"TE"	"TE"	"https://static.www.nfl.com/image/upload/f_auto,q_auto/league/xczipzxvytnmvgznhhb4"	2026	3	"REG"	"2026_03_ATL_GB"	"ATL"	"GB"	0	0	0	0	0	0	0	0	0	0	0	0	null	null	0	null	0	0	0	0	0	0	0	0	0	0	null	0	0	0	0	0	1	2	5	0	0	0	8	0	0	-0.5244483372662216	0	0	0	0	0	0.625	0.08695652173913043	0.053691275167785234	0.1680186752261453	0	0	0	0	0	0	0	0	0	0	0	0	0	0	0	0	0	0	0	0	0	0	0	0	0	0	0	0	0	0	0	0	0	0	0	0	0	0	0	0	0	0	null	null	0	0	0	0	0	0	0	0	0	0	0	0	null	null	null	0	0	0	0	0	0	0	null	0	0	0	0	0	0	0	null	0	0	0	0	0	0	0	0	0	0	0.5	1.5
"00-0036973"	"T.Etienne"	"Travis Etienne"	"RB"	"RB"	"https://static.www.nfl.com/image/upload/f_auto,q_auto/league/pwko5dybmjie8qqo4qz2"	2026	3	"REG"	"2026_03_LV_NO"	"NO"	"LV"	0	0	0	0	0	0	0	0	0	0	0	0	null	null	0	null	0	0	0	0	13	57	0	0	0	4	1.3263218946522102	0	1	1	0	0	2	2	13	0	0	0	0	13	1	0.9928451413288713	0	0	0	0	0	0	0.05	0	0.07500000000000001	0	0	0	0	0	0	0	0	0	0	0	0	0	0	0	0	0	0	0	0	0	0	0	0	0	0	0	0	0	0	0	0	0	0	0	0	0	0	0	0	0	0	null	null	0	0	0	0	0	0	0	0	0	0	0	0	null	null	null	0	0	0	0	0	0	0	null	0	0	0	0	0	0	0	null	0	0	0	0	0	0	0	0	0	0	7	9
"00-0036976"	"S.Brown"	"Spencer Brown"	"OT"	"OL"	"https://static.www.nfl.com/image/upload/f_auto,q_auto/league/q2lsfuxunzzgso9rtldu"	2026	3	"REG"	"2026_03_LAC_BUF"	"BUF"	"LAC"	0	0	0	0	0	0	0	0	0	0	0	0	null	null	0	null	0	0	0	0	0	0	0	0	0	0	null	0	0	0	0	0	0	0	0	0	0	0	0	0	0	null	0	0	0	0	0	null	0	0	0	0	0	0	0	0	0	0	0	0	0	0	0	0	0	0	0	0	0	0	0	0	0	0	0	0	0	0	1	5	0	0	0	0	0	0	0	0	0	0	0	0	0	null	null	0	0	0	0	0	0	0	0	0	0	0	0	null	null	null	0	0	0	0	0	0	0	null	0	0	0	0	0	0	0	null	0	0	0	0	0	0	0	0	0	0	0	0
"00-0036987"	"B.Stephens"	"Brandon Stephens"	"CB"	"DB"	"https://static.www.nfl.com/image/upload/f_auto,q_auto/league/t0nxkzyr4wnpanuxjxhg"	2026	3	"REG"	"2026_03_NYJ_DET"	"NYJ"	"DET"	0	0	0	0	0	0	0	0	0	0	0	0	null	null	0	null	0	0	0	0	0	0	0	0	0	0	null	0	0	0	0	0	0	0	0	0	0	0	0	0	0	null	0	0	0	0	0	null	0	0	0	0	3	0	0	1	2	0	0	0	0	0	0	0	0	0	0	0	0	0	0	0	0	0	0	0	0	0	0	0	0	0	0	0	0	0	0	0	0	0	0	0	0	null	null	0	0	0	0	0	0	0	0	0	0	0	0	null	null	null	0	0	0	0	0	0	0	null	0	0	0	0	0	0	0	null	0	0	0	0	0	0	0	0	0	0	0	0
"00-0036994"	"E.Jones"	"Ernest Jones"	"LB"	"LB"	"https://static.www.nfl.com/image/upload/f_auto,q_auto/league/zn0pz6okty7vbj5ryryt"	2026	3	"REG"	"2026_03_SEA_WAS"	"SEA"	"WAS"	0	0	0	0	0	0	0	0	0	0	0	0	null	null	0	null	0	0	0	0	0	0	0	0	0	0	null	0	0	0	0	0	0	0	0	0	0	0	0	0	0	null	0	0	0	0	0	null	0	0	0	0	3	0	5	0	0	0	0	0	0	0	0	1	0	0	0	0	0	0	0	0	0	0	0	0	0	0	0	0	0	0	0	0	0	0	0	0	0	0	0	0	0	null	null	0	0	0	0	0	0	0	0	0	0	0	0	null	null	null	0	0	0	0	0	0	0	null	0	0	0	0	0	0	0	null	0	0	0	0	0	0	0	0	0	0	0	0
"00-0037034"	"D.Alford"	"Dee Alford"	"CB"	"DB"	"https://static.www.nfl.com/image/upload/f_auto,q_auto/league/mgi0d5fd1huslr3kfqg1"	2026	3	"REG"	"2026_03_LAC_BUF"	"BUF"	"LAC"	0	0	0	0	0	0	0	0	0	0	0	0	null	null	0	null	0	0	0	0	0	0	0	0	0	0	null	0	0	0	0	0	0	0	0	0	0	0	0	0	0	null	0	0	0	0	0	null	0	0	0	0	0	0	5	0	0	0	0	0	0	0	0	1	0	0	0	0	0	0	0	0	0	0	0	0	0	0	0	0	0	0	0	0	0	0	0	0	0	0	0	0	0	null	null	0	0	0	0	0	0	0	0	0	0	0	0	null	null	null	0	0	0	0	0	0	0	null	0	0	0	0	0	0	0	null	0	0	0	0	0	0	0	0	0	0	0	0
"00-0037073"	"J.Davis"	"Jordan Davis"	"DT"	"DL"	"https://static.www.nfl.com/image/upload/f_auto,q_auto/league/zkvksjepfrmpdwdph1ps"	2026	3	"REG"	"2026_03_PHI_CHI"	"PHI"	"CHI"	0	0	0	0	0	0	0	0	0	0	0	0	null	null	0	null	0	0	0	0	0	0	0	0	0	0	null	0	0	0	0	0	0	0	0	0	0	0	0	0	0	null	0	0	0	0	0	null	0	0	0	0	0	0	3	0	0	0	0	0	0	0	0	0	0	0	0	0	0	0	0	0	0	0	0	0	0	0	0	0	0	0	0	0	0	0	0	0	0	0	0	0	0	null	null	0	0	0	0	0	0	0	0	0	0	0	0	null	null	null	0	0	0	0	0	0	0	null	0	0	0	0	0	0	0	null	0	0	0	0	0	0	0	0	0	0	0	0
"00-0037079"	"T.Woolen"	"Riq Woolen"	"CB"	"DB"	"https://static.www.nfl.com/image/upload/f_auto,q_auto/league/aodr0vp93fzhdsff9fzj"	2026	3	"REG"	"2026_03_PHI_CHI"	"PHI"	"CHI"	0	0	0	0	0	0	0	0	0	0	0	0	null	null	0	null	0	0	0	0	0	0	0	0	0	0	null	0	0	0	0	0	0	0	0	0	0	0	0	0	0	null	0	0	0	0	0	null	0	0	0	0	3	0	2	0	0	0	0	0	0	0	0	0	0	0	0	0	0	0	0	0	0	0	0	0	0	0	2	10	0	0	0	0	0	0	0	0	0	0	0	0	0	null	null	0	0	0	0	0	0	0	0	0	0	0	0	null	null	null	0	0	0	0	0	0	0	null	0	0	0	0	0	0	0	null	0	0	0	0	0	0	0	0	0	0	0	0
"00-0037083"	"K.Enagbare"	"Kingsley Enagbare"	"LB"	"LB"	"https://static.www.nfl.com/image/upload/f_auto,q_auto/league/rvftdj3wurrbmoaikpxd"	2026	3	"REG"	"2026_03_NYJ_DET"	"NYJ"	"DET"	0	0	0	0	0	0	0	0	0	0	0	0	null	null	0	null	0	0	0	0	0	0	0	0	0	0	null	0	0	0	0	0	0	0	0	0	0	0	0	0	0	null	0	0	0	0	0	null	0	0	0	0	2	0	1	0	0	0	0	0	0	0	0	0	0	0	0	0	0	0	0	0	0	0	0	0	0	0	0	0	0	0	0	0	0	0	0	0	0	0	0	0	0	null	null	0	0	0	0	0	0	0	0	0	0	0	0	null	null	null	0	0	0	0	0	0	0	null	0	0	0	0	0	0	0	null	0	0	0	0	0	0	0	0	0	0	0	0
"00-0037085"	"T.Badie"	"Tyler Badie"	"RB"	"RB"	"https://static.www.nfl.com/image/upload/f_auto,q_auto/league/ghhul5piv9vzeih6atsj"	2026	3	"REG"	"2026_03_LA_DEN"	"DEN"	"LA"	0	0	0	0	0	0	0	0	0	0	0	0	null	null	0	null	0	0	0	0	1	2	0	0	0	1	0.4733280803775415	0	0	0	0	0	1	1	12	0	0	0	6	6	1	1.1917354181059636	0	1	0	0	0	2	0.03225806451612903	0.032432432432432434	0.07108979947689625	0	0	0	0	0	0	0	0	0	0	0	0	0	0	0	0	0	0	0	0	0	0	0	0	0	0	0	0	0	0	0	0	0	0	0	0	0	0	0	0	0	0	null	null	0	0	0	0	0	0	0	0	0	0	0	0	null	null	null	0	0	0	0	0	0	0	null	0	0	0	0	0	0	0	null	0	0	0	0	0	0	0	0	0	0	1.4000000000000001	2.4000000000000004
"00-0037096"	"E.Hicks"	"Elijah Hicks"	"SAF"	"DB"	"https://static.www.nfl.com/image/upload/f_auto,q_auto/league/derzi6ubb6maw5nokejr"	2026	3	"REG"	"2026_03_PHI_CHI"	"CHI"	"PHI"	0	0	0	0	0	0	0	0	0	0	0	0	null	null	0	null	0	0	0	0	0	0	0	0	0	0	null	0	0	0	0	0	0	0	0	0	0	0	0	0	0	null	0	0	0	0	0	null	0	0	0	0	3	0	1	0	0	0	0	0	0	0	0	0	0	0	0	0	0	0	0	0	0	0	0	0	0	0	0	0	0	0	0	0	0	0	0	0	0	0	0	0	0	null	null	0	0	0	0	0	0	0	0	0	0	0	0	null	null	null	0	0	0	0	0	0	0	null	0	0	0	0	0	0	0	null	0	0	0	0	0	0	0	0	0	0	0	0
"00-0037132"	"B.Covey"	"Britain Covey"	"WR"	"WR"	"https://static.www.nfl.com/image/upload/f_auto,q_auto/league/jgvgr3prtme8ua28bfxi"	2026	3	"REG"	"2026_03_PHI_CHI"	"PHI"	"CHI"	0	0	0	0	0	0	0	0	0	0	0	0	null	null	0	null	0	0	0	0	0	0	0	0	0	0	null	0	0	0	0	0	0	0	0	0	0	0	0	0	0	null	0	0	0	0	0	null	0	0	0	0	0	0	0	0	0	0	0	0	0	0	0	0	0	0	0	0	0	0	0	0	0	0	0	0	0	0	0	0	0	0	0	0	0	1	8	1	26	0	0	0	0	null	null	0	0	0	0	0	0	0	0	0	0	0	0	null	null	null	0	0	0	0	0	0	0	null	0	0	0	0	0	0	0	null	0	0	0	0	0	0	0	0	0	0	0	0
"00-0037137"	"J.Jobe"	"Josh Jobe"	"CB"	"DB"	"https://static.www.nfl.com/image/upload/f_auto,q_auto/league/df0ybhz5czunkbhgdefc"	2026	3	"REG"	"2026_03_SEA_WAS"	"SEA"	"WAS"	0	0	0	0	0	0	0	0	0	0	0	0	null	null	0	null	0	0	0	0	0	0	0	0	0	0	null	0	0	0	0	0	0	0	0	0	0	0	0	0	0	null	0	0	0	0	0	null	0	0	0	0	4	0	2	0	0	0	0	0	0	0	0	0	0	0	0	0	0	0	0	0	0	0	0	0	0	0	1	14	0	0	0	0	0	0	0	0	0	0	0	0	0	null	null	0	0	0	0	0	0	0	0	0	0	0	0	null	null	null	0	0	0	0	0	0	0	null	0	0	0	0	0	0	0	null	0	0	0	0	0	0	0	0	0	0	0	0
"00-0037191"	"T.McDuffie"	"Trent McDuffie"	"CB"	"DB"	"https://static.www.nfl.com/image/upload/f_auto,q_auto/league/xaq30zfwnliekwqzoank"	2026	3	"REG"	"2026_03_LA_DEN"	"LA"	"DEN"	0	0	0	0	0	0	0	0	0	0	0	0	null	null	0	null	0	0	0	0	0	0	0	0	0	0	null	0	0	0	0	0	0	0	0	0	0	0	0	0	0	null	0	0	0	0	0	null	0	0	0	0	3	0	2	0	0	0	0	0	0	0	0	1	0	0	0	0	0	0	0	0	0	0	0	0	0	0	1	5	0	0	0	0	0	0	0	0	0	0	0	0	0	null	null	0	0	0	0	0	0	0	0	0	0	0	0	null	null	null	0	0	0	0	0	0	0	null	0	0	0	0	0	0	0	null	0	0	0	0	0	0	0	0	0	0	0	0
"00-0037195"	"J.Watson"	"Jaylen Watson"	"CB"	"DB"	"https://static.www.nfl.com/image/upload/f_auto,q_auto/league/k3ayxrquehkikudpu0e4"	2026	3	"REG"	"2026_03_LA_DEN"	"LA"	"DEN"	0	0	0	0	0	0	0	0	0	0	0	0	null	null	0	null	0	0	0	0	0	0	0	0	0	0	null	0	0	0	0	0	0	0	0	0	0	0	0	0	0	null	0	0	0	0	0	null	0	0	0	0	1	0	1	1	2	0	0	0	0	0	0	2	0	0	0	0	0	0	0	0	0	0	0	0	0	0	0	0	0	0	0	0	0	0	0	0	0	0	0	0	0	null	null	0	0	0	0	0	0	0	0	0	0	0	0	null	null	null	0	0	0	0	0	0	0	null	0	0	0	0	0	0	0	null	0	0	0	0	0	0	0	0	0	0	0	0
"00-0037224"	"C.Dicker"	"Cameron Dicker"	"K"	"SPEC"	"https://static.www.nfl.com/image/upload/f_auto,q_auto/league/fvkop13kntnwv3amucpf"	2026	3	"REG"	"2026_03_LAC_BUF"	"LAC"	"BUF"	0	0	0	0	0	0	0	0	0	0	0	0	null	null	0	null	0	0	0	0	0	0	0	0	0	0	null	0	0	0	0	0	0	0	0	0	0	0	0	0	0	null	0	0	0	0	0	null	0	0	0	0	0	0	0	0	0	0	0	0	0	0	0	0	0	0	0	0	0	0	0	0	0	0	0	0	0	0	0	0	0	0	0	0	0	0	0	0	0	3	4	1	0	33	0.75	0	1	2	0	0	0	0	0	0	1	0	0	"31;21;33"	"45"	null	85	45	0	1	1	0	0	1	0	0	0	0	0	0	0	null	0	0	0	0	0	0	0	0	0	0	0	0
"00-0037236"	"A.Hutchinson"	"Aidan Hutchinson"	"DE"	"DL"	"https://static.www.nfl.com/image/upload/f_auto,q_auto/league/gmeczjok2lmjftb6mfof"	2026	3	"REG"	"2026_03_NYJ_DET"	"DET"	"NYJ"	0	0	0	0	0	0	0	0	0	0	0	0	null	null	0	null	0	0	0	0	0	0	0	0	0	0	null	0	0	0	0	0	0	0	0	0	0	0	0	0	0	null	0	0	0	0	0	null	0	0	0	0	0	0	2	0	0	0	0.5	2.5	1	0	0	0	0	0	0	0	0	0	0	0	0	0	0	0	0	0	0	0	0	0	0	0	0	0	0	0	0	0	0	0	0	null	null	0	0	0	0	0	0	0	0	0	0	0	0	null	null	null	0	0	0	0	0	0	0	null	0	0	0	0	0	0	0	null	0	0	0	0	0	0	0	0	0	0	0	0
"00-0037240"	"J.Williams"	"Jameson Williams"	"WR"	"WR"	"https://static.www.nfl.com/image/upload/f_auto,q_auto/league/byiptqggtglvy5qrw5wp"	2026	3	"REG"	"2026_03_NYJ_DET"	"DET"	"NYJ"	0	0	0	0	0	0	0	0	0	0	0	0	null	null	0	null	0	0	0	0	0	0	0	0	0	0	null	0	0	0	0	0	4	4	49	0	0	0	48	1	2	3.348151418264024	0	2	1	1	0	1.0208333333333333	0.12903225806451613	0.24870466321243523	0.3676416513454788	0	0	0	0	0	0	0	0	0	0	0	0	0	0	0	0	0	0	0	0	0	0	0	0	0	0	0	0	0	0	0	0	0	0	0	0	0	0	0	0	0	0	null	null	0	0	0	0	0	0	0	0	0	0	0	0	null	null	null	0	0	0	0	0	0	0	null	0	0	0	0	0	0	0	null	0	0	0	0	0	0	0	0	0	0	4.9	8.9
"00-0037248"	"J.Cook"	"James Cook"	"RB"	"RB"	"https://static.www.nfl.com/image/upload/f_auto,q_auto/league/anjbznqb9i21wzcgrtbs"	2026	3	"REG"	"2026_03_LAC_BUF"	"BUF"	"LAC"	0	0	0	0	0	0	0	0	0	0	0	0	null	null	0	null	0	0	0	0	24	154	1	1	1	8	0.4933681086404249	0	5	3	1	0	0	1	0	0	0	0	-2	0	0	-0.36689185607247055	0	0	0	0	0	0	0.038461538461538464	-0.007518796992481203	0.05242914979757085	0	0	0	0	0	0	0	0	0	0	0	0	0	0	0	0	0	0	0	0	0	0	0	0	0	0	0	0	0	1	0	0	1	1	0	0	0	0	0	0	0	0	null	null	0	0	0	0	0	0	0	0	0	0	0	0	null	null	null	0	0	0	0	0	0	0	null	0	0	0	0	0	0	0	null	0	0	0	0	0	0	0	0	0	0	19.4	19.4
"00-0037249"	"N.Bonitto"	"Nik Bonitto"	"LB"	"LB"	"https://static.www.nfl.com/image/upload/f_auto,q_auto/league/azxinmsmz9kacbwfdfex"	2026	3	"REG"	"2026_03_LA_DEN"	"DEN"	"LA"	0	0	0	0	0	0	0	0	0	0	0	0	null	null	0	null	0	0	0	0	0	0	0	0	0	0	null	0	0	0	0	0	0	0	0	0	0	0	0	0	0	null	0	0	0	0	0	null	0	0	0	0	1	0	1	1	4	0	1	4	2	0	0	0	0	0	0	0	0	0	0	0	0	0	0	0	0	0	0	0	0	0	0	0	0	0	0	0	0	0	0	0	0	null	null	0	0	0	0	0	0	0	0	0	0	0	0	null	null	null	0	0	0	0	0	0	0	null	0	0	0	0	0	0	0	null	0	0	0	0	0	0	0	0	0	0	0	0
"00-0037254"	"T.Bernard"	"Terrel Bernard"	"LB"	"LB"	"https://static.www.nfl.com/image/upload/f_auto,q_auto/league/rhs6gmpfig52ziimyzls"	2026	3	"REG"	"2026_03_LAC_BUF"	"BUF"	"LAC"	0	0	0	0	0	0	0	0	0	0	0	0	null	null	0	null	0	0	0	0	0	0	0	0	0	0	null	0	0	0	0	0	0	0	0	0	0	0	0	0	0	null	0	0	0	0	0	null	0	0	0	0	3	0	2	0	0	0	0	0	0	0	0	0	0	0	0	0	0	0	0	0	0	0	0	0	0	0	0	0	0	0	0	0	0	0	0	0	0	0	0	0	0	null	null	0	0	0	0	0	0	0	0	0	0	0	0	null	null	null	0	0	0	0	0	0	0	null	0	0	0	0	0	0	0	null	0	0	0	0	0	0	0	0	0	0	0	0
"00-0037255"	"D.Parham"	"Dylan Parham"	"G"	"OL"	"https://static.www.nfl.com/image/upload/f_auto,q_auto/league/nlsqokqb2jhy4fzf4e8x"	2026	3	"REG"	"2026_03_NYJ_DET"	"NYJ"	"DET"	0	0	0	0	0	0	0	0	0	0	0	0	null	null	0	null	0	0	0	0	0	0	0	0	0	0	null	0	0	0	0	0	0	0	0	0	0	0	0	0	0	null	0	0	0	0	0	null	0	0	0	0	0	0	0	0	0	0	0	0	0	0	0	0	0	0	0	0	0	0	0	0	0	0	0	0	0	0	1	10	0	0	0	0	0	0	0	0	0	0	0	0	0	null	null	0	0	0	0	0	0	0	0	0	0	0	0	null	null	null	0	0	0	0	0	0	0	null	0	0	0	0	0	0	0	null	0	0	0	0	0	0	0	0	0	0	0	0
"00-0037256"	"R.White"	"Rachaad White"	"RB"	"RB"	"https://static.www.nfl.com/image/upload/f_auto,q_auto/league/wtdhs50gcl2p6vngsnre"	2026	3	"REG"	"2026_03_SEA_WAS"	"WAS"	"SEA"	0	0	0	0	0	0	0	0	0	0	0	0	null	null	0	null	0	0	0	0	8	35	0	0	0	1	-1.5624587419173093	0	1	1	0	0	1	1	6	1	0	0	6	0	1	1.71206315420568	0	0	0	0	0	1	0.03333333333333333	0.024193548387096774	0.06693548387096775	0	0	0	0	0	0	0	0	0	0	0	0	0	0	0	0	0	0	0	0	0	0	0	0	0	0	0	0	0	0	0	0	0	0	0	0	1	38	0	0	0	0	null	null	0	0	0	0	0	0	0	0	0	0	0	0	null	null	null	0	0	0	0	0	0	0	null	0	0	0	0	0	0	0	null	0	0	0	0	0	0	0	0	0	0	10.100000000000001	11.100000000000001
"00-0037261"	"K.Shakir"	"Khalil Shakir"	"WR"	"WR"	"https://static.www.nfl.com/image/upload/f_auto,q_auto/league/syvp3hficobwcsim3i9v"	2026	3	"REG"	"2026_03_LAC_BUF"	"BUF"	"LAC"	0	0	0	0	0	0	0	0	0	0	0	0	null	null	0	null	0	0	0	0	0	0	0	0	0	0	null	0	0	0	0	0	1	3	6	0	0	0	11	2	1	-0.1218774247681722	0	0	0	0	0	0.5454545454545454	0.11538461538461539	0.041353383458646614	0.2020242914979757	0	0	0	0	0	0	0	0	0	0	0	0	0	0	0	0	0	0	0	0	0	0	0	0	0	0	0	0	0	0	0	0	0	0	0	0	0	0	0	0	0	0	null	null	0	0	0	0	0	0	0	0	0	0	0	0	null	null	null	0	0	0	0	0	0	0	null	0	0	0	0	0	0	0	null	0	0	0	0	0	0	0	0	0	0	0.6000000000000001	1.6
"00-0037271"	"D.Jackson"	"D'Marco Jackson"	"LB"	"LB"	"https://static.www.nfl.com/image/upload/f_auto,q_auto/league/bwbialh78nao9svr8jqn"	2026	3	"REG"	"2026_03_PHI_CHI"	"CHI"	"PHI"	0	0	0	0	0	0	0	0	0	0	0	0	null	null	0	null	0	0	0	0	0	0	0	0	0	0	null	0	0	0	0	0	0	0	0	0	0	0	0	0	0	null	0	0	0	0	0	null	0	0	0	0	1	0	1	0	0	0	0	0	0	0	0	0	0	0	0	0	0	0	0	0	0	0	0	0	0	0	0	0	0	0	0	0	0	0	0	0	0	0	0	0	0	null	null	0	0	0	0	0	0	0	0	0	0	0	0	null	null	null	0	0	0	0	0	0	0	null	0	0	0	0	0	0	0	null	0	0	0	0	0	0	0	0	0	0	0	0
"00-0037278"	"L.Wattenberg"	"Luke Wattenberg"	"C"	"OL"	"https://static.www.nfl.com/image/upload/f_auto,q_auto/league/auqegcdovmpcz6pw5arq"	2026	3	"REG"	"2026_03_LA_DEN"	"DEN"	"LA"	0	0	0	0	0	0	0	0	0	0	0	0	null	null	0	null	0	0	0	0	0	0	0	0	0	0	null	0	0	0	0	0	0	0	0	0	0	0	0	0	0	null	0	0	0	0	0	null	0	0	0	0	1	0	0	0	0	0	0	0	0	0	0	0	0	0	0	0	0	0	0	0	0	0	0	0	0	0	1	5	0	0	0	0	0	0	0	0	0	0	0	0	0	null	null	0	0	0	0	0	0	0	0	0	0	0	0	null	null	null	0	0	0	0	0	0	0	null	0	0	0	0	0	0	0	null	0	0	0	0	0	0	0	0	0	0	0	0
"00-0037288"	"C.Benford"	"Christian Benford"	"CB"	"DB"	"https://static.www.nfl.com/image/upload/f_auto,q_auto/league/kxucquiz77lhp8rn1nni"	2026	3	"REG"	"2026_03_LAC_BUF"	"BUF"	"LAC"	0	0	0	0	0	0	0	0	0	0	0	0	null	null	0	null	0	0	0	0	0	0	0	0	0	0	null	0	0	0	0	0	0	0	0	0	0	0	0	0	0	null	0	0	0	0	0	null	0	0	0	0	2	0	1	0	0	0	0	0	0	0	0	1	0	0	0	0	0	0	0	0	0	0	0	0	0	0	1	3	0	0	0	0	0	0	0	0	0	0	0	0	0	null	null	0	0	0	0	0	0	0	0	0	0	0	0	null	null	null	0	0	0	0	0	0	0	null	0	0	0	0	0	0	0	null	0	0	0	0	0	0	0	0	0	0	0	0
"00-0037289"	"M.Rodriguez"	"Malcolm Rodriguez"	"LB"	"LB"	"https://static.www.nfl.com/image/upload/f_auto,q_auto/league/sovw0sc0bm1xltqv2zmb"	2026	3	"REG"	"2026_03_NYJ_DET"	"DET"	"NYJ"	0	0	0	0	0	0	0	0	0	0	0	0	null	null	0	null	0	0	0	0	0	0	0	0	0	0	null	0	0	0	0	0	0	0	0	0	0	0	0	0	0	null	0	0	0	0	0	null	0	0	0	0	0	0	2	0	0	0	0	0	0	0	0	0	0	0	0	0	0	0	0	0	0	0	0	0	0	0	0	0	0	0	0	0	0	0	0	0	0	0	0	0	0	null	null	0	0	0	0	0	0	0	0	0	0	0	0	null	null	null	0	0	0	0	0	0	0	null	0	0	0	0	0	0	0	null	0	0	0	0	0	0	0	0	0	0	0	0
"00-0037312"	"C.Campbell"	"Chance Campbell"	"LB"	"LB"	"https://static.www.nfl.com/image/upload/f_auto,q_auto/league/shwgveoj7jbhqenckrmh"	2026	3	"REG"	"2026_03_PHI_CHI"	"PHI"	"CHI"	0	0	0	0	0	0	0	0	0	0	0	0	null	null	0	null	0	0	0	0	0	0	0	0	0	0	null	0	0	0	0	0	0	0	0	0	0	0	0	0	0	null	0	0	0	0	0	null	0	0	0	0	0	0	1	0	0	0	0	0	0	0	0	0	0	0	0	0	0	0	0	0	0	0	0	0	0	0	0	0	0	0	0	0	0	0	0	0	0	0	0	0	0	null	null	0	0	0	0	0	0	0	0	0	0	0	0	null	null	null	0	0	0	0	0	0	0	null	0	0	0	0	0	0	0	null	0	0	0	0	0	0	0	0	0	0	0	0
"00-0037323"	"R.Thomas"	"Rodney Thomas"	"SAF"	"DB"	"https://static.www.nfl.com/image/upload/f_auto,q_auto/league/rmch7ilcol08gczhpwp6"	2026	3	"REG"	"2026_03_SEA_WAS"	"SEA"	"WAS"	0	0	0	0	0	0	0	0	0	0	0	0	null	null	0	null	0	0	0	0	0	0	0	0	0	0	null	0	0	0	0	0	0	0	0	0	0	0	0	0	0	null	0	0	0	0	0	null	0	0	0	0	0	0	2	0	0	0	0	0	0	0	0	1	0	0	0	0	0	0	0	0	0	0	0	0	0	0	0	0	0	0	0	0	0	0	0	0	0	0	0	0	0	null	null	0	0	0	0	0	0	0	0	0	0	0	0	null	null	null	0	0	0	0	0	0	0	null	0	0	0	0	0	0	0	null	0	0	0	0	0	0	0	0	0	0	0	0
"00-0037428"	"A.Anderson"	"Alec Anderson"	"OT"	"OL"	"https://static.www.nfl.com/image/upload/f_auto,q_auto/league/frlusanzfnfuvcgjc05a"	2026	3	"REG"	"2026_03_LAC_BUF"	"BUF"	"LAC"	0	0	0	0	0	0	0	0	0	0	0	0	null	null	0	null	0	0	0	0	0	0	0	0	0	0	null	0	0	0	0	0	0	0	0	0	0	0	0	0	0	null	0	0	0	0	0	null	0	0	0	0	0	0	0	0	0	0	0	0	0	0	0	0	0	0	0	0	0	0	0	0	0	0	0	0	0	0	2	20	0	0	0	0	0	0	0	0	0	0	0	0	0	null	null	0	0	0	0	0	0	0	0	0	0	0	0	null	null	null	0	0	0	0	0	0	0	null	0	0	0	0	0	0	0	null	0	0	0	0	0	0	0	0	0	0	0	0
"00-0037545"	"R.Shaheed"	"Rashid Shaheed"	"WR"	"WR"	"https://static.www.nfl.com/image/upload/f_auto,q_auto/league/ku2naisfbxmzgagxojnm"	2026	3	"REG"	"2026_03_SEA_WAS"	"SEA"	"WAS"	0	0	0	0	0	0	0	0	0	0	0	0	null	null	0	null	0	0	0	0	0	0	0	0	0	0	null	0	0	0	0	0	2	3	14	0	0	0	15	8	0	-1.9243981316685677	0	0	0	0	0	0.9333333333333333	0.06666666666666667	0.05172413793103448	0.13620689655172413	0	0	0	0	0	0	0	0	0	0	0	0	0	0	0	0	0	0	0	0	0	0	0	0	0	0	0	0	0	0	0	0	0	0	3	29	2	63	0	0	0	0	null	null	0	0	0	0	0	0	0	0	0	0	0	0	null	null	null	0	0	0	0	0	0	0	null	0	0	0	0	0	0	0	null	0	0	0	0	0	0	0	0	0	0	1.4000000000000001	3.4000000000000004
"00-0037587"	"N.Landman"	"Nate Landman"	"LB"	"LB"	"https://static.www.nfl.com/image/upload/f_auto,q_auto/league/w44rpubxjijvxv0pkfnh"	2026	3	"REG"	"2026_03_LA_DEN"	"LA"	"DEN"	0	0	0	0	0	0	0	0	0	0	0	0	null	null	0	null	0	0	0	0	0	0	0	0	0	0	null	0	0	0	0	0	0	0	0	0	0	0	0	0	0	null	0	0	0	0	0	null	0	0	0	0	1	0	2	0	0	0	0	0	0	0	0	0	0	0	0	0	0	0	0	0	0	0	0	0	0	0	0	0	0	0	0	0	0	0	0	0	0	0	0	0	0	null	null	0	0	0	0	0	0	0	0	0	0	0	0	null	null	null	0	0	0	0	0	0	0	null	0	0	0	0	0	0	0	null	0	0	0	0	0	0	0	0	0	0	0	0
"00-0037692"	"B.Aubrey"	"Brandon Aubrey"	"K"	"SPEC"	"https://static.www.nfl.com/image/upload/f_auto,q_auto/league/bgwg06zmyohjxvzznbf6"	2026	3	"REG"	"2026_03_BAL_DAL"	"DAL"	"BAL"	0	0	0	0	0	0	0	0	0	0	0	0	null	null	0	null	0	0	0	0	0	0	0	0	0	0	null	0	0	0	0	0	0	0	0	0	0	0	0	0	0	null	0	0	0	0	0	null	0	0	0	0	0	0	0	0	0	0	0	0	0	0	0	0	0	0	0	0	0	0	0	0	0	0	0	0	0	0	2	0	0	0	0	0	0	0	0	0	0	3	4	0	1	38	0.75	0	2	1	0	0	0	0	0	0	0	0	0	"28;38;23"	null	"59"	89	0	59	2	2	0	0	1	0	0	0	0	0	0	0	null	0	0	0	0	0	0	0	0	0	0	0	0
"00-0037740"	"G.Wilson"	"Garrett Wilson"	"WR"	"WR"	"https://static.www.nfl.com/image/upload/f_auto,q_auto/league/upxwxmhdd8xluztgqwhe"	2026	3	"REG"	"2026_03_NYJ_DET"	"NYJ"	"DET"	0	0	0	0	0	0	0	0	0	0	0	0	null	null	0	null	0	0	0	0	0	0	0	0	0	0	null	0	0	0	0	0	10	13	107	1	0	0	132	18	6	6.324288892952725	0	4	2	2	0	0.8106060606060606	0.3611111111111111	0.40993788819875776	0.8286231884057971	0	0	0	0	0	0	0	0	0	0	0	0	0	0	0	0	0	0	0	0	0	0	0	0	0	0	0	0	0	0	0	0	0	0	0	0	0	0	0	0	0	0	null	null	0	0	0	0	0	0	0	0	0	0	0	0	null	null	null	0	0	0	0	0	0	0	null	0	0	0	0	0	0	0	null	0	0	0	0	0	0	0	0	0	0	16.700000000000003	26.700000000000003
"00-0037742"	"T.Burks"	"Treylon Burks"	"WR"	"WR"	"https://static.www.nfl.com/image/upload/f_auto,q_auto/league/bmozbzdxgnnwdniuvgnn"	2026	3	"REG"	"2026_03_SEA_WAS"	"WAS"	"SEA"	0	0	0	0	0	0	0	0	0	0	0	0	null	null	0	null	0	0	0	0	0	0	0	0	0	0	null	0	0	0	0	0	2	2	13	1	0	0	9	4	1	2.1081811413750984	0	1	0	0	0	1.4444444444444444	0.06666666666666667	0.036290322580645164	0.1254032258064516	0	0	0	0	0	0	0	0	0	0	0	0	0	0	0	0	0	0	0	0	0	0	0	0	0	0	0	0	0	0	0	0	0	0	0	0	0	0	0	0	0	0	null	null	0	0	0	0	0	0	0	0	0	0	0	0	null	null	null	0	0	0	0	0	0	0	null	0	0	0	0	0	0	0	null	0	0	0	0	0	0	0	0	0	0	7.3	9.3
"00-0037744"	"T.McBride"	"Trey McBride"	"TE"	"TE"	"https://static.www.nfl.com/image/upload/f_auto,q_auto/league/psasp10nn5pcvkli9kil"	2026	3	"REG"	"2026_03_ARI_SF"	"ARI"	"SF"	0	0	0	0	0	0	0	0	0	0	0	0	null	null	0	null	0	0	0	0	0	0	0	0	0	0	null	0	0	0	0	0	9	11	75	0	0	0	57	18	3	5.295065956976032	0	2	1	0	0	1.3157894736842106	0.22	0.1792452830188679	0.45547169811320753	0	0	0	0	0	0	0	0	0	0	0	0	0	0	0	0	0	0	0	0	0	0	0	0	0	0	0	1	10	0	0	0	0	0	0	0	0	0	0	0	0	0	null	null	0	0	0	0	0	0	0	0	0	0	0	0	null	null	null	0	0	0	0	0	0	0	null	0	0	0	0	0	0	0	null	0	0	0	0	0	0	0	0	0	0	7.5	16.5
"00-0037755"	"J.Woods"	"Jelani Woods"	"TE"	"TE"	"https://static.www.nfl.com/image/upload/f_auto,q_auto/league/bnezem4laynlarqnpyc5"	2026	3	"REG"	"2026_03_NYJ_DET"	"NYJ"	"DET"	0	0	0	0	0	0	0	0	0	0	0	0	null	null	0	null	0	0	0	0	0	0	0	0	0	0	null	0	0	0	0	0	1	1	20	0	0	0	19	1	1	1.2639344903291203	0	1	1	1	0	1.0526315789473684	0.027777777777777776	0.059006211180124224	0.08297101449275363	0	0	0	0	0	0	0	0	0	0	0	0	0	0	0	0	0	0	0	0	0	0	0	0	0	0	0	0	0	0	0	0	0	0	0	0	0	0	0	0	0	0	null	null	0	0	0	0	0	0	0	0	0	0	0	0	null	null	null	0	0	0	0	0	0	0	null	0	0	0	0	0	0	0	null	0	0	0	0	0	0	0	0	0	0	2	3
"00-0037799"	"D.Tillman"	"Dondrea Tillman"	"LB"	"LB"	"https://static.www.nfl.com/image/upload/f_auto,q_auto/league/rqo88erhkag4dfighxdw"	2026	3	"REG"	"2026_03_LA_DEN"	"DEN"	"LA"	0	0	0	0	0	0	0	0	0	0	0	0	null	null	0	null	0	0	0	0	0	0	0	0	0	0	null	0	0	0	0	0	0	0	0	0	0	0	0	0	0	null	0	0	0	0	0	null	0	0	0	0	1	0	1	0	0	0	0	0	2	0	0	0	0	0	0	0	0	0	0	0	0	0	0	0	0	0	0	0	0	0	0	0	0	0	0	0	0	0	0	0	0	null	null	0	0	0	0	0	0	0	0	0	0	0	0	null	null	null	0	0	0	0	0	0	0	null	0	0	0	0	0	0	0	null	0	0	0	0	0	0	0	0	0	0	0	0
"00-0037805"	"J.Ruckert"	"Jeremy Ruckert"	"TE"	"TE"	"https://static.www.nfl.com/image/upload/f_auto,q_auto/league/bcqcta7r1uee3rqhejdh"	2026	3	"REG"	"2026_03_NYJ_DET"	"NYJ"	"DET"	0	0	0	0	0	0	0	0	0	0	0	0	null	null	0	null	0	0	0	0	0	0	0	0	0	0	null	0	0	0	0	0	5	5	39	1	0	0	15	24	3	4.484308307466563	0	1	1	0	0	2.6	0.1388888888888889	0.046583850931677016	0.24094202898550726	0	0	0	0	0	0	0	0	0	0	0	0	0	0	0	0	0	0	0	0	0	0	0	0	0	0	0	0	0	0	0	0	0	0	0	0	0	0	0	0	0	0	null	null	0	0	0	0	0	0	0	0	0	0	0	0	null	null	null	0	0	0	0	0	0	0	null	0	0	0	0	0	0	0	null	0	0	0	0	0	0	0	0	0	0	9.9	14.9
"00-0037819"	"L.Chenal"	"Leo Chenal"	"LB"	"LB"	"https://static.www.nfl.com/image/upload/f_auto,q_auto/league/vjl1lsaotcqcxkhm2std"	2026	3	"REG"	"2026_03_SEA_WAS"	"WAS"	"SEA"	0	0	0	0	0	0	0	0	0	0	0	0	null	null	0	null	0	0	0	0	0	0	0	0	0	0	null	0	0	0	0	0	0	0	0	0	0	0	0	0	0	null	0	0	0	0	0	null	0	0	0	0	2	0	1	1	2	0	0	0	0	0	0	0	0	0	0	0	0	0	0	0	0	0	0	0	0	0	0	0	0	0	0	0	0	0	0	0	0	0	0	0	0	null	null	0	0	0	0	0	0	0	0	0	0	0	0	null	null	null	0	0	0	0	0	0	0	null	0	0	0	0	0	0	0	null	0	0	0	0	0	0	0	0	0	0	0	0
"00-0037840"	"K.Williams"	"Kyren Williams"	"RB"	"RB"	"https://static.www.nfl.com/image/upload/f_auto,q_auto/league/xti3pek6rmojqchakxpy"	2026	3	"REG"	"2026_03_LA_DEN"	"LA"	"DEN"	0	0	0	0	0	0	0	0	0	0	0	0	null	null	0	null	0	0	0	0	15	88	0	0	0	4	1.617899610369932	0	1	1	1	0	6	7	70	0	0	0	44	30	4	-4.9819617988622795	0	4	3	1	0	1.5909090909090908	0.14285714285714285	0.08644400785854617	0.2747965197866966	0	0	0	0	0	0	0	0	0	0	0	0	0	0	0	0	0	0	0	0	0	0	0	0	0	0	0	0	0	0	0	0	0	0	0	0	0	0	0	0	0	0	null	null	0	0	0	0	0	0	0	0	0	0	0	0	null	null	null	0	0	0	0	0	0	0	null	0	0	0	0	0	0	0	null	0	0	0	0	0	0	0	0	0	0	15.8	21.8
"00-0037841"	"Q.Lake"	"Quentin Lake"	"SAF"	"DB"	"https://static.www.nfl.com/image/upload/f_auto,q_auto/league/qktbfevtbxiyrw9ekk72"	2026	3	"REG"	"2026_03_LA_DEN"	"LA"	"DEN"	0	0	0	0	0	0	0	0	0	0	0	0	null	null	0	null	0	0	0	0	0	0	0	0	0	0	null	0	0	0	0	0	0	0	0	0	0	0	0	0	0	null	0	0	0	0	0	null	0	0	0	0	3	0	3	0	0	0	0	0	0	0	0	1	0	0	0	0	0	0	0	0	0	0	0	0	0	0	2	9	0	0	0	0	0	0	0	0	0	0	0	0	0	null	null	0	0	0	0	0	0	0	0	0	0	0	0	null	null	null	0	0	0	0	0	0	0	null	0	0	0	0	0	0	0	null	0	0	0	0	0	0	0	0	0	0	0	0
"00-0038100"	"P.Butler"	"Percy Butler"	"SAF"	"DB"	"https://static.www.nfl.com/image/upload/f_auto,q_auto/league/uqx9zb1asrcvsenbus1p"	2026	3	"REG"	"2026_03_SEA_WAS"	"WAS"	"SEA"	0	0	0	0	0	0	0	0	0	0	0	0	null	null	0	null	0	0	0	0	0	0	0	0	0	0	null	0	0	0	0	0	0	0	0	0	0	0	0	0	0	null	0	0	0	0	0	null	0	0	0	0	3	0	1	0	0	0	0	0	0	0	0	0	0	0	0	0	0	0	0	0	0	0	0	0	0	0	0	0	0	0	0	0	0	0	0	0	0	0	0	0	0	null	null	0	0	0	0	0	0	0	0	0	0	0	0	null	null	null	0	0	0	0	0	0	0	null	0	0	0	0	0	0	0	null	0	0	0	0	0	0	0	0	0	0	0	0
"00-0038103"	"C.Strange"	"Cole Strange"	"G"	"OL"	"https://static.www.nfl.com/image/upload/f_auto,q_auto/league/ewuzloizbacphcy6yogg"	2026	3	"REG"	"2026_03_LAC_BUF"	"LAC"	"BUF"	0	0	0	0	0	0	0	0	0	0	0	0	null	null	0	null	0	0	0	0	0	0	0	0	0	0	null	0	0	0	0	0	0	0	0	0	0	0	0	0	0	null	0	0	0	0	0	null	0	0	0	0	0	0	0	0	0	0	0	0	0	0	0	0	0	0	0	0	0	0	0	0	0	0	0	0	0	0	2	10	0	0	0	0	0	0	0	0	0	0	0	0	0	null	null	0	0	0	0	0	0	0	0	0	0	0	0	null	null	null	0	0	0	0	0	0	0	null	0	0	0	0	0	0	0	null	0	0	0	0	0	0	0	0	0	0	0	0
"00-0038106"	"E.Uwazurike"	"Eyioma Uwazurike"	"DT"	"DL"	"https://static.www.nfl.com/image/upload/f_auto,q_auto/league/xrpjuwqmhwjnovlj1kd8"	2026	3	"REG"	"2026_03_LA_DEN"	"DEN"	"LA"	0	0	0	0	0	0	0	0	0	0	0	0	null	null	0	null	0	0	0	0	0	0	0	0	0	0	null	0	0	0	0	0	0	0	0	0	0	0	0	0	0	null	0	0	0	0	0	null	0	0	0	0	1	0	0	1	1	0	1	1	1	0	0	0	0	0	0	0	0	0	0	0	0	0	0	0	0	0	0	0	0	0	0	0	0	0	0	0	0	0	0	0	0	null	null	0	0	0	0	0	0	0	0	0	0	0	0	null	null	null	0	0	0	0	0	0	0	null	0	0	0	0	0	0	0	null	0	0	0	0	0	0	0	0	0	0	0	0
"00-0038116"	"A.Ebiketie"	"Arnold Ebiketie"	"LB"	"LB"	"https://static.www.nfl.com/image/upload/f_auto,q_auto/league/w5sjq8cj5tdar5ttlll7"	2026	3	"REG"	"2026_03_PHI_CHI"	"PHI"	"CHI"	0	0	0	0	0	0	0	0	0	0	0	0	null	null	0	null	0	0	0	0	0	0	0	0	0	0	null	0	0	0	0	0	0	0	0	0	0	0	0	0	0	null	0	0	0	0	0	null	0	0	0	0	0	0	2	0	0	0	0	0	0	0	0	0	0	0	0	0	0	0	0	0	0	0	0	0	0	0	0	0	0	0	0	0	0	0	0	0	0	0	0	0	0	null	null	0	0	0	0	0	0	0	0	0	0	0	0	null	null	null	0	0	0	0	0	0	0	null	0	0	0	0	0	0	0	null	0	0	0	0	0	0	0	0	0	0	0	0
"00-0038120"	"B.Hall"	"Breece Hall"	"RB"	"RB"	"https://static.www.nfl.com/image/upload/f_auto,q_auto/league/i01xtqbfajfq68lb6orh"	2026	3	"REG"	"2026_03_NYJ_DET"	"NYJ"	"DET"	0	0	0	0	0	0	0	0	0	0	0	0	null	null	0	null	0	0	0	0	13	32	0	0	0	4	-4.148520769784227	0	1	1	0	0	3	3	23	0	0	0	-2	25	1	2.221112991333939	0	1	0	0	0	-11.5	0.08333333333333333	-0.006211180124223602	0.12065217391304348	0	0	0	0	0	0	0	0	0	0	0	0	0	0	0	0	0	0	0	0	0	0	0	0	0	0	0	0	0	0	0	0	0	0	0	0	0	0	0	0	0	0	null	null	0	0	0	0	0	0	0	0	0	0	0	0	null	null	null	0	0	0	0	0	0	0	null	0	0	0	0	0	0	0	null	0	0	0	0	0	0	0	0	0	0	5.5	8.5
"00-0038123"	"D.Belton"	"Dane Belton"	"SAF"	"DB"	"https://static.www.nfl.com/image/upload/f_auto,q_auto/league/iiss6ltg2ajuabrisoqw"	2026	3	"REG"	"2026_03_NYJ_DET"	"NYJ"	"DET"	0	0	0	0	0	0	0	0	0	0	0	0	null	null	0	null	0	0	0	0	0	0	0	0	0	0	null	0	0	0	0	0	0	0	0	0	0	0	0	0	0	null	0	0	0	0	0	null	0	0	0	0	4	0	3	0	0	0	0	0	0	0	0	1	0	0	0	0	0	0	0	0	0	0	0	0	0	0	0	0	0	0	0	0	0	0	0	0	0	0	0	0	0	null	null	0	0	0	0	0	0	0	0	0	0	0	0	null	null	null	0	0	0	0	0	0	0	null	0	0	0	0	0	0	0	null	0	0	0	0	0	0	0	0	0	0	0	0
"00-0038125"	"R.McCreary"	"Roger McCreary"	"CB"	"DB"	"https://static.www.nfl.com/image/upload/f_auto,q_auto/league/elq9ou82mtnczfos63em"	2026	3	"REG"	"2026_03_NYJ_DET"	"DET"	"NYJ"	0	0	0	0	0	0	0	0	0	0	0	0	null	null	0	null	0	0	0	0	0	0	0	0	0	0	null	0	0	0	0	0	0	0	0	0	0	0	0	0	0	null	0	0	0	0	0	null	0	0	0	0	4	0	3	0	0	0	0	0	0	0	0	0	0	0	0	0	0	0	0	0	0	0	0	0	0	0	0	0	0	0	0	0	0	0	0	0	0	0	0	0	0	null	null	0	0	0	0	0	0	0	0	0	0	0	0	null	null	null	0	0	0	0	0	0	0	null	0	0	0	0	0	0	0	null	0	0	0	0	0	0	0	0	0	0	0	0
"00-0038359"	"X.Smith"	"Xavier Smith"	"WR"	"WR"	"https://static.www.nfl.com/image/upload/f_auto,q_auto/league/hqvwpitewijx8bjrcofe"	2026	3	"REG"	"2026_03_LA_DEN"	"LA"	"DEN"	0	0	0	0	0	0	0	0	0	0	0	0	null	null	0	null	0	0	0	0	0	0	0	0	0	0	null	0	0	0	0	0	0	0	0	0	0	0	0	0	0	null	0	0	0	0	0	null	0	0	0	0	0	0	0	0	0	0	0	0	0	0	0	0	0	0	0	0	0	0	0	0	0	0	0	0	0	0	0	0	0	0	0	0	0	2	26	4	90	0	0	0	0	null	null	0	0	0	0	0	0	0	0	0	0	0	0	null	null	null	0	0	0	0	0	0	0	null	0	0	0	0	0	0	0	null	0	0	0	0	0	0	0	0	0	0	0	0
"00-0038366"	"T.Ingle"	"Tanner Ingle"	"SAF"	"DB"	"https://static.www.nfl.com/image/upload/f_auto,q_auto/league/vzeuylllstdp5udwxgzq"	2026	3	"REG"	"2026_03_LA_DEN"	"LA"	"DEN"	0	0	0	0	0	0	0	0	0	0	0	0	null	null	0	null	0	0	0	0	0	0	0	0	0	0	null	0	0	0	0	0	0	0	0	0	0	0	0	0	0	null	0	0	0	0	0	null	0	0	0	0	0	0	1	0	0	0	0	0	0	0	0	0	0	0	0	0	0	0	0	0	0	0	0	0	0	0	0	0	0	0	0	0	0	0	0	0	0	0	0	0	0	null	null	0	0	0	0	0	0	0	0	0	0	0	0	null	null	null	0	0	0	0	0	0	0	null	0	0	0	0	0	0	0	null	0	0	0	0	0	0	0	0	0	0	0	0
"00-0038386"	"J.Carter"	"Jalen Carter"	"DT"	"DL"	"https://static.www.nfl.com/image/upload/f_auto,q_auto/league/lzctlmzr184bc1mix5qs"	2026	3	"REG"	"2026_03_PHI_CHI"	"PHI"	"CHI"	0	0	0	0	0	0	0	0	0	0	0	0	null	null	0	null	0	0	0	0	0	0	0	0	0	0	null	0	0	0	0	0	0	0	0	0	0	0	0	0	0	null	0	0	0	0	0	null	0	0	0	0	1	1	1	1	2	0	0	0	0	0	0	0	0	0	0	0	0	0	0	0	0	0	0	0	0	0	0	0	0	0	0	0	0	0	0	0	0	0	0	0	0	null	null	0	0	0	0	0	0	0	0	0	0	0	0	null	null	null	0	0	0	0	0	0	0	null	0	0	0	0	0	0	0	null	0	0	0	0	0	0	0	0	0	0	0	0
"00-0038393"	"D.Wicks"	"Dontayvion Wicks"	"WR"	"WR"	"https://static.www.nfl.com/image/upload/f_auto,q_auto/league/v1lt8kpvkn0qw5elyaoz"	2026	3	"REG"	"2026_03_PHI_CHI"	"PHI"	"CHI"	0	0	0	0	0	0	0	0	0	0	0	0	null	null	0	null	0	0	0	0	0	0	0	0	0	0	null	0	0	0	0	0	2	5	32	0	0	0	55	7	2	-4.402288922748994	0	2	1	0	0	0.5818181818181818	0.2	0.3548387096774194	0.5483870967741936	0	0	0	0	0	0	0	0	0	0	0	0	0	0	0	0	0	0	0	0	0	0	0	0	0	0	0	0	0	0	0	0	0	0	0	0	0	0	0	0	0	0	null	null	0	0	0	0	0	0	0	0	0	0	0	0	null	null	null	0	0	0	0	0	0	0	null	0	0	0	0	0	0	0	null	0	0	0	0	0	0	0	0	0	0	3.2	5.2
"00-0038412"	"M.Ojomo"	"Moro Ojomo"	"DT"	"DL"	"https://static.www.nfl.com/image/upload/f_auto,q_auto/league/pifqoqquxxvoqwah8khm"	2026	3	"REG"	"2026_03_PHI_CHI"	"PHI"	"CHI"	0	0	0	0	0	0	0	0	0	0	0	0	null	null	0	null	0	0	0	0	0	0	0	0	0	0	null	0	0	0	0	0	0	0	0	0	0	0	0	0	0	null	0	0	0	0	0	null	0	0	0	0	0	0	3	0	0	0	0	0	1	0	0	0	0	0	0	0	0	0	0	0	0	0	0	0	0	0	1	5	0	0	0	0	0	0	0	0	0	0	0	0	0	null	null	0	0	0	0	0	0	0	0	0	0	0	0	null	null	null	0	0	0	0	0	0	0	null	0	0	0	0	0	0	0	null	0	0	0	0	0	0	0	0	0	0	0	0
"00-0038414"	"K.Williamson"	"Kendall Williamson"	"SAF"	"DB"	"https://static.www.nfl.com/image/upload/f_auto,q_auto/league/p8tf7gkxcdl46exymyaj"	2026	3	"REG"	"2026_03_LAC_BUF"	"LAC"	"BUF"	0	0	0	0	0	0	0	0	0	0	0	0	null	null	0	null	0	0	0	0	0	0	0	0	0	0	null	0	0	0	0	0	0	0	0	0	0	0	0	0	0	null	0	0	0	0	0	null	0	0	0	0	1	0	0	0	0	0	0	0	0	0	0	0	0	0	0	0	0	0	0	0	0	0	0	0	0	0	0	0	0	0	0	0	0	0	0	0	0	0	0	0	0	null	null	0	0	0	0	0	0	0	0	0	0	0	0	null	null	null	0	0	0	0	0	0	0	null	0	0	0	0	0	0	0	null	0	0	0	0	0	0	0	0	0	0	0	0
"00-0038428"	"A.Szmyt"	"Andre Szmyt"	"K"	"SPEC"	"https://static.www.nfl.com/image/upload/f_auto,q_auto/league/tkah6glpysuyq2a54gts"	2026	3	"REG"	"2026_03_CAR_CLE"	"CLE"	"CAR"	0	0	0	0	0	0	0	0	0	0	0	0	null	null	0	null	0	0	0	0	0	0	0	0	0	0	null	0	0	0	0	0	0	0	0	0	0	0	0	0	0	null	0	0	0	0	0	null	0	0	0	0	0	0	0	0	0	0	0	0	0	0	0	0	0	0	0	0	0	0	0	0	0	0	0	0	0	0	0	0	0	0	0	0	0	0	0	0	0	2	2	0	0	48	1	0	0	0	2	0	0	0	0	0	0	0	0	"48;45"	null	null	93	0	0	1	1	0	0	1	0	0	0	0	0	0	0	null	0	0	0	0	0	0	0	0	0	0	0	0
"00-0038454"	"K.Mitchell"	"Keaton Mitchell"	"RB"	"RB"	"https://static.www.nfl.com/image/upload/f_auto,q_auto/league/ztciwwpbyaffmckwrzdk"	2026	3	"REG"	"2026_03_LAC_BUF"	"LAC"	"BUF"	0	0	0	0	0	0	0	0	0	0	0	0	null	null	0	null	0	0	0	0	8	52	0	0	0	1	-0.004438952104756755	0	2	1	0	0	3	3	-5	1	0	0	-11	6	1	-0.7482831014785916	0	0	0	0	0	0.45454545454545453	0.09090909090909091	-0.03767123287671233	0.10999377334993773	0	0	0	0	0	0	0	0	0	0	0	0	0	0	0	0	0	0	0	0	0	0	0	0	0	0	0	0	0	0	0	0	0	0	0	0	2	52	0	0	0	0	null	null	0	0	0	0	0	0	0	0	0	0	0	0	null	null	null	0	0	0	0	0	0	0	null	0	0	0	0	0	0	0	null	0	0	0	0	0	0	0	0	0	0	10.7	13.7
"00-0038488"	"B.Russell"	"Brady Russell"	"RB"	"RB"	"https://static.www.nfl.com/image/upload/f_auto,q_auto/league/vfz3osmr3fgeoyu5us80"	2026	3	"REG"	"2026_03_SEA_WAS"	"SEA"	"WAS"	0	0	0	0	0	0	0	0	0	0	0	0	null	null	0	null	0	0	0	0	0	0	0	0	0	0	null	0	0	0	0	0	1	1	20	0	0	0	13	7	1	1.897902286349563	0	1	1	1	0	1.5384615384615385	0.022222222222222223	0.04482758620689655	0.06471264367816092	0	3	0	0	0	0	0	0	0	0	0	0	0	0	0	0	0	0	0	0	0	0	0	0	0	0	0	0	0	0	0	0	0	0	0	0	0	0	0	0	0	0	null	null	0	0	0	0	0	0	0	0	0	0	0	0	null	null	null	0	0	0	0	0	0	0	null	0	0	0	0	0	0	0	null	0	0	0	0	0	0	0	0	0	0	2	3
"00-0038498"	"E.Jenkins"	"E.J. Jenkins"	"TE"	"TE"	"https://static.www.nfl.com/image/upload/f_auto,q_auto/league/jmhuk0gcnyotcjhdxo6v"	2026	3	"REG"	"2026_03_PHI_CHI"	"PHI"	"CHI"	0	0	0	0	0	0	0	0	0	0	0	0	null	null	0	null	0	0	0	0	0	0	0	0	0	0	null	0	0	0	0	0	0	0	0	0	0	0	0	0	0	null	0	0	0	0	0	null	0	0	0	0	0	0	0	0	0	0	0	0	0	0	0	0	0	0	0	0	0	0	0	0	0	0	0	0	0	0	1	5	0	0	0	0	0	0	0	0	0	0	0	0	0	null	null	0	0	0	0	0	0	0	0	0	0	0	0	null	null	null	0	0	0	0	0	0	0	null	0	0	0	0	0	0	0	null	0	0	0	0	0	0	0	0	0	0	0	0
"00-0038542"	"Bi.Robinson"	"Bijan Robinson"	"RB"	"RB"	"https://static.www.nfl.com/image/upload/f_auto,q_auto/league/esii5yb8yn9edboi4mlq"	2026	3	"REG"	"2026_03_ATL_GB"	"ATL"	"GB"	0	0	0	0	0	0	0	0	0	0	0	0	null	null	0	null	0	0	0	0	29	194	2	0	0	11	8.700967145327013	0	4	2	2	1	2	2	19	0	0	0	-10	29	1	1.2685238600242883	0	1	1	0	0	-1.9	0.08695652173913043	-0.06711409395973154	0.08345491683688358	0	0	0	0	0	0	0	0	0	0	0	0	0	0	0	0	0	0	0	0	0	0	0	0	0	0	0	0	0	0	0	0	0	0	0	0	0	0	0	0	0	0	null	null	0	0	0	0	0	0	0	0	0	0	0	0	null	null	null	0	0	0	0	0	0	0	null	0	0	0	0	0	0	0	null	0	0	0	0	0	0	0	0	0	0	33.3	35.3
"00-0038543"	"J.Smith-Njigba"	"Jaxon Smith-Njigba"	"WR"	"WR"	"https://static.www.nfl.com/image/upload/f_auto,q_auto/league/yx1xjrupbqdknnjaq4a6"	2026	3	"REG"	"2026_03_SEA_WAS"	"SEA"	"WAS"	1	1	14	0	0	0	0	0	0	-7	21	1	0.9250906145316549	45.29430866241455	0	0	1	0	0	0	0	0	0	0	0	0	null	0	0	0	0	0	10	14	128	2	0	0	151	7	9	3.4195183221891057	0	8	3	2	0	0.847682119205298	0.3111111111111111	0.5206896551724138	0.8311494252873564	0	0	0	0	0	0	0	0	0	0	0	0	0	0	0	0	0	0	0	0	0	0	0	0	0	0	0	2	9	0	0	0	0	0	0	0	0	0	0	0	0	0	null	null	0	0	0	0	0	0	0	0	0	0	0	0	null	null	null	0	0	0	0	0	0	0	null	0	0	0	0	0	0	0	null	0	0	0	0	0	0	0	0	0	0	25.36	35.36
"00-0038544"	"Q.Johnston"	"Quentin Johnston"	"WR"	"WR"	"https://static.www.nfl.com/image/upload/f_auto,q_auto/league/lyvsrjh4mjb4dqwp6shm"	2026	3	"REG"	"2026_03_LAC_BUF"	"LAC"	"BUF"	0	0	0	0	0	0	0	0	0	0	0	0	null	null	0	null	0	0	0	0	0	0	0	0	0	0	null	0	0	0	0	0	3	6	40	0	0	0	68	25	2	0.40194255678215995	0	2	1	1	0	0.5882352941176471	0.18181818181818182	0.2328767123287671	0.43574097135740963	0	0	0	0	0	0	0	0	0	0	0	0	0	0	0	0	0	0	0	0	0	0	0	0	0	0	0	0	0	0	0	0	0	0	0	0	0	0	0	0	0	0	null	null	0	0	0	0	0	0	0	0	0	0	0	0	null	null	null	0	0	0	0	0	0	0	null	0	0	0	0	0	0	0	null	0	0	0	0	0	0	0	0	0	0	4	7
"00-0038552"	"R.Moss"	"Riley Moss"	"CB"	"DB"	"https://static.www.nfl.com/image/upload/f_auto,q_auto/league/o8jxuxi7vqa9kxt0rawn"	2026	3	"REG"	"2026_03_LA_DEN"	"DEN"	"LA"	0	0	0	0	0	0	0	0	0	0	0	0	null	null	0	null	0	0	0	0	0	0	0	0	0	0	null	0	0	0	0	0	0	0	0	0	0	0	0	0	0	null	0	0	0	0	0	null	0	0	0	0	3	0	3	0	0	0	0	0	0	0	0	1	0	0	0	0	0	0	0	0	0	0	0	0	0	0	1	13	0	0	0	0	0	0	0	0	0	0	0	0	0	null	null	0	0	0	0	0	0	0	0	0	0	0	0	null	null	null	0	0	0	0	0	0	0	null	0	0	0	0	0	0	0	null	0	0	0	0	0	0	0	0	0	0	0	0
"00-0038553"	"D.Henley"	"Daiyan Henley"	"LB"	"LB"	"https://static.www.nfl.com/image/upload/f_auto,q_auto/league/jl1rn08ci17wub2xok8a"	2026	3	"REG"	"2026_03_LAC_BUF"	"LAC"	"BUF"	0	0	0	0	0	0	0	0	0	0	0	0	null	null	0	null	0	0	0	0	0	0	0	0	0	0	null	0	0	0	0	0	0	0	0	0	0	0	0	0	0	null	0	0	0	0	0	null	0	0	0	0	5	0	4	0	0	1	0	0	0	0	0	0	0	0	0	0	0	0	0	0	0	0	0	2	0	0	0	0	0	0	0	0	0	0	0	0	0	0	0	0	0	null	null	0	0	0	0	0	0	0	0	0	0	0	0	null	null	null	0	0	0	0	0	0	0	null	0	0	0	0	0	0	0	null	0	0	0	0	0	0	0	0	0	0	0	0
"00-0038555"	"T.Bigsby"	"Tank Bigsby"	"RB"	"RB"	"https://static.www.nfl.com/image/upload/f_auto,q_auto/league/vfkdjfpiyrcuzahrmfvn"	2026	3	"REG"	"2026_03_PHI_CHI"	"PHI"	"CHI"	0	0	0	0	0	0	0	0	0	0	0	0	null	null	0	null	0	0	0	0	0	0	0	0	0	0	null	0	0	0	0	0	1	1	5	0	1	1	0	5	0	-4.0424674190580845	0	0	0	0	0	0	0.04	0	0.06	0	0	0	0	0	0	0	0	0	0	0	0	0	0	0	0	0	0	0	0	0	0	0	0	0	0	0	0	0	1	0	0	1	1	0	0	0	0	0	0	0	0	null	null	0	0	0	0	0	0	0	0	0	0	0	0	null	null	null	0	0	0	0	0	0	0	null	0	0	0	0	0	0	0	null	0	0	0	0	0	0	0	0	0	0	-1.5	-0.5
"00-0038557"	"D.Williams"	"Dorian Williams"	"LB"	"LB"	"https://static.www.nfl.com/image/upload/f_auto,q_auto/league/fsslbcbp87yehsofpwg1"	2026	3	"REG"	"2026_03_LAC_BUF"	"BUF"	"LAC"	0	0	0	0	0	0	0	0	0	0	0	0	null	null	0	null	0	0	0	0	0	0	0	0	0	0	null	0	0	0	0	0	0	0	0	0	0	0	0	0	0	null	0	0	0	0	0	null	0	0	0	0	4	0	5	0	0	0	0	0	0	0	0	0	0	0	0	0	0	0	0	0	0	0	0	0	0	0	0	0	0	0	0	0	0	0	0	0	0	0	0	0	0	null	null	0	0	0	0	0	0	0	0	0	0	0	0	null	null	null	0	0	0	0	0	0	0	null	0	0	0	0	0	0	0	null	0	0	0	0	0	0	0	0	0	0	0	0
"00-0038567"	"C.Ryland"	"Chad Ryland"	"K"	"SPEC"	"https://static.www.nfl.com/image/upload/f_auto,q_auto/league/gbfzwbzdl9wj582nh5g9"	2026	3	"REG"	"2026_03_ARI_SF"	"ARI"	"SF"	0	0	0	0	0	0	0	0	0	0	0	0	null	null	0	null	0	0	0	0	0	0	0	0	0	0	null	0	0	0	0	0	0	0	0	0	0	0	0	0	0	null	0	0	0	0	0	null	0	0	0	0	0	0	0	0	0	0	0	0	0	0	0	0	0	0	0	0	0	0	0	0	0	0	0	0	0	0	0	0	0	0	0	0	0	0	0	0	0	3	3	0	0	49	1	0	1	0	2	0	0	0	0	0	0	0	0	"26;41;49"	null	null	116	0	0	3	3	0	0	1	0	0	0	0	0	0	0	null	0	0	0	0	0	0	0	0	0	0	0	0
"00-0038573"	"D.Davis"	"Derius Davis"	"WR"	"WR"	"https://static.www.nfl.com/image/upload/f_auto,q_auto/league/ykmeihbr6903smvblzgc"	2026	3	"REG"	"2026_03_LAC_BUF"	"LAC"	"BUF"	0	0	0	0	0	0	0	0	0	0	0	0	null	null	0	null	0	0	0	0	0	0	0	0	0	0	null	0	0	0	0	0	0	0	0	0	0	0	0	0	0	null	0	0	0	0	0	null	0	0	0	0	0	0	0	0	0	0	0	0	0	0	0	0	0	0	0	0	0	0	0	0	0	0	0	0	0	0	0	0	0	0	0	0	0	1	14	1	24	0	0	0	0	null	null	0	0	0	0	0	0	0	0	0	0	0	0	null	null	null	0	0	0	0	0	0	0	null	0	0	0	0	0	0	0	null	0	0	0	0	0	0	0	0	0	0	0	0
"00-0038605"	"J.Skinner"	"JL Skinner"	"SAF"	"DB"	"https://static.www.nfl.com/image/upload/f_auto,q_auto/league/dvlcjuzhtjxgfnnbcxjv"	2026	3	"REG"	"2026_03_LA_DEN"	"DEN"	"LA"	0	0	0	0	0	0	0	0	0	0	0	0	null	null	0	null	0	0	0	0	0	0	0	0	0	0	null	0	0	0	0	0	0	0	0	0	0	0	0	0	0	null	0	0	0	0	0	null	0	0	0	0	1	0	0	0	0	0	0	0	0	0	0	0	0	0	0	0	0	0	0	0	0	0	0	0	0	0	0	0	0	0	0	0	0	0	0	0	0	0	0	0	0	null	null	0	0	0	0	0	0	0	0	0	0	0	0	null	null	null	0	0	0	0	0	0	0	null	0	0	0	0	0	0	0	null	0	0	0	0	0	0	0	0	0	0	0	0
"00-0038660"	"T.Nowaske"	"Trevor Nowaske"	"LB"	"LB"	"https://static.www.nfl.com/image/upload/f_auto,q_auto/league/m65qtbao0n91lg4gprrp"	2026	3	"REG"	"2026_03_NYJ_DET"	"DET"	"NYJ"	0	0	0	0	0	0	0	0	0	0	0	0	null	null	0	null	0	0	0	0	0	0	0	0	0	0	null	0	0	0	0	0	0	0	0	0	0	0	0	0	0	null	0	0	0	0	0	null	0	0	0	0	6	0	0	0	0	0	0	0	0	0	0	0	0	0	0	0	0	0	0	0	0	0	0	0	0	0	1	10	0	0	0	0	0	0	0	0	0	0	0	0	0	null	null	0	0	0	0	0	0	0	0	0	0	0	0	null	null	null	0	0	0	0	0	0	0	null	0	0	0	0	0	0	0	null	0	0	0	0	0	0	0	0	0	0	0	0
"00-0038783"	"N.Adkins"	"Nate Adkins"	"TE"	"TE"	"https://static.www.nfl.com/image/upload/f_auto,q_auto/league/hedaw0ksq5qdzp9uhe3w"	2026	3	"REG"	"2026_03_LA_DEN"	"DEN"	"LA"	0	0	0	0	0	0	0	0	0	0	0	0	null	null	0	null	0	0	0	0	0	0	0	0	0	0	null	0	0	0	0	0	1	2	8	1	0	0	6	4	1	1.563583976647351	0	0	0	0	0	1.3333333333333333	0.06451612903225806	0.032432432432432434	0.1194768962510898	0	0	0	0	0	0	0	0	0	0	0	0	0	0	0	0	0	0	0	0	0	0	0	0	0	0	0	0	0	0	0	0	0	0	0	0	0	0	0	0	0	0	null	null	0	0	0	0	0	0	0	0	0	0	0	0	null	null	null	0	0	0	0	0	0	0	null	0	0	0	0	0	0	0	null	0	0	0	0	0	0	0	0	0	0	6.8	7.8
"00-0038797"	"E.Wilson"	"Emanuel Wilson"	"RB"	"RB"	"https://static.www.nfl.com/image/upload/f_auto,q_auto/league/uorruvczsxzvffpbxu8z"	2026	3	"REG"	"2026_03_SEA_WAS"	"SEA"	"WAS"	0	0	0	0	0	0	0	0	0	0	0	0	null	null	0	null	0	0	0	0	9	14	0	0	0	0	-3.317231514432933	0	0	0	0	0	0	0	0	0	0	0	0	0	0	null	0	0	0	0	0	null	0	0	0	0	0	0	0	0	0	0	0	0	0	0	0	0	0	0	0	0	0	0	0	0	0	0	0	0	0	0	0	0	0	0	0	0	0	0	0	0	0	0	0	0	0	null	null	0	0	0	0	0	0	0	0	0	0	0	0	null	null	null	0	0	0	0	0	0	0	null	0	0	0	0	0	0	0	null	0	0	0	0	0	0	0	0	0	0	1.4000000000000001	1.4000000000000001
"00-0038820"	"C.Izien"	"Christian Izien"	"SAF"	"DB"	"https://static.www.nfl.com/image/upload/f_auto,q_auto/league/mgnzlvalqatapemmfbao"	2026	3	"REG"	"2026_03_NYJ_DET"	"DET"	"NYJ"	0	0	0	0	0	0	0	0	0	0	0	0	null	null	0	null	0	0	0	0	0	0	0	0	0	0	null	0	0	0	0	0	0	0	0	0	0	0	0	0	0	null	0	0	0	0	0	null	0	0	0	0	8	1	2	3	7	0	0	0	0	0	0	1	0	0	0	0	0	0	0	0	0	0	0	0	0	0	0	0	0	0	0	0	0	0	0	0	0	0	0	0	0	null	null	0	0	0	0	0	0	0	0	0	0	0	0	null	null	null	0	0	0	0	0	0	0	null	0	0	0	0	0	0	0	null	0	0	0	0	0	0	0	0	0	0	0	0
"00-0038866"	"A.Finley"	"AJ Finley"	"SAF"	"DB"	"https://static.www.nfl.com/image/upload/f_auto,q_auto/league/zqvnq3t2f3ayg5rnmzld"	2026	3	"REG"	"2026_03_SEA_WAS"	"SEA"	"WAS"	0	0	0	0	0	0	0	0	0	0	0	0	null	null	0	null	0	0	0	0	0	0	0	0	0	0	null	0	0	0	0	0	0	0	0	0	0	0	0	0	0	null	0	0	0	0	0	null	0	0	0	0	2	0	1	0	0	0	0	0	0	0	0	0	0	0	0	0	0	0	0	0	0	0	0	0	0	0	1	15	0	0	0	0	0	0	0	0	0	0	0	0	0	null	null	0	0	0	0	0	0	0	0	0	0	0	0	null	null	null	0	0	0	0	0	0	0	null	0	0	0	0	0	0	0	null	0	0	0	0	0	0	0	0	0	0	0	0
"00-0038896"	"J.Saylors"	"Jacob Saylors"	"RB"	"RB"	"https://static.www.nfl.com/image/upload/f_auto,q_auto/league/wunm6abfmikwaewmwkp7"	2026	3	"REG"	"2026_03_NYJ_DET"	"DET"	"NYJ"	0	0	0	0	0	0	0	0	0	0	0	0	null	null	0	null	0	0	0	0	0	0	0	0	0	0	null	0	0	0	0	0	0	0	0	0	0	0	0	0	0	null	0	0	0	0	0	null	0	0	0	0	0	0	0	0	0	0	0	0	0	0	0	0	0	0	0	0	0	0	0	0	0	0	0	0	0	0	0	0	0	0	0	0	0	0	0	2	81	0	0	0	0	null	null	0	0	0	0	0	0	0	0	0	0	0	0	null	null	null	0	0	0	0	0	0	0	null	0	0	0	0	0	0	0	null	0	0	0	0	0	0	0	0	0	0	0	0
"00-0038922"	"D.Thomas"	"Drake Thomas"	"LB"	"LB"	"https://static.www.nfl.com/image/upload/f_auto,q_auto/league/rmsrwh97imnsmq3lw1xm"	2026	3	"REG"	"2026_03_SEA_WAS"	"SEA"	"WAS"	0	0	0	0	0	0	0	0	0	0	0	0	null	null	0	null	0	0	0	0	0	0	0	0	0	0	null	0	0	0	0	0	0	0	0	0	0	0	0	0	0	null	0	0	0	0	0	null	0	0	0	0	5	0	4	1	1	0	0	0	0	0	0	0	0	0	0	0	0	0	0	0	0	0	0	0	0	0	0	0	0	0	0	0	0	0	0	0	0	0	0	0	0	null	null	0	0	0	0	0	0	0	0	0	0	0	0	null	null	null	0	0	0	0	0	0	0	null	0	0	0	0	0	0	0	null	0	0	0	0	0	0	0	0	0	0	0	0
"00-0038933"	"D.Kincaid"	"Dalton Kincaid"	"TE"	"TE"	"https://static.www.nfl.com/image/upload/f_auto,q_auto/league/z7k857flehljboaixj8m"	2026	3	"REG"	"2026_03_LAC_BUF"	"BUF"	"LAC"	0	0	0	0	0	0	0	0	0	0	0	0	null	null	0	null	0	0	0	0	0	0	0	0	0	0	null	0	0	0	0	0	2	3	38	0	1	1	36	18	1	-1.7100726298522204	0	2	1	1	0	1.0555555555555556	0.11538461538461539	0.13533834586466165	0.26781376518218625	0	0	0	0	0	0	0	0	0	0	0	0	0	0	0	0	0	0	0	0	0	0	0	0	0	0	0	0	0	1	0	0	1	1	0	0	0	0	0	0	0	0	null	null	0	0	0	0	0	0	0	0	0	0	0	0	null	null	null	0	0	0	0	0	0	0	null	0	0	0	0	0	0	0	null	0	0	0	0	0	0	0	0	0	0	1.8000000000000003	3.8000000000000003
"00-0038978"	"B.Young"	"Byron Young"	"DT"	"DL"	"https://static.www.nfl.com/image/upload/f_auto,q_auto/league/zkjuhizs7now7kfwp9s3"	2026	3	"REG"	"2026_03_PHI_CHI"	"PHI"	"CHI"	0	0	0	0	0	0	0	0	0	0	0	0	null	null	0	null	0	0	0	0	0	0	0	0	0	0	null	0	0	0	0	0	0	0	0	0	0	0	0	0	0	null	0	0	0	0	0	null	0	0	0	0	1	0	2	0	0	0	0	0	0	0	0	0	0	0	0	0	0	0	0	0	0	0	0	0	0	0	0	0	0	0	0	0	0	0	0	0	0	0	0	0	0	null	null	0	0	0	0	0	0	0	0	0	0	0	0	null	null	null	0	0	0	0	0	0	0	null	0	0	0	0	0	0	0	null	0	0	0	0	0	0	0	0	0	0	0	0
"00-0039001"	"T.Steen"	"Tyler Steen"	"G"	"OL"	"https://static.www.nfl.com/image/upload/f_auto,q_auto/league/vql0qqvuq0eqkaolcqep"	2026	3	"REG"	"2026_03_PHI_CHI"	"PHI"	"CHI"	0	0	0	0	0	0	0	0	0	0	0	0	null	null	0	null	0	0	0	0	0	0	0	0	0	0	null	0	0	0	0	0	0	0	0	0	0	0	0	0	0	null	0	0	0	0	0	null	0	0	0	0	0	0	0	0	0	0	0	0	0	0	0	0	0	0	0	0	0	0	0	0	0	0	0	0	0	0	1	10	0	0	0	0	0	0	0	0	0	0	0	0	0	null	null	0	0	0	0	0	0	0	0	0	0	0	0	null	null	null	0	0	0	0	0	0	0	null	0	0	0	0	0	0	0	null	0	0	0	0	0	0	0	0	0	0	0	0
"00-0039013"	"N.Smith"	"Nolan Smith"	"LB"	"LB"	"https://static.www.nfl.com/image/upload/f_auto,q_auto/league/mutic3dzmrlfruwqlgcb"	2026	3	"REG"	"2026_03_PHI_CHI"	"PHI"	"CHI"	0	0	0	0	0	0	0	0	0	0	0	0	null	null	0	null	0	0	0	0	0	0	0	0	0	0	null	0	0	0	0	0	0	0	0	0	0	0	0	0	0	null	0	0	0	0	0	null	0	0	0	0	0	0	1	0	0	0	0	0	0	0	0	1	0	0	0	0	0	0	0	0	0	0	0	0	0	0	0	0	0	0	0	0	0	0	0	0	0	0	0	0	0	null	null	0	0	0	0	0	0	0	0	0	0	0	0	null	null	null	0	0	0	0	0	0	0	null	0	0	0	0	0	0	0	null	0	0	0	0	0	0	0	0	0	0	0	0
"00-0039018"	"J.Campbell"	"Jack Campbell"	"LB"	"LB"	"https://static.www.nfl.com/image/upload/f_auto,q_auto/league/gxyqaufhu1wgnomrm8ic"	2026	3	"REG"	"2026_03_NYJ_DET"	"DET"	"NYJ"	0	0	0	0	0	0	0	0	0	0	0	0	null	null	0	null	0	0	0	0	0	0	0	0	0	0	null	0	0	0	0	0	0	0	0	0	0	0	0	0	0	null	0	0	0	0	0	null	0	0	0	0	4	0	2	0	0	0	0	0	0	0	0	0	0	0	0	0	0	0	0	0	0	0	0	1	12	0	0	0	0	0	0	0	0	0	0	0	0	0	0	0	0	null	null	0	0	0	0	0	0	0	0	0	0	0	0	null	null	null	0	0	0	0	0	0	0	null	0	0	0	0	0	0	0	null	0	0	0	0	0	0	0	0	0	0	0	0
"00-0039047"	"D.Hall"	"Derick Hall"	"LB"	"LB"	"https://static.www.nfl.com/image/upload/f_auto,q_auto/league/pblbd65bo6myp030qbes"	2026	3	"REG"	"2026_03_SEA_WAS"	"SEA"	"WAS"	0	0	0	0	0	0	0	0	0	0	0	0	null	null	0	null	0	0	0	0	0	0	0	0	0	0	null	0	0	0	0	0	0	0	0	0	0	0	0	0	0	null	0	0	0	0	0	null	0	0	0	0	2	0	2	1	2	0	1	2	2	0	0	0	0	0	0	0	0	0	0	0	0	0	0	0	0	0	0	0	0	0	0	0	0	0	0	0	0	0	0	0	0	null	null	0	0	0	0	0	0	0	0	0	0	0	0	null	null	null	0	0	0	0	0	0	0	null	0	0	0	0	0	0	0	null	0	0	0	0	0	0	0	0	0	0	0	0
"00-0039058"	"S.Avila"	"Steve Avila"	"G"	"OL"	"https://static.www.nfl.com/image/upload/f_auto,q_auto/league/gftgxclwwznxdrxc15gy"	2026	3	"REG"	"2026_03_LA_DEN"	"LA"	"DEN"	0	0	0	0	0	0	0	0	0	0	0	0	null	null	0	null	0	0	0	0	0	0	0	0	0	0	null	0	0	0	0	0	0	0	0	0	0	0	0	0	0	null	0	0	0	0	0	null	0	0	0	0	0	0	0	0	0	0	0	0	0	0	0	0	0	0	0	0	0	0	0	0	0	0	0	0	0	0	1	10	0	0	0	0	0	0	0	0	0	0	0	0	0	null	null	0	0	0	0	0	0	0	0	0	0	0	0	null	null	null	0	0	0	0	0	0	0	null	0	0	0	0	0	0	0	null	0	0	0	0	0	0	0	0	0	0	0	0
"00-0039059"	"E.Evans"	"Ethan Evans"	"P"	"SPEC"	"https://static.www.nfl.com/image/upload/f_auto,q_auto/league/by1ttgtdiqwd3a2pdbl5"	2026	3	"REG"	"2026_03_LA_DEN"	"LA"	"DEN"	0	0	0	0	0	0	0	0	0	0	0	0	null	null	0	null	0	0	0	0	0	0	0	0	0	0	null	0	0	0	0	0	0	0	0	0	0	0	0	0	0	null	0	0	0	0	0	null	0	0	0	0	1	0	0	0	0	0	0	0	0	0	0	0	0	0	0	0	0	0	0	0	0	0	0	0	0	0	0	0	0	0	0	0	0	0	0	0	0	0	0	0	0	null	null	0	0	0	0	0	0	0	0	0	0	0	0	null	null	null	0	0	0	0	0	0	0	null	0	0	0	0	0	4	0	57	179	1	0	0	0	1	3	39	0	140	0	0
"00-0039061"	"D.Johnson"	"Desjuan Johnson"	"LB"	"LB"	"https://static.www.nfl.com/image/upload/f_auto,q_auto/league/qj7pup9mp0owqeocx98x"	2026	3	"REG"	"2026_03_LA_DEN"	"LA"	"DEN"	0	0	0	0	0	0	0	0	0	0	0	0	null	null	0	null	0	0	0	0	0	0	0	0	0	0	null	0	0	0	0	0	0	0	0	0	0	0	0	0	0	null	0	0	0	0	0	null	0	0	0	0	0	0	2	0	0	0	0	0	0	0	0	0	0	0	0	0	0	0	0	0	0	0	0	0	0	0	0	0	0	0	0	0	0	0	0	0	0	0	0	0	0	null	null	0	0	0	0	0	0	0	0	0	0	0	0	null	null	null	0	0	0	0	0	0	0	null	0	0	0	0	0	0	0	null	0	0	0	0	0	0	0	0	0	0	0	0
"00-0039065"	"S.LaPorta"	"Sam LaPorta"	"TE"	"TE"	"https://static.www.nfl.com/image/upload/f_auto,q_auto/league/wxlk7ysg2nfq6h6ntdcu"	2026	3	"REG"	"2026_03_NYJ_DET"	"DET"	"NYJ"	0	0	0	0	0	0	0	0	0	0	0	0	null	null	0	null	0	0	0	0	0	0	0	0	0	0	null	0	0	0	0	0	3	4	44	0	0	0	39	14	1	1.0498873093747534	0	1	1	1	0	1.1282051282051282	0.12903225806451613	0.20207253886010362	0.3349991642988467	0	0	0	0	0	0	0	0	0	0	0	0	0	0	0	0	0	0	0	0	0	0	0	0	0	0	0	0	0	0	0	0	0	0	0	0	0	0	0	0	0	0	null	null	0	0	0	0	0	0	0	0	0	0	0	0	null	null	null	0	0	0	0	0	0	0	null	0	0	0	0	0	0	0	null	0	0	0	0	0	0	0	0	0	0	4.4	7.4
"00-0039074"	"D.Allen"	"Davis Allen"	"TE"	"TE"	"https://static.www.nfl.com/image/upload/f_auto,q_auto/league/iweydtcrfchsl3mt6jtd"	2026	3	"REG"	"2026_03_LA_DEN"	"LA"	"DEN"	0	0	0	0	0	0	0	0	0	0	0	0	null	null	0	null	0	0	0	0	0	0	0	0	0	0	null	0	0	0	0	0	2	3	19	0	0	0	22	15	1	0.6027810843661427	0	1	0	0	0	0.8636363636363636	0.061224489795918366	0.043222003929273084	0.1220921374443687	0	0	0	0	0	0	0	0	0	0	0	0	0	0	0	0	0	0	0	0	0	0	0	0	0	0	0	0	0	0	0	0	0	0	0	0	0	0	0	0	0	0	null	null	0	0	0	0	0	0	0	0	0	0	0	0	null	null	null	0	0	0	0	0	0	0	null	0	0	0	0	0	0	0	null	0	0	0	0	0	0	0	0	0	0	1.9000000000000001	3.9000000000000004
"00-0039077"	"W.McClendon"	"Warren McClendon Jr."	"OT"	"OL"	"https://static.www.nfl.com/image/private/f_auto,q_auto/league/v6l1ydwiawpfcldcb7if"	2026	3	"REG"	"2026_03_LA_DEN"	"LA"	"DEN"	0	0	0	0	0	0	0	0	0	0	0	0	null	null	0	null	0	0	0	0	0	0	0	0	0	0	null	0	0	0	0	0	0	0	0	0	0	0	0	0	0	null	0	0	0	0	0	null	0	0	0	0	0	0	0	0	0	0	0	0	0	0	0	0	0	0	0	0	0	0	0	0	0	0	0	0	0	0	1	10	0	0	0	0	0	0	0	0	0	0	0	0	0	null	null	0	0	0	0	0	0	0	0	0	0	0	0	null	null	null	0	0	0	0	0	0	0	null	0	0	0	0	0	0	0	null	0	0	0	0	0	0	0	0	0	0	0	0
"00-0039111"	"T.Tuipulotu"	"Tuli Tuipulotu"	"LB"	"LB"	"https://static.www.nfl.com/image/upload/f_auto,q_auto/league/u2qqrqzzi3yawzxmbrxs"	2026	3	"REG"	"2026_03_LAC_BUF"	"LAC"	"BUF"	0	0	0	0	0	0	0	0	0	0	0	0	null	null	0	null	0	0	0	0	0	0	0	0	0	0	null	0	0	0	0	0	0	0	0	0	0	0	0	0	0	null	0	0	0	0	0	null	0	0	0	0	5	0	1	1	13	0	1.5	16.5	2	0	0	0	0	0	0	0	0	0	0	0	0	0	0	0	0	0	0	0	0	0	0	0	0	0	0	0	0	0	0	0	0	null	null	0	0	0	0	0	0	0	0	0	0	0	0	null	null	null	0	0	0	0	0	0	0	null	0	0	0	0	0	0	0	null	0	0	0	0	0	0	0	0	0	0	0	0
"00-0039137"	"B.Young"	"Byron Young"	"LB"	"LB"	"https://static.www.nfl.com/image/upload/f_auto,q_auto/league/dwybonqyn3rrvi94yw9r"	2026	3	"REG"	"2026_03_LA_DEN"	"LA"	"DEN"	0	0	0	0	0	0	0	0	0	0	0	0	null	null	0	null	0	0	0	0	0	0	0	0	0	0	null	0	0	0	0	0	0	0	0	0	0	0	0	0	0	null	0	0	0	0	0	null	0	0	0	0	0	0	4	0	0	0	0	0	0	0	0	0	0	0	0	0	0	0	0	0	0	0	0	0	0	0	0	0	0	0	0	0	0	0	0	0	0	0	0	0	0	null	null	0	0	0	0	0	0	0	0	0	0	0	0	null	null	null	0	0	0	0	0	0	0	null	0	0	0	0	0	0	0	null	0	0	0	0	0	0	0	0	0	0	0	0
"00-0039138"	"K.Turner"	"Kobie Turner"	"DE"	"DL"	"https://static.www.nfl.com/image/upload/f_auto,q_auto/league/lallpvcrevuemqxzmyuu"	2026	3	"REG"	"2026_03_LA_DEN"	"LA"	"DEN"	0	0	0	0	0	0	0	0	0	0	0	0	null	null	0	null	0	0	0	0	0	0	0	0	0	0	null	0	0	0	0	0	0	0	0	0	0	0	0	0	0	null	0	0	0	0	0	null	0	0	0	0	3	0	2	0	0	0	0	0	0	0	0	1	0	0	0	0	0	0	0	0	0	0	0	0	0	0	1	0	0	0	0	0	0	0	0	0	0	0	0	0	0	null	null	0	0	0	0	0	0	0	0	0	0	0	0	null	null	null	0	0	0	0	0	0	0	null	0	0	0	0	0	0	0	null	0	0	0	0	0	0	0	0	0	0	0	0
"00-0039139"	"J.Gibbs"	"Jahmyr Gibbs"	"RB"	"RB"	"https://static.www.nfl.com/image/upload/f_auto,q_auto/league/cursejnmmp1i9hnxihkj"	2026	3	"REG"	"2026_03_NYJ_DET"	"DET"	"NYJ"	0	0	0	0	0	0	0	0	0	0	0	0	null	null	0	null	0	0	0	0	20	99	2	0	0	7	-0.026723322400357574	0	2	1	0	0	7	8	65	1	0	0	4	57	4	5.841603715263773	0	3	0	0	0	16.25	0.25806451612903225	0.02072538860103627	0.40160454621427377	0	0	0	0	0	0	0	0	0	0	0	0	0	0	0	0	0	0	0	0	0	0	0	0	0	0	0	0	0	0	0	0	0	0	0	0	0	0	0	0	0	0	null	null	0	0	0	0	0	0	0	0	0	0	0	0	null	null	null	0	0	0	0	0	0	0	null	0	0	0	0	0	0	0	null	0	0	0	0	0	0	0	0	0	0	34.400000000000006	41.400000000000006
"00-0039140"	"K.Ringo"	"Kelee Ringo"	"CB"	"DB"	"https://static.www.nfl.com/image/upload/f_auto,q_auto/league/tyuosakaiefa1pruil40"	2026	3	"REG"	"2026_03_PHI_CHI"	"PHI"	"CHI"	0	0	0	0	0	0	0	0	0	0	0	0	null	null	0	null	0	0	0	0	0	0	0	0	0	0	null	0	0	0	0	0	0	0	0	0	0	0	0	0	0	null	0	0	0	0	0	null	0	0	0	0	0	0	1	0	0	0	0	0	0	0	0	0	0	0	0	0	0	0	0	0	0	0	0	0	0	0	1	10	0	0	0	0	0	0	0	0	0	0	0	0	0	null	null	0	0	0	0	0	0	0	0	0	0	0	0	null	null	null	0	0	0	0	0	0	0	null	0	0	0	0	0	0	0	null	0	0	0	0	0	0	0	0	0	0	0	0
"00-0039142"	"W.McDonald"	"Will McDonald IV"	"DE"	"DL"	"https://static.www.nfl.com/image/private/f_auto,q_auto/league/nw8aiicw9bjhxaqwbeo9"	2026	3	"REG"	"2026_03_NYJ_DET"	"NYJ"	"DET"	0	0	0	0	0	0	0	0	0	0	0	0	null	null	0	null	0	0	0	0	0	0	0	0	0	0	null	0	0	0	0	0	0	0	0	0	0	0	0	0	0	null	0	0	0	0	0	null	0	0	0	0	1	0	0	0	0	0	0	0	0	0	0	0	0	0	0	0	0	0	0	0	0	0	0	0	0	0	0	0	0	0	0	0	0	0	0	0	0	0	0	0	0	null	null	0	0	0	0	0	0	0	0	0	0	0	0	null	null	null	0	0	0	0	0	0	0	null	0	0	0	0	0	0	0	null	0	0	0	0	0	0	0	0	0	0	0	0
"00-0039149"	"Q.Martin"	"Quan Martin"	"SAF"	"DB"	"https://static.www.nfl.com/image/upload/f_auto,q_auto/league/mqvepjtbymevlwn2c7qj"	2026	3	"REG"	"2026_03_SEA_WAS"	"WAS"	"SEA"	0	0	0	0	0	0	0	0	0	0	0	0	null	null	0	null	0	0	0	0	0	0	0	0	0	0	null	0	0	0	0	0	0	0	0	0	0	0	0	0	0	null	0	0	0	0	0	null	0	0	0	0	4	0	1	0	0	0	0	0	0	0	0	0	0	0	0	0	0	0	0	0	0	0	0	0	0	0	1	2	0	0	0	0	0	0	0	0	0	0	0	0	0	null	null	0	0	0	0	0	0	0	0	0	0	0	0	null	null	null	0	0	0	0	0	0	0	null	0	0	0	0	0	0	0	null	0	0	0	0	0	0	0	0	0	0	0	0
"00-0039151"	"E.Forbes"	"Emmanuel Forbes"	"CB"	"DB"	"https://static.www.nfl.com/image/upload/f_auto,q_auto/league/zuqfigu7eadzoeo0uymt"	2026	3	"REG"	"2026_03_LA_DEN"	"LA"	"DEN"	0	0	0	0	0	0	0	0	0	0	0	0	null	null	0	null	0	0	0	0	0	0	0	0	0	0	null	0	0	0	0	0	0	0	0	0	0	0	0	0	0	null	0	0	0	0	0	null	0	0	0	0	0	0	2	0	0	0	0	0	0	0	0	0	0	0	0	0	0	0	0	0	0	0	0	0	0	0	2	28	0	0	0	0	0	0	0	0	0	0	0	0	0	null	null	0	0	0	0	0	0	0	0	0	0	0	0	null	null	null	0	0	0	0	0	0	0	null	0	0	0	0	0	0	0	null	0	0	0	0	0	0	0	0	0	0	0	0
"00-0039163"	"C.Stroud"	"C.J. Stroud"	"QB"	"QB"	"https://static.www.nfl.com/image/upload/f_auto,q_auto/league/tt4zrtxlhifaljhj0rn7"	2026	3	"REG"	"2026_03_HOU_IND"	"HOU"	"IND"	16	27	167	1	0	3	-14	0	0	335	30	8	-3.091712493710424	0.1603623628616333	0	0.49850746268656715	7	4	2	0	2	10	0	0	0	2	2.196867114806082	0	0	0	0	0	0	0	0	0	0	0	0	0	0	null	0	0	0	0	0	null	0	0	0	0	0	0	0	0	0	0	0	0	0	0	0	0	0	0	0	0	0	0	0	0	0	0	0	0	0	0	0	0	0	0	0	0	0	0	0	0	0	0	0	0	0	null	null	0	0	0	0	0	0	0	0	0	0	0	0	null	null	null	0	0	0	0	0	0	0	null	0	0	0	0	0	0	0	null	0	0	0	0	0	0	0	0	0	0	11.68	11.68
