player_id	player_name	player_display_name	position	position_group	headshot_url	season	week	season_type	game_id	team	opponent_team	completions	attempts	passing_yards	passing_tds	passing_interceptions	sacks_suffered	sack_yards_lost	sack_fumbles	sack_fumbles_lost	passing_air_yards	passing_yards_after_catch	passing_first_downs	passing_epa	passing_cpoe	passing_2pt_conversions	pacr	passing_10	passing_16	passing_20	passing_40	carries	rushing_yards	rushing_tds	rushing_fumbles	rushing_fumbles_lost	rushing_first_downs	rushing_epa	rushing_2pt_conversions	rushing_10	rushing_12	rushing_20	rushing_40	receptions	targets	receiving_yards	receiving_tds	receiving_fumbles	receiving_fumbles_lost	receiving_air_yards	receiving_yards_after_catch	receiving_first_downs	receiving_epa	receiving_2pt_conversions	receiving_10	receiving_16	receiving_20	receiving_40	racr	target_share	air_yards_share	wopr	special_teams_tds	def_tackles_solo	def_tackles_with_assist	def_tackle_assists	def_tackles_for_loss	def_tackles_for_loss_yards	def_fumbles_forced	def_sacks	def_sack_yards	def_qb_hits	def_interceptions	def_interception_yards	def_pass_defended	def_tds	def_fumbles	def_safeties	def_punt_blocks	def_pat_blocks	def_fg_blocks	def_2pt_atts	def_2pt_made	misc_yards	fumble_recovery_own	fumble_recovery_yards_own	fumble_recovery_opp	fumble_recovery_yards_opp	fumble_recovery_tds	penalties	penalty_yards	fumbles_forced_by_opp	fumbles_not_forced	fumbles_out_of_bounds	fumbles_total	fumbles_lost_total	punt_returns	punt_return_yards	kickoff_returns	kickoff_return_yards	fg_made	fg_att	fg_missed	fg_blocked	fg_long	fg_pct	fg_made_0_19	fg_made_20_29	fg_made_30_39	fg_made_40_49	fg_made_50_59	fg_made_60_	fg_missed_0_19	fg_missed_20_29	fg_missed_30_39	fg_missed_40_49	fg_missed_50_59	fg_missed_60_	fg_made_list	fg_missed_list	fg_blocked_list	fg_made_distance	fg_missed_distance	fg_blocked_distance	pat_made	pat_att	pat_missed	pat_blocked	pat_pct	gwfg_made	gwfg_att	gwfg_missed	gwfg_blocked	gwfg_distance	pt_att	pt_blocked	pt_long	pt_yards	pt_inside_20	pt_out_of_bounds	pt_downed	pt_touchback	pt_fair_caught	pt_returned	pt_return_yards	pt_return_tds	pt_net_yards	fantasy_points	fantasy_points_ppr
"00-0025565"	"N.Folk"	"Nick Folk"	"K"	"SPEC"	"https://static.www.nfl.com/image/upload/f_auto,q_auto/league/qf6vaghxuoxqw0pyrvg3"	2026	1	"REG"	"2026_01_ATL_PIT"	"ATL"	"PIT"	0	0	0	0	0	0	0	0	0	0	0	0	null	null	0	null	0	0	0	0	0	0	0	0	0	0	null	0	0	0	0	0	0	0	0	0	0	0	0	0	0	null	0	0	0	0	0	null	0	0	0	0	0	0	0	0	0	0	0	0	0	0	0	0	0	0	0	0	0	0	0	0	0	0	0	0	0	0	0	0	0	0	0	0	0	0	0	0	0	2	4	2	0	51	0.5	0	0	0	1	1	0	0	0	0	1	1	0	"51;43"	"54;45"	null	94	99	0	1	1	0	0	1	0	0	0	0	0	0	0	null	0	0	0	0	0	0	0	0	0	0	0	0
"00-0026498"	"M.Stafford"	"Matthew Stafford"	"QB"	"QB"	"https://static.www.nfl.com/image/upload/f_auto,q_auto/league/jwpkjfrkzufdyh8u1mg7"	2026	1	"REG"	"2026_01_SF_LA"	"LA"	"SF"	15	25	155	0	1	0	0	0	0	232	85	5	-5.611142354202457	-4.688520357012749	0	0.6681034482758621	6	3	2	1	2	-1	0	0	0	0	-3.8140346703585237	0	0	0	0	0	0	0	0	0	0	0	0	0	0	null	0	0	0	0	0	null	0	0	0	0	0	0	0	0	0	0	0	0	0	0	0	0	0	0	0	0	0	0	0	0	0	0	0	0	0	0	0	0	0	0	0	0	0	0	0	0	0	0	0	0	0	null	null	0	0	0	0	0	0	0	0	0	0	0	0	null	null	null	0	0	0	0	0	0	0	null	0	0	0	0	0	0	0	null	0	0	0	0	0	0	0	0	0	0	4.1000000000000005	4.1000000000000005
"00-0030140"	"T.Way"	"Tress Way"	"P"	"SPEC"	"https://static.www.nfl.com/image/upload/f_auto,q_auto/league/u61eijcazx9o4lb0lwp3"	2026	1	"REG"	"2026_01_WAS_PHI"	"WAS"	"PHI"	0	0	0	0	0	0	0	0	0	0	0	0	null	null	0	null	0	0	0	0	0	0	0	0	0	0	null	0	0	0	0	0	0	0	0	0	0	0	0	0	0	null	0	0	0	0	0	null	0	0	0	0	0	0	0	0	0	0	0	0	0	0	0	0	0	0	0	0	0	0	0	0	0	0	0	0	0	0	0	0	0	0	0	0	0	0	0	0	0	0	0	0	0	null	null	0	0	0	0	0	0	0	0	0	0	0	0	null	null	null	0	0	0	0	0	0	0	null	0	0	0	0	0	6	0	60	318	0	0	0	1	1	4	37	0	261	0	0
"00-0030279"	"K.Allen"	"Keenan Allen"	"WR"	"WR"	"https://static.www.nfl.com/image/upload/f_auto,q_auto/league/ri267r6lzfwarh89hsn6"	2026	1	"REG"	"2026_01_BAL_IND"	"IND"	"BAL"	0	0	0	0	0	0	0	0	0	0	0	0	null	null	0	null	0	0	0	0	0	0	0	0	0	0	null	0	0	0	0	0	6	6	32	0	0	0	22	10	1	-0.008962948515545577	0	0	0	0	0	1.4545454545454546	0.20689655172413793	0.10945273631840796	0.3869617430090925	0	0	0	0	0	0	0	0	0	0	0	0	0	0	0	0	0	0	0	0	0	0	0	0	0	0	0	0	0	0	0	0	0	0	0	0	0	0	0	0	0	0	null	null	0	0	0	0	0	0	0	0	0	0	0	0	null	null	null	0	0	0	0	0	0	0	null	0	0	0	0	0	0	0	null	0	0	0	0	0	0	0	0	0	0	3.2	9.2
"00-0030294"	"T.Jefferson"	"Tony Jefferson"	"S"	"DB"	"https://static.www.nfl.com/image/upload/f_auto,q_auto/league/frazimtiuk4fsvlghusz"	2026	1	"REG"	"2026_01_ARI_LAC"	"LAC"	"ARI"	0	0	0	0	0	0	0	0	0	0	0	0	null	null	0	null	0	0	0	0	0	0	0	0	0	0	null	0	0	0	0	0	0	0	0	0	0	0	0	0	0	null	0	0	0	0	0	null	0	0	0	0	1	0	2	0	0	0	0	0	0	0	0	1	0	0	0	0	0	0	0	0	0	0	0	0	0	0	0	0	0	0	0	0	0	0	0	0	0	0	0	0	0	null	null	0	0	0	0	0	0	0	0	0	0	0	0	null	null	null	0	0	0	0	0	0	0	null	0	0	0	0	0	0	0	null	0	0	0	0	0	0	0	0	0	0	0	0
"00-0031040"	"K.Mack"	"Khalil Mack"	"OLB"	"LB"	"https://static.www.nfl.com/image/upload/f_auto,q_auto/league/t9j95jylmjpevgbkvmqn"	2026	1	"REG"	"2026_01_ARI_LAC"	"LAC"	"ARI"	0	0	0	0	0	0	0	0	0	0	0	0	null	null	0	null	0	0	0	0	0	0	0	0	0	0	null	0	0	0	0	0	0	0	0	0	0	0	0	0	0	null	0	0	0	0	0	null	0	0	0	0	1	0	1	1	1	0	0	0	0	0	0	0	0	0	0	0	0	0	0	0	0	0	0	0	0	0	0	0	0	0	0	0	0	0	0	0	0	0	0	0	0	null	null	0	0	0	0	0	0	0	0	0	0	0	0	null	null	null	0	0	0	0	0	0	0	null	0	0	0	0	0	0	0	null	0	0	0	0	0	0	0	0	0	0	0	0
"00-0031136"	"C.Boswell"	"Chris Boswell"	"K"	"SPEC"	"https://static.www.nfl.com/image/upload/f_auto,q_auto/league/rxbnhvnfjmheuryvdmuf"	2026	1	"REG"	"2026_01_ATL_PIT"	"PIT"	"ATL"	0	0	0	0	0	0	0	0	0	0	0	0	null	null	0	null	0	0	0	0	0	0	0	0	0	0	null	0	0	0	0	0	0	0	0	0	0	0	0	0	0	null	0	0	0	0	0	null	0	0	0	0	0	0	0	0	0	0	0	0	0	0	0	0	0	0	0	0	0	0	0	0	0	0	0	0	0	0	0	0	0	0	0	0	0	0	0	0	0	2	3	1	0	43	0.6666666666666666	0	1	0	1	0	0	0	0	0	0	1	0	"43;28"	"56"	null	71	56	0	2	2	0	0	1	0	0	0	0	0	0	0	null	0	0	0	0	0	0	0	0	0	0	0	0
"00-0031203"	"C.Santos"	"Cairo Santos"	"K"	"SPEC"	"https://static.www.nfl.com/image/upload/f_auto,q_auto/league/tz5ecjri52gwpoo9s7be"	2026	1	"REG"	"2026_01_CHI_CAR"	"CHI"	"CAR"	0	0	0	0	0	0	0	0	0	0	0	0	null	null	0	null	0	0	0	0	0	0	0	0	0	0	null	0	0	0	0	0	0	0	0	0	0	0	0	0	0	null	0	0	0	0	0	null	0	0	0	0	0	0	0	0	0	0	0	0	0	0	0	0	0	0	0	0	0	0	0	0	0	0	0	0	0	0	2	0	0	0	0	0	0	0	0	0	0	1	1	0	0	40	1	0	0	0	1	0	0	0	0	0	0	0	0	"40"	null	null	40	0	0	8	8	0	0	1	0	0	0	0	0	0	0	null	0	0	0	0	0	0	0	0	0	0	0	0
"00-0031381"	"D.Adams"	"Davante Adams"	"WR"	"WR"	"https://static.www.nfl.com/image/upload/f_auto,q_auto/league/tdzluk4xau3arxqk9zsl"	2026	1	"REG"	"2026_01_SF_LA"	"LA"	"SF"	0	0	0	0	0	0	0	0	0	0	0	0	null	null	0	null	0	0	0	0	0	0	0	0	0	0	null	0	0	0	0	0	3	6	26	0	0	0	73	9	1	-1.7047290893970057	0	2	0	0	0	0.3561643835616438	0.2222222222222222	0.28627450980392155	0.5337254901960784	0	0	0	0	0	0	0	0	0	0	0	0	0	0	0	0	0	0	0	0	0	0	0	0	0	0	0	0	0	0	0	0	0	0	0	0	0	0	0	0	0	0	null	null	0	0	0	0	0	0	0	0	0	0	0	0	null	null	null	0	0	0	0	0	0	0	null	0	0	0	0	0	0	0	null	0	0	0	0	0	0	0	0	0	0	2.6	5.6
"00-0031408"	"M.Evans"	"Mike Evans"	"WR"	"WR"	"https://static.www.nfl.com/image/upload/f_auto,q_auto/league/zc4ujpmndyxrbiyyjomz"	2026	1	"REG"	"2026_01_SF_LA"	"SF"	"LA"	0	0	0	0	0	0	0	0	0	0	0	0	null	null	0	null	0	0	0	0	0	0	0	0	0	0	null	0	0	0	0	0	6	7	49	1	0	0	55	6	6	8.18519229372032	0	2	0	0	0	0.8909090909090909	0.20588235294117646	0.3691275167785235	0.5672127911567312	0	0	0	0	0	0	0	0	0	0	0	0	0	0	0	0	0	0	0	0	0	0	0	0	0	0	0	0	0	0	0	0	0	0	0	0	0	0	0	0	0	0	null	null	0	0	0	0	0	0	0	0	0	0	0	0	null	null	null	0	0	0	0	0	0	0	null	0	0	0	0	0	0	0	null	0	0	0	0	0	0	0	0	0	0	10.9	16.9
"00-0031492"	"J.Myers"	"Jason Myers"	"K"	"SPEC"	"https://static.www.nfl.com/image/upload/f_auto,q_auto/league/zcd7q9loflr0t5bsvzig"	2026	1	"REG"	"2026_01_NE_SEA"	"SEA"	"NE"	0	0	0	0	0	0	0	0	0	0	0	0	null	null	0	null	0	0	0	0	0	0	0	0	0	0	null	0	0	0	0	0	0	0	0	0	0	0	0	0	0	null	0	0	0	0	0	null	0	0	0	0	0	0	0	0	0	0	0	0	0	0	0	0	0	0	0	0	0	0	0	0	0	0	0	0	0	0	0	0	0	0	0	0	0	0	0	0	0	2	2	0	0	30	1	0	1	1	0	0	0	0	0	0	0	0	0	"30;26"	null	null	56	0	0	1	1	0	0	1	0	0	0	0	0	0	0	null	0	0	0	0	0	0	0	0	0	0	0	0
"00-0031588"	"S.Diggs"	"Stefon Diggs"	"WR"	"WR"	"https://static.www.nfl.com/image/upload/f_auto,q_auto/league/cemcexmscsarpvwhafln"	2026	1	"REG"	"2026_01_WAS_PHI"	"WAS"	"PHI"	0	0	0	0	0	0	0	0	0	0	0	0	null	null	0	null	0	0	0	0	0	0	0	0	0	0	null	0	0	0	0	0	4	9	55	1	0	0	83	15	4	3.7525719805271365	0	4	1	0	0	0.6626506024096386	0.3103448275862069	0.2618296529968454	0.6487979984771022	0	0	0	0	0	0	0	0	0	0	0	0	0	0	0	0	0	0	0	0	0	0	0	0	0	0	0	1	15	0	0	0	0	0	0	0	0	0	0	0	0	0	null	null	0	0	0	0	0	0	0	0	0	0	0	0	null	null	null	0	0	0	0	0	0	0	null	0	0	0	0	0	0	0	null	0	0	0	0	0	0	0	0	0	0	11.5	15.5
"00-0032146"	"B.Dupree"	"Bud Dupree"	"OLB"	"LB"	"https://static.www.nfl.com/image/upload/f_auto,q_auto/league/cooz0t9nynyj7cfe1gac"	2026	1	"REG"	"2026_01_ARI_LAC"	"LAC"	"ARI"	0	0	0	0	0	0	0	0	0	0	0	0	null	null	0	null	0	0	0	0	0	0	0	0	0	0	null	0	0	0	0	0	0	0	0	0	0	0	0	0	0	null	0	0	0	0	0	null	0	0	0	0	1	0	1	0	0	0	0	0	0	0	0	0	0	0	0	0	0	0	0	0	0	0	0	0	0	0	0	0	0	0	0	0	0	0	0	0	0	0	0	0	0	null	null	0	0	0	0	0	0	0	0	0	0	0	0	null	null	null	0	0	0	0	0	0	0	null	0	0	0	0	0	0	0	null	0	0	0	0	0	0	0	0	0	0	0	0
"00-0032569"	"W.Lutz"	"Wil Lutz"	"K"	"SPEC"	"https://static.www.nfl.com/image/upload/f_auto,q_auto/league/vcglg5vsgbiyggwibgy0"	2026	1	"REG"	"2026_01_DEN_KC"	"DEN"	"KC"	0	0	0	0	0	0	0	0	0	0	0	0	null	null	0	null	0	0	0	0	0	0	0	0	0	0	null	0	0	0	0	0	0	0	0	0	0	0	0	0	0	null	0	0	0	0	0	null	0	0	0	0	0	0	0	0	0	0	0	0	0	0	0	0	0	0	0	0	0	0	0	0	0	0	0	0	0	0	0	0	0	0	0	0	0	0	0	0	0	1	1	0	0	31	1	0	0	1	0	0	0	0	0	0	0	0	0	"31"	null	null	31	0	0	1	1	0	0	1	0	0	0	0	0	0	0	null	0	0	0	0	0	0	0	0	0	0	0	0
"00-0032701"	"J.Brendel"	"Jake Brendel"	"C"	"OL"	"https://static.www.nfl.com/image/upload/f_auto,q_auto/league/kmzgxqcnngnaoichwdm7"	2026	1	"REG"	"2026_01_SF_LA"	"SF"	"LA"	0	0	0	0	0	0	0	0	0	0	0	0	null	null	0	null	0	0	0	0	0	0	0	0	0	0	null	0	0	0	0	0	1	1	2	0	0	0	-1	3	0	-0.44457550649531186	0	0	0	0	0	0	0.029411764705882353	-0.006711409395973154	0.03941966048164232	0	0	0	0	0	0	0	0	0	0	0	0	0	0	0	0	0	0	0	0	0	0	0	0	0	0	0	0	0	0	0	0	0	0	0	0	0	0	0	0	0	0	null	null	0	0	0	0	0	0	0	0	0	0	0	0	null	null	null	0	0	0	0	0	0	0	null	0	0	0	0	0	0	0	null	0	0	0	0	0	0	0	0	0	0	0.2	1.2
"00-0032726"	"K.Fairbairn"	"Ka'imi Fairbairn"	"K"	"SPEC"	"https://static.www.nfl.com/image/upload/f_auto,q_auto/league/nbrs7doetqydf2rzhjjl"	2026	1	"REG"	"2026_01_BUF_HOU"	"HOU"	"BUF"	0	0	0	0	0	0	0	0	0	0	0	0	null	null	0	null	0	0	0	0	0	0	0	0	0	0	null	0	0	0	0	0	0	0	0	0	0	0	0	0	0	null	0	0	0	0	0	null	0	0	0	0	0	0	1	0	0	0	0	0	0	0	0	0	0	0	0	0	0	0	0	0	0	0	0	0	0	0	0	0	0	0	0	0	0	0	0	0	0	1	1	0	0	58	1	0	0	0	0	1	0	0	0	0	0	0	0	"58"	null	null	58	0	0	4	4	0	0	1	0	0	0	0	0	0	0	null	0	0	0	0	0	0	0	0	0	0	0	0
"00-0032764"	"D.Henry"	"Derrick Henry"	"RB"	"RB"	"https://static.www.nfl.com/image/upload/f_auto,q_auto/league/tm79x0iknqg6hms3ypyt"	2026	1	"REG"	"2026_01_BAL_IND"	"BAL"	"IND"	0	0	0	0	0	0	0	0	0	0	0	0	null	null	0	null	0	0	0	0	24	144	3	0	0	7	6.757789488881826	0	4	3	2	0	1	1	19	0	0	0	-1	20	1	1.703148437780328	0	1	1	0	0	-19	0.041666666666666664	-0.0037174721189591076	0.05989776951672862	0	0	0	0	0	0	0	0	0	0	0	0	0	0	0	0	0	0	0	0	0	0	0	0	0	0	0	0	0	0	0	0	0	0	0	0	0	0	0	0	0	0	null	null	0	0	0	0	0	0	0	0	0	0	0	0	null	null	null	0	0	0	0	0	0	0	null	0	0	0	0	0	0	0	null	0	0	0	0	0	0	0	0	0	0	34.3	35.3
"00-0032775"	"D.Robinson"	"Demarcus Robinson"	"WR"	"WR"	"https://static.www.nfl.com/image/upload/f_auto,q_auto/league/cokassoz2z7hb4wk2krh"	2026	1	"REG"	"2026_01_SF_LA"	"SF"	"LA"	0	0	0	0	0	0	0	0	0	0	0	0	null	null	0	null	0	0	0	0	0	0	0	0	0	0	null	0	0	0	0	0	2	3	50	1	0	0	45	7	2	2.9533747650478306	0	2	1	1	0	1.1111111111111112	0.08823529411764706	0.30201342281879195	0.34376233714962495	0	0	0	0	0	0	0	0	0	0	0	0	0	0	0	0	0	0	0	0	0	0	0	0	0	0	0	0	0	0	0	0	0	0	0	0	0	0	0	0	0	0	null	null	0	0	0	0	0	0	0	0	0	0	0	0	null	null	null	0	0	0	0	0	0	0	null	0	0	0	0	0	0	0	null	0	0	0	0	0	0	0	0	0	0	11	13
"00-0033090"	"H.Henry"	"Hunter Henry"	"TE"	"TE"	"https://static.www.nfl.com/image/upload/f_auto,q_auto/league/cvlunbqgztudbhjrug7l"	2026	1	"REG"	"2026_01_NE_SEA"	"NE"	"SEA"	0	0	0	0	0	0	0	0	0	0	0	0	null	null	0	null	0	0	0	0	0	0	0	0	0	0	null	0	0	0	0	0	3	3	26	0	0	0	12	14	1	0.09773768379818648	0	2	0	0	0	2.1666666666666665	0.0967741935483871	0.05429864253393665	0.1831703400963363	0	0	0	0	0	0	0	0	0	0	0	0	0	0	0	0	0	0	0	0	0	0	0	0	0	0	0	0	0	0	0	0	0	0	0	0	0	0	0	0	0	0	null	null	0	0	0	0	0	0	0	0	0	0	0	0	null	null	null	0	0	0	0	0	0	0	null	0	0	0	0	0	0	0	null	0	0	0	0	0	0	0	0	0	0	2.6	5.6
"00-0033106"	"J.Goff"	"Jared Goff"	"QB"	"QB"	"https://static.www.nfl.com/image/upload/f_auto,q_auto/league/kaicbot8qhzrvddilbtp"	2026	1	"REG"	"2026_01_NO_DET"	"DET"	"NO"	26	39	206	2	0	1	-2	0	0	207	97	10	5.854510969133761	-2.90968670294835	0	0.9951690821256038	6	3	1	0	2	2	0	1	0	0	-1.502227958291769	0	0	0	0	0	0	0	0	0	0	0	0	0	0	null	0	0	0	0	0	null	0	0	0	0	0	0	0	0	0	0	0	0	0	0	0	0	0	0	0	0	0	0	0	0	0	0	-6	0	0	0	0	0	0	1	0	1	0	0	0	0	0	0	0	0	0	null	null	0	0	0	0	0	0	0	0	0	0	0	0	null	null	null	0	0	0	0	0	0	0	null	0	0	0	0	0	0	0	null	0	0	0	0	0	0	0	0	0	0	16.44	16.44
"00-0033110"	"T.Higbee"	"Tyler Higbee"	"TE"	"TE"	"https://static.www.nfl.com/image/upload/f_auto,q_auto/league/x1d4osiefibd04df6gow"	2026	1	"REG"	"2026_01_SF_LA"	"LA"	"SF"	0	0	0	0	0	0	0	0	0	0	0	0	null	null	0	null	0	0	0	0	0	0	0	0	0	0	null	0	0	0	0	0	2	2	12	0	1	1	9	3	0	-4.732424319256097	0	0	0	0	0	1.3333333333333333	0.07407407407407407	0.03529411764705882	0.1358169934640523	0	0	0	0	0	0	0	0	0	0	0	0	0	0	0	0	0	0	0	0	0	0	0	0	0	0	0	0	0	1	0	0	1	1	0	0	0	0	0	0	0	0	null	null	0	0	0	0	0	0	0	0	0	0	0	0	null	null	null	0	0	0	0	0	0	0	null	0	0	0	0	0	0	0	null	0	0	0	0	0	0	0	0	0	0	-0.7999999999999998	1.2000000000000002
"00-0033119"	"J.Brissett"	"Jacoby Brissett"	"QB"	"QB"	"https://static.www.nfl.com/image/upload/f_auto,q_auto/league/qjswiunczrn5xmdiqhlz"	2026	1	"REG"	"2026_01_ARI_LAC"	"ARI"	"LAC"	27	37	277	1	0	1	0	0	0	283	98	15	9.012864685153245	4.605903093879287	0	0.9787985865724381	13	4	2	0	6	14	0	0	0	3	2.0646604372304864	0	1	0	0	0	0	0	0	0	0	0	0	0	0	null	0	0	0	0	0	null	0	0	0	0	0	0	0	0	0	0	0	0	0	0	0	0	0	0	0	0	0	0	0	0	0	0	0	0	0	0	0	0	0	0	0	0	0	0	0	0	0	0	0	0	0	null	null	0	0	0	0	0	0	0	0	0	0	0	0	null	null	null	0	0	0	0	0	0	0	null	0	0	0	0	0	0	0	null	0	0	0	0	0	0	0	0	0	0	16.48	16.48
"00-0033280"	"C.McCaffrey"	"Christian McCaffrey"	"RB"	"RB"	"https://static.www.nfl.com/image/upload/f_auto,q_auto/league/st82s2ytyzanatcmkqck"	2026	1	"REG"	"2026_01_SF_LA"	"SF"	"LA"	0	0	0	0	0	0	0	0	0	0	0	0	null	null	0	null	0	0	0	0	10	68	0	0	0	2	2.7396103811915964	0	2	2	0	0	5	8	20	0	0	0	-3	30	0	-4.9134041501503605	0	0	0	0	0	-6.666666666666667	0.23529411764705882	-0.020134228187919462	0.33884721673904455	0	0	0	0	0	0	0	0	0	0	0	0	0	0	0	0	0	0	0	0	0	0	0	0	0	0	0	0	0	0	0	0	0	0	0	0	0	0	0	0	0	0	null	null	0	0	0	0	0	0	0	0	0	0	0	0	null	null	null	0	0	0	0	0	0	0	null	0	0	0	0	0	0	0	null	0	0	0	0	0	0	0	0	0	0	8.8	13.8
"00-0033288"	"G.Kittle"	"George Kittle"	"TE"	"TE"	"https://static.www.nfl.com/image/upload/f_auto,q_auto/league/vkicdglglkyukgyxtmpx"	2026	1	"REG"	"2026_01_SF_LA"	"SF"	"LA"	0	0	0	0	0	0	0	0	0	0	0	0	null	null	0	null	0	0	0	0	0	0	0	0	0	0	null	0	0	0	0	0	2	5	12	0	0	0	38	17	0	-5.580835841596127	0	0	0	0	0	0.3157894736842105	0.14705882352941177	0.2550335570469799	0.39911172522700356	0	1	0	0	0	0	0	0	0	0	0	0	0	0	0	0	0	0	0	0	0	0	0	0	0	0	0	0	0	0	0	0	0	0	0	0	0	0	0	0	0	0	null	null	0	0	0	0	0	0	0	0	0	0	0	0	null	null	null	0	0	0	0	0	0	0	null	0	0	0	0	0	0	0	null	0	0	0	0	0	0	0	0	0	0	1.2000000000000002	3.2
"00-0033294"	"C.Clark"	"Chuck Clark"	"SAF"	"DB"	"https://static.www.nfl.com/image/upload/f_auto,q_auto/league/zysqspeckaavbcyduzmz"	2026	1	"REG"	"2026_01_NO_DET"	"DET"	"NO"	0	0	0	0	0	0	0	0	0	0	0	0	null	null	0	null	0	0	0	0	0	0	0	0	0	0	null	0	0	0	0	0	0	0	0	0	0	0	0	0	0	null	0	0	0	0	0	null	0	0	0	0	2	0	1	0	0	0	0	0	1	1	1	1	0	0	0	0	0	0	0	0	0	0	0	0	0	0	0	0	0	0	0	0	0	0	0	0	0	0	0	0	0	null	null	0	0	0	0	0	0	0	0	0	0	0	0	null	null	null	0	0	0	0	0	0	0	null	0	0	0	0	0	0	0	null	0	0	0	0	0	0	0	0	0	0	0	0
"00-0033303"	"H.Butker"	"Harrison Butker"	"K"	"SPEC"	"https://static.www.nfl.com/image/upload/f_auto,q_auto/league/yphf8avl8ji0ncdohabz"	2026	1	"REG"	"2026_01_DEN_KC"	"KC"	"DEN"	0	0	0	0	0	0	0	0	0	0	0	0	null	null	0	null	0	0	0	0	0	0	0	0	0	0	null	0	0	0	0	0	0	0	0	0	0	0	0	0	0	null	0	0	0	0	0	null	0	0	0	0	0	0	0	0	0	0	0	0	0	0	0	0	0	0	0	0	0	0	0	0	0	0	0	0	0	0	0	0	0	0	0	0	0	0	0	0	0	1	1	0	0	28	1	0	1	0	0	0	0	0	0	0	0	0	0	"28"	null	null	28	0	0	4	4	0	0	1	0	0	0	0	0	0	0	null	0	0	0	0	0	0	0	0	0	0	0	0
"00-0033307"	"K.Bourne"	"Kendrick Bourne"	"WR"	"WR"	"https://static.www.nfl.com/image/upload/f_auto,q_auto/league/yzfa94cmhpcqamrwzdzk"	2026	1	"REG"	"2026_01_ARI_LAC"	"ARI"	"LAC"	0	0	0	0	0	0	0	0	0	0	0	0	null	null	0	null	0	0	0	0	0	0	0	0	0	0	null	0	0	0	0	0	8	8	75	0	0	0	40	35	5	5.818146384728607	0	5	0	0	0	1.875	0.21621621621621623	0.1413427561837456	0.42326425365294623	0	0	0	0	0	0	0	0	0	0	0	0	0	0	0	0	0	0	0	0	0	0	0	0	0	0	0	0	0	0	0	0	0	0	0	0	0	0	0	0	0	0	null	null	0	0	0	0	0	0	0	0	0	0	0	0	null	null	null	0	0	0	0	0	0	0	null	0	0	0	0	0	0	0	null	0	0	0	0	0	0	0	0	0	0	7.5	15.5
"00-0033546"	"D.Tomlinson"	"Dalvin Tomlinson"	"DE"	"DL"	"https://static.www.nfl.com/image/upload/f_auto,q_auto/league/r3vkktytoghvtrua64hg"	2026	1	"REG"	"2026_01_ARI_LAC"	"LAC"	"ARI"	0	0	0	0	0	0	0	0	0	0	0	0	null	null	0	null	0	0	0	0	0	0	0	0	0	0	null	0	0	0	0	0	0	0	0	0	0	0	0	0	0	null	0	0	0	0	0	null	0	0	0	0	0	0	4	0	0	0	0	0	0	0	0	0	0	0	0	0	0	0	0	0	0	0	0	0	0	0	0	0	0	0	0	0	0	0	0	0	0	0	0	0	0	null	null	0	0	0	0	0	0	0	0	0	0	0	0	null	null	null	0	0	0	0	0	0	0	null	0	0	0	0	0	0	0	null	0	0	0	0	0	0	0	0	0	0	0	0
"00-0033551"	"R.Douglas"	"Rasul Douglas"	"CB"	"DB"	"https://static.www.nfl.com/image/upload/f_auto,q_auto/league/f2ac9dmdbhc6rvgllcbt"	2026	1	"REG"	"2026_01_WAS_PHI"	"WAS"	"PHI"	0	0	0	0	0	0	0	0	0	0	0	0	null	null	0	null	0	0	0	0	0	0	0	0	0	0	null	0	0	0	0	0	0	0	0	0	0	0	0	0	0	null	0	0	0	0	0	null	0	0	0	0	1	0	0	0	0	0	0	0	0	0	0	1	0	0	0	0	0	0	0	0	0	0	0	0	0	0	0	0	0	0	0	0	0	0	0	0	0	0	0	0	0	null	null	0	0	0	0	0	0	0	0	0	0	0	0	null	null	null	0	0	0	0	0	0	0	null	0	0	0	0	0	0	0	null	0	0	0	0	0	0	0	0	0	0	0	0
"00-0033676"	"E.Wilkinson"	"Elijah Wilkinson"	"OT"	"OL"	"https://static.www.nfl.com/image/upload/f_auto,q_auto/league/q24grx1dxcv83l2nmayx"	2026	1	"REG"	"2026_01_ARI_LAC"	"ARI"	"LAC"	0	0	0	0	0	0	0	0	0	0	0	0	null	null	0	null	0	0	0	0	0	0	0	0	0	0	null	0	0	0	0	0	0	0	0	0	0	0	0	0	0	null	0	0	0	0	0	null	0	0	0	0	0	0	0	0	0	0	0	0	0	0	0	0	0	0	0	0	0	0	0	0	0	0	0	0	0	0	1	5	0	0	0	0	0	0	0	0	0	0	0	0	0	null	null	0	0	0	0	0	0	0	0	0	0	0	0	null	null	null	0	0	0	0	0	0	0	null	0	0	0	0	0	0	0	null	0	0	0	0	0	0	0	0	0	0	0	0
"00-0033787"	"J.Elliott"	"Jake Elliott"	"K"	"SPEC"	"https://static.www.nfl.com/image/upload/f_auto,q_auto/league/gxy1mhbnz1p2nufkg8qz"	2026	1	"REG"	"2026_01_WAS_PHI"	"PHI"	"WAS"	0	0	0	0	0	0	0	0	0	0	0	0	null	null	0	null	0	0	0	0	0	0	0	0	0	0	null	0	0	0	0	0	0	0	0	0	0	0	0	0	0	null	0	0	0	0	0	null	0	0	0	0	0	0	0	0	0	0	0	0	0	0	0	0	0	0	0	0	0	0	0	0	0	0	0	0	0	0	0	0	0	0	0	0	0	0	0	0	0	1	1	0	0	35	1	0	0	1	0	0	0	0	0	0	0	0	0	"35"	null	null	35	0	0	3	3	0	0	1	0	0	0	0	0	0	0	null	0	0	0	0	0	0	0	0	0	0	0	0
"00-0033860"	"D.Godchaux"	"Davon Godchaux"	"DT"	"DL"	"https://static.www.nfl.com/image/upload/f_auto,q_auto/league/mldp5xpbggcf9iacij1s"	2026	1	"REG"	"2026_01_NO_DET"	"NO"	"DET"	0	0	0	0	0	0	0	0	0	0	0	0	null	null	0	null	0	0	0	0	0	0	0	0	0	0	null	0	0	0	0	0	0	0	0	0	0	0	0	0	0	null	0	0	0	0	0	null	0	0	0	0	2	0	2	1	6	0	0	0	0	0	0	0	0	0	0	0	0	0	0	0	0	0	0	0	0	0	0	0	0	0	0	0	0	0	0	0	0	0	0	0	0	null	null	0	0	0	0	0	0	0	0	0	0	0	0	null	null	null	0	0	0	0	0	0	0	null	0	0	0	0	0	0	0	null	0	0	0	0	0	0	0	0	0	0	0	0
"00-0033885"	"D.Njoku"	"David Njoku"	"TE"	"TE"	"https://static.www.nfl.com/image/upload/f_auto,q_auto/league/y4g1iayqrbrhdvkqywpx"	2026	1	"REG"	"2026_01_ARI_LAC"	"LAC"	"ARI"	0	0	0	0	0	0	0	0	0	0	0	0	null	null	0	null	0	0	0	0	0	0	0	0	0	0	null	0	0	0	0	0	5	5	58	0	0	0	28	30	3	-0.324215846543666	0	4	0	0	0	2.0714285714285716	0.18518518518518517	0.10256410256410256	0.34957264957264955	0	0	0	0	0	0	0	0	0	0	0	0	0	0	0	0	0	0	0	0	0	0	0	0	0	0	0	0	0	0	0	0	0	0	0	0	0	0	0	0	0	0	null	null	0	0	0	0	0	0	0	0	0	0	0	0	null	null	null	0	0	0	0	0	0	0	null	0	0	0	0	0	0	0	null	0	0	0	0	0	0	0	0	0	0	5.800000000000001	10.8
"00-0033890"	"B.Baker"	"Budda Baker"	"S"	"DB"	"https://static.www.nfl.com/image/upload/f_auto,q_auto/league/tpr5aphfvgckzecyr5rd"	2026	1	"REG"	"2026_01_ARI_LAC"	"ARI"	"LAC"	0	0	0	0	0	0	0	0	0	0	0	0	null	null	0	null	0	0	0	0	0	0	0	0	0	0	null	0	0	0	0	0	0	0	0	0	0	0	0	0	0	null	0	0	0	0	0	null	0	0	0	0	4	0	1	0	0	0	0.5	4	1	0	0	0	0	0	0	0	0	0	0	0	0	0	0	0	0	0	0	0	0	0	0	0	0	0	0	0	0	0	0	0	0	null	null	0	0	0	0	0	0	0	0	0	0	0	0	null	null	null	0	0	0	0	0	0	0	null	0	0	0	0	0	0	0	null	0	0	0	0	0	0	0	0	0	0	0	0
"00-0034161"	"D.Carlson"	"Daniel Carlson"	"K"	"SPEC"	"https://static.www.nfl.com/image/upload/f_auto,q_auto/league/gsvj7rtvqwbwdeho8whf"	2026	1	"REG"	"2026_01_NO_DET"	"NO"	"DET"	0	0	0	0	0	0	0	0	0	0	0	0	null	null	0	null	0	0	0	0	0	0	0	0	0	0	null	0	0	0	0	0	0	0	0	0	0	0	0	0	0	null	0	0	0	0	0	null	0	0	0	0	0	0	0	0	0	0	0	0	0	0	0	0	0	0	0	0	0	0	0	0	0	0	0	0	0	0	0	0	0	0	0	0	0	0	0	0	0	1	2	1	0	28	0.5	0	1	0	0	0	0	0	0	0	0	0	1	"28"	"62"	null	28	62	0	3	3	0	0	1	0	0	0	0	0	0	0	null	0	0	0	0	0	0	0	0	0	0	0	0
"00-0034162"	"J.Scott"	"J.K. Scott"	"P"	"SPEC"	"https://static.www.nfl.com/image/upload/f_auto,q_auto/league/yayikawhfng99cqrosax"	2026	1	"REG"	"2026_01_ARI_LAC"	"LAC"	"ARI"	0	0	0	0	0	0	0	0	0	0	0	0	null	null	0	null	0	0	0	0	0	0	0	0	0	0	null	0	0	0	0	0	0	0	0	0	0	0	0	0	0	null	0	0	0	0	0	null	0	0	0	0	0	0	0	0	0	0	0	0	0	0	0	0	0	0	0	0	0	0	0	0	0	0	0	0	0	0	0	0	0	0	0	0	0	0	0	0	0	0	0	0	0	null	null	0	0	0	0	0	0	0	0	0	0	0	0	null	null	null	0	0	0	0	0	0	0	null	0	0	0	0	0	2	1	51	99	1	0	0	0	2	0	0	0	99	0	0
"00-0034173"	"E.Pineiro"	"Eddy Pineiro"	"K"	"SPEC"	"https://static.www.nfl.com/image/upload/f_auto,q_auto/league/v3vtl2t4dfzkueanjfwc"	2026	1	"REG"	"2026_01_SF_LA"	"SF"	"LA"	0	0	0	0	0	0	0	0	0	0	0	0	null	null	0	null	0	0	0	0	0	0	0	0	0	0	null	0	0	0	0	0	0	0	0	0	0	0	0	0	0	null	0	0	0	0	0	null	0	0	0	0	0	0	0	0	0	0	0	0	0	0	0	0	0	0	0	0	0	0	0	0	0	0	0	0	0	0	0	0	0	0	0	0	0	0	0	0	0	2	3	1	0	56	0.6666666666666666	0	1	0	0	1	0	0	0	0	0	1	0	"20;56"	"52"	null	76	52	0	3	3	0	0	1	0	0	0	0	0	0	0	null	0	0	0	0	0	0	0	0	0	0	0	0
"00-0034302"	"F.Luvu"	"Frankie Luvu"	"LB"	"LB"	"https://static.www.nfl.com/image/upload/f_auto,q_auto/league/a42s7i0njohztuhxz13p"	2026	1	"REG"	"2026_01_WAS_PHI"	"WAS"	"PHI"	0	0	0	0	0	0	0	0	0	0	0	0	null	null	0	null	0	0	0	0	0	0	0	0	0	0	null	0	0	0	0	0	0	0	0	0	0	0	0	0	0	null	0	0	0	0	0	null	0	0	0	0	1	0	3	1	9	0	1	9	1	0	0	0	0	0	0	0	0	0	0	0	0	0	0	0	0	0	0	0	0	0	0	0	0	0	0	0	0	0	0	0	0	null	null	0	0	0	0	0	0	0	0	0	0	0	0	null	null	null	0	0	0	0	0	0	0	null	0	0	0	0	0	0	0	null	0	0	0	0	0	0	0	0	0	0	0	0
"00-0034333"	"D.Payne"	"Daron Payne"	"NT"	"DL"	"https://static.www.nfl.com/image/upload/f_auto,q_auto/league/fyaqgxzjicgbmrethav3"	2026	1	"REG"	"2026_01_WAS_PHI"	"WAS"	"PHI"	0	0	0	0	0	0	0	0	0	0	0	0	null	null	0	null	0	0	0	0	0	0	0	0	0	0	null	0	0	0	0	0	0	0	0	0	0	0	0	0	0	null	0	0	0	0	0	null	0	0	0	0	1	0	0	0	0	0	0	0	0	0	0	0	0	0	0	0	0	0	0	0	0	0	0	0	0	0	0	0	0	0	0	0	0	0	0	0	0	0	0	0	0	null	null	0	0	0	0	0	0	0	0	0	0	0	0	null	null	null	0	0	0	0	0	0	0	null	0	0	0	0	0	0	0	null	0	0	0	0	0	0	0	0	0	0	0	0
"00-0034351"	"D.Goedert"	"Dallas Goedert"	"TE"	"TE"	"https://static.www.nfl.com/image/upload/f_auto,q_auto/league/bafepstxu7vvxb9v5vua"	2026	1	"REG"	"2026_01_WAS_PHI"	"PHI"	"WAS"	0	0	0	0	0	0	0	0	0	0	0	0	null	null	0	null	0	0	0	0	0	0	0	0	0	0	null	0	0	0	0	0	4	5	77	2	0	0	52	32	3	8.297841548497537	0	3	2	1	1	1.4807692307692308	0.22727272727272727	0.2311111111111111	0.5026868686868686	0	0	0	0	0	0	0	0	0	0	0	0	0	0	0	0	0	0	0	0	0	0	0	0	0	0	0	0	0	0	0	0	0	0	0	0	0	0	0	0	0	0	null	null	0	0	0	0	0	0	0	0	0	0	0	0	null	null	null	0	0	0	0	0	0	0	null	0	0	0	0	0	0	0	null	0	0	0	0	0	0	0	0	0	0	19.7	23.7
"00-0034356"	"D.Jackson"	"Donte Jackson"	"CB"	"DB"	"https://static.www.nfl.com/image/upload/f_auto,q_auto/league/ptrcpfheqfuuyiqexmsq"	2026	1	"REG"	"2026_01_ARI_LAC"	"LAC"	"ARI"	0	0	0	0	0	0	0	0	0	0	0	0	null	null	0	null	0	0	0	0	0	0	0	0	0	0	null	0	0	0	0	0	0	0	0	0	0	0	0	0	0	null	0	0	0	0	0	null	0	0	0	0	2	0	0	0	0	0	0	0	0	0	0	0	0	0	0	0	0	0	0	0	0	0	0	0	0	0	1	24	0	0	0	0	0	0	0	0	0	0	0	0	0	null	null	0	0	0	0	0	0	0	0	0	0	0	0	null	null	null	0	0	0	0	0	0	0	null	0	0	0	0	0	0	0	null	0	0	0	0	0	0	0	0	0	0	0	0
"00-0034361"	"J.Reid"	"Justin Reid"	"S"	"DB"	"https://static.www.nfl.com/image/upload/f_auto,q_auto/league/ysi7vrkwfhei6adamgb3"	2026	1	"REG"	"2026_01_NO_DET"	"NO"	"DET"	0	0	0	0	0	0	0	0	0	0	0	0	null	null	0	null	0	0	0	0	0	0	0	0	0	0	null	0	0	0	0	0	0	0	0	0	0	0	0	0	0	null	0	0	0	0	0	null	0	0	0	0	5	0	3	1	3	0	0	0	0	0	0	0	0	0	0	0	0	0	0	0	0	0	0	0	0	0	0	0	0	0	0	0	0	0	0	0	0	0	0	0	0	null	null	0	0	0	0	0	0	0	0	0	0	0	0	null	null	null	0	0	0	0	0	0	0	null	0	0	0	0	0	0	0	null	0	0	0	0	0	0	0	0	0	0	0	0
"00-0034377"	"A.Maddox"	"Avonte Maddox"	"FS"	"DB"	"https://static.www.nfl.com/image/upload/f_auto,q_auto/league/j2guzeu1ggx5opajjl3h"	2026	1	"REG"	"2026_01_NO_DET"	"DET"	"NO"	0	0	0	0	0	0	0	0	0	0	0	0	null	null	0	null	0	0	0	0	0	0	0	0	0	0	null	0	0	0	0	0	0	0	0	0	0	0	0	0	0	null	0	0	0	0	0	null	0	0	0	0	4	0	3	0	0	0	0	0	0	0	0	2	0	0	0	0	0	0	0	0	0	0	0	0	0	0	0	0	0	0	0	0	0	0	0	0	0	0	0	0	0	null	null	0	0	0	0	0	0	0	0	0	0	0	0	null	null	null	0	0	0	0	0	0	0	null	0	0	0	0	0	0	0	null	0	0	0	0	0	0	0	0	0	0	0	0
"00-0034381"	"J.Sweat"	"Josh Sweat"	"LB"	"LB"	"https://static.www.nfl.com/image/upload/f_auto,q_auto/league/mfeq6gxl0uurxjsqdbos"	2026	1	"REG"	"2026_01_ARI_LAC"	"ARI"	"LAC"	0	0	0	0	0	0	0	0	0	0	0	0	null	null	0	null	0	0	0	0	0	0	0	0	0	0	null	0	0	0	0	0	0	0	0	0	0	0	0	0	0	null	0	0	0	0	0	null	0	0	0	0	0	1	1	1	1	0	0	0	0	0	0	0	0	0	0	0	0	0	0	0	0	0	0	0	0	0	0	0	0	0	0	0	0	0	0	0	0	0	0	0	0	null	null	0	0	0	0	0	0	0	0	0	0	0	0	null	null	null	0	0	0	0	0	0	0	null	0	0	0	0	0	0	0	null	0	0	0	0	0	0	0	0	0	0	0	0
"00-0034384"	"D.Reed"	"D.J. Reed"	"CB"	"DB"	"https://static.www.nfl.com/image/upload/f_auto,q_auto/league/haxt1fpxhgnobin0d5sx"	2026	1	"REG"	"2026_01_NO_DET"	"DET"	"NO"	0	0	0	0	0	0	0	0	0	0	0	0	null	null	0	null	0	0	0	0	0	0	0	0	0	0	null	0	0	0	0	0	0	0	0	0	0	0	0	0	0	null	0	0	0	0	0	null	0	0	0	0	7	0	3	0	0	0	0	0	0	0	0	1	0	0	0	0	0	0	0	0	0	0	0	0	0	0	0	0	0	0	0	0	0	0	0	0	0	0	0	0	0	null	null	0	0	0	0	0	0	0	0	0	0	0	0	null	null	null	0	0	0	0	0	0	0	null	0	0	0	0	0	0	0	null	0	0	0	0	0	0	0	0	0	0	0	0
"00-0034391"	"S.Neal"	"Siran Neal"	"DB"	"DB"	"https://static.www.nfl.com/image/upload/f_auto,q_auto/league/bwesbjwrbjpycetidb2q"	2026	1	"REG"	"2026_01_SF_LA"	"SF"	"LA"	0	0	0	0	0	0	0	0	0	0	0	0	null	null	0	null	0	0	0	0	0	0	0	0	0	0	null	0	0	0	0	0	0	0	0	0	0	0	0	0	0	null	0	0	0	0	0	null	0	0	0	0	1	0	0	0	0	1	0	0	0	0	0	0	0	0	0	0	0	0	0	0	0	0	0	0	0	0	0	0	0	0	0	0	0	0	0	0	0	0	0	0	0	null	null	0	0	0	0	0	0	0	0	0	0	0	0	null	null	null	0	0	0	0	0	0	0	null	0	0	0	0	0	0	0	null	0	0	0	0	0	0	0	0	0	0	0	0
"00-0034397"	"T.Settle"	"Tim Settle"	"DT"	"DL"	"https://static.www.nfl.com/image/upload/f_auto,q_auto/league/pfxye4tf9lojvyeud1d9"	2026	1	"REG"	"2026_01_WAS_PHI"	"WAS"	"PHI"	0	0	0	0	0	0	0	0	0	0	0	0	null	null	0	null	0	0	0	0	0	0	0	0	0	0	null	0	0	0	0	0	0	0	0	0	0	0	0	0	0	null	0	0	0	0	0	null	0	0	0	0	0	0	3	0	0	0	0	0	0	0	0	0	0	0	0	0	0	0	0	0	0	0	0	0	0	0	0	0	0	0	0	0	0	0	0	0	0	0	0	0	0	null	null	0	0	0	0	0	0	0	0	0	0	0	0	null	null	null	0	0	0	0	0	0	0	null	0	0	0	0	0	0	0	null	0	0	0	0	0	0	0	0	0	0	0	0
"00-0034429"	"J.Mailata"	"Jordan Mailata"	"OT"	"OL"	"https://static.www.nfl.com/image/upload/f_auto,q_auto/league/al7gzhilxxfwtflukyei"	2026	1	"REG"	"2026_01_WAS_PHI"	"PHI"	"WAS"	0	0	0	0	0	0	0	0	0	0	0	0	null	null	0	null	0	0	0	0	0	0	0	0	0	0	null	0	0	0	0	0	0	0	0	0	0	0	0	0	0	null	0	0	0	0	0	null	0	0	0	0	0	0	0	0	0	0	0	0	0	0	0	0	0	0	0	0	0	0	0	0	0	0	0	0	0	0	1	5	0	0	0	0	0	0	0	0	0	0	0	0	0	null	null	0	0	0	0	0	0	0	0	0	0	0	0	null	null	null	0	0	0	0	0	0	0	null	0	0	0	0	0	0	0	null	0	0	0	0	0	0	0	0	0	0	0	0
"00-0034465"	"J.Reaves"	"Jeremy Reaves"	"DB"	"DB"	"https://static.www.nfl.com/image/upload/f_auto,q_auto/league/kwmtxcogvel516q4ws86"	2026	1	"REG"	"2026_01_WAS_PHI"	"WAS"	"PHI"	0	0	0	0	0	0	0	0	0	0	0	0	null	null	0	null	0	0	0	0	0	0	0	0	0	0	null	0	0	0	0	0	0	0	0	0	0	0	0	0	0	null	0	0	0	0	0	null	0	0	0	0	3	0	2	0	0	0	0	0	0	0	0	0	0	0	0	0	0	0	0	0	0	0	0	0	0	0	0	0	0	0	0	0	0	0	0	0	0	0	0	0	0	null	null	0	0	0	0	0	0	0	0	0	0	0	0	null	null	null	0	0	0	0	0	0	0	null	0	0	0	0	0	0	0	null	0	0	0	0	0	0	0	0	0	0	0	0
"00-0034760"	"N.Shepherd"	"Nathan Shepherd"	"DE"	"DL"	"https://static.www.nfl.com/image/upload/f_auto,q_auto/league/sl9b2jgyvmo5yn0vglok"	2026	1	"REG"	"2026_01_NO_DET"	"NO"	"DET"	0	0	0	0	0	0	0	0	0	0	0	0	null	null	0	null	0	0	0	0	0	0	0	0	0	0	null	0	0	0	0	0	0	0	0	0	0	0	0	0	0	null	0	0	0	0	0	null	0	0	0	0	1	0	2	0	0	0	0	0	1	0	0	0	0	0	0	0	0	0	0	0	0	0	0	0	0	0	0	0	0	0	0	0	0	0	0	0	0	0	0	0	0	null	null	0	0	0	0	0	0	0	0	0	0	0	0	null	null	null	0	0	0	0	0	0	0	null	0	0	0	0	0	0	0	null	0	0	0	0	0	0	0	0	0	0	0	0
"00-0034790"	"D.James"	"Derwin James"	"FS"	"DB"	"https://static.www.nfl.com/image/upload/f_auto,q_auto/league/z9au0ajgcwoeozfdu0ec"	2026	1	"REG"	"2026_01_ARI_LAC"	"LAC"	"ARI"	0	0	0	0	0	0	0	0	0	0	0	0	null	null	0	null	0	0	0	0	0	0	0	0	0	0	null	0	0	0	0	0	0	0	0	0	0	0	0	0	0	null	0	0	0	0	0	null	0	0	0	0	7	0	3	0	0	0	0	0	0	0	0	1	0	0	0	0	0	0	0	0	0	0	0	0	0	0	0	0	0	0	0	0	0	0	0	0	0	0	0	0	0	null	null	0	0	0	0	0	0	0	0	0	0	0	0	null	null	null	0	0	0	0	0	0	0	null	0	0	0	0	0	0	0	null	0	0	0	0	0	0	0	0	0	0	0	0
"00-0034794"	"J.Sanders"	"Jason Sanders"	"K"	"SPEC"	"https://static.www.nfl.com/image/upload/f_auto,q_auto/league/k3ldptfygihmqgl2eir6"	2026	1	"REG"	"2026_01_NYJ_TEN"	"NYJ"	"TEN"	0	0	0	0	0	0	0	0	0	0	0	0	null	null	0	null	0	0	0	0	0	0	0	0	0	0	null	0	0	0	0	0	0	0	0	0	0	0	0	0	0	null	0	0	0	0	0	null	0	0	0	0	0	0	0	0	0	0	0	0	0	0	0	0	0	0	0	0	0	0	0	0	0	0	0	0	0	0	0	0	0	0	0	0	0	0	0	0	0	3	4	1	0	52	0.75	0	0	1	0	2	0	0	0	0	0	1	0	"33;51;52"	"54"	null	136	54	0	2	2	0	0	1	0	0	0	0	0	0	0	null	0	0	0	0	0	0	0	0	0	0	0	0
"00-0034807"	"O.Okoronkwo"	"Ogbo Okoronkwo"	"DE"	"DL"	"https://static.www.nfl.com/image/upload/f_auto,q_auto/league/qbhwpvb59fmyguz8ttg0"	2026	1	"REG"	"2026_01_SF_LA"	"SF"	"LA"	0	0	0	0	0	0	0	0	0	0	0	0	null	null	0	null	0	0	0	0	0	0	0	0	0	0	null	0	0	0	0	0	0	0	0	0	0	0	0	0	0	null	0	0	0	0	0	null	0	0	0	0	0	0	0	0	0	0	0	0	1	0	0	0	0	0	0	0	0	0	0	0	0	0	0	0	0	0	0	0	0	0	0	0	0	0	0	0	0	0	0	0	0	null	null	0	0	0	0	0	0	0	0	0	0	0	0	null	null	null	0	0	0	0	0	0	0	null	0	0	0	0	0	0	0	null	0	0	0	0	0	0	0	0	0	0	0	0
"00-0034815"	"F.Warner"	"Fred Warner"	"MLB"	"LB"	"https://static.www.nfl.com/image/upload/f_auto,q_auto/league/zmse3qgt0x2mqiuiuiu7"	2026	1	"REG"	"2026_01_SF_LA"	"SF"	"LA"	0	0	0	0	0	0	0	0	0	0	0	0	null	null	0	null	0	0	0	0	0	0	0	0	0	0	null	0	0	0	0	0	0	0	0	0	0	0	0	0	0	null	0	0	0	0	0	null	0	0	0	0	5	0	6	0	0	1	0	0	0	0	0	1	0	0	0	0	0	0	0	0	0	0	0	0	0	0	0	0	0	0	0	0	0	0	0	0	0	0	0	0	0	null	null	0	0	0	0	0	0	0	0	0	0	0	0	null	null	null	0	0	0	0	0	0	0	null	0	0	0	0	0	0	0	null	0	0	0	0	0	0	0	0	0	0	0	0
"00-0034844"	"S.Barkley"	"Saquon Barkley"	"RB"	"RB"	"https://static.www.nfl.com/image/upload/f_auto,q_auto/league/qcayrzjpura2zydszonh"	2026	1	"REG"	"2026_01_WAS_PHI"	"PHI"	"WAS"	0	0	0	0	0	0	0	0	0	0	0	0	null	null	0	null	0	0	0	0	15	83	0	0	0	2	-0.6643718374543823	0	1	1	1	1	1	2	-3	0	0	0	-1	2	0	-1.3572770422324538	0	0	0	0	0	3	0.09090909090909091	-0.0044444444444444444	0.13325252525252523	0	0	0	0	0	0	0	0	0	0	0	0	0	0	0	0	0	0	0	0	0	0	0	0	0	0	0	0	0	0	0	0	0	0	0	0	0	0	0	0	0	0	null	null	0	0	0	0	0	0	0	0	0	0	0	0	null	null	null	0	0	0	0	0	0	0	null	0	0	0	0	0	0	0	null	0	0	0	0	0	0	0	0	0	0	8	9
"00-0034854"	"K.Hodge"	"KhaDarel Hodge"	"WR"	"WR"	"https://static.www.nfl.com/image/upload/f_auto,q_auto/league/mozew14dow474cun5eqp"	2026	1	"REG"	"2026_01_SF_LA"	"SF"	"LA"	0	0	0	0	0	0	0	0	0	0	0	0	null	null	0	null	0	0	0	0	0	0	0	0	0	0	null	0	0	0	0	0	0	0	0	0	0	0	0	0	0	null	0	0	0	0	0	null	0	0	0	0	1	0	1	0	0	0	0	0	0	0	0	0	0	0	0	0	0	0	0	0	0	0	0	0	0	0	0	0	0	0	0	0	0	0	0	0	0	0	0	0	0	null	null	0	0	0	0	0	0	0	0	0	0	0	0	null	null	null	0	0	0	0	0	0	0	null	0	0	0	0	0	0	0	null	0	0	0	0	0	0	0	0	0	0	0	0
"00-0034857"	"J.Allen"	"Josh Allen"	"QB"	"QB"	"https://static.www.nfl.com/image/upload/f_auto,q_auto/league/mjwbioajzldkq1vzoz2d"	2026	1	"REG"	"2026_01_BUF_HOU"	"BUF"	"HOU"	20	29	334	2	0	2	-11	0	0	383	109	13	14.535023926041614	8.141485282352992	0	0.8720626631853786	12	9	5	2	6	23	2	1	0	2	-2.3132090612489264	0	1	1	1	0	0	0	0	0	0	0	0	0	0	null	0	0	0	0	0	null	0	0	0	0	0	0	0	0	0	0	0	0	0	0	0	0	0	0	0	0	0	0	0	0	0	1	-2	0	0	0	0	0	0	1	0	1	0	0	0	0	0	0	0	0	0	null	null	0	0	0	0	0	0	0	0	0	0	0	0	null	null	null	0	0	0	0	0	0	0	null	0	0	0	0	0	0	0	null	0	0	0	0	0	0	0	0	0	0	35.66	35.66
"00-0034982"	"D.Greenlaw"	"Dre Greenlaw"	"LB"	"LB"	"https://static.www.nfl.com/image/upload/f_auto,q_auto/league/jtvcc2vtczop90dkl4wd"	2026	1	"REG"	"2026_01_SF_LA"	"SF"	"LA"	0	0	0	0	0	0	0	0	0	0	0	0	null	null	0	null	0	0	0	0	0	0	0	0	0	0	null	0	0	0	0	0	0	0	0	0	0	0	0	0	0	null	0	0	0	0	0	null	0	0	0	0	1	0	5	0	0	0	0	0	0	0	0	0	0	0	0	0	0	0	0	0	0	0	0	0	0	0	0	0	0	0	0	0	0	0	0	0	0	0	0	0	0	null	null	0	0	0	0	0	0	0	0	0	0	0	0	null	null	null	0	0	0	0	0	0	0	null	0	0	0	0	0	0	0	null	0	0	0	0	0	0	0	0	0	0	0	0
"00-0034993"	"M.Epps"	"Marcus Epps"	"SAF"	"DB"	"https://static.www.nfl.com/image/upload/f_auto,q_auto/league/mlmepu3ng2uaqlo4sqhx"	2026	1	"REG"	"2026_01_WAS_PHI"	"PHI"	"WAS"	0	0	0	0	0	0	0	0	0	0	0	0	null	null	0	null	0	0	0	0	0	0	0	0	0	0	null	0	0	0	0	0	0	0	0	0	0	0	0	0	0	null	0	0	0	0	0	null	0	0	0	0	5	0	2	0	0	0	0	0	0	0	0	0	0	0	0	0	0	0	0	0	0	0	0	0	0	0	0	0	0	0	0	0	0	0	0	0	0	0	0	0	0	null	null	0	0	0	0	0	0	0	0	0	0	0	0	null	null	null	0	0	0	0	0	0	0	null	0	0	0	0	0	0	0	null	0	0	0	0	0	0	0	0	0	0	0	0
"00-0035125"	"A.Ingold"	"Alec Ingold"	"FB"	"RB"	"https://static.www.nfl.com/image/upload/f_auto,q_auto/league/saqgxmq3xrr68byket0r"	2026	1	"REG"	"2026_01_ARI_LAC"	"LAC"	"ARI"	0	0	0	0	0	0	0	0	0	0	0	0	null	null	0	null	0	0	0	0	0	0	0	0	0	0	null	0	0	0	0	0	0	0	0	0	0	0	0	0	0	null	0	0	0	0	0	null	0	0	0	0	0	0	0	0	0	0	0	0	0	0	0	0	0	0	0	0	0	0	0	0	0	0	0	0	0	0	0	0	0	0	0	0	0	0	0	0	0	0	0	0	0	null	null	0	0	0	0	0	0	0	0	0	0	0	0	null	null	null	0	0	0	0	0	0	0	null	0	0	0	0	0	0	0	null	0	0	0	0	0	0	0	0	0	0	0	0
"00-0035144"	"Ma.Wilson"	"Mack Wilson"	"LB"	"LB"	"https://static.www.nfl.com/image/upload/f_auto,q_auto/league/zjazfilpr7k2agiwqpxn"	2026	1	"REG"	"2026_01_ARI_LAC"	"ARI"	"LAC"	0	0	0	0	0	0	0	0	0	0	0	0	null	null	0	null	0	0	0	0	0	0	0	0	0	0	null	0	0	0	0	0	0	0	0	0	0	0	0	0	0	null	0	0	0	0	0	null	0	0	0	0	2	0	4	0	0	0	0	0	0	0	0	1	0	0	0	0	0	0	0	0	0	0	0	0	0	0	0	0	0	0	0	0	0	0	0	0	0	0	0	0	0	null	null	0	0	0	0	0	0	0	0	0	0	0	0	null	null	null	0	0	0	0	0	0	0	null	0	0	0	0	0	0	0	null	0	0	0	0	0	0	0	0	0	0	0	0
"00-0035156"	"J.Fox"	"Jack Fox"	"P"	"SPEC"	"https://static.www.nfl.com/image/upload/f_auto,q_auto/league/iwfepgslxhtx236z6faz"	2026	1	"REG"	"2026_01_NO_DET"	"DET"	"NO"	0	0	0	0	0	0	0	0	0	0	0	0	null	null	0	null	0	0	0	0	0	0	0	0	0	0	null	0	0	0	0	0	0	0	0	0	0	0	0	0	0	null	0	0	0	0	0	null	0	0	0	0	0	0	0	0	0	0	0	0	0	0	0	0	0	0	0	0	0	0	0	0	0	0	0	0	0	0	0	0	0	0	0	0	0	0	0	0	0	0	0	0	0	null	null	0	0	0	0	0	0	0	0	0	0	0	0	null	null	null	0	0	0	0	0	0	0	null	0	0	0	0	0	7	0	56	336	3	0	1	1	1	4	21	0	295	0	0
"00-0035192"	"J.Slye"	"Joey Slye"	"K"	"SPEC"	"https://static.www.nfl.com/image/upload/f_auto,q_auto/league/qyugyvvddildncveryob"	2026	1	"REG"	"2026_01_NYJ_TEN"	"TEN"	"NYJ"	0	0	0	0	0	0	0	0	0	0	0	0	null	null	0	null	0	0	0	0	0	0	0	0	0	0	null	0	0	0	0	0	0	0	0	0	0	0	0	0	0	null	0	0	0	0	0	null	0	0	0	0	0	0	0	0	0	0	0	0	0	0	0	0	0	0	0	0	0	0	0	0	0	0	0	0	0	0	1	0	0	0	0	0	0	0	0	0	0	1	1	0	0	42	1	0	0	0	1	0	0	0	0	0	0	0	0	"42"	null	null	42	0	0	1	1	0	0	1	0	0	0	0	0	0	0	null	0	0	0	0	0	0	0	0	0	0	0	0
"00-0035202"	"D.Phillips"	"Del'Shawn Phillips"	"LB"	"LB"	"https://static.www.nfl.com/image/upload/f_auto,q_auto/league/plnsixu8jpozw1grxuvc"	2026	1	"REG"	"2026_01_ARI_LAC"	"LAC"	"ARI"	0	0	0	0	0	0	0	0	0	0	0	0	null	null	0	null	0	0	0	0	0	0	0	0	0	0	null	0	0	0	0	0	0	0	0	0	0	0	0	0	0	null	0	0	0	0	0	null	0	0	0	0	3	0	3	0	0	0	0	0	1	0	0	0	0	0	0	0	0	0	0	0	0	0	0	0	0	0	0	0	0	0	0	0	0	0	0	0	0	0	0	0	0	null	null	0	0	0	0	0	0	0	0	0	0	0	0	null	null	null	0	0	0	0	0	0	0	null	0	0	0	0	0	0	0	null	0	0	0	0	0	0	0	0	0	0	0	0
"00-0035258"	"H.Froholdt"	"Hjalte Froholdt"	"C"	"OL"	"https://static.www.nfl.com/image/upload/f_auto,q_auto/league/ylkuycgg5mlekrd0e7uy"	2026	1	"REG"	"2026_01_ARI_LAC"	"ARI"	"LAC"	0	0	0	0	0	0	0	0	0	0	0	0	null	null	0	null	0	0	0	0	0	0	0	0	0	0	null	0	0	0	0	0	0	0	0	0	0	0	0	0	0	null	0	0	0	0	0	null	0	0	0	0	0	0	0	0	0	0	0	0	0	0	0	0	0	0	0	0	0	0	0	0	0	0	0	0	0	0	1	10	0	0	0	0	0	0	0	0	0	0	0	0	0	null	null	0	0	0	0	0	0	0	0	0	0	0	0	null	null	null	0	0	0	0	0	0	0	null	0	0	0	0	0	0	0	null	0	0	0	0	0	0	0	0	0	0	0	0
"00-0035269"	"M.Gay"	"Matt Gay"	"K"	"SPEC"	"https://static.www.nfl.com/image/upload/f_auto,q_auto/league/opglxpqmhu21eydoyvg2"	2026	1	"REG"	"2026_01_MIA_LV"	"LV"	"MIA"	0	0	0	0	0	0	0	0	0	0	0	0	null	null	0	null	0	0	0	0	0	0	0	0	0	0	null	0	0	0	0	0	0	0	0	0	0	0	0	0	0	null	0	0	0	0	0	null	0	0	0	0	0	0	0	0	0	0	0	0	0	0	0	0	0	0	0	0	0	0	0	0	0	0	0	0	0	0	0	0	0	0	0	0	0	0	0	0	0	2	2	0	0	47	1	0	0	1	1	0	0	0	0	0	0	0	0	"47;30"	null	null	77	0	0	3	3	0	0	1	0	0	0	0	0	0	0	null	0	0	0	0	0	0	0	0	0	0	0	0
"00-0035279"	"C.Omenihu"	"Charles Omenihu"	"DE"	"DL"	"https://static.www.nfl.com/image/upload/f_auto,q_auto/league/epsvk3cdkn7m24ak0wsy"	2026	1	"REG"	"2026_01_WAS_PHI"	"WAS"	"PHI"	0	0	0	0	0	0	0	0	0	0	0	0	null	null	0	null	0	0	0	0	0	0	0	0	0	0	null	0	0	0	0	0	0	0	0	0	0	0	0	0	0	null	0	0	0	0	0	null	0	0	0	0	0	0	0	0	0	0	0	0	0	0	0	1	0	0	0	0	0	0	0	0	0	0	0	0	0	0	0	0	0	0	0	0	0	0	0	0	0	0	0	0	0	null	null	0	0	0	0	0	0	0	0	0	0	0	0	null	null	null	0	0	0	0	0	0	0	null	0	0	0	0	0	0	0	null	0	0	0	0	0	0	0	0	0	0	0	0
"00-0035316"	"K.Elliss"	"Kaden Elliss"	"LB"	"LB"	"https://static.www.nfl.com/image/upload/f_auto,q_auto/league/lndj0awmhdulawkcjgua"	2026	1	"REG"	"2026_01_NO_DET"	"NO"	"DET"	0	0	0	0	0	0	0	0	0	0	0	0	null	null	0	null	0	0	0	0	0	0	0	0	0	0	null	0	0	0	0	0	0	0	0	0	0	0	0	0	0	null	0	0	0	0	0	null	0	0	0	0	3	0	6	0	0	0	0	0	3	0	0	1	0	0	0	0	0	0	0	0	0	0	0	0	0	0	0	0	0	0	0	0	0	0	0	0	0	0	0	0	0	null	null	0	0	0	0	0	0	0	0	0	0	0	0	null	null	null	0	0	0	0	0	0	0	null	0	0	0	0	0	0	0	null	0	0	0	0	0	0	0	0	0	0	0	0
"00-0035358"	"C.McLaughlin"	"Chase McLaughlin"	"K"	"SPEC"	"https://static.www.nfl.com/image/upload/f_auto,q_auto/league/enkzsuyzk232mbq5oe4w"	2026	1	"REG"	"2026_01_TB_CIN"	"TB"	"CIN"	0	0	0	0	0	0	0	0	0	0	0	0	null	null	0	null	0	0	0	0	0	0	0	0	0	0	null	0	0	0	0	0	0	0	0	0	0	0	0	0	0	null	0	0	0	0	0	null	0	0	0	0	0	0	0	0	0	0	0	0	0	0	0	0	0	0	0	0	0	0	0	0	0	0	0	0	0	0	0	0	0	0	0	0	0	0	0	0	0	2	2	0	0	51	1	0	0	1	0	1	0	0	0	0	0	0	0	"34;51"	null	null	85	0	0	3	3	0	0	1	0	0	0	0	0	0	0	null	0	0	0	0	0	0	0	0	0	0	0	0
"00-0035378"	"A.Wingard"	"Andrew Wingard"	"SAF"	"DB"	"https://static.www.nfl.com/image/upload/f_auto,q_auto/league/lueoe3vqsknnvax0gnmf"	2026	1	"REG"	"2026_01_ARI_LAC"	"ARI"	"LAC"	0	0	0	0	0	0	0	0	0	0	0	0	null	null	0	null	0	0	0	0	0	0	0	0	0	0	null	0	0	0	0	0	0	0	0	0	0	0	0	0	0	null	0	0	0	0	0	null	0	0	0	0	3	0	1	2	7	1	0	0	0	1	0	1	0	0	0	0	0	0	0	0	0	0	0	0	0	0	0	0	0	0	0	0	0	0	0	0	0	0	0	0	0	null	null	0	0	0	0	0	0	0	0	0	0	0	0	null	null	null	0	0	0	0	0	0	0	null	0	0	0	0	0	0	0	null	0	0	0	0	0	0	0	0	0	0	0	0
"00-0035402"	"C.Granderson"	"Carl Granderson"	"DE"	"DL"	"https://static.www.nfl.com/image/upload/f_auto,q_auto/league/bhudfgndbvogastdhvb7"	2026	1	"REG"	"2026_01_NO_DET"	"NO"	"DET"	0	0	0	0	0	0	0	0	0	0	0	0	null	null	0	null	0	0	0	0	0	0	0	0	0	0	null	0	0	0	0	0	0	0	0	0	0	0	0	0	0	null	0	0	0	0	0	null	0	0	0	0	2	0	0	1	2	0	1	2	1	0	0	0	0	0	0	0	0	0	0	0	0	0	0	0	0	0	0	0	0	0	0	0	0	0	0	0	0	0	0	0	0	null	null	0	0	0	0	0	0	0	0	0	0	0	0	null	null	null	0	0	0	0	0	0	0	null	0	0	0	0	0	0	0	null	0	0	0	0	0	0	0	0	0	0	0	0
"00-0035409"	"S.Tuttle"	"Shy Tuttle"	"DT"	"DL"	"https://static.www.nfl.com/image/upload/f_auto,q_auto/league/lcio402os2qzxmchbvvw"	2026	1	"REG"	"2026_01_WAS_PHI"	"WAS"	"PHI"	0	0	0	0	0	0	0	0	0	0	0	0	null	null	0	null	0	0	0	0	0	0	0	0	0	0	null	0	0	0	0	0	0	0	0	0	0	0	0	0	0	null	0	0	0	0	0	null	0	0	0	0	0	0	1	0	0	0	0	0	0	0	0	0	0	0	0	0	0	0	0	0	0	0	0	0	0	0	0	0	0	0	0	0	0	0	0	0	0	0	0	0	0	null	null	0	0	0	0	0	0	0	0	0	0	0	0	null	null	null	0	0	0	0	0	0	0	null	0	0	0	0	0	0	0	null	0	0	0	0	0	0	0	0	0	0	0	0
"00-0035544"	"T.Kennedy"	"Tom Kennedy"	"WR"	"WR"	"https://static.www.nfl.com/image/upload/f_auto,q_auto/league/cbpuzvde5zqalmkjo0dv"	2026	1	"REG"	"2026_01_NO_DET"	"DET"	"NO"	0	0	0	0	0	0	0	0	0	0	0	0	null	null	0	null	0	0	0	0	0	0	0	0	0	0	null	0	0	0	0	0	0	0	0	0	0	0	0	0	0	null	0	0	0	0	0	null	0	0	0	0	0	0	0	0	0	0	0	0	0	0	0	0	0	0	0	0	0	0	0	0	0	0	0	0	0	0	0	0	0	0	0	0	0	3	35	2	59	0	0	0	0	null	null	0	0	0	0	0	0	0	0	0	0	0	0	null	null	null	0	0	0	0	0	0	0	null	0	0	0	0	0	0	0	null	0	0	0	0	0	0	0	0	0	0	0	0
"00-0035636"	"L.Collier"	"L.J. Collier"	"DE"	"DL"	"https://static.www.nfl.com/image/private/f_auto,q_auto/league/i39nt3smr30rgznvlal3"	2026	1	"REG"	"2026_01_ARI_LAC"	"ARI"	"LAC"	0	0	0	0	0	0	0	0	0	0	0	0	null	null	0	null	0	0	0	0	0	0	0	0	0	0	null	0	0	0	0	0	0	0	0	0	0	0	0	0	0	null	0	0	0	0	0	null	0	0	0	0	0	0	1	0	0	0	0	0	0	0	0	0	0	0	0	0	0	0	0	0	0	0	0	0	0	0	0	0	0	0	0	0	0	0	0	0	0	0	0	0	0	null	null	0	0	0	0	0	0	0	0	0	0	0	0	null	null	null	0	0	0	0	0	0	0	null	0	0	0	0	0	0	0	null	0	0	0	0	0	0	0	0	0	0	0	0
"00-0035637"	"R.Ya-Sin"	"Rock Ya-Sin"	"CB"	"DB"	"https://static.www.nfl.com/image/upload/f_auto,q_auto/league/llibqv3euvevt5m4ftnj"	2026	1	"REG"	"2026_01_NO_DET"	"DET"	"NO"	0	0	0	0	0	0	0	0	0	0	0	0	null	null	0	null	0	0	0	0	0	0	0	0	0	0	null	0	0	0	0	0	0	0	0	0	0	0	0	0	0	null	0	0	0	0	0	null	0	0	0	0	7	0	0	0	0	0	0	0	0	0	0	0	0	0	0	0	0	0	0	0	0	0	0	0	0	0	2	26	0	0	0	0	0	0	0	0	0	0	0	0	0	null	null	0	0	0	0	0	0	0	0	0	0	0	0	null	null	null	0	0	0	0	0	0	0	null	0	0	0	0	0	0	0	null	0	0	0	0	0	0	0	0	0	0	0	0
"00-0035644"	"N.Fant"	"Noah Fant"	"TE"	"TE"	"https://static.www.nfl.com/image/upload/f_auto,q_auto/league/lijnonbrcmplvkcb5kqv"	2026	1	"REG"	"2026_01_NO_DET"	"NO"	"DET"	0	0	0	0	0	0	0	0	0	0	0	0	null	null	0	null	0	0	0	0	0	0	0	0	0	0	null	0	0	0	0	0	4	8	33	1	0	0	48	15	2	-8.525529281701893	0	1	0	0	0	0.6875	0.15384615384615385	0.09937888198757763	0.3003344481605351	0	1	0	0	0	0	0	0	0	0	0	0	0	0	0	0	0	0	0	0	0	0	0	0	0	0	0	0	0	0	0	0	0	0	0	0	0	0	0	0	0	0	null	null	0	0	0	0	0	0	0	0	0	0	0	0	null	null	null	0	0	0	0	0	0	0	null	0	0	0	0	0	0	0	null	0	0	0	0	0	0	0	0	0	0	9.3	13.3
"00-0035659"	"T.McLaurin"	"Terry McLaurin"	"WR"	"WR"	"https://static.www.nfl.com/image/upload/f_auto,q_auto/league/tmfl2zruajmkrtcg4zxp"	2026	1	"REG"	"2026_01_WAS_PHI"	"WAS"	"PHI"	0	0	0	0	0	0	0	0	0	0	0	0	null	null	0	null	0	0	0	0	0	0	0	0	0	0	null	0	0	0	0	0	2	4	14	0	0	0	22	15	1	1.9705726121901534	0	0	0	0	0	0.6363636363636364	0.13793103448275862	0.0694006309148265	0.25547699336451646	0	0	0	0	0	0	0	0	0	0	0	0	0	0	0	0	0	0	0	0	0	0	0	0	0	0	0	0	0	0	0	0	0	0	0	0	0	0	0	0	0	0	null	null	0	0	0	0	0	0	0	0	0	0	0	0	null	null	null	0	0	0	0	0	0	0	null	0	0	0	0	0	0	0	null	0	0	0	0	0	0	0	0	0	0	1.4000000000000001	3.4000000000000004
"00-0035707"	"D.White"	"Devin White"	"LB"	"LB"	"https://static.www.nfl.com/image/upload/f_auto,q_auto/league/oqv87a7jn67zgnlplnbp"	2026	1	"REG"	"2026_01_NO_DET"	"DET"	"NO"	0	0	0	0	0	0	0	0	0	0	0	0	null	null	0	null	0	0	0	0	0	0	0	0	0	0	null	0	0	0	0	0	0	0	0	0	0	0	0	0	0	null	0	0	0	0	0	null	0	0	0	0	1	0	2	0	0	0	0	0	0	0	0	0	0	0	0	0	0	0	0	0	0	0	0	0	0	0	0	0	0	0	0	0	0	0	0	0	0	0	0	0	0	null	null	0	0	0	0	0	0	0	0	0	0	0	0	null	null	null	0	0	0	0	0	0	0	null	0	0	0	0	0	0	0	null	0	0	0	0	0	0	0	0	0	0	0	0
"00-0035717"	"N.Bosa"	"Nick Bosa"	"DE"	"DL"	"https://static.www.nfl.com/image/upload/f_auto,q_auto/league/c7grjmvod7lnrfz4ordx"	2026	1	"REG"	"2026_01_SF_LA"	"SF"	"LA"	0	0	0	0	0	0	0	0	0	0	0	0	null	null	0	null	0	0	0	0	0	0	0	0	0	0	null	0	0	0	0	0	0	0	0	0	0	0	0	0	0	null	0	0	0	0	0	null	0	0	0	0	3	0	1	2	2	0	0	0	1	0	0	0	0	0	0	0	0	0	0	0	0	0	0	0	0	0	0	0	0	0	0	0	0	0	0	0	0	0	0	0	0	null	null	0	0	0	0	0	0	0	0	0	0	0	0	null	null	null	0	0	0	0	0	0	0	null	0	0	0	0	0	0	0	null	0	0	0	0	0	0	0	0	0	0	0	0
"00-0035719"	"D.Samuel"	"Deebo Samuel Sr."	"WR"	"WR"	"https://static.www.nfl.com/image/upload/f_auto,q_auto/league/ntgyhqg6hq7fanhhsqiw"	2026	1	"REG"	"2026_01_SF_LA"	"SF"	"LA"	0	0	0	0	0	0	0	0	0	0	0	0	null	null	0	null	0	0	0	0	1	12	0	0	0	1	0.38092451682314277	0	1	1	0	0	6	7	48	1	0	0	17	28	3	2.921733036986552	0	2	0	0	0	2.823529411764706	0.20588235294117646	0.11409395973154363	0.38868930122384526	0	0	0	0	0	0	0	0	0	0	0	0	0	0	0	0	0	0	0	0	0	0	0	0	0	0	0	0	0	0	0	0	0	0	0	0	2	74	0	0	0	0	null	null	0	0	0	0	0	0	0	0	0	0	0	0	null	null	null	0	0	0	0	0	0	0	null	0	0	0	0	0	0	0	null	0	0	0	0	0	0	0	0	0	0	12	18
"00-0035821"	"C.Waitman"	"Corliss Waitman"	"P"	"SPEC"	"https://static.www.nfl.com/image/upload/f_auto,q_auto/league/tob4qaxxwhpmnalutnk8"	2026	1	"REG"	"2026_01_SF_LA"	"SF"	"LA"	0	0	0	0	0	0	0	0	0	0	0	0	null	null	0	null	0	0	0	0	0	0	0	0	0	0	null	0	0	0	0	0	0	0	0	0	0	0	0	0	0	null	0	0	0	0	0	null	0	0	0	0	0	0	0	0	0	0	0	0	0	0	0	0	0	0	0	0	0	0	0	0	0	0	0	0	0	0	0	0	0	0	0	0	0	0	0	0	0	0	0	0	0	null	null	0	0	0	0	0	0	0	0	0	0	0	0	null	null	null	0	0	0	0	0	0	0	null	0	0	0	0	0	2	0	51	94	0	0	0	1	0	1	11	0	63	0	0
"00-0035859"	"B.Gillikin"	"Blake Gillikin"	"P"	"SPEC"	"https://static.www.nfl.com/image/upload/f_auto,q_auto/league/pgasxtghfviimlj55tn0"	2026	1	"REG"	"2026_01_ARI_LAC"	"ARI"	"LAC"	0	0	0	0	0	0	0	0	0	0	0	0	null	null	0	null	0	0	0	0	0	0	0	0	0	0	null	0	0	0	0	0	0	0	0	0	0	0	0	0	0	null	0	0	0	0	0	null	0	0	0	0	0	0	0	0	0	0	0	0	0	0	0	0	0	0	0	0	0	0	0	0	0	0	0	0	0	0	0	0	0	0	0	0	0	0	0	0	0	0	0	0	0	null	null	0	0	0	0	0	0	0	0	0	0	0	0	null	null	null	0	0	0	0	0	0	0	null	0	0	0	0	0	3	0	61	158	1	0	0	2	1	0	0	0	118	0	0
"00-0036040"	"J.Johnson"	"Juwan Johnson"	"TE"	"TE"	"https://static.www.nfl.com/image/upload/f_auto,q_auto/league/ahzqkvhjot6lygwr4ccb"	2026	1	"REG"	"2026_01_NO_DET"	"NO"	"DET"	0	0	0	0	0	0	0	0	0	0	0	0	null	null	0	null	0	0	0	0	0	0	0	0	0	0	null	0	0	0	0	0	3	7	54	1	0	0	77	4	3	0.9808230728958733	0	2	2	1	0	0.7012987012987013	0.1346153846153846	0.15942028985507245	0.31351727982162764	0	0	0	0	0	0	0	0	0	0	0	0	0	0	0	0	0	0	0	0	0	0	0	0	0	0	0	0	0	0	0	0	0	0	0	0	0	0	0	0	0	0	null	null	0	0	0	0	0	0	0	0	0	0	0	0	null	null	null	0	0	0	0	0	0	0	null	0	0	0	0	0	0	0	null	0	0	0	0	0	0	0	0	0	0	11.4	14.4
"00-0036124"	"K.Dorsey"	"Khalil Dorsey"	"CB"	"DB"	"https://static.www.nfl.com/image/upload/f_auto,q_auto/league/fuzzcdksr4hobrl1rdhv"	2026	1	"REG"	"2026_01_NO_DET"	"DET"	"NO"	0	0	0	0	0	0	0	0	0	0	0	0	null	null	0	null	0	0	0	0	0	0	0	0	0	0	null	0	0	0	0	0	0	0	0	0	0	0	0	0	0	null	0	0	0	0	0	null	0	0	0	0	1	0	1	0	0	0	0	0	0	0	0	0	0	0	0	0	0	0	0	0	0	0	0	0	0	0	0	0	0	0	0	0	0	0	0	0	0	0	0	0	0	null	null	0	0	0	0	0	0	0	0	0	0	0	0	null	null	null	0	0	0	0	0	0	0	null	0	0	0	0	0	0	0	null	0	0	0	0	0	0	0	0	0	0	0	0
"00-0036162"	"T.Bass"	"Tyler Bass"	"K"	"SPEC"	"https://static.www.nfl.com/image/upload/f_auto,q_auto/league/rwidgp7jp8vxhssi7und"	2026	1	"REG"	"2026_01_BUF_HOU"	"BUF"	"HOU"	0	0	0	0	0	0	0	0	0	0	0	0	null	null	0	null	0	0	0	0	0	0	0	0	0	0	null	0	0	0	0	0	0	0	0	0	0	0	0	0	0	null	0	0	0	0	0	null	0	0	0	0	0	0	0	0	0	0	0	0	0	0	0	0	0	0	0	0	0	0	0	0	0	0	0	0	0	0	0	0	0	0	0	0	0	0	0	0	0	3	3	0	0	46	1	0	0	2	1	0	0	0	0	0	0	0	0	"46;34;33"	null	null	113	0	0	3	3	0	0	1	0	0	0	0	0	0	0	null	0	0	0	0	0	0	0	0	0	0	0	0
"00-0036181"	"T.Tart"	"Teair Tart"	"DT"	"DL"	"https://static.www.nfl.com/image/upload/f_auto,q_auto/league/jwqcxtrsle2q9edshwsx"	2026	1	"REG"	"2026_01_ARI_LAC"	"LAC"	"ARI"	0	0	0	0	0	0	0	0	0	0	0	0	null	null	0	null	0	0	0	0	0	0	0	0	0	0	null	0	0	0	0	0	0	0	0	0	0	0	0	0	0	null	0	0	0	0	0	null	0	0	0	0	1	0	1	0	0	0	0	0	0	0	0	0	0	0	0	0	0	0	0	0	0	0	0	0	0	0	0	0	0	0	0	0	0	0	0	0	0	0	0	0	0	null	null	0	0	0	0	0	0	0	0	0	0	0	0	null	null	null	0	0	0	0	0	0	0	null	0	0	0	0	0	0	0	null	0	0	0	0	0	0	0	0	0	0	0	0
"00-0036192"	"A.Epenesa"	"A.J. Epenesa"	"LB"	"LB"	"https://static.www.nfl.com/image/upload/f_auto,q_auto/league/hprr0vl8ruh0veetztij"	2026	1	"REG"	"2026_01_WAS_PHI"	"PHI"	"WAS"	0	0	0	0	0	0	0	0	0	0	0	0	null	null	0	null	0	0	0	0	0	0	0	0	0	0	null	0	0	0	0	0	0	0	0	0	0	0	0	0	0	null	0	0	0	0	0	null	0	0	0	0	1	0	1	0	0	0	0	0	0	0	0	0	0	0	0	0	0	0	0	0	0	0	0	0	0	0	0	0	0	0	0	0	0	0	0	0	0	0	0	0	0	null	null	0	0	0	0	0	0	0	0	0	0	0	0	null	null	null	0	0	0	0	0	0	0	null	0	0	0	0	0	0	0	null	0	0	0	0	0	0	0	0	0	0	0	0
"00-0036193"	"A.Jennings"	"Anfernee Jennings"	"LB"	"LB"	"https://static.www.nfl.com/image/upload/f_auto,q_auto/league/zgnsugvthxpb48ulv89u"	2026	1	"REG"	"2026_01_NO_DET"	"NO"	"DET"	0	0	0	0	0	0	0	0	0	0	0	0	null	null	0	null	0	0	0	0	0	0	0	0	0	0	null	0	0	0	0	0	0	0	0	0	0	0	0	0	0	null	0	0	0	0	0	null	0	0	0	0	0	0	1	0	0	0	0	0	0	0	0	0	0	0	0	0	0	0	0	0	0	0	0	0	0	0	0	0	0	0	0	0	0	0	0	0	0	0	0	0	0	null	null	0	0	0	0	0	0	0	0	0	0	0	0	null	null	null	0	0	0	0	0	0	0	null	0	0	0	0	0	0	0	null	0	0	0	0	0	0	0	0	0	0	0	0
"00-0036244"	"C.Parkinson"	"Colby Parkinson"	"TE"	"TE"	"https://static.www.nfl.com/image/upload/f_auto,q_auto/league/qsyrgtfjj06wryahnxc9"	2026	1	"REG"	"2026_01_SF_LA"	"LA"	"SF"	0	0	0	0	0	0	0	0	0	0	0	0	null	null	0	null	0	0	0	0	0	0	0	0	0	0	null	0	0	0	0	0	1	2	6	0	0	0	9	4	0	-0.2587750561069697	0	0	0	0	0	0.6666666666666666	0.07407407407407407	0.03529411764705882	0.1358169934640523	0	0	0	0	0	0	0	0	0	0	0	0	0	0	0	0	0	0	0	0	0	0	0	0	0	0	0	0	0	0	0	0	0	0	0	0	0	0	0	0	0	0	null	null	0	0	0	0	0	0	0	0	0	0	0	0	null	null	null	0	0	0	0	0	0	0	null	0	0	0	0	0	0	0	null	0	0	0	0	0	0	0	0	0	0	0.6000000000000001	1.6
"00-0036253"	"J.Blackmon"	"Julian Blackmon"	"SAF"	"DB"	"https://static.www.nfl.com/image/upload/f_auto,q_auto/league/szgvamjf2lv2ggswkobd"	2026	1	"REG"	"2026_01_NO_DET"	"NO"	"DET"	0	0	0	0	0	0	0	0	0	0	0	0	null	null	0	null	0	0	0	0	0	0	0	0	0	0	null	0	0	0	0	0	0	0	0	0	0	0	0	0	0	null	0	0	0	0	0	null	0	0	0	0	2	0	4	0	0	0	0	0	0	0	0	0	0	0	0	0	0	0	0	0	0	0	0	0	0	0	0	0	0	0	0	0	0	0	0	0	0	0	0	0	0	null	null	0	0	0	0	0	0	0	0	0	0	0	0	null	null	null	0	0	0	0	0	0	0	null	0	0	0	0	0	0	0	null	0	0	0	0	0	0	0	0	0	0	0	0
"00-0036260"	"J.Kinlaw"	"Javon Kinlaw"	"DT"	"DL"	"https://static.www.nfl.com/image/upload/f_auto,q_auto/league/jxqkukux4rgfpp5eekyo"	2026	1	"REG"	"2026_01_WAS_PHI"	"WAS"	"PHI"	0	0	0	0	0	0	0	0	0	0	0	0	null	null	0	null	0	0	0	0	0	0	0	0	0	0	null	0	0	0	0	0	0	0	0	0	0	0	0	0	0	null	0	0	0	0	0	null	0	0	0	0	1	0	1	1	2	0	0	0	0	0	0	0	0	0	0	0	0	0	0	0	0	0	0	0	0	0	0	0	0	0	0	0	0	0	0	0	0	0	0	0	0	null	null	0	0	0	0	0	0	0	0	0	0	0	0	null	null	null	0	0	0	0	0	0	0	null	0	0	0	0	0	0	0	null	0	0	0	0	0	0	0	0	0	0	0	0
"00-0036264"	"J.Love"	"Jordan Love"	"QB"	"QB"	"https://static.www.nfl.com/image/upload/f_auto,q_auto/league/thz8stjkbjwddxqnozi5"	2026	1	"REG"	"2026_01_GB_MIN"	"GB"	"MIN"	21	42	387	2	1	4	-34	2	1	469	160	16	-2.7036460936736173	-9.65405449271202	0	0.8251599147121536	12	8	7	3	1	0	0	0	0	0	-4.35180443932768	0	0	0	0	0	0	0	0	0	0	0	0	0	0	null	0	0	0	0	0	null	0	0	0	0	1	0	0	0	0	0	0	0	0	0	0	0	0	0	0	0	0	0	0	0	0	0	0	0	0	0	1	5	2	0	0	2	1	0	0	0	0	0	0	0	0	null	null	0	0	0	0	0	0	0	0	0	0	0	0	null	null	null	0	0	0	0	0	0	0	null	0	0	0	0	0	0	0	null	0	0	0	0	0	0	0	0	0	0	19.48	19.48
"00-0036272"	"B.Bartch"	"Ben Bartch"	"OT"	"OL"	"https://static.www.nfl.com/image/upload/f_auto,q_auto/league/mayvzeezztsx4l0gbpa5"	2026	1	"REG"	"2026_01_NO_DET"	"DET"	"NO"	0	0	0	0	0	0	0	0	0	0	0	0	null	null	0	null	0	0	0	0	0	0	0	0	0	0	null	0	0	0	0	0	0	0	0	0	0	0	0	0	0	null	0	0	0	0	0	null	0	0	0	0	0	0	0	0	0	0	0	0	0	0	0	0	0	0	0	0	0	0	0	0	0	0	0	0	0	0	1	10	0	0	0	0	0	0	0	0	0	0	0	0	0	null	null	0	0	0	0	0	0	0	0	0	0	0	0	null	null	null	0	0	0	0	0	0	0	null	0	0	0	0	0	0	0	null	0	0	0	0	0	0	0	0	0	0	0	0
"00-0036286"	"K.Chaisson"	"K'Lavon Chaisson"	"LB"	"LB"	"https://static.www.nfl.com/image/upload/f_auto,q_auto/league/gc9qqj4piwlwse4spobk"	2026	1	"REG"	"2026_01_WAS_PHI"	"WAS"	"PHI"	0	0	0	0	0	0	0	0	0	0	0	0	null	null	0	null	0	0	0	0	0	0	0	0	0	0	null	0	0	0	0	0	0	0	0	0	0	0	0	0	0	null	0	0	0	0	0	null	0	0	0	0	0	0	0	0	0	0	0	0	2	0	0	0	0	0	0	0	0	0	0	0	0	0	0	0	0	0	0	0	0	0	0	0	0	0	0	0	0	0	0	0	0	null	null	0	0	0	0	0	0	0	0	0	0	0	0	null	null	null	0	0	0	0	0	0	0	null	0	0	0	0	0	0	0	null	0	0	0	0	0	0	0	0	0	0	0	0
"00-0036313"	"B.Mann"	"Braden Mann"	"P"	"SPEC"	"https://static.www.nfl.com/image/upload/f_auto,q_auto/league/eizeojehmxkvvfahj1tk"	2026	1	"REG"	"2026_01_WAS_PHI"	"PHI"	"WAS"	0	0	0	0	0	0	0	0	0	0	0	0	null	null	0	null	0	0	0	0	0	0	0	0	0	0	null	0	0	0	0	0	0	0	0	0	0	0	0	0	0	null	0	0	0	0	0	null	0	0	0	0	0	0	0	0	0	0	0	0	0	0	0	0	0	0	0	0	0	0	0	0	0	0	0	0	0	0	0	0	0	0	0	0	0	0	0	0	0	0	0	0	0	null	null	0	0	0	0	0	0	0	0	0	0	0	0	null	null	null	0	0	0	0	0	0	0	null	0	0	0	0	0	7	0	64	361	4	2	1	0	0	4	53	0	308	0	0
"00-0036321"	"C.Young"	"Chase Young"	"DE"	"DL"	"https://static.www.nfl.com/image/upload/f_auto,q_auto/league/ueic3ypcpfldmbymzhrc"	2026	1	"REG"	"2026_01_NO_DET"	"NO"	"DET"	0	0	0	0	0	0	0	0	0	0	0	0	null	null	0	null	0	0	0	0	0	0	0	0	0	0	null	0	0	0	0	0	0	0	0	0	0	0	0	0	0	null	0	0	0	0	0	null	0	0	0	0	0	0	0	0	0	0	0	0	1	0	0	1	0	0	0	0	0	0	0	0	0	0	0	0	0	0	1	1	0	0	0	0	0	0	0	0	0	0	0	0	0	null	null	0	0	0	0	0	0	0	0	0	0	0	0	null	null	null	0	0	0	0	0	0	0	null	0	0	0	0	0	0	0	null	0	0	0	0	0	0	0	0	0	0	0	0
"00-0036322"	"J.Jefferson"	"Justin Jefferson"	"WR"	"WR"	"https://static.www.nfl.com/image/upload/f_auto,q_auto/league/htjevkugzk6ietrjysny"	2026	1	"REG"	"2026_01_GB_MIN"	"MIN"	"GB"	0	0	0	0	0	0	0	0	0	0	0	0	null	null	0	null	0	0	0	0	0	0	0	0	0	0	null	0	0	0	0	0	8	9	92	2	0	0	80	28	5	12.50185658036219	1	2	2	1	0	1.15	0.391304347826087	0.45454545454545453	0.9051383399209487	0	0	0	0	0	0	0	0	0	0	0	0	0	0	0	0	0	0	0	0	0	0	0	0	0	0	0	0	0	0	0	0	0	0	0	0	0	0	0	0	0	0	null	null	0	0	0	0	0	0	0	0	0	0	0	0	null	null	null	0	0	0	0	0	0	0	null	0	0	0	0	0	0	0	null	0	0	0	0	0	0	0	0	0	0	23.200000000000003	31.200000000000003
"00-0036329"	"A.Davis"	"Ashtyn Davis"	"SAF"	"DB"	"https://static.www.nfl.com/image/upload/f_auto,q_auto/league/e0ppdz8rxegnsmgkj31q"	2026	1	"REG"	"2026_01_SF_LA"	"SF"	"LA"	0	0	0	0	0	0	0	0	0	0	0	0	null	null	0	null	0	0	0	0	0	0	0	0	0	0	null	0	0	0	0	0	0	0	0	0	0	0	0	0	0	null	0	0	0	0	0	null	0	0	0	0	0	0	2	0	0	0	0	0	0	0	0	0	0	0	0	0	0	0	0	0	0	0	0	0	0	0	0	0	0	0	0	0	0	0	0	0	0	0	0	0	0	null	null	0	0	0	0	0	0	0	0	0	0	0	0	null	null	null	0	0	0	0	0	0	0	null	0	0	0	0	0	0	0	null	0	0	0	0	0	0	0	0	0	0	0	0
"00-0036331"	"D.Duvernay"	"Devin Duvernay"	"WR"	"WR"	"https://static.www.nfl.com/image/upload/f_auto,q_auto/league/tj3t166iwsxbnyzxcyyl"	2026	1	"REG"	"2026_01_ARI_LAC"	"ARI"	"LAC"	0	0	0	0	0	0	0	0	0	0	0	0	null	null	0	null	0	0	0	0	0	0	0	0	0	0	null	0	0	0	0	0	0	0	0	0	0	0	0	0	0	null	0	0	0	0	0	null	0	0	0	0	0	0	0	0	0	0	0	0	0	0	0	0	0	0	0	0	0	0	0	0	0	0	0	0	0	0	0	0	0	0	0	0	0	0	0	3	69	0	0	0	0	null	null	0	0	0	0	0	0	0	0	0	0	0	0	null	null	null	0	0	0	0	0	0	0	null	0	0	0	0	0	0	0	null	0	0	0	0	0	0	0	0	0	0	0	0
"00-0036335"	"D.Wonnum"	"D.J. Wonnum"	"DE"	"DL"	"https://static.www.nfl.com/image/upload/f_auto,q_auto/league/ajj965d0f6fmtfprrsgo"	2026	1	"REG"	"2026_01_NO_DET"	"DET"	"NO"	0	0	0	0	0	0	0	0	0	0	0	0	null	null	0	null	0	0	0	0	0	0	0	0	0	0	null	0	0	0	0	0	0	0	0	0	0	0	0	0	0	null	0	0	0	0	0	null	0	0	0	0	1	0	2	0	0	0	0	0	0	0	0	1	0	0	0	0	0	0	0	0	0	0	0	1	0	0	0	0	0	0	0	0	0	0	0	0	0	0	0	0	0	null	null	0	0	0	0	0	0	0	0	0	0	0	0	null	null	null	0	0	0	0	0	0	0	null	0	0	0	0	0	0	0	null	0	0	0	0	0	0	0	0	0	0	0	0
"00-0036338"	"T.Dye"	"Troy Dye"	"LB"	"LB"	"https://static.www.nfl.com/image/upload/f_auto,q_auto/league/gfdhupqzscbwdyhvowq4"	2026	1	"REG"	"2026_01_ARI_LAC"	"LAC"	"ARI"	0	0	0	0	0	0	0	0	0	0	0	0	null	null	0	null	0	0	0	0	0	0	0	0	0	0	null	0	0	0	0	0	0	0	0	0	0	0	0	0	0	null	0	0	0	0	0	null	0	0	0	0	3	0	2	0	0	0	0.5	0	1	0	0	0	0	0	0	0	0	0	0	0	0	0	0	0	0	0	0	0	0	0	0	0	0	0	0	0	0	0	0	0	0	null	null	0	0	0	0	0	0	0	0	0	0	0	0	null	null	null	0	0	0	0	0	0	0	null	0	0	0	0	0	0	0	null	0	0	0	0	0	0	0	0	0	0	0	0
"00-0036339"	"K.Dotson"	"Kevin Dotson"	"G"	"OL"	"https://static.www.nfl.com/image/upload/f_auto,q_auto/league/bpsw4ieqbgop8jnqalw9"	2026	1	"REG"	"2026_01_SF_LA"	"LA"	"SF"	0	0	0	0	0	0	0	0	0	0	0	0	null	null	0	null	0	0	0	0	0	0	0	0	0	0	null	0	0	0	0	0	0	0	0	0	0	0	0	0	0	null	0	0	0	0	0	null	0	0	0	0	0	0	0	0	0	0	0	0	0	0	0	0	0	0	0	0	0	0	0	0	0	0	0	0	0	0	1	5	0	0	0	0	0	0	0	0	0	0	0	0	0	null	null	0	0	0	0	0	0	0	0	0	0	0	0	null	null	null	0	0	0	0	0	0	0	null	0	0	0	0	0	0	0	null	0	0	0	0	0	0	0	0	0	0	0	0
"00-0036341"	"K.Kareem"	"Khalid Kareem"	"DE"	"DL"	"https://static.www.nfl.com/image/upload/f_auto,q_auto/league/nwpg39gki6cqnwtl2s39"	2026	1	"REG"	"2026_01_SF_LA"	"SF"	"LA"	0	0	0	0	0	0	0	0	0	0	0	0	null	null	0	null	0	0	0	0	0	0	0	0	0	0	null	0	0	0	0	0	0	0	0	0	0	0	0	0	0	null	0	0	0	0	0	null	0	0	0	0	1	0	1	0	0	0	0	0	0	0	0	0	0	0	0	0	0	0	0	0	0	0	0	0	0	0	0	0	0	0	0	0	0	0	0	0	0	0	0	0	0	null	null	0	0	0	0	0	0	0	0	0	0	0	0	null	null	null	0	0	0	0	0	0	0	null	0	0	0	0	0	0	0	null	0	0	0	0	0	0	0	0	0	0	0	0
"00-0036349"	"K.Curl"	"Kam Curl"	"SAF"	"DB"	"https://static.www.nfl.com/image/upload/f_auto,q_auto/league/b57yoekpyop58abtiilz"	2026	1	"REG"	"2026_01_SF_LA"	"LA"	"SF"	0	0	0	0	0	0	0	0	0	0	0	0	null	null	0	null	0	0	0	0	0	0	0	0	0	0	null	0	0	0	0	0	0	0	0	0	0	0	0	0	0	null	0	0	0	0	0	null	0	0	0	0	1	0	2	0	0	0	0	0	0	0	0	0	0	0	0	0	0	0	0	0	0	0	0	0	0	0	0	0	0	0	0	0	0	0	0	0	0	0	0	0	0	null	null	0	0	0	0	0	0	0	0	0	0	0	0	null	null	null	0	0	0	0	0	0	0	null	0	0	0	0	0	0	0	null	0	0	0	0	0	0	0	0	0	0	0	0
"00-0036355"	"J.Herbert"	"Justin Herbert"	"QB"	"QB"	"https://static.www.nfl.com/image/upload/f_auto,q_auto/league/jnkspnntgebegzp4ghve"	2026	1	"REG"	"2026_01_ARI_LAC"	"LAC"	"ARI"	17	27	209	1	1	3	-22	0	0	273	78	9	-5.607666317024268	-6.209376123216417	0	0.7655677655677655	10	4	2	0	5	29	0	0	0	1	-1.0671419361024164	0	1	0	0	0	0	0	0	0	0	0	0	0	0	null	0	0	0	0	0	null	0	0	0	0	0	0	0	0	0	0	0	0	0	0	0	0	0	0	0	0	0	0	0	0	0	0	0	0	0	0	0	0	0	0	0	0	0	0	0	0	0	0	0	0	0	null	null	0	0	0	0	0	0	0	0	0	0	0	0	null	null	null	0	0	0	0	0	0	0	null	0	0	0	0	0	0	0	null	0	0	0	0	0	0	0	0	0	0	13.26	13.26
"00-0036375"	"A.Robertson"	"Amik Robertson"	"CB"	"DB"	"https://static.www.nfl.com/image/upload/f_auto,q_auto/league/giptmuhxwq2ugaaettbg"	2026	1	"REG"	"2026_01_WAS_PHI"	"WAS"	"PHI"	0	0	0	0	0	0	0	0	0	0	0	0	null	null	0	null	0	0	0	0	0	0	0	0	0	0	null	0	0	0	0	0	0	0	0	0	0	0	0	0	0	null	0	0	0	0	0	null	0	0	0	0	3	0	3	0	0	0	0	0	0	0	0	0	0	0	0	0	0	0	0	0	0	0	0	0	0	0	0	0	0	0	0	0	0	0	0	0	0	0	0	0	0	null	null	0	0	0	0	0	0	0	0	0	0	0	0	null	null	null	0	0	0	0	0	0	0	null	0	0	0	0	0	0	0	null	0	0	0	0	0	0	0	0	0	0	0	0
"00-0036389"	"J.Hurts"	"Jalen Hurts"	"QB"	"QB"	"https://static.www.nfl.com/image/upload/f_auto,q_auto/league/xow5yvxjeqa6witmofmp"	2026	1	"REG"	"2026_01_WAS_PHI"	"PHI"	"WAS"	14	25	203	3	0	3	-21	0	0	225	65	6	1.2733763278082288	0.8679412982680581	0	0.9022222222222223	7	4	3	2	7	46	0	0	0	2	4.198755405261181	0	2	2	1	0	0	0	0	0	0	0	0	0	0	null	0	0	0	0	0	null	0	0	0	0	0	0	0	0	0	0	0	0	0	0	0	0	0	0	0	0	0	0	0	0	0	0	0	0	0	0	0	0	0	0	0	0	0	0	0	0	0	0	0	0	0	null	null	0	0	0	0	0	0	0	0	0	0	0	0	null	null	null	0	0	0	0	0	0	0	null	0	0	0	0	0	0	0	null	0	0	0	0	0	0	0	0	0	0	24.720000000000002	24.720000000000002
"00-0036418"	"Z.Baun"	"Zack Baun"	"LB"	"LB"	"https://static.www.nfl.com/image/upload/f_auto,q_auto/league/dhostt4bqph1utq56oxc"	2026	1	"REG"	"2026_01_WAS_PHI"	"PHI"	"WAS"	0	0	0	0	0	0	0	0	0	0	0	0	null	null	0	null	0	0	0	0	0	0	0	0	0	0	null	0	0	0	0	0	0	0	0	0	0	0	0	0	0	null	0	0	0	0	0	null	0	0	0	0	7	0	5	1	7	0	0	0	0	0	0	2	0	0	0	0	0	0	0	0	0	0	0	0	0	0	0	0	0	0	0	0	0	0	0	0	0	0	0	0	0	null	null	0	0	0	0	0	0	0	0	0	0	0	0	null	null	null	0	0	0	0	0	0	0	null	0	0	0	0	0	0	0	null	0	0	0	0	0	0	0	0	0	0	0	0
"00-0036442"	"J.Burrow"	"Joe Burrow"	"QB"	"QB"	"https://static.www.nfl.com/image/upload/f_auto,q_auto/league/gnnvcgui1cijybukk2w7"	2026	1	"REG"	"2026_01_TB_CIN"	"CIN"	"TB"	25	35	254	1	1	1	-9	0	0	226	144	14	-2.6269530624217747	6.35173276943319	0	1.1238938053097345	12	7	3	0	5	20	0	0	0	4	0.4846393899351824	0	1	1	0	0	0	0	0	0	0	0	0	0	0	null	0	0	0	0	0	null	0	0	0	0	0	0	0	0	0	0	0	0	0	0	0	0	0	0	0	0	0	0	0	0	0	0	0	0	0	0	0	0	0	0	0	0	0	0	0	0	0	0	0	0	0	null	null	0	0	0	0	0	0	0	0	0	0	0	0	null	null	null	0	0	0	0	0	0	0	null	0	0	0	0	0	0	0	null	0	0	0	0	0	0	0	0	0	0	14.16	14.16
"00-0036501"	"M.Carter"	"Michael Carter II"	"CB"	"DB"	"https://static.www.nfl.com/image/upload/f_auto,q_auto/league/a7yskzasxy1hjvyqql1t"	2026	1	"REG"	"2026_01_WAS_PHI"	"PHI"	"WAS"	0	0	0	0	0	0	0	0	0	0	0	0	null	null	0	null	0	0	0	0	0	0	0	0	0	0	null	0	0	0	0	0	0	0	0	0	0	0	0	0	0	null	0	0	0	0	0	null	0	0	0	0	1	0	0	0	0	0	0	0	0	0	0	0	0	0	0	0	0	0	0	0	0	0	0	0	0	0	0	0	0	0	0	0	0	0	0	0	0	0	0	0	0	null	null	0	0	0	0	0	0	0	0	0	0	0	0	null	null	null	0	0	0	0	0	0	0	null	0	0	0	0	0	0	0	null	0	0	0	0	0	0	0	0	0	0	0	0
"00-0036563"	"D.Lenoir"	"Deommodore Lenoir"	"CB"	"DB"	"https://static.www.nfl.com/image/upload/f_auto,q_auto/league/ozfx4033owzfliip24v2"	2026	1	"REG"	"2026_01_SF_LA"	"SF"	"LA"	0	0	0	0	0	0	0	0	0	0	0	0	null	null	0	null	0	0	0	0	0	0	0	0	0	0	null	0	0	0	0	0	0	0	0	0	0	0	0	0	0	null	0	0	0	0	0	null	0	0	0	0	3	0	3	0	0	0	0	0	0	0	0	0	0	0	0	0	0	0	0	0	0	0	0	0	0	0	1	5	0	0	0	0	0	0	0	0	0	0	0	0	0	null	null	0	0	0	0	0	0	0	0	0	0	0	0	null	null	null	0	0	0	0	0	0	0	null	0	0	0	0	0	0	0	null	0	0	0	0	0	0	0	0	0	0	0	0
"00-0036568"	"R.Lopez"	"Roy Lopez"	"DT"	"DL"	"https://static.www.nfl.com/image/upload/f_auto,q_auto/league/xpaoovz7dmco8nzhtxh4"	2026	1	"REG"	"2026_01_ARI_LAC"	"ARI"	"LAC"	0	0	0	0	0	0	0	0	0	0	0	0	null	null	0	null	0	0	0	0	0	0	0	0	0	0	null	0	0	0	0	0	0	0	0	0	0	0	0	0	0	null	0	0	0	0	0	null	0	0	0	0	2	0	2	0	0	0	0	0	0	0	0	0	0	0	0	0	0	0	0	0	0	0	0	0	0	0	0	0	0	0	0	0	0	0	0	0	0	0	0	0	0	null	null	0	0	0	0	0	0	0	0	0	0	0	0	null	null	null	0	0	0	0	0	0	0	null	0	0	0	0	0	0	0	null	0	0	0	0	0	0	0	0	0	0	0	0
"00-0036603"	"A.Jackson"	"Alaric Jackson"	"OT"	"OL"	"https://static.www.nfl.com/image/upload/f_auto,q_auto/league/p7eblgie3na4hjdl6pzb"	2026	1	"REG"	"2026_01_SF_LA"	"LA"	"SF"	0	0	0	0	0	0	0	0	0	0	0	0	null	null	0	null	0	0	0	0	0	0	0	0	0	0	null	0	0	0	0	0	0	0	0	0	0	0	0	0	0	null	0	0	0	0	0	null	0	0	0	0	0	0	0	0	0	0	0	0	0	0	0	0	0	0	0	0	0	0	0	0	0	0	0	0	0	0	1	13	0	0	0	0	0	0	0	0	0	0	0	0	0	null	null	0	0	0	0	0	0	0	0	0	0	0	0	null	null	null	0	0	0	0	0	0	0	null	0	0	0	0	0	0	0	null	0	0	0	0	0	0	0	0	0	0	0	0
"00-0036624"	"A.McNeill"	"Alim McNeill"	"DT"	"DL"	"https://static.www.nfl.com/image/upload/f_auto,q_auto/league/ugdqnlqg8btovqnkzqpw"	2026	1	"REG"	"2026_01_NO_DET"	"DET"	"NO"	0	0	0	0	0	0	0	0	0	0	0	0	null	null	0	null	0	0	0	0	0	0	0	0	0	0	null	0	0	0	0	0	0	0	0	0	0	0	0	0	0	null	0	0	0	0	0	null	0	0	0	0	1	0	0	1	2	0	1	2	1	0	0	0	0	0	0	0	0	0	0	0	0	0	0	0	0	0	0	0	0	0	0	0	0	0	0	0	0	0	0	0	0	null	null	0	0	0	0	0	0	0	0	0	0	0	0	null	null	null	0	0	0	0	0	0	0	null	0	0	0	0	0	0	0	null	0	0	0	0	0	0	0	0	0	0	0	0
"00-0036626"	"D.Brown"	"Dyami Brown"	"WR"	"WR"	"https://static.www.nfl.com/image/upload/f_auto,q_auto/league/addv9eheok1jj7amfkpb"	2026	1	"REG"	"2026_01_WAS_PHI"	"WAS"	"PHI"	0	0	0	0	0	0	0	0	0	0	0	0	null	null	0	null	0	0	0	0	0	0	0	0	0	0	null	0	0	0	0	0	0	2	0	0	0	0	64	0	0	-2.042124994660929	0	0	0	0	0	0	0.06896551724137931	0.20189274447949526	0.24477319699771566	0	0	0	0	0	0	0	0	0	0	0	0	0	0	0	0	0	0	0	0	0	0	0	0	0	0	0	0	0	0	0	0	0	0	0	0	0	0	0	0	0	0	null	null	0	0	0	0	0	0	0	0	0	0	0	0	null	null	null	0	0	0	0	0	0	0	null	0	0	0	0	0	0	0	null	0	0	0	0	0	0	0	0	0	0	0	0
"00-0036628"	"J.Bates"	"John Bates"	"TE"	"TE"	"https://static.www.nfl.com/image/upload/f_auto,q_auto/league/sqaiwpind6kk4ns4acql"	2026	1	"REG"	"2026_01_WAS_PHI"	"WAS"	"PHI"	0	0	0	0	0	0	0	0	0	0	0	0	null	null	0	null	0	0	0	0	0	0	0	0	0	0	null	0	0	0	0	0	2	3	13	0	0	0	6	15	0	-1.6370732371141203	0	0	0	0	0	2.1666666666666665	0.10344827586206896	0.01892744479495268	0.16842162514957032	0	0	0	0	0	0	0	0	0	0	0	0	0	0	0	0	0	0	0	0	0	0	0	0	0	0	0	0	0	0	0	0	0	0	0	0	0	0	0	0	0	0	null	null	0	0	0	0	0	0	0	0	0	0	0	0	null	null	null	0	0	0	0	0	0	0	null	0	0	0	0	0	0	0	null	0	0	0	0	0	0	0	0	0	0	1.3	3.3
"00-0036646"	"S.Fehoko"	"Simi Fehoko"	"WR"	"WR"	"https://static.www.nfl.com/image/upload/f_auto,q_auto/league/eep30drknwucjdj6tivh"	2026	1	"REG"	"2026_01_ARI_LAC"	"ARI"	"LAC"	0	0	0	0	0	0	0	0	0	0	0	0	null	null	0	null	0	0	0	0	0	0	0	0	0	0	null	0	0	0	0	0	0	0	0	0	0	0	0	0	0	null	0	0	0	0	0	null	0	0	0	0	0	0	1	0	0	0	0	0	0	0	0	0	0	0	0	1	0	0	0	0	0	0	0	0	0	0	0	0	0	0	0	0	0	0	0	0	0	0	0	0	0	null	null	0	0	0	0	0	0	0	0	0	0	0	0	null	null	null	0	0	0	0	0	0	0	null	0	0	0	0	0	0	0	null	0	0	0	0	0	0	0	0	0	0	0	0
"00-0036754"	"B.Wright"	"Brock Wright"	"TE"	"TE"	"https://static.www.nfl.com/image/upload/f_auto,q_auto/league/ghmaeofuj87fm97yhvcp"	2026	1	"REG"	"2026_01_NO_DET"	"DET"	"NO"	0	0	0	0	0	0	0	0	0	0	0	0	null	null	0	null	0	0	0	0	0	0	0	0	0	0	null	0	0	0	0	0	1	1	5	0	0	0	2	3	0	-0.19928937079384923	0	0	0	0	0	2.5	0.02564102564102564	0.00966183574879227	0.04522482348569305	0	0	0	0	0	0	0	0	0	0	0	0	0	0	0	0	0	0	0	0	0	0	0	0	0	0	0	0	0	0	0	0	0	0	0	0	0	0	0	0	0	0	null	null	0	0	0	0	0	0	0	0	0	0	0	0	null	null	null	0	0	0	0	0	0	0	null	0	0	0	0	0	0	0	null	0	0	0	0	0	0	0	0	0	0	0.5	1.5
"00-0036816"	"R.Patterson"	"Riley Patterson"	"K"	"SPEC"	"https://static.www.nfl.com/image/upload/f_auto,q_auto/league/xjg7x98iyq5hlgjc62ot"	2026	1	"REG"	"2026_01_MIA_LV"	"MIA"	"LV"	0	0	0	0	0	0	0	0	0	0	0	0	null	null	0	null	0	0	0	0	0	0	0	0	0	0	null	0	0	0	0	0	0	0	0	0	0	0	0	0	0	null	0	0	0	0	0	null	0	0	0	0	2	0	0	0	0	0	0	0	0	0	0	0	0	0	0	0	0	0	0	0	0	0	0	0	0	0	0	0	0	0	0	0	0	0	0	0	0	2	3	1	0	41	0.6666666666666666	0	0	1	1	0	0	0	0	0	1	0	0	"41;37"	"41"	null	78	41	0	1	1	0	0	1	0	0	0	0	0	0	0	null	0	0	0	0	0	0	0	0	0	0	0	0
"00-0036844"	"G.Wallow"	"Garret Wallow"	"LB"	"LB"	"https://static.www.nfl.com/image/upload/f_auto,q_auto/league/swmlsjwctjetibjmhqxs"	2026	1	"REG"	"2026_01_SF_LA"	"SF"	"LA"	0	0	0	0	0	0	0	0	0	0	0	0	null	null	0	null	0	0	0	0	0	0	0	0	0	0	null	0	0	0	0	0	0	0	0	0	0	0	0	0	0	null	0	0	0	0	0	null	0	0	0	0	2	0	0	0	0	0	0	0	0	0	0	0	0	0	0	0	0	0	0	0	0	0	0	0	0	0	0	0	0	0	0	0	0	0	0	0	0	0	0	0	0	null	null	0	0	0	0	0	0	0	0	0	0	0	0	null	null	null	0	0	0	0	0	0	0	null	0	0	0	0	0	0	0	null	0	0	0	0	0	0	0	0	0	0	0	0
"00-0036854"	"E.McPherson"	"Evan McPherson"	"K"	"SPEC"	"https://static.www.nfl.com/image/upload/f_auto,q_auto/league/t6fs7i54i4n7xjiayoz0"	2026	1	"REG"	"2026_01_TB_CIN"	"CIN"	"TB"	0	0	0	0	0	0	0	0	0	0	0	0	null	null	0	null	0	0	0	0	0	0	0	0	0	0	null	0	0	0	0	0	0	0	0	0	0	0	0	0	0	null	0	0	0	0	0	null	0	0	0	0	1	0	0	0	0	0	0	0	0	0	0	0	0	0	0	0	0	0	0	0	0	0	0	0	0	0	0	0	0	0	0	0	0	0	0	0	0	4	4	0	0	58	1	0	1	1	0	2	0	0	0	0	0	0	0	"20;55;58;32"	null	null	165	0	0	3	3	0	0	1	0	0	0	0	0	0	0	null	0	0	0	0	0	0	0	0	0	0	0	0
"00-0036867"	"C.Rumph"	"Chris Rumph II"	"LB"	"LB"	"https://static.www.nfl.com/image/upload/f_auto,q_auto/league/ayrvlbmyxlvek7afcioc"	2026	1	"REG"	"2026_01_NO_DET"	"NO"	"DET"	0	0	0	0	0	0	0	0	0	0	0	0	null	null	0	null	0	0	0	0	0	0	0	0	0	0	null	0	0	0	0	0	0	0	0	0	0	0	0	0	0	null	0	0	0	0	0	null	0	0	0	0	0	0	1	0	0	0	0	0	0	0	0	0	0	0	0	0	0	0	0	0	0	0	0	0	0	0	0	0	0	0	0	0	0	0	0	0	0	0	0	0	0	null	null	0	0	0	0	0	0	0	0	0	0	0	0	null	null	null	0	0	0	0	0	0	0	null	0	0	0	0	0	0	0	null	0	0	0	0	0	0	0	0	0	0	0	0
"00-0036880"	"P.Sewell"	"Penei Sewell"	"OT"	"OL"	"https://static.www.nfl.com/image/upload/f_auto,q_auto/league/g1g0qefvafsm8hxjpiyy"	2026	1	"REG"	"2026_01_NO_DET"	"DET"	"NO"	0	0	0	0	0	0	0	0	0	0	0	0	null	null	0	null	0	0	0	0	0	0	0	0	0	0	null	0	0	0	0	0	0	0	0	0	0	0	0	0	0	null	0	0	0	0	0	null	0	0	0	0	0	0	0	0	0	0	0	0	0	0	0	0	0	0	0	0	0	0	0	0	0	0	0	0	0	0	1	5	0	0	0	0	0	0	0	0	0	0	0	0	0	null	null	0	0	0	0	0	0	0	0	0	0	0	0	null	null	null	0	0	0	0	0	0	0	null	0	0	0	0	0	0	0	null	0	0	0	0	0	0	0	0	0	0	0	0
"00-0036887"	"L.Farrell"	"Luke Farrell"	"TE"	"TE"	"https://static.www.nfl.com/image/upload/f_auto,q_auto/league/kdq2zratulrdsv4ykugy"	2026	1	"REG"	"2026_01_SF_LA"	"SF"	"LA"	0	0	0	0	0	0	0	0	0	0	0	0	null	null	0	null	0	0	0	0	0	0	0	0	0	0	null	0	0	0	0	0	2	2	19	0	0	0	3	16	1	1.5248444934841245	0	1	0	0	0	6.333333333333333	0.058823529411764705	0.020134228187919462	0.10232925384919067	0	0	0	0	0	0	0	0	0	0	0	0	0	0	0	0	0	0	0	0	0	0	0	0	0	0	0	0	0	0	0	0	0	0	0	0	0	0	0	0	0	0	null	null	0	0	0	0	0	0	0	0	0	0	0	0	null	null	null	0	0	0	0	0	0	0	null	0	0	0	0	0	0	0	null	0	0	0	0	0	0	0	0	0	0	1.9000000000000001	3.9000000000000004
"00-0036900"	"J.Chase"	"Ja'Marr Chase"	"WR"	"WR"	"https://static.www.nfl.com/image/upload/f_auto,q_auto/league/qya3dtjb5kgofcuj2tuw"	2026	1	"REG"	"2026_01_TB_CIN"	"CIN"	"TB"	0	0	0	0	0	0	0	0	0	0	0	0	null	null	0	null	0	0	0	0	0	0	0	0	0	0	null	0	0	0	0	0	2	4	12	0	0	0	34	2	1	-2.53715490718605	0	1	1	0	0	0.35294117647058826	0.11764705882352941	0.1504424778761062	0.28178032274856846	0	0	0	0	0	0	0	0	0	0	0	0	0	0	0	0	0	0	0	0	0	0	0	0	0	0	0	0	0	0	0	0	0	0	0	0	0	0	0	0	0	0	null	null	0	0	0	0	0	0	0	0	0	0	0	0	null	null	null	0	0	0	0	0	0	0	null	0	0	0	0	0	0	0	null	0	0	0	0	0	0	0	0	0	0	1.2000000000000002	3.2
"00-0036912"	"D.Smith"	"DeVonta Smith"	"WR"	"WR"	"https://static.www.nfl.com/image/upload/f_auto,q_auto/league/k724kq3hyv7jc0y9s03x"	2026	1	"REG"	"2026_01_WAS_PHI"	"PHI"	"WAS"	0	0	0	0	0	0	0	0	0	0	0	0	null	null	0	null	0	0	0	0	0	0	0	0	0	0	null	0	0	0	0	0	3	6	53	0	0	0	79	5	1	0.8174027858767658	0	3	1	1	0	0.6708860759493671	0.2727272727272727	0.3511111111111111	0.6548686868686868	0	0	0	0	0	0	0	0	0	0	0	0	0	0	0	0	0	0	0	0	0	0	0	0	0	0	0	0	0	0	0	0	0	0	0	0	0	0	0	0	0	0	null	null	0	0	0	0	0	0	0	0	0	0	0	0	null	null	null	0	0	0	0	0	0	0	null	0	0	0	0	0	0	0	null	0	0	0	0	0	0	0	0	0	0	5.300000000000001	8.3
"00-0036927"	"P.Werner"	"Pete Werner"	"LB"	"LB"	"https://static.www.nfl.com/image/upload/f_auto,q_auto/league/uhwx126ajhgmovxxlphm"	2026	1	"REG"	"2026_01_NO_DET"	"NO"	"DET"	0	0	0	0	0	0	0	0	0	0	0	0	null	null	0	null	0	0	0	0	0	0	0	0	0	0	null	0	0	0	0	0	0	0	0	0	0	0	0	0	0	null	0	0	0	0	0	null	0	0	0	0	3	0	4	1	3	0	0	0	0	0	0	1	0	0	0	0	0	0	0	0	0	0	0	0	0	0	0	0	0	0	0	0	0	0	0	0	0	0	0	0	0	null	null	0	0	0	0	0	0	0	0	0	0	0	0	null	null	null	0	0	0	0	0	0	0	null	0	0	0	0	0	0	0	null	0	0	0	0	0	0	0	0	0	0	0	0
"00-0036933"	"Z.Collins"	"Zaven Collins"	"LB"	"LB"	"https://static.www.nfl.com/image/upload/f_auto,q_auto/league/jmd2hu4swlzcpuqsln69"	2026	1	"REG"	"2026_01_ARI_LAC"	"ARI"	"LAC"	0	0	0	0	0	0	0	0	0	0	0	0	null	null	0	null	0	0	0	0	0	0	0	0	0	0	null	0	0	0	0	0	0	0	0	0	0	0	0	0	0	null	0	0	0	0	0	null	0	0	0	0	3	0	0	0	0	0	0	0	0	0	0	0	0	0	0	0	0	0	0	0	0	0	0	0	0	0	0	0	0	0	0	0	0	0	0	0	0	0	0	0	0	null	null	0	0	0	0	0	0	0	0	0	0	0	0	null	null	null	0	0	0	0	0	0	0	null	0	0	0	0	0	0	0	null	0	0	0	0	0	0	0	0	0	0	0	0
"00-0036940"	"O.Oweh"	"Odafe Oweh"	"LB"	"LB"	"https://static.www.nfl.com/image/upload/f_auto,q_auto/league/lxeaoe3u7srngnwlyyon"	2026	1	"REG"	"2026_01_WAS_PHI"	"WAS"	"PHI"	0	0	0	0	0	0	0	0	0	0	0	0	null	null	0	null	0	0	0	0	0	0	0	0	0	0	null	0	0	0	0	0	0	0	0	0	0	0	0	0	0	null	0	0	0	0	0	null	0	0	0	0	2	0	1	2	7	0	1	6	1	0	0	0	0	0	0	0	0	0	0	0	0	0	0	0	0	0	0	0	0	0	0	0	0	0	0	0	0	0	0	0	0	null	null	0	0	0	0	0	0	0	0	0	0	0	0	null	null	null	0	0	0	0	0	0	0	null	0	0	0	0	0	0	0	null	0	0	0	0	0	0	0	0	0	0	0	0
"00-0036942"	"O.Odighizuwa"	"Osa Odighizuwa"	"DT"	"DL"	"https://static.www.nfl.com/image/upload/f_auto,q_auto/league/qselmahxlopzx8spnchw"	2026	1	"REG"	"2026_01_SF_LA"	"SF"	"LA"	0	0	0	0	0	0	0	0	0	0	0	0	null	null	0	null	0	0	0	0	0	0	0	0	0	0	null	0	0	0	0	0	0	0	0	0	0	0	0	0	0	null	0	0	0	0	0	null	0	0	0	0	1	0	1	0	0	0	0	0	4	0	0	0	0	0	0	0	0	0	0	0	0	0	0	0	0	0	0	0	0	0	0	0	0	0	0	0	0	0	0	0	0	null	null	0	0	0	0	0	0	0	0	0	0	0	0	null	null	null	0	0	0	0	0	0	0	null	0	0	0	0	0	0	0	null	0	0	0	0	0	0	0	0	0	0	0	0
"00-0036963"	"A.St. Brown"	"Amon-Ra St. Brown"	"WR"	"WR"	"https://static.www.nfl.com/image/upload/f_auto,q_auto/league/fd8nwhm6pvxfyzphzl6i"	2026	1	"REG"	"2026_01_NO_DET"	"DET"	"NO"	0	0	0	0	0	0	0	0	0	0	0	0	null	null	0	null	0	0	0	0	0	0	0	0	0	0	null	0	0	0	0	0	10	14	67	2	0	0	70	27	4	0.8109286080586657	0	1	1	0	0	0.9571428571428572	0.358974358974359	0.33816425120772947	0.7751765143069491	0	0	0	0	0	0	0	0	0	0	0	0	0	0	0	0	0	0	0	0	0	0	0	0	0	0	0	0	0	0	0	0	0	0	0	0	0	0	0	0	0	0	null	null	0	0	0	0	0	0	0	0	0	0	0	0	null	null	null	0	0	0	0	0	0	0	null	0	0	0	0	0	0	0	null	0	0	0	0	0	0	0	0	0	0	18.7	28.7
"00-0036964"	"D.Barnes"	"Derrick Barnes"	"LB"	"LB"	"https://static.www.nfl.com/image/upload/f_auto,q_auto/league/bh66oqiavycebvryiy96"	2026	1	"REG"	"2026_01_NO_DET"	"DET"	"NO"	0	0	0	0	0	0	0	0	0	0	0	0	null	null	0	null	0	0	0	0	0	0	0	0	0	0	null	0	0	0	0	0	0	0	0	0	0	0	0	0	0	null	0	0	0	0	0	null	0	0	0	0	3	0	3	1	6	0	1	6	1	1	3	2	0	0	0	0	0	0	0	0	0	0	0	0	0	0	0	0	0	0	0	0	0	0	0	0	0	0	0	0	0	null	null	0	0	0	0	0	0	0	0	0	0	0	0	null	null	null	0	0	0	0	0	0	0	null	0	0	0	0	0	0	0	null	0	0	0	0	0	0	0	0	0	0	0	0
"00-0036970"	"K.Pitts"	"Kyle Pitts"	"TE"	"TE"	"https://static.www.nfl.com/image/upload/f_auto,q_auto/league/xczipzxvytnmvgznhhb4"	2026	1	"REG"	"2026_01_ATL_PIT"	"ATL"	"PIT"	0	0	0	0	0	0	0	0	0	0	0	0	null	null	0	null	0	0	0	0	0	0	0	0	0	0	null	0	0	0	0	0	0	1	0	0	0	0	26	0	0	-0.9124742150306702	0	0	0	0	0	0	0.05263157894736842	0.33766233766233766	0.315311004784689	0	0	0	0	0	0	0	0	0	0	0	0	0	0	0	0	0	0	0	0	0	0	0	0	0	0	0	0	0	0	0	0	0	0	0	0	0	0	0	0	0	0	null	null	0	0	0	0	0	0	0	0	0	0	0	0	null	null	null	0	0	0	0	0	0	0	null	0	0	0	0	0	0	0	null	0	0	0	0	0	0	0	0	0	0	0	0
"00-0036973"	"T.Etienne"	"Travis Etienne"	"RB"	"RB"	"https://static.www.nfl.com/image/upload/f_auto,q_auto/league/pwko5dybmjie8qqo4qz2"	2026	1	"REG"	"2026_01_NO_DET"	"NO"	"DET"	0	0	0	0	0	0	0	0	0	0	0	0	null	null	0	null	0	0	0	0	9	46	0	0	0	2	-1.8323405302362517	0	2	2	0	0	7	9	32	0	0	0	-2	35	2	-0.9947978722189266	0	1	1	0	0	-16	0.17307692307692307	-0.004140786749482402	0.2567168338907469	0	0	0	0	0	0	0	0	0	0	0	0	0	0	0	0	0	0	0	0	0	0	1	1	0	0	0	0	0	0	0	0	0	0	0	0	0	0	0	0	0	0	null	null	0	0	0	0	0	0	0	0	0	0	0	0	null	null	null	0	0	0	0	0	0	0	null	0	0	0	0	0	0	0	null	0	0	0	0	0	0	0	0	0	0	7.800000000000001	14.8
"00-0036988"	"J.Palmer"	"Josh Palmer"	"WR"	"WR"	"https://static.www.nfl.com/image/upload/f_auto,q_auto/league/woswdfrtxnsfgzsjvsxx"	2026	1	"REG"	"2026_01_BUF_HOU"	"BUF"	"HOU"	0	0	0	0	0	0	0	0	0	0	0	0	null	null	0	null	0	0	0	0	0	0	0	0	0	0	null	0	0	0	0	0	1	2	34	1	0	0	62	6	1	4.118908897857182	0	1	1	1	0	0.5483870967741935	0.07142857142857142	0.1618798955613577	0.22045878403580754	0	0	0	0	0	0	0	0	0	0	0	0	0	0	0	0	0	0	0	0	0	0	0	0	0	0	0	0	0	0	0	0	0	0	0	0	0	0	0	0	0	0	null	null	0	0	0	0	0	0	0	0	0	0	0	0	null	null	null	0	0	0	0	0	0	0	null	0	0	0	0	0	0	0	null	0	0	0	0	0	0	0	0	0	0	9.4	10.4
"00-0036992"	"E.Molden"	"Elijah Molden"	"CB"	"DB"	"https://static.www.nfl.com/image/upload/f_auto,q_auto/league/hz9saur2at7u0n9nl9ly"	2026	1	"REG"	"2026_01_ARI_LAC"	"LAC"	"ARI"	0	0	0	0	0	0	0	0	0	0	0	0	null	null	0	null	0	0	0	0	0	0	0	0	0	0	null	0	0	0	0	0	0	0	0	0	0	0	0	0	0	null	0	0	0	0	0	null	0	0	0	0	3	0	2	0	0	0	0	0	0	0	0	0	0	0	0	0	0	0	0	0	0	0	0	0	0	0	0	0	0	0	0	0	0	0	0	0	0	0	0	0	0	null	null	0	0	0	0	0	0	0	0	0	0	0	0	null	null	null	0	0	0	0	0	0	0	null	0	0	0	0	0	0	0	null	0	0	0	0	0	0	0	0	0	0	0	0
"00-0037002"	"L.Dickerson"	"Landon Dickerson"	"G"	"OL"	"https://static.www.nfl.com/image/upload/f_auto,q_auto/league/zkgccdubnxvforo1xaqt"	2026	1	"REG"	"2026_01_WAS_PHI"	"PHI"	"WAS"	0	0	0	0	0	0	0	0	0	0	0	0	null	null	0	null	0	0	0	0	0	0	0	0	0	0	null	0	0	0	0	0	0	0	0	0	0	0	0	0	0	null	0	0	0	0	0	null	0	0	0	0	0	0	0	0	0	0	0	0	0	0	0	0	0	0	0	0	0	0	0	0	0	0	0	0	0	0	1	10	0	0	0	0	0	0	0	0	0	0	0	0	0	null	null	0	0	0	0	0	0	0	0	0	0	0	0	null	null	null	0	0	0	0	0	0	0	null	0	0	0	0	0	0	0	null	0	0	0	0	0	0	0	0	0	0	0	0
"00-0037004"	"H.Long"	"Hunter Long"	"TE"	"TE"	"https://static.www.nfl.com/image/upload/f_auto,q_auto/league/wlj6sdfj5qcy8bt2qyxb"	2026	1	"REG"	"2026_01_ARI_LAC"	"ARI"	"LAC"	0	0	0	0	0	0	0	0	0	0	0	0	null	null	0	null	0	0	0	0	0	0	0	0	0	0	null	0	0	0	0	0	0	0	0	0	0	0	0	0	0	null	0	0	0	0	0	null	0	0	0	0	0	0	0	0	0	0	0	0	0	0	0	0	0	0	0	0	0	0	0	0	0	0	0	0	0	0	1	4	0	0	0	0	0	0	0	0	0	0	0	0	0	null	null	0	0	0	0	0	0	0	0	0	0	0	0	null	null	null	0	0	0	0	0	0	0	null	0	0	0	0	0	0	0	null	0	0	0	0	0	0	0	0	0	0	0	0
"00-0037009"	"R.Slater"	"Rashawn Slater"	"OT"	"OL"	"https://static.www.nfl.com/image/upload/f_auto,q_auto/league/tnryoyowiu6amxx3zthf"	2026	1	"REG"	"2026_01_ARI_LAC"	"LAC"	"ARI"	0	0	0	0	0	0	0	0	0	0	0	0	null	null	0	null	0	0	0	0	0	0	0	0	0	0	null	0	0	0	0	0	0	0	0	0	0	0	0	0	0	null	0	0	0	0	0	null	0	0	0	0	0	0	0	0	0	0	0	0	0	0	0	0	0	0	0	0	0	0	0	0	0	0	0	0	0	0	1	10	0	0	0	0	0	0	0	0	0	0	0	0	0	null	null	0	0	0	0	0	0	0	0	0	0	0	0	null	null	null	0	0	0	0	0	0	0	null	0	0	0	0	0	0	0	null	0	0	0	0	0	0	0	0	0	0	0	0
"00-0037073"	"J.Davis"	"Jordan Davis"	"DT"	"DL"	"https://static.www.nfl.com/image/upload/f_auto,q_auto/league/zkvksjepfrmpdwdph1ps"	2026	1	"REG"	"2026_01_WAS_PHI"	"PHI"	"WAS"	0	0	0	0	0	0	0	0	0	0	0	0	null	null	0	null	0	0	0	0	0	0	0	0	0	0	null	0	0	0	0	0	0	0	0	0	0	0	0	0	0	null	0	0	0	0	0	null	0	0	0	0	3	0	5	0	0	0	0	0	0	0	0	0	0	0	0	0	0	0	0	0	0	0	0	0	0	0	0	0	0	0	0	0	0	0	0	0	0	0	0	0	0	null	null	0	0	0	0	0	0	0	0	0	0	0	0	null	null	null	0	0	0	0	0	0	0	null	0	0	0	0	0	0	0	null	0	0	0	0	0	0	0	0	0	0	0	0
"00-0037079"	"T.Woolen"	"Riq Woolen"	"CB"	"DB"	"https://static.www.nfl.com/image/upload/f_auto,q_auto/league/aodr0vp93fzhdsff9fzj"	2026	1	"REG"	"2026_01_WAS_PHI"	"PHI"	"WAS"	0	0	0	0	0	0	0	0	0	0	0	0	null	null	0	null	0	0	0	0	0	0	0	0	0	0	null	0	0	0	0	0	0	0	0	0	0	0	0	0	0	null	0	0	0	0	0	null	0	0	0	0	1	0	0	0	0	0	0	0	0	0	0	0	0	0	0	0	0	0	0	0	0	0	0	0	0	0	0	0	0	0	0	0	0	0	0	0	0	0	0	0	0	null	null	0	0	0	0	0	0	0	0	0	0	0	0	null	null	null	0	0	0	0	0	0	0	null	0	0	0	0	0	0	0	null	0	0	0	0	0	0	0	0	0	0	0	0
"00-0037132"	"B.Covey"	"Britain Covey"	"WR"	"WR"	"https://static.www.nfl.com/image/upload/f_auto,q_auto/league/jgvgr3prtme8ua28bfxi"	2026	1	"REG"	"2026_01_WAS_PHI"	"PHI"	"WAS"	0	0	0	0	0	0	0	0	0	0	0	0	null	null	0	null	0	0	0	0	0	0	0	0	0	0	null	0	0	0	0	0	0	0	0	0	0	0	0	0	0	null	0	0	0	0	0	null	0	0	0	0	0	0	0	0	0	0	0	0	0	0	0	0	0	0	0	0	0	0	0	0	0	0	0	0	0	0	0	0	0	0	0	0	0	4	37	0	0	0	0	0	0	null	null	0	0	0	0	0	0	0	0	0	0	0	0	null	null	null	0	0	0	0	0	0	0	null	0	0	0	0	0	0	0	null	0	0	0	0	0	0	0	0	0	0	0	0
"00-0037191"	"T.McDuffie"	"Trent McDuffie"	"CB"	"DB"	"https://static.www.nfl.com/image/upload/f_auto,q_auto/league/xaq30zfwnliekwqzoank"	2026	1	"REG"	"2026_01_SF_LA"	"LA"	"SF"	0	0	0	0	0	0	0	0	0	0	0	0	null	null	0	null	0	0	0	0	0	0	0	0	0	0	null	0	0	0	0	0	0	0	0	0	0	0	0	0	0	null	0	0	0	0	0	null	0	0	0	0	4	0	0	1	1	0	0	0	0	0	0	2	0	0	0	0	0	0	0	0	0	0	0	0	0	0	0	0	0	0	0	0	0	0	0	0	0	0	0	0	0	null	null	0	0	0	0	0	0	0	0	0	0	0	0	null	null	null	0	0	0	0	0	0	0	null	0	0	0	0	0	0	0	null	0	0	0	0	0	0	0	0	0	0	0	0
"00-0037195"	"J.Watson"	"Jaylen Watson"	"CB"	"DB"	"https://static.www.nfl.com/image/upload/f_auto,q_auto/league/k3ayxrquehkikudpu0e4"	2026	1	"REG"	"2026_01_SF_LA"	"LA"	"SF"	0	0	0	0	0	0	0	0	0	0	0	0	null	null	0	null	0	0	0	0	0	0	0	0	0	0	null	0	0	0	0	0	0	0	0	0	0	0	0	0	0	null	0	0	0	0	0	null	0	0	0	0	2	0	2	0	0	0	0	0	0	0	0	0	0	0	0	0	0	0	0	0	0	0	0	0	0	0	0	0	0	0	0	0	0	0	0	0	0	0	0	0	0	null	null	0	0	0	0	0	0	0	0	0	0	0	0	null	null	null	0	0	0	0	0	0	0	null	0	0	0	0	0	0	0	null	0	0	0	0	0	0	0	0	0	0	0	0
"00-0037224"	"C.Dicker"	"Cameron Dicker"	"K"	"SPEC"	"https://static.www.nfl.com/image/upload/f_auto,q_auto/league/fvkop13kntnwv3amucpf"	2026	1	"REG"	"2026_01_ARI_LAC"	"LAC"	"ARI"	0	0	0	0	0	0	0	0	0	0	0	0	null	null	0	null	0	0	0	0	0	0	0	0	0	0	null	0	0	0	0	0	0	0	0	0	0	0	0	0	0	null	0	0	0	0	0	null	0	0	0	0	0	0	0	0	0	0	0	0	0	0	0	0	0	0	0	0	0	0	0	0	0	0	0	0	0	0	0	0	0	0	0	0	0	0	0	0	0	0	0	0	0	null	null	0	0	0	0	0	0	0	0	0	0	0	0	null	null	null	0	0	0	2	2	0	0	1	0	0	0	0	0	0	0	null	0	0	0	0	0	0	0	0	0	0	0	0
"00-0037236"	"A.Hutchinson"	"Aidan Hutchinson"	"DE"	"DL"	"https://static.www.nfl.com/image/upload/f_auto,q_auto/league/gmeczjok2lmjftb6mfof"	2026	1	"REG"	"2026_01_NO_DET"	"DET"	"NO"	0	0	0	0	0	0	0	0	0	0	0	0	null	null	0	null	0	0	0	0	0	0	0	0	0	0	null	0	0	0	0	0	0	0	0	0	0	0	0	0	0	null	0	0	0	0	0	null	0	0	0	0	4	0	1	2	18	0	2	18	4	0	0	0	0	0	0	0	0	0	0	0	0	0	0	0	0	0	0	0	0	0	0	0	0	0	0	0	0	0	0	0	0	null	null	0	0	0	0	0	0	0	0	0	0	0	0	null	null	null	0	0	0	0	0	0	0	null	0	0	0	0	0	0	0	null	0	0	0	0	0	0	0	0	0	0	0	0
"00-0037239"	"C.Olave"	"Chris Olave"	"WR"	"WR"	"https://static.www.nfl.com/image/upload/f_auto,q_auto/league/onmxufsprtvglhejg94o"	2026	1	"REG"	"2026_01_NO_DET"	"NO"	"DET"	0	0	0	0	0	0	0	0	0	0	0	0	null	null	0	null	0	0	0	0	0	0	0	0	0	0	null	0	0	0	0	0	10	13	182	0	0	0	234	33	7	13.709707931498997	0	6	4	4	2	0.7777777777777778	0.25	0.484472049689441	0.7141304347826087	0	0	0	0	0	0	0	0	0	0	0	0	0	0	0	0	0	0	0	0	0	0	0	0	0	0	0	0	0	0	0	0	0	0	0	0	0	0	0	0	0	0	null	null	0	0	0	0	0	0	0	0	0	0	0	0	null	null	null	0	0	0	0	0	0	0	null	0	0	0	0	0	0	0	null	0	0	0	0	0	0	0	0	0	0	18.2	28.2
"00-0037240"	"J.Williams"	"Jameson Williams"	"WR"	"WR"	"https://static.www.nfl.com/image/upload/f_auto,q_auto/league/byiptqggtglvy5qrw5wp"	2026	1	"REG"	"2026_01_NO_DET"	"DET"	"NO"	0	0	0	0	0	0	0	0	0	0	0	0	null	null	0	null	0	0	0	0	0	0	0	0	0	0	null	0	0	0	0	0	4	9	45	0	0	0	127	2	2	0.4446267069433816	0	2	1	1	0	0.3543307086614173	0.23076923076923078	0.6135265700483091	0.7756224451876625	0	0	0	0	0	0	0	0	0	0	0	0	0	0	0	0	0	0	0	0	0	0	1	0	0	0	0	0	0	0	0	0	0	0	0	0	0	0	0	0	0	0	null	null	0	0	0	0	0	0	0	0	0	0	0	0	null	null	null	0	0	0	0	0	0	0	null	0	0	0	0	0	0	0	null	0	0	0	0	0	0	0	0	0	0	4.5	8.5
"00-0037248"	"J.Cook"	"James Cook"	"RB"	"RB"	"https://static.www.nfl.com/image/upload/f_auto,q_auto/league/anjbznqb9i21wzcgrtbs"	2026	1	"REG"	"2026_01_BUF_HOU"	"BUF"	"HOU"	0	0	0	0	0	0	0	0	0	0	0	0	null	null	0	null	0	0	0	0	13	57	0	1	0	3	-0.09036809502867982	0	2	1	0	0	3	4	12	0	0	0	-4	14	2	-0.3783738649217412	0	0	0	0	0	-3	0.14285714285714285	-0.010443864229765013	0.20697500932487878	0	0	0	0	0	0	0	0	0	0	0	0	0	0	0	0	0	0	0	0	0	0	0	0	0	0	0	0	0	1	0	0	1	0	0	0	0	0	0	0	0	0	null	null	0	0	0	0	0	0	0	0	0	0	0	0	null	null	null	0	0	0	0	0	0	0	null	0	0	0	0	0	0	0	null	0	0	0	0	0	0	0	0	0	0	6.9	9.9
"00-0037250"	"M.Emerson"	"Martin Emerson"	"CB"	"DB"	"https://static.www.nfl.com/image/upload/f_auto,q_auto/league/va7yfx0xoniri3fuxr0u"	2026	1	"REG"	"2026_01_NO_DET"	"NO"	"DET"	0	0	0	0	0	0	0	0	0	0	0	0	null	null	0	null	0	0	0	0	0	0	0	0	0	0	null	0	0	0	0	0	0	0	0	0	0	0	0	0	0	null	0	0	0	0	0	null	0	0	0	0	1	0	1	0	0	0	0	0	0	0	0	0	0	0	0	0	0	0	0	0	0	0	0	0	0	0	0	0	0	0	0	0	0	0	0	0	0	0	0	0	0	null	null	0	0	0	0	0	0	0	0	0	0	0	0	null	null	null	0	0	0	0	0	0	0	null	0	0	0	0	0	0	0	null	0	0	0	0	0	0	0	0	0	0	0	0
"00-0037256"	"R.White"	"Rachaad White"	"RB"	"RB"	"https://static.www.nfl.com/image/upload/f_auto,q_auto/league/wtdhs50gcl2p6vngsnre"	2026	1	"REG"	"2026_01_WAS_PHI"	"WAS"	"PHI"	0	0	0	0	0	0	0	0	0	0	0	0	null	null	0	null	0	0	0	0	7	22	0	0	0	1	-2.767659983840347	0	0	0	0	0	2	2	5	0	0	0	-10	15	0	-1.677990552270785	0	0	0	0	0	-0.5	0.06896551724137931	-0.031545741324921134	0.08136625693462417	0	0	0	0	0	0	0	0	0	0	0	0	0	0	0	0	0	0	0	0	0	0	0	0	0	0	0	0	0	0	0	0	0	0	0	0	2	59	0	0	0	0	null	null	0	0	0	0	0	0	0	0	0	0	0	0	null	null	null	0	0	0	0	0	0	0	null	0	0	0	0	0	0	0	null	0	0	0	0	0	0	0	0	0	0	2.7	4.7
"00-0037263"	"T.Allgeier"	"Tyler Allgeier"	"RB"	"RB"	"https://static.www.nfl.com/image/upload/f_auto,q_auto/league/sp9lhhmpv4qy3xy2msxd"	2026	1	"REG"	"2026_01_ARI_LAC"	"ARI"	"LAC"	0	0	0	0	0	0	0	0	0	0	0	0	null	null	0	null	0	0	0	0	17	61	0	0	0	2	-2.9650152802753107	0	1	0	0	0	2	2	9	0	0	0	-5	14	0	-0.16850351297762245	0	0	0	0	0	-1.8	0.05405405405405406	-0.0176678445229682	0.06871358991500334	0	0	0	0	0	0	0	0	0	0	0	0	0	0	0	0	0	0	0	0	0	0	0	0	0	0	0	0	0	0	0	0	0	0	0	0	0	0	0	0	0	0	null	null	0	0	0	0	0	0	0	0	0	0	0	0	null	null	null	0	0	0	0	0	0	0	null	0	0	0	0	0	0	0	null	0	0	0	0	0	0	0	0	0	0	7	9
"00-0037289"	"M.Rodriguez"	"Malcolm Rodriguez"	"LB"	"LB"	"https://static.www.nfl.com/image/upload/f_auto,q_auto/league/sovw0sc0bm1xltqv2zmb"	2026	1	"REG"	"2026_01_NO_DET"	"DET"	"NO"	0	0	0	0	0	0	0	0	0	0	0	0	null	null	0	null	0	0	0	0	0	0	0	0	0	0	null	0	0	0	0	0	0	0	0	0	0	0	0	0	0	null	0	0	0	0	0	null	0	0	0	0	2	0	2	0	0	0	0	0	1	0	0	0	0	0	0	0	0	0	0	0	0	0	0	0	0	0	0	0	0	0	0	0	0	0	0	0	0	0	0	0	0	null	null	0	0	0	0	0	0	0	0	0	0	0	0	null	null	null	0	0	0	0	0	0	0	null	0	0	0	0	0	0	0	null	0	0	0	0	0	0	0	0	0	0	0	0
"00-0037500"	"R.Wright"	"Ryan Wright"	"P"	"SPEC"	"https://static.www.nfl.com/image/upload/f_auto,q_auto/league/g8j6r8d2ut2a2ln6i3c6"	2026	1	"REG"	"2026_01_NO_DET"	"NO"	"DET"	0	0	0	0	0	0	0	0	0	0	0	0	null	null	0	null	0	0	0	0	0	0	0	0	0	0	null	0	0	0	0	0	0	0	0	0	0	0	0	0	0	null	0	0	0	0	0	null	0	0	0	0	0	0	0	0	0	0	0	0	0	0	0	0	0	0	0	0	0	0	0	0	0	0	0	0	0	0	0	0	0	0	0	0	0	0	0	0	0	0	0	0	0	null	null	0	0	0	0	0	0	0	0	0	0	0	0	null	null	null	0	0	0	0	0	0	0	null	0	0	0	0	0	5	0	57	238	2	0	1	0	1	3	35	0	203	0	0
"00-0037524"	"T.Martin"	"Tay Martin"	"WR"	"WR"	"https://static.www.nfl.com/image/upload/f_auto,q_auto/league/ttdp5v9tl0zqmb0dmmuv"	2026	1	"REG"	"2026_01_NO_DET"	"DET"	"NO"	0	0	0	0	0	0	0	0	0	0	0	0	null	null	0	null	0	0	0	0	0	0	0	0	0	0	null	0	0	0	0	0	0	0	0	0	0	0	0	0	0	null	0	0	0	0	0	null	0	0	0	0	3	0	0	0	0	0	0	0	0	0	0	0	0	0	0	0	0	0	0	0	0	0	0	0	0	0	0	0	0	0	0	0	0	0	0	0	0	0	0	0	0	null	null	0	0	0	0	0	0	0	0	0	0	0	0	null	null	null	0	0	0	0	0	0	0	null	0	0	0	0	0	0	0	null	0	0	0	0	0	0	0	0	0	0	0	0
"00-0037557"	"R.Rivers"	"Ronnie Rivers"	"RB"	"RB"	"https://static.www.nfl.com/image/upload/f_auto,q_auto/league/t9l7jhs1jw1joy8jpxee"	2026	1	"REG"	"2026_01_SF_LA"	"LA"	"SF"	0	0	0	0	0	0	0	0	0	0	0	0	null	null	0	null	0	0	0	0	5	19	0	0	0	1	-2.7379202545271255	0	0	0	0	0	1	1	5	0	0	0	2	3	1	0.43669228052021936	0	0	0	0	0	2.5	0.037037037037037035	0.00784313725490196	0.06104575163398693	0	0	0	0	0	0	0	0	0	0	0	0	0	0	0	0	0	0	0	0	0	0	0	0	0	0	0	0	0	0	0	0	0	0	0	0	0	0	0	0	0	0	null	null	0	0	0	0	0	0	0	0	0	0	0	0	null	null	null	0	0	0	0	0	0	0	null	0	0	0	0	0	0	0	null	0	0	0	0	0	0	0	0	0	0	2.4000000000000004	3.4000000000000004
"00-0037587"	"N.Landman"	"Nate Landman"	"LB"	"LB"	"https://static.www.nfl.com/image/upload/f_auto,q_auto/league/w44rpubxjijvxv0pkfnh"	2026	1	"REG"	"2026_01_SF_LA"	"LA"	"SF"	0	0	0	0	0	0	0	0	0	0	0	0	null	null	0	null	0	0	0	0	0	0	0	0	0	0	null	0	0	0	0	0	0	0	0	0	0	0	0	0	0	null	0	0	0	0	0	null	0	0	0	0	5	0	3	0	0	0	0	0	1	0	0	1	0	0	0	0	0	0	0	0	0	0	0	0	0	0	0	0	0	0	0	0	0	0	0	0	0	0	0	0	0	null	null	0	0	0	0	0	0	0	0	0	0	0	0	null	null	null	0	0	0	0	0	0	0	null	0	0	0	0	0	0	0	null	0	0	0	0	0	0	0	0	0	0	0	0
"00-0037596"	"J.Gibbens"	"Jack Gibbens"	"LB"	"LB"	"https://static.www.nfl.com/image/upload/f_auto,q_auto/league/cbl2jymi5wc5wxctu1es"	2026	1	"REG"	"2026_01_ARI_LAC"	"ARI"	"LAC"	0	0	0	0	0	0	0	0	0	0	0	0	null	null	0	null	0	0	0	0	0	0	0	0	0	0	null	0	0	0	0	0	0	0	0	0	0	0	0	0	0	null	0	0	0	0	0	null	0	0	0	0	5	0	2	0	0	0	0.5	4	1	0	0	0	0	0	0	0	0	0	0	0	0	0	0	0	0	0	0	0	0	0	0	0	0	0	0	0	0	0	0	0	0	null	null	0	0	0	0	0	0	0	0	0	0	0	0	null	null	null	0	0	0	0	0	0	0	null	0	0	0	0	0	0	0	null	0	0	0	0	0	0	0	0	0	0	0	0
"00-0037616"	"N.Cross"	"Nick Cross"	"SAF"	"DB"	"https://static.www.nfl.com/image/upload/f_auto,q_auto/league/kk6rwopeqnomepo0lc9f"	2026	1	"REG"	"2026_01_WAS_PHI"	"WAS"	"PHI"	0	0	0	0	0	0	0	0	0	0	0	0	null	null	0	null	0	0	0	0	0	0	0	0	0	0	null	0	0	0	0	0	0	0	0	0	0	0	0	0	0	null	0	0	0	0	0	null	0	0	0	0	5	0	3	2	8	0	0	0	0	0	0	0	0	0	0	0	0	0	0	0	0	0	0	0	0	0	0	0	0	0	0	0	0	0	0	0	0	0	0	0	0	null	null	0	0	0	0	0	0	0	0	0	0	0	0	null	null	null	0	0	0	0	0	0	0	null	0	0	0	0	0	0	0	null	0	0	0	0	0	0	0	0	0	0	0	0
"00-0037692"	"B.Aubrey"	"Brandon Aubrey"	"K"	"SPEC"	"https://static.www.nfl.com/image/upload/f_auto,q_auto/league/bgwg06zmyohjxvzznbf6"	2026	1	"REG"	"2026_01_DAL_NYG"	"DAL"	"NYG"	0	0	0	0	0	0	0	0	0	0	0	0	null	null	0	null	0	0	0	0	0	0	0	0	0	0	null	0	0	0	0	0	0	0	0	0	0	0	0	0	0	null	0	0	0	0	0	null	0	0	0	0	0	0	0	0	0	0	0	0	0	0	0	0	0	0	0	0	0	0	0	0	0	0	0	0	0	0	0	0	0	0	0	0	0	0	0	0	0	0	0	0	0	null	null	0	0	0	0	0	0	0	0	0	0	0	0	null	null	null	0	0	0	2	3	1	0	0.6666666666666666	0	0	0	0	0	0	0	null	0	0	0	0	0	0	0	0	0	0	0	0
"00-0037744"	"T.McBride"	"Trey McBride"	"TE"	"TE"	"https://static.www.nfl.com/image/upload/f_auto,q_auto/league/psasp10nn5pcvkli9kil"	2026	1	"REG"	"2026_01_ARI_LAC"	"ARI"	"LAC"	0	0	0	0	0	0	0	0	0	0	0	0	null	null	0	null	0	0	0	0	0	0	0	0	0	0	null	0	0	0	0	0	9	13	95	1	0	0	89	36	6	3.7508859388732794	0	4	2	1	0	1.0674157303370786	0.35135135135135137	0.31448763250883394	0.7471683697832108	0	0	0	0	0	0	0	0	0	0	0	0	0	0	0	0	0	0	0	0	0	0	0	0	0	0	0	0	0	0	0	0	0	0	0	0	0	0	0	0	0	0	null	null	0	0	0	0	0	0	0	0	0	0	0	0	null	null	null	0	0	0	0	0	0	0	null	0	0	0	0	0	0	0	null	0	0	0	0	0	0	0	0	0	0	15.5	24.5
"00-0037809"	"C.Okonkwo"	"Chig Okonkwo"	"TE"	"TE"	"https://static.www.nfl.com/image/upload/f_auto,q_auto/league/pzcez6pi9tpdqkmjjnzk"	2026	1	"REG"	"2026_01_WAS_PHI"	"WAS"	"PHI"	0	0	0	0	0	0	0	0	0	0	0	0	null	null	0	null	0	0	0	0	0	0	0	0	0	0	null	0	0	0	0	0	2	3	16	0	0	0	39	2	1	0.9280919291777536	0	1	0	0	0	0.41025641025641024	0.10344827586206896	0.12302839116719243	0.24129228761013816	0	0	0	0	0	0	0	0	0	0	0	0	0	0	0	0	0	0	0	0	0	0	0	0	0	0	0	0	0	0	0	0	0	0	0	0	0	0	0	0	0	0	null	null	0	0	0	0	0	0	0	0	0	0	0	0	null	null	null	0	0	0	0	0	0	0	null	0	0	0	0	0	0	0	null	0	0	0	0	0	0	0	0	0	0	1.6	3.6
"00-0037819"	"L.Chenal"	"Leo Chenal"	"LB"	"LB"	"https://static.www.nfl.com/image/upload/f_auto,q_auto/league/vjl1lsaotcqcxkhm2std"	2026	1	"REG"	"2026_01_WAS_PHI"	"WAS"	"PHI"	0	0	0	0	0	0	0	0	0	0	0	0	null	null	0	null	0	0	0	0	0	0	0	0	0	0	null	0	0	0	0	0	0	0	0	0	0	0	0	0	0	null	0	0	0	0	0	null	0	0	0	0	1	0	2	0	0	0	0	0	0	0	0	0	0	0	0	0	0	0	0	0	0	0	0	0	0	0	0	0	0	0	0	0	0	0	0	0	0	0	0	0	0	null	null	0	0	0	0	0	0	0	0	0	0	0	0	null	null	null	0	0	0	0	0	0	0	null	0	0	0	0	0	0	0	null	0	0	0	0	0	0	0	0	0	0	0	0
"00-0037834"	"B.Purdy"	"Brock Purdy"	"QB"	"QB"	"https://static.www.nfl.com/image/upload/f_auto,q_auto/league/xs2fyj1sqdgwvt9ihbri"	2026	1	"REG"	"2026_01_SF_LA"	"SF"	"LA"	25	34	205	3	1	0	0	0	0	149	117	12	4.825627535880926	0.7715561810661765	0	1.3758389261744965	7	1	1	0	5	29	0	0	0	4	3.2224505508784205	0	1	1	0	0	0	0	0	0	0	0	0	0	0	null	0	0	0	0	0	null	0	0	0	0	0	0	0	0	0	0	0	0	0	0	0	0	0	0	0	0	0	0	0	0	0	0	0	0	0	0	0	0	0	0	0	0	0	0	0	0	0	0	0	0	0	null	null	0	0	0	0	0	0	0	0	0	0	0	0	null	null	null	0	0	0	0	0	0	0	null	0	0	0	0	0	0	0	null	0	0	0	0	0	0	0	0	0	0	21.1	21.1
"00-0037840"	"K.Williams"	"Kyren Williams"	"RB"	"RB"	"https://static.www.nfl.com/image/upload/f_auto,q_auto/league/xti3pek6rmojqchakxpy"	2026	1	"REG"	"2026_01_SF_LA"	"LA"	"SF"	0	0	0	0	0	0	0	0	0	0	0	0	null	null	0	null	0	0	0	0	11	41	1	0	0	3	1.1423272475949489	0	0	0	0	0	3	3	24	0	0	0	7	17	1	0.41440418967977166	0	1	1	0	0	3.4285714285714284	0.1111111111111111	0.027450980392156862	0.18588235294117647	0	0	0	0	0	0	0	0	0	0	0	0	0	0	0	0	0	0	0	0	0	0	0	0	0	0	0	0	0	0	0	0	0	0	0	0	0	0	0	0	0	0	null	null	0	0	0	0	0	0	0	0	0	0	0	0	null	null	null	0	0	0	0	0	0	0	null	0	0	0	0	0	0	0	null	0	0	0	0	0	0	0	0	0	0	12.5	15.5
"00-0037841"	"Q.Lake"	"Quentin Lake"	"SAF"	"DB"	"https://static.www.nfl.com/image/upload/f_auto,q_auto/league/qktbfevtbxiyrw9ekk72"	2026	1	"REG"	"2026_01_SF_LA"	"LA"	"SF"	0	0	0	0	0	0	0	0	0	0	0	0	null	null	0	null	0	0	0	0	0	0	0	0	0	0	null	0	0	0	0	0	0	0	0	0	0	0	0	0	0	null	0	0	0	0	0	null	0	0	0	0	7	0	3	0	0	0	0	0	0	1	0	3	0	0	0	0	0	0	0	0	0	0	0	0	0	0	0	0	0	0	0	0	0	0	0	0	0	0	0	0	0	null	null	0	0	0	0	0	0	0	0	0	0	0	0	null	null	null	0	0	0	0	0	0	0	null	0	0	0	0	0	0	0	null	0	0	0	0	0	0	0	0	0	0	0	0
"00-0038039"	"J.Jones"	"Jack Jones"	"CB"	"DB"	"https://static.www.nfl.com/image/upload/f_auto,q_auto/v1787861967/league/ah12ltwvgwl9few2ktqj"	2026	1	"REG"	"2026_01_SF_LA"	"SF"	"LA"	0	0	0	0	0	0	0	0	0	0	0	0	null	null	0	null	0	0	0	0	0	0	0	0	0	0	null	0	0	0	0	0	0	0	0	0	0	0	0	0	0	null	0	0	0	0	0	null	0	0	0	0	0	0	0	0	0	0	0	0	0	0	0	2	0	0	0	0	0	0	0	0	0	0	0	0	0	0	0	0	0	0	0	0	0	0	0	0	0	0	0	0	0	null	null	0	0	0	0	0	0	0	0	0	0	0	0	null	null	null	0	0	0	0	0	0	0	null	0	0	0	0	0	0	0	null	0	0	0	0	0	0	0	0	0	0	0	0
"00-0038046"	"C.Kolar"	"Charlie Kolar"	"TE"	"TE"	"https://static.www.nfl.com/image/upload/f_auto,q_auto/league/g75ws8vkqz9cqwifhcy7"	2026	1	"REG"	"2026_01_ARI_LAC"	"LAC"	"ARI"	0	0	0	0	0	0	0	0	0	0	0	0	null	null	0	null	0	0	0	0	0	0	0	0	0	0	null	0	0	0	0	0	0	0	0	0	0	0	0	0	0	null	0	0	0	0	0	null	0	0	0	0	0	0	0	0	0	0	0	0	0	0	0	0	0	0	0	0	0	0	0	0	0	0	0	0	0	0	1	5	0	0	0	0	0	0	0	0	0	0	0	0	0	null	null	0	0	0	0	0	0	0	0	0	0	0	0	null	null	null	0	0	0	0	0	0	0	null	0	0	0	0	0	0	0	null	0	0	0	0	0	0	0	0	0	0	0	0
"00-0038112"	"C.Jurgens"	"Cam Jurgens"	"G"	"OL"	"https://static.www.nfl.com/image/upload/f_auto,q_auto/league/j2vljio1hfmqcwj3pd5m"	2026	1	"REG"	"2026_01_WAS_PHI"	"PHI"	"WAS"	0	0	0	0	0	0	0	0	0	0	0	0	null	null	0	null	0	0	0	0	0	0	0	0	0	0	null	0	0	0	0	0	0	0	0	0	0	0	0	0	0	null	0	0	0	0	0	null	0	0	0	0	0	0	0	0	0	0	0	0	0	0	0	0	0	0	0	0	0	0	0	0	0	0	0	0	0	0	2	20	0	0	0	0	0	0	0	0	0	0	0	0	0	null	null	0	0	0	0	0	0	0	0	0	0	0	0	null	null	null	0	0	0	0	0	0	0	null	0	0	0	0	0	0	0	null	0	0	0	0	0	0	0	0	0	0	0	0
"00-0038116"	"A.Ebiketie"	"Arnold Ebiketie"	"LB"	"LB"	"https://static.www.nfl.com/image/upload/f_auto,q_auto/league/w5sjq8cj5tdar5ttlll7"	2026	1	"REG"	"2026_01_WAS_PHI"	"PHI"	"WAS"	0	0	0	0	0	0	0	0	0	0	0	0	null	null	0	null	0	0	0	0	0	0	0	0	0	0	null	0	0	0	0	0	0	0	0	0	0	0	0	0	0	null	0	0	0	0	0	null	0	0	0	0	1	0	0	0	0	0	0	0	0	0	0	0	0	0	0	0	0	0	0	0	0	0	0	0	0	0	0	0	0	0	0	0	0	0	0	0	0	0	0	0	0	null	null	0	0	0	0	0	0	0	0	0	0	0	0	null	null	null	0	0	0	0	0	0	0	null	0	0	0	0	0	0	0	null	0	0	0	0	0	0	0	0	0	0	0	0
"00-0038125"	"R.McCreary"	"Roger McCreary"	"CB"	"DB"	"https://static.www.nfl.com/image/upload/f_auto,q_auto/league/elq9ou82mtnczfos63em"	2026	1	"REG"	"2026_01_NO_DET"	"DET"	"NO"	0	0	0	0	0	0	0	0	0	0	0	0	null	null	0	null	0	0	0	0	0	0	0	0	0	0	null	0	0	0	0	0	0	0	0	0	0	0	0	0	0	null	0	0	0	0	0	null	0	0	0	0	4	0	0	1	6	1	1	6	1	0	0	0	0	0	0	0	0	0	0	0	0	0	0	0	0	0	0	0	0	0	0	0	0	0	0	0	0	0	0	0	0	null	null	0	0	0	0	0	0	0	0	0	0	0	0	null	null	null	0	0	0	0	0	0	0	null	0	0	0	0	0	0	0	null	0	0	0	0	0	0	0	0	0	0	0	0
"00-0038359"	"X.Smith"	"Xavier Smith"	"WR"	"WR"	"https://static.www.nfl.com/image/upload/f_auto,q_auto/league/hqvwpitewijx8bjrcofe"	2026	1	"REG"	"2026_01_SF_LA"	"LA"	"SF"	0	0	0	0	0	0	0	0	0	0	0	0	null	null	0	null	0	0	0	0	0	0	0	0	0	0	null	0	0	0	0	0	0	0	0	0	0	0	0	0	0	null	0	0	0	0	0	null	0	0	0	0	0	0	0	0	0	0	0	0	0	0	0	0	0	0	0	0	0	0	0	0	0	0	0	0	0	0	0	0	0	0	0	0	0	1	11	1	25	0	0	0	0	null	null	0	0	0	0	0	0	0	0	0	0	0	0	null	null	null	0	0	0	0	0	0	0	null	0	0	0	0	0	0	0	null	0	0	0	0	0	0	0	0	0	0	0	0
"00-0038386"	"J.Carter"	"Jalen Carter"	"DT"	"DL"	"https://static.www.nfl.com/image/upload/f_auto,q_auto/league/lzctlmzr184bc1mix5qs"	2026	1	"REG"	"2026_01_WAS_PHI"	"PHI"	"WAS"	0	0	0	0	0	0	0	0	0	0	0	0	null	null	0	null	0	0	0	0	0	0	0	0	0	0	null	0	0	0	0	0	0	0	0	0	0	0	0	0	0	null	0	0	0	0	0	null	0	0	0	0	1	0	2	0	0	1	0	0	0	0	0	0	0	0	0	0	1	0	0	0	0	0	0	0	0	0	0	0	0	0	0	0	0	0	0	0	0	0	0	0	0	null	null	0	0	0	0	0	0	0	0	0	0	0	0	null	null	null	0	0	0	0	0	0	0	null	0	0	0	0	0	0	0	null	0	0	0	0	0	0	0	0	0	0	0	0
"00-0038387"	"C.Wooden"	"Colby Wooden"	"DE"	"DL"	"https://static.www.nfl.com/image/upload/f_auto,q_auto/league/vexyqlme1a5f74sqktzs"	2026	1	"REG"	"2026_01_NO_DET"	"NO"	"DET"	0	0	0	0	0	0	0	0	0	0	0	0	null	null	0	null	0	0	0	0	0	0	0	0	0	0	null	0	0	0	0	0	0	0	0	0	0	0	0	0	0	null	0	0	0	0	0	null	0	0	0	0	1	0	1	0	0	0	0	0	0	0	0	0	0	0	0	0	0	0	0	0	0	0	0	0	0	0	0	0	0	0	0	0	0	0	0	0	0	0	0	0	0	null	null	0	0	0	0	0	0	0	0	0	0	0	0	null	null	null	0	0	0	0	0	0	0	null	0	0	0	0	0	0	0	null	0	0	0	0	0	0	0	0	0	0	0	0
"00-0038393"	"D.Wicks"	"Dontayvion Wicks"	"WR"	"WR"	"https://static.www.nfl.com/image/upload/f_auto,q_auto/league/v1lt8kpvkn0qw5elyaoz"	2026	1	"REG"	"2026_01_WAS_PHI"	"PHI"	"WAS"	0	0	0	0	0	0	0	0	0	0	0	0	null	null	0	null	0	0	0	0	0	0	0	0	0	0	null	0	0	0	0	0	2	4	73	1	0	0	79	21	2	3.759471878700424	0	1	1	1	1	0.9240506329113924	0.18181818181818182	0.3511111111111111	0.5185050505050505	0	0	0	0	0	0	0	0	0	0	0	0	0	0	0	0	0	0	0	0	0	0	0	0	0	0	0	0	0	0	0	0	0	0	0	0	0	0	0	0	0	0	null	null	0	0	0	0	0	0	0	0	0	0	0	0	null	null	null	0	0	0	0	0	0	0	null	0	0	0	0	0	0	0	null	0	0	0	0	0	0	0	0	0	0	13.3	15.3
"00-0038412"	"M.Ojomo"	"Moro Ojomo"	"DT"	"DL"	"https://static.www.nfl.com/image/upload/f_auto,q_auto/league/pifqoqquxxvoqwah8khm"	2026	1	"REG"	"2026_01_WAS_PHI"	"PHI"	"WAS"	0	0	0	0	0	0	0	0	0	0	0	0	null	null	0	null	0	0	0	0	0	0	0	0	0	0	null	0	0	0	0	0	0	0	0	0	0	0	0	0	0	null	0	0	0	0	0	null	0	0	0	0	2	0	1	0	0	0	0	0	0	0	0	0	0	0	0	0	0	0	0	0	0	0	0	0	0	0	0	0	0	0	0	0	0	0	0	0	0	0	0	0	0	null	null	0	0	0	0	0	0	0	0	0	0	0	0	null	null	null	0	0	0	0	0	0	0	null	0	0	0	0	0	0	0	null	0	0	0	0	0	0	0	0	0	0	0	0
"00-0038428"	"A.Szmyt"	"Andre Szmyt"	"K"	"SPEC"	"https://static.www.nfl.com/image/upload/f_auto,q_auto/league/tkah6glpysuyq2a54gts"	2026	1	"REG"	"2026_01_CLE_JAX"	"CLE"	"JAX"	0	0	0	0	0	0	0	0	0	0	0	0	null	null	0	null	0	0	0	0	0	0	0	0	0	0	null	0	0	0	0	0	0	0	0	0	0	0	0	0	0	null	0	0	0	0	0	null	0	0	0	0	0	0	0	0	0	0	0	0	0	0	0	0	0	0	0	0	0	0	0	0	0	0	0	0	0	0	0	0	0	0	0	0	0	0	0	0	0	1	1	0	0	26	1	0	1	0	0	0	0	0	0	0	0	0	0	"26"	null	null	26	0	0	1	1	0	0	1	0	0	0	0	0	0	0	null	0	0	0	0	0	0	0	0	0	0	0	0
"00-0038454"	"K.Mitchell"	"Keaton Mitchell"	"RB"	"RB"	"https://static.www.nfl.com/image/upload/f_auto,q_auto/league/ztciwwpbyaffmckwrzdk"	2026	1	"REG"	"2026_01_ARI_LAC"	"LAC"	"ARI"	0	0	0	0	0	0	0	0	0	0	0	0	null	null	0	null	0	0	0	0	4	9	0	0	0	0	-1.1470768871949986	0	0	0	0	0	0	0	0	0	0	0	0	0	0	null	0	0	0	0	0	null	0	0	0	0	0	0	0	0	0	0	0	0	0	0	0	0	0	0	0	0	0	0	0	0	0	0	0	0	0	0	0	0	0	0	0	0	0	0	0	2	47	0	0	0	0	null	null	0	0	0	0	0	0	0	0	0	0	0	0	null	null	null	0	0	0	0	0	0	0	null	0	0	0	0	0	0	0	null	0	0	0	0	0	0	0	0	0	0	0.9	0.9
"00-0038540"	"P.Johnson"	"Paris Johnson Jr."	"OT"	"OL"	"https://static.www.nfl.com/image/upload/f_auto,q_auto/league/fto9oiuqts9esmpl7dxf"	2026	1	"REG"	"2026_01_ARI_LAC"	"ARI"	"LAC"	0	0	0	0	0	0	0	0	0	0	0	0	null	null	0	null	0	0	0	0	0	0	0	0	0	0	null	0	0	0	0	0	0	0	0	0	0	0	0	0	0	null	0	0	0	0	0	null	0	0	0	0	0	0	0	0	0	0	0	0	0	0	0	0	0	0	0	0	0	0	0	0	0	0	0	0	0	0	2	20	0	0	0	0	0	0	0	0	0	0	0	0	0	null	null	0	0	0	0	0	0	0	0	0	0	0	0	null	null	null	0	0	0	0	0	0	0	null	0	0	0	0	0	0	0	null	0	0	0	0	0	0	0	0	0	0	0	0
"00-0038541"	"T.Wilson"	"Tyree Wilson"	"DE"	"DL"	"https://static.www.nfl.com/image/upload/f_auto,q_auto/league/ildmh1dcqbamtixdpgse"	2026	1	"REG"	"2026_01_NO_DET"	"NO"	"DET"	0	0	0	0	0	0	0	0	0	0	0	0	null	null	0	null	0	0	0	0	0	0	0	0	0	0	null	0	0	0	0	0	0	0	0	0	0	0	0	0	0	null	0	0	0	0	0	null	0	0	0	0	0	0	2	0	0	0	0	0	0	0	0	0	0	0	0	0	0	0	0	0	0	0	0	0	0	0	1	15	0	0	0	0	0	0	0	0	0	0	0	0	0	null	null	0	0	0	0	0	0	0	0	0	0	0	0	null	null	null	0	0	0	0	0	0	0	null	0	0	0	0	0	0	0	null	0	0	0	0	0	0	0	0	0	0	0	0
"00-0038542"	"Bi.Robinson"	"Bijan Robinson"	"RB"	"RB"	"https://static.www.nfl.com/image/upload/f_auto,q_auto/league/esii5yb8yn9edboi4mlq"	2026	1	"REG"	"2026_01_ATL_PIT"	"ATL"	"PIT"	0	0	0	0	0	0	0	0	0	0	0	0	null	null	0	null	0	0	0	0	21	83	0	1	0	7	-2.061078268873822	0	2	2	1	0	8	10	90	1	1	0	-30	110	2	-2.137892691558894	0	3	2	2	0	-3	0.5263157894736842	-0.38961038961038963	0.5167464114832536	0	0	0	0	0	0	0	0	0	0	0	0	0	0	0	0	0	0	0	0	0	0	1	0	0	0	0	0	0	2	0	0	2	0	0	0	0	0	0	0	0	0	null	null	0	0	0	0	0	0	0	0	0	0	0	0	null	null	null	0	0	0	0	0	0	0	null	0	0	0	0	0	0	0	null	0	0	0	0	0	0	0	0	0	0	23.3	31.3
"00-0038543"	"J.Smith-Njigba"	"Jaxon Smith-Njigba"	"WR"	"WR"	"https://static.www.nfl.com/image/upload/f_auto,q_auto/league/yx1xjrupbqdknnjaq4a6"	2026	1	"REG"	"2026_01_NE_SEA"	"SEA"	"NE"	0	0	0	0	0	0	0	0	0	0	0	0	null	null	0	null	0	0	0	0	0	0	0	0	0	0	null	0	0	0	0	0	8	11	122	1	0	0	76	62	5	7.677045429341389	0	5	2	2	1	1.605263157894737	0.4583333333333333	0.4935064935064935	1.0329545454545455	0	0	0	0	0	0	0	0	0	0	0	0	0	0	0	0	0	0	0	0	0	0	0	0	0	0	0	0	0	0	0	0	0	0	0	0	0	0	0	0	0	0	null	null	0	0	0	0	0	0	0	0	0	0	0	0	null	null	null	0	0	0	0	0	0	0	null	0	0	0	0	0	0	0	null	0	0	0	0	0	0	0	0	0	0	18.200000000000003	26.200000000000003
"00-0038544"	"Q.Johnston"	"Quentin Johnston"	"WR"	"WR"	"https://static.www.nfl.com/image/upload/f_auto,q_auto/league/lyvsrjh4mjb4dqwp6shm"	2026	1	"REG"	"2026_01_ARI_LAC"	"LAC"	"ARI"	0	0	0	0	0	0	0	0	0	0	0	0	null	null	0	null	0	0	0	0	0	0	0	0	0	0	null	0	0	0	0	0	2	6	17	0	0	0	39	5	0	-1.0955955639947206	0	0	0	0	0	0.4358974358974359	0.2222222222222222	0.14285714285714285	0.4333333333333333	0	0	0	0	0	0	0	0	0	0	0	0	0	0	0	0	0	0	0	0	0	0	0	0	0	0	0	1	5	0	0	0	0	0	0	0	0	0	0	0	0	0	null	null	0	0	0	0	0	0	0	0	0	0	0	0	null	null	null	0	0	0	0	0	0	0	null	0	0	0	0	0	0	0	null	0	0	0	0	0	0	0	0	0	0	1.7000000000000002	3.7
"00-0038551"	"K.Miller"	"Kendre Miller"	"RB"	"RB"	"https://static.www.nfl.com/image/upload/f_auto,q_auto/league/vclaomtslw55smksopku"	2026	1	"REG"	"2026_01_NO_DET"	"NO"	"DET"	0	0	0	0	0	0	0	0	0	0	0	0	null	null	0	null	0	0	0	0	9	30	1	0	0	2	0.7168979572597891	0	0	0	0	0	0	0	0	0	0	0	0	0	0	null	0	0	0	0	0	null	0	0	0	0	0	0	0	0	0	0	0	0	0	0	0	0	0	0	0	0	0	0	0	0	0	0	0	0	0	0	0	0	0	0	0	0	0	0	0	1	19	0	0	0	0	null	null	0	0	0	0	0	0	0	0	0	0	0	0	null	null	null	0	0	0	0	0	0	0	null	0	0	0	0	0	0	0	null	0	0	0	0	0	0	0	0	0	0	9	9
"00-0038553"	"D.Henley"	"Daiyan Henley"	"LB"	"LB"	"https://static.www.nfl.com/image/upload/f_auto,q_auto/league/jl1rn08ci17wub2xok8a"	2026	1	"REG"	"2026_01_ARI_LAC"	"LAC"	"ARI"	0	0	0	0	0	0	0	0	0	0	0	0	null	null	0	null	0	0	0	0	0	0	0	0	0	0	null	0	0	0	0	0	0	0	0	0	0	0	0	0	0	null	0	0	0	0	0	null	0	0	0	0	2	0	6	0	0	0	0.5	0	1	0	0	0	0	0	0	0	0	0	0	0	0	0	0	0	0	0	0	0	0	0	0	0	0	0	0	0	0	0	0	0	0	null	null	0	0	0	0	0	0	0	0	0	0	0	0	null	null	null	0	0	0	0	0	0	0	null	0	0	0	0	0	0	0	null	0	0	0	0	0	0	0	0	0	0	0	0
"00-0038554"	"J.Brown"	"Ji'Ayir Brown"	"SAF"	"DB"	"https://static.www.nfl.com/image/upload/f_auto,q_auto/league/gmgewszcsvxdb63dmqby"	2026	1	"REG"	"2026_01_SF_LA"	"SF"	"LA"	0	0	0	0	0	0	0	0	0	0	0	0	null	null	0	null	0	0	0	0	0	0	0	0	0	0	null	0	0	0	0	0	0	0	0	0	0	0	0	0	0	null	0	0	0	0	0	null	0	0	0	0	2	0	2	0	0	0	0	0	0	0	0	0	0	0	0	0	0	0	0	0	0	0	0	0	0	0	0	0	0	0	0	0	0	0	0	0	0	0	0	0	0	null	null	0	0	0	0	0	0	0	0	0	0	0	0	null	null	null	0	0	0	0	0	0	0	null	0	0	0	0	0	0	0	null	0	0	0	0	0	0	0	0	0	0	0	0
"00-0038555"	"T.Bigsby"	"Tank Bigsby"	"RB"	"RB"	"https://static.www.nfl.com/image/upload/f_auto,q_auto/league/vfkdjfpiyrcuzahrmfvn"	2026	1	"REG"	"2026_01_WAS_PHI"	"PHI"	"WAS"	0	0	0	0	0	0	0	0	0	0	0	0	null	null	0	null	0	0	0	0	1	3	0	0	0	0	-0.3172809711541049	0	0	0	0	0	0	0	0	0	0	0	0	0	0	null	0	0	0	0	0	null	0	0	0	0	0	0	0	0	0	0	0	0	0	0	0	0	0	0	0	0	0	0	0	0	0	0	0	0	0	0	0	0	0	0	0	0	0	0	0	2	50	0	0	0	0	null	null	0	0	0	0	0	0	0	0	0	0	0	0	null	null	null	0	0	0	0	0	0	0	null	0	0	0	0	0	0	0	null	0	0	0	0	0	0	0	0	0	0	0.30000000000000004	0.30000000000000004
"00-0038559"	"Mi.Wilson"	"Michael Wilson"	"WR"	"WR"	"https://static.www.nfl.com/image/upload/f_auto,q_auto/league/hm2b9z4zujjmbiyldh8n"	2026	1	"REG"	"2026_01_ARI_LAC"	"ARI"	"LAC"	0	0	0	0	0	0	0	0	0	0	0	0	null	null	0	null	0	0	0	0	0	0	0	0	0	0	null	0	0	0	0	0	5	7	56	0	0	0	83	3	3	1.9269832124164177	0	3	1	0	0	0.6746987951807228	0.1891891891891892	0.29328621908127206	0.4890841371406742	0	0	0	0	0	0	0	0	0	0	0	0	0	0	0	0	0	0	0	0	0	0	0	0	0	0	0	0	0	0	0	0	0	0	0	0	0	0	0	0	0	0	null	null	0	0	0	0	0	0	0	0	0	0	0	0	null	null	null	0	0	0	0	0	0	0	null	0	0	0	0	0	0	0	null	0	0	0	0	0	0	0	0	0	0	5.6000000000000005	10.600000000000001
"00-0038567"	"C.Ryland"	"Chad Ryland"	"K"	"SPEC"	"https://static.www.nfl.com/image/upload/f_auto,q_auto/league/gbfzwbzdl9wj582nh5g9"	2026	1	"REG"	"2026_01_ARI_LAC"	"ARI"	"LAC"	0	0	0	0	0	0	0	0	0	0	0	0	null	null	0	null	0	0	0	0	0	0	0	0	0	0	null	0	0	0	0	0	0	0	0	0	0	0	0	0	0	null	0	0	0	0	0	null	0	0	0	0	0	0	0	0	0	0	0	0	0	0	0	0	0	0	0	0	0	0	0	0	0	0	0	0	0	0	1	0	0	0	0	0	0	0	0	0	0	4	5	1	0	49	0.8	0	1	1	2	0	0	0	0	0	0	1	0	"27;44;34;49"	"54"	null	154	54	0	2	2	0	0	1	0	0	0	0	0	0	0	null	0	0	0	0	0	0	0	0	0	0	0	0
"00-0038573"	"D.Davis"	"Derius Davis"	"WR"	"WR"	"https://static.www.nfl.com/image/upload/f_auto,q_auto/league/ykmeihbr6903smvblzgc"	2026	1	"REG"	"2026_01_ARI_LAC"	"LAC"	"ARI"	0	0	0	0	0	0	0	0	0	0	0	0	null	null	0	null	0	0	0	0	0	0	0	0	0	0	null	0	0	0	0	0	0	1	0	0	0	0	55	0	0	-2.3486546009080485	0	0	0	0	0	0	0.037037037037037035	0.20146520146520147	0.19658119658119658	0	1	0	0	0	0	0	0	0	0	0	0	0	0	0	0	0	0	0	0	0	0	0	0	0	0	0	0	0	0	0	0	0	0	0	0	2	33	0	0	0	0	null	null	0	0	0	0	0	0	0	0	0	0	0	0	null	null	null	0	0	0	0	0	0	0	null	0	0	0	0	0	0	0	null	0	0	0	0	0	0	0	0	0	0	0	0
"00-0038588"	"J.Howden"	"Jordan Howden"	"SAF"	"DB"	"https://static.www.nfl.com/image/upload/f_auto,q_auto/league/x87djeswtkpxvuvyw5xh"	2026	1	"REG"	"2026_01_NO_DET"	"NO"	"DET"	0	0	0	0	0	0	0	0	0	0	0	0	null	null	0	null	0	0	0	0	0	0	0	0	0	0	null	0	0	0	0	0	0	0	0	0	0	0	0	0	0	null	0	0	0	0	0	null	0	0	0	0	1	0	1	0	0	0	0	0	0	0	0	0	0	0	0	0	0	0	0	0	0	0	0	0	0	0	0	0	0	0	0	0	0	0	0	0	0	0	0	0	0	null	null	0	0	0	0	0	0	0	0	0	0	0	0	null	null	null	0	0	0	0	0	0	0	null	0	0	0	0	0	0	0	null	0	0	0	0	0	0	0	0	0	0	0	0
"00-0038623"	"D.Stills"	"Dante Stills"	"DT"	"DL"	"https://static.www.nfl.com/image/upload/f_auto,q_auto/league/xmtckml9zzgrv1r04anq"	2026	1	"REG"	"2026_01_ARI_LAC"	"ARI"	"LAC"	0	0	0	0	0	0	0	0	0	0	0	0	null	null	0	null	0	0	0	0	0	0	0	0	0	0	null	0	0	0	0	0	0	0	0	0	0	0	0	0	0	null	0	0	0	0	0	null	0	0	0	0	1	0	0	1	10	0	1	10	1	0	0	1	0	0	0	0	0	0	0	0	0	0	0	0	0	0	0	0	0	0	0	0	0	0	0	0	0	0	0	0	0	null	null	0	0	0	0	0	0	0	0	0	0	0	0	null	null	null	0	0	0	0	0	0	0	null	0	0	0	0	0	0	0	null	0	0	0	0	0	0	0	0	0	0	0	0
"00-0038660"	"T.Nowaske"	"Trevor Nowaske"	"LB"	"LB"	"https://static.www.nfl.com/image/upload/f_auto,q_auto/league/m65qtbao0n91lg4gprrp"	2026	1	"REG"	"2026_01_NO_DET"	"DET"	"NO"	0	0	0	0	0	0	0	0	0	0	0	0	null	null	0	null	0	0	0	0	0	0	0	0	0	0	null	0	0	0	0	0	0	0	0	0	0	0	0	0	0	null	0	0	0	0	0	null	0	0	0	0	0	0	1	0	0	0	0	0	0	0	0	0	0	0	0	0	0	0	0	0	0	0	0	0	0	0	0	0	0	0	0	0	0	0	0	0	0	0	0	0	0	null	null	0	0	0	0	0	0	0	0	0	0	0	0	null	null	null	0	0	0	0	0	0	0	null	0	0	0	0	0	0	0	null	0	0	0	0	0	0	0	0	0	0	0	0
"00-0038782"	"E.Leota"	"Eku Leota"	"LB"	"LB"	"https://static.www.nfl.com/image/upload/f_auto,q_auto/league/yj4vx0pliwqrimhyeiyw"	2026	1	"REG"	"2026_01_ARI_LAC"	"ARI"	"LAC"	0	0	0	0	0	0	0	0	0	0	0	0	null	null	0	null	0	0	0	0	0	0	0	0	0	0	null	0	0	0	0	0	0	0	0	0	0	0	0	0	0	null	0	0	0	0	0	null	0	0	0	0	0	0	0	0	0	0	0	0	1	0	0	0	0	0	0	0	0	0	0	0	0	0	0	0	0	0	0	0	0	0	0	0	0	0	0	0	0	0	0	0	0	null	null	0	0	0	0	0	0	0	0	0	0	0	0	null	null	null	0	0	0	0	0	0	0	null	0	0	0	0	0	0	0	null	0	0	0	0	0	0	0	0	0	0	0	0
"00-0038896"	"J.Saylors"	"Jacob Saylors"	"RB"	"RB"	"https://static.www.nfl.com/image/upload/f_auto,q_auto/league/wunm6abfmikwaewmwkp7"	2026	1	"REG"	"2026_01_NO_DET"	"DET"	"NO"	0	0	0	0	0	0	0	0	0	0	0	0	null	null	0	null	0	0	0	0	0	0	0	0	0	0	null	0	0	0	0	0	0	0	0	0	0	0	0	0	0	null	0	0	0	0	0	null	0	0	0	0	0	0	1	0	0	0	0	0	0	0	0	0	0	0	0	0	0	0	0	0	0	0	0	0	0	0	0	0	0	0	0	0	0	0	0	2	25	0	0	0	0	null	null	0	0	0	0	0	0	0	0	0	0	0	0	null	null	null	0	0	0	0	0	0	0	null	0	0	0	0	0	0	0	null	0	0	0	0	0	0	0	0	0	0	0	0
"00-0038940"	"T.Lacy"	"Tyler Lacy"	"DE"	"DL"	"https://static.www.nfl.com/image/upload/f_auto,q_auto/league/k0vshmovqi55f4nwuiaf"	2026	1	"REG"	"2026_01_NO_DET"	"DET"	"NO"	0	0	0	0	0	0	0	0	0	0	0	0	null	null	0	null	0	0	0	0	0	0	0	0	0	0	null	0	0	0	0	0	0	0	0	0	0	0	0	0	0	null	0	0	0	0	0	null	0	0	0	0	0	0	1	0	0	0	0	0	0	0	0	0	0	0	0	0	0	0	0	0	0	0	0	0	0	0	0	0	0	0	0	0	0	0	0	0	0	0	0	0	0	null	null	0	0	0	0	0	0	0	0	0	0	0	0	null	null	null	0	0	0	0	0	0	0	null	0	0	0	0	0	0	0	null	0	0	0	0	0	0	0	0	0	0	0	0
"00-0038978"	"B.Young"	"Byron Young"	"DT"	"DL"	"https://static.www.nfl.com/image/upload/f_auto,q_auto/league/zkjuhizs7now7kfwp9s3"	2026	1	"REG"	"2026_01_WAS_PHI"	"PHI"	"WAS"	0	0	0	0	0	0	0	0	0	0	0	0	null	null	0	null	0	0	0	0	0	0	0	0	0	0	null	0	0	0	0	0	0	0	0	0	0	0	0	0	0	null	0	0	0	0	0	null	0	0	0	0	0	0	1	0	0	0	0	0	0	0	0	0	0	0	0	0	0	0	0	0	0	0	0	0	0	0	0	0	0	0	0	0	0	0	0	0	0	0	0	0	0	null	null	0	0	0	0	0	0	0	0	0	0	0	0	null	null	null	0	0	0	0	0	0	0	null	0	0	0	0	0	0	0	null	0	0	0	0	0	0	0	0	0	0	0	0
"00-0038984"	"K.Clark"	"Kei'Trel Clark"	"CB"	"DB"	"https://static.www.nfl.com/image/upload/f_auto,q_auto/league/mcmz4ef4fvvoqapbf8rf"	2026	1	"REG"	"2026_01_ARI_LAC"	"ARI"	"LAC"	0	0	0	0	0	0	0	0	0	0	0	0	null	null	0	null	0	0	0	0	0	0	0	0	0	0	null	0	0	0	0	0	0	0	0	0	0	0	0	0	0	null	0	0	0	0	0	null	0	0	0	0	0	0	0	0	0	0	0	0	0	0	0	1	0	0	0	0	0	0	0	0	0	0	0	0	0	0	0	0	0	0	0	0	0	0	0	0	0	0	0	0	0	null	null	0	0	0	0	0	0	0	0	0	0	0	0	null	null	null	0	0	0	0	0	0	0	null	0	0	0	0	0	0	0	null	0	0	0	0	0	0	0	0	0	0	0	0
"00-0039013"	"N.Smith"	"Nolan Smith"	"LB"	"LB"	"https://static.www.nfl.com/image/upload/f_auto,q_auto/league/mutic3dzmrlfruwqlgcb"	2026	1	"REG"	"2026_01_WAS_PHI"	"PHI"	"WAS"	0	0	0	0	0	0	0	0	0	0	0	0	null	null	0	null	0	0	0	0	0	0	0	0	0	0	null	0	0	0	0	0	0	0	0	0	0	0	0	0	0	null	0	0	0	0	0	null	0	0	0	0	1	0	1	0	0	0	0	0	0	0	0	0	0	0	0	0	0	0	0	0	0	0	0	0	0	0	0	0	0	0	0	0	0	0	0	0	0	0	0	0	0	null	null	0	0	0	0	0	0	0	0	0	0	0	0	null	null	null	0	0	0	0	0	0	0	null	0	0	0	0	0	0	0	null	0	0	0	0	0	0	0	0	0	0	0	0
"00-0039018"	"J.Campbell"	"Jack Campbell"	"LB"	"LB"	"https://static.www.nfl.com/image/upload/f_auto,q_auto/league/gxyqaufhu1wgnomrm8ic"	2026	1	"REG"	"2026_01_NO_DET"	"DET"	"NO"	0	0	0	0	0	0	0	0	0	0	0	0	null	null	0	null	0	0	0	0	0	0	0	0	0	0	null	0	0	0	0	0	0	0	0	0	0	0	0	0	0	null	0	0	0	0	0	null	0	0	0	0	5	0	2	1	1	0	0	0	0	0	0	0	0	0	0	0	0	0	0	0	0	0	0	0	0	0	0	0	0	0	0	0	0	0	0	0	0	0	0	0	0	null	null	0	0	0	0	0	0	0	0	0	0	0	0	null	null	null	0	0	0	0	0	0	0	null	0	0	0	0	0	0	0	null	0	0	0	0	0	0	0	0	0	0	0	0
"00-0039059"	"E.Evans"	"Ethan Evans"	"P"	"SPEC"	"https://static.www.nfl.com/image/upload/f_auto,q_auto/league/by1ttgtdiqwd3a2pdbl5"	2026	1	"REG"	"2026_01_SF_LA"	"LA"	"SF"	0	0	0	0	0	0	0	0	0	0	0	0	null	null	0	null	0	0	0	0	0	0	0	0	0	0	null	0	0	0	0	0	0	0	0	0	0	0	0	0	0	null	0	0	0	0	0	null	0	0	0	0	0	0	0	0	0	0	0	0	0	0	0	0	0	0	0	0	0	0	0	0	0	0	0	0	0	0	0	0	0	0	0	0	0	0	0	0	0	0	0	0	0	null	null	0	0	0	0	0	0	0	0	0	0	0	0	null	null	null	0	0	0	0	0	0	0	null	0	0	0	0	0	3	0	54	145	2	0	0	0	1	2	17	0	128	0	0
"00-0039061"	"D.Johnson"	"Desjuan Johnson"	"LB"	"LB"	"https://static.www.nfl.com/image/upload/f_auto,q_auto/league/qj7pup9mp0owqeocx98x"	2026	1	"REG"	"2026_01_SF_LA"	"LA"	"SF"	0	0	0	0	0	0	0	0	0	0	0	0	null	null	0	null	0	0	0	0	0	0	0	0	0	0	null	0	0	0	0	0	0	0	0	0	0	0	0	0	0	null	0	0	0	0	0	null	0	0	0	0	0	0	1	0	0	0	0	0	0	0	0	0	0	0	0	0	0	0	0	0	0	0	0	0	0	0	0	0	0	0	0	0	0	0	0	0	0	0	0	0	0	null	null	0	0	0	0	0	0	0	0	0	0	0	0	null	null	null	0	0	0	0	0	0	0	null	0	0	0	0	0	0	0	null	0	0	0	0	0	0	0	0	0	0	0	0
"00-0039065"	"S.LaPorta"	"Sam LaPorta"	"TE"	"TE"	"https://static.www.nfl.com/image/upload/f_auto,q_auto/league/wxlk7ysg2nfq6h6ntdcu"	2026	1	"REG"	"2026_01_NO_DET"	"DET"	"NO"	0	0	0	0	0	0	0	0	0	0	0	0	null	null	0	null	0	0	0	0	0	0	0	0	0	0	null	0	0	0	0	0	5	8	48	0	0	0	7	22	2	3.042638158367481	0	1	1	0	0	6.857142857142857	0.20512820512820512	0.033816425120772944	0.3313638052768488	0	0	0	0	0	0	0	0	0	0	0	0	0	0	0	0	0	0	0	0	0	0	0	0	0	0	0	0	0	0	0	0	0	0	0	0	0	0	0	0	0	0	null	null	0	0	0	0	0	0	0	0	0	0	0	0	null	null	null	0	0	0	0	0	0	0	null	0	0	0	0	0	0	0	null	0	0	0	0	0	0	0	0	0	0	4.800000000000001	9.8
"00-0039074"	"D.Allen"	"Davis Allen"	"TE"	"TE"	"https://static.www.nfl.com/image/upload/f_auto,q_auto/league/iweydtcrfchsl3mt6jtd"	2026	1	"REG"	"2026_01_SF_LA"	"LA"	"SF"	0	0	0	0	0	0	0	0	0	0	0	0	null	null	0	null	0	0	0	0	0	0	0	0	0	0	null	0	0	0	0	0	1	1	13	0	0	0	-1	14	1	1.1979658557102084	0	1	0	0	0	0	0.037037037037037035	-0.00392156862745098	0.052810457516339865	0	0	0	0	0	0	0	0	0	0	0	0	0	0	0	0	0	0	0	0	0	0	0	0	0	0	0	0	0	0	0	0	0	0	0	0	0	0	0	0	0	0	null	null	0	0	0	0	0	0	0	0	0	0	0	0	null	null	null	0	0	0	0	0	0	0	null	0	0	0	0	0	0	0	null	0	0	0	0	0	0	0	0	0	0	1.3	2.3
"00-0039075"	"P.Nacua"	"Puka Nacua"	"WR"	"WR"	"https://static.www.nfl.com/image/upload/f_auto,q_auto/league/ipy6qw7hdygdfc8k86ba"	2026	1	"REG"	"2026_01_SF_LA"	"LA"	"SF"	0	0	0	0	0	0	0	0	0	0	0	0	null	null	0	null	0	0	0	0	0	0	0	0	0	0	null	0	0	0	0	0	5	9	74	0	0	0	115	38	2	-2.6072535744169727	0	2	2	2	1	0.6434782608695652	0.3333333333333333	0.45098039215686275	0.8156862745098039	0	1	0	0	0	0	0	0	0	0	0	0	0	0	0	0	0	0	0	0	0	0	0	0	0	0	0	0	0	0	0	0	0	0	0	0	0	0	0	0	0	0	null	null	0	0	0	0	0	0	0	0	0	0	0	0	null	null	null	0	0	0	0	0	0	0	null	0	0	0	0	0	0	0	null	0	0	0	0	0	0	0	0	0	0	7.4	12.4
"00-0039077"	"W.McClendon"	"Warren McClendon Jr."	"OT"	"OL"	"https://static.www.nfl.com/image/private/f_auto,q_auto/league/v6l1ydwiawpfcldcb7if"	2026	1	"REG"	"2026_01_SF_LA"	"LA"	"SF"	0	0	0	0	0	0	0	0	0	0	0	0	null	null	0	null	0	0	0	0	0	0	0	0	0	0	null	0	0	0	0	0	0	0	0	0	0	0	0	0	0	null	0	0	0	0	0	null	0	0	0	0	0	0	0	0	0	0	0	0	0	0	0	0	0	0	0	0	0	0	0	0	0	0	0	0	0	0	1	10	0	0	0	0	0	0	0	0	0	0	0	0	0	null	null	0	0	0	0	0	0	0	0	0	0	0	0	null	null	null	0	0	0	0	0	0	0	null	0	0	0	0	0	0	0	null	0	0	0	0	0	0	0	0	0	0	0	0
"00-0039107"	"S.Bennett"	"Stetson Bennett"	"QB"	"QB"	"https://static.www.nfl.com/image/upload/f_auto,q_auto/league/s0eo3fstv6rkitzbefzu"	2026	1	"REG"	"2026_01_SF_LA"	"LA"	"SF"	2	3	13	0	0	0	0	0	0	23	3	1	0.1888701870921068	-5.17047643661499	0	0.5652173913043478	0	0	0	0	1	9	0	0	0	1	0.8319067888660356	0	0	0	0	0	0	0	0	0	0	0	0	0	0	null	0	0	0	0	0	null	0	0	0	0	0	0	0	0	0	0	0	0	0	0	0	0	0	0	0	0	0	0	0	0	0	0	0	0	0	0	0	0	0	0	0	0	0	0	0	0	0	0	0	0	0	null	null	0	0	0	0	0	0	0	0	0	0	0	0	null	null	null	0	0	0	0	0	0	0	null	0	0	0	0	0	0	0	null	0	0	0	0	0	0	0	0	0	0	1.42	1.42
"00-0039111"	"T.Tuipulotu"	"Tuli Tuipulotu"	"LB"	"LB"	"https://static.www.nfl.com/image/upload/f_auto,q_auto/league/u2qqrqzzi3yawzxmbrxs"	2026	1	"REG"	"2026_01_ARI_LAC"	"LAC"	"ARI"	0	0	0	0	0	0	0	0	0	0	0	0	null	null	0	null	0	0	0	0	0	0	0	0	0	0	null	0	0	0	0	0	0	0	0	0	0	0	0	0	0	null	0	0	0	0	0	null	0	0	0	0	3	0	2	0	0	0	0	0	2	0	0	1	0	0	0	0	0	0	0	0	0	0	0	0	0	0	0	0	0	0	0	0	0	0	0	0	0	0	0	0	0	null	null	0	0	0	0	0	0	0	0	0	0	0	0	null	null	null	0	0	0	0	0	0	0	null	0	0	0	0	0	0	0	null	0	0	0	0	0	0	0	0	0	0	0	0
"00-0039137"	"B.Young"	"Byron Young"	"LB"	"LB"	"https://static.www.nfl.com/image/upload/f_auto,q_auto/league/dwybonqyn3rrvi94yw9r"	2026	1	"REG"	"2026_01_SF_LA"	"LA"	"SF"	0	0	0	0	0	0	0	0	0	0	0	0	null	null	0	null	0	0	0	0	0	0	0	0	0	0	null	0	0	0	0	0	0	0	0	0	0	0	0	0	0	null	0	0	0	0	0	null	0	0	0	0	0	0	1	0	0	0	0	0	0	0	0	0	0	0	0	0	0	0	0	0	0	0	0	0	0	0	0	0	0	0	0	0	0	0	0	0	0	0	0	0	0	null	null	0	0	0	0	0	0	0	0	0	0	0	0	null	null	null	0	0	0	0	0	0	0	null	0	0	0	0	0	0	0	null	0	0	0	0	0	0	0	0	0	0	0	0
"00-0039138"	"K.Turner"	"Kobie Turner"	"DE"	"DL"	"https://static.www.nfl.com/image/upload/f_auto,q_auto/league/lallpvcrevuemqxzmyuu"	2026	1	"REG"	"2026_01_SF_LA"	"LA"	"SF"	0	0	0	0	0	0	0	0	0	0	0	0	null	null	0	null	0	0	0	0	0	0	0	0	0	0	null	0	0	0	0	0	0	0	0	0	0	0	0	0	0	null	0	0	0	0	0	null	0	0	0	0	2	0	5	0	0	0	0	0	0	0	0	0	0	0	0	0	0	0	0	0	0	0	0	0	0	0	0	0	0	0	0	0	0	0	0	0	0	0	0	0	0	null	null	0	0	0	0	0	0	0	0	0	0	0	0	null	null	null	0	0	0	0	0	0	0	null	0	0	0	0	0	0	0	null	0	0	0	0	0	0	0	0	0	0	0	0
"00-0039139"	"J.Gibbs"	"Jahmyr Gibbs"	"RB"	"RB"	"https://static.www.nfl.com/image/upload/f_auto,q_auto/league/cursejnmmp1i9hnxihkj"	2026	1	"REG"	"2026_01_NO_DET"	"DET"	"NO"	0	0	0	0	0	0	0	0	0	0	0	0	null	null	0	null	0	0	0	0	29	156	2	0	0	14	1.438513423257973	0	7	3	1	0	5	5	30	0	1	1	-4	34	1	-2.885414112592116	0	1	0	0	0	-7.5	0.1282051282051282	-0.01932367149758454	0.1787811222593831	0	0	0	0	0	0	0	0	0	0	0	0	0	0	0	0	0	0	0	0	0	0	0	0	0	0	0	0	0	1	0	0	1	1	0	0	0	0	0	0	0	0	null	null	0	0	0	0	0	0	0	0	0	0	0	0	null	null	null	0	0	0	0	0	0	0	null	0	0	0	0	0	0	0	null	0	0	0	0	0	0	0	0	0	0	28.6	33.6
"00-0039148"	"K.White"	"Keion White"	"DE"	"DL"	"https://static.www.nfl.com/image/upload/f_auto,q_auto/league/wkq3kmgtrqxsndffclam"	2026	1	"REG"	"2026_01_SF_LA"	"SF"	"LA"	0	0	0	0	0	0	0	0	0	0	0	0	null	null	0	null	0	0	0	0	0	0	0	0	0	0	null	0	0	0	0	0	0	0	0	0	0	0	0	0	0	null	0	0	0	0	0	null	0	0	0	0	0	0	0	0	0	0	0	0	0	0	0	0	0	0	0	0	0	0	0	0	0	0	0	1	0	0	0	0	0	0	0	0	0	0	0	0	0	0	0	0	0	null	null	0	0	0	0	0	0	0	0	0	0	0	0	null	null	null	0	0	0	0	0	0	0	null	0	0	0	0	0	0	0	null	0	0	0	0	0	0	0	0	0	0	0	0
"00-0039149"	"Q.Martin"	"Quan Martin"	"SAF"	"DB"	"https://static.www.nfl.com/image/upload/f_auto,q_auto/league/mqvepjtbymevlwn2c7qj"	2026	1	"REG"	"2026_01_WAS_PHI"	"WAS"	"PHI"	0	0	0	0	0	0	0	0	0	0	0	0	null	null	0	null	0	0	0	0	0	0	0	0	0	0	null	0	0	0	0	0	0	0	0	0	0	0	0	0	0	null	0	0	0	0	0	null	0	0	0	0	3	0	0	1	3	0	0	0	0	0	0	0	0	0	0	0	0	0	0	0	0	0	0	0	0	0	0	0	0	0	0	0	0	0	0	0	0	0	0	0	0	null	null	0	0	0	0	0	0	0	0	0	0	0	0	null	null	null	0	0	0	0	0	0	0	null	0	0	0	0	0	0	0	null	0	0	0	0	0	0	0	0	0	0	0	0
"00-0039163"	"C.Stroud"	"C.J. Stroud"	"QB"	"QB"	"https://static.www.nfl.com/image/upload/f_auto,q_auto/league/tt4zrtxlhifaljhj0rn7"	2026	1	"REG"	"2026_01_BUF_HOU"	"HOU"	"BUF"	26	38	274	2	0	3	-17	2	2	322	114	11	1.4964428132799918	3.161677476522085	0	0.8509316770186336	10	7	4	0	2	15	0	0	0	1	1.462448277277872	0	1	1	0	0	0	0	0	0	0	0	0	0	0	null	0	0	0	0	0	null	0	0	0	0	0	0	0	0	0	0	0	0	0	0	0	0	0	0	0	0	0	0	0	0	0	0	0	0	0	0	0	0	2	0	0	2	2	0	0	0	0	0	0	0	0	null	null	0	0	0	0	0	0	0	0	0	0	0	0	null	null	null	0	0	0	0	0	0	0	null	0	0	0	0	0	0	0	null	0	0	0	0	0	0	0	0	0	0	16.46	16.46
"00-0039172"	"J.Bates"	"Jake Bates"	"K"	"SPEC"	"https://static.www.nfl.com/image/upload/f_auto,q_auto/league/umhfee7ax7r8gjdt8okb"	2026	1	"REG"	"2026_01_NO_DET"	"DET"	"NO"	0	0	0	0	0	0	0	0	0	0	0	0	null	null	0	null	0	0	0	0	0	0	0	0	0	0	null	0	0	0	0	0	0	0	0	0	0	0	0	0	0	null	0	0	0	0	0	null	0	0	0	0	0	0	0	0	0	0	0	0	0	0	0	0	0	0	0	0	0	0	0	0	0	0	0	0	0	0	1	0	0	0	0	0	0	0	0	0	0	1	1	0	0	23	1	0	1	0	0	0	0	0	0	0	0	0	0	"23"	null	null	23	0	0	4	4	0	0	1	0	0	0	0	0	0	0	null	0	0	0	0	0	0	0	0	0	0	0	0
"00-0039345"	"R.Green"	"Renardo Green"	"CB"	"DB"	"https://static.www.nfl.com/image/upload/f_auto,q_auto/league/g1au1f2gkeo8wbexmvpk"	2026	1	"REG"	"2026_01_SF_LA"	"SF"	"LA"	0	0	0	0	0	0	0	0	0	0	0	0	null	null	0	null	0	0	0	0	0	0	0	0	0	0	null	0	0	0	0	0	0	0	0	0	0	0	0	0	0	null	0	0	0	0	0	null	0	0	0	0	2	0	1	0	0	0	0	0	0	1	0	1	0	0	0	0	0	0	0	0	0	0	0	0	0	0	1	16	0	0	0	0	0	0	0	0	0	0	0	0	0	null	null	0	0	0	0	0	0	0	0	0	0	0	0	null	null	null	0	0	0	0	0	0	0	null	0	0	0	0	0	0	0	null	0	0	0	0	0	0	0	0	0	0	0	0
"00-0039357"	"D.Richardson"	"Decamerion Richardson"	"CB"	"DB"	"https://static.www.nfl.com/image/upload/f_auto,q_auto/league/glaqpoapm3t8ponuj55p"	2026	1	"REG"	"2026_01_NO_DET"	"NO"	"DET"	0	0	0	0	0	0	0	0	0	0	0	0	null	null	0	null	0	0	0	0	0	0	0	0	0	0	null	0	0	0	0	0	0	0	0	0	0	0	0	0	0	null	0	0	0	0	0	null	0	0	0	0	0	0	1	0	0	0	0	0	0	0	0	0	0	0	0	0	0	0	0	0	0	0	0	0	0	0	0	0	0	0	0	0	0	0	0	0	0	0	0	0	0	null	null	0	0	0	0	0	0	0	0	0	0	0	0	null	null	null	0	0	0	0	0	0	0	null	0	0	0	0	0	0	0	null	0	0	0	0	0	0	0	0	0	0	0	0
"00-0039360"	"M.Mustapha"	"Malik Mustapha"	"SAF"	"DB"	"https://static.www.nfl.com/image/upload/f_auto,q_auto/league/pufbixooejmh540h5qhi"	2026	1	"REG"	"2026_01_SF_LA"	"SF"	"LA"	0	0	0	0	0	0	0	0	0	0	0	0	null	null	0	null	0	0	0	0	0	0	0	0	0	0	null	0	0	0	0	0	0	0	0	0	0	0	0	0	0	null	0	0	0	0	0	null	0	0	0	0	2	0	1	0	0	0	0	0	0	0	0	0	0	0	0	0	0	0	0	0	0	0	0	0	0	0	0	0	0	0	0	0	0	0	0	0	0	0	0	0	0	null	null	0	0	0	0	0	0	0	0	0	0	0	0	null	null	null	0	0	0	0	0	0	0	null	0	0	0	0	0	0	0	null	0	0	0	0	0	0	0	0	0	0	0	0
"00-0039364"	"S.Vaki"	"Sione Vaki"	"RB"	"RB"	"https://static.www.nfl.com/image/upload/f_auto,q_auto/league/abqcluf2gbejhiyjjtoz"	2026	1	"REG"	"2026_01_NO_DET"	"DET"	"NO"	0	0	0	0	0	0	0	0	0	0	0	0	null	null	0	null	0	0	0	0	2	7	0	0	0	0	-0.6434926729416475	0	0	0	0	0	1	1	11	0	0	0	2	9	1	0.6287794107338414	0	1	0	0	0	5.5	0.02564102564102564	0.00966183574879227	0.04522482348569305	0	0	0	0	0	0	0	0	0	0	0	0	0	0	0	0	0	0	0	0	0	0	0	0	0	0	0	0	0	0	0	0	0	0	0	0	0	0	0	0	0	0	null	null	0	0	0	0	0	0	0	0	0	0	0	0	null	null	null	0	0	0	0	0	0	0	null	0	0	0	0	0	0	0	null	0	0	0	0	0	0	0	0	0	0	1.8	2.8
"00-0039365"	"J.Cowing"	"Jacob Cowing"	"WR"	"WR"	"https://static.www.nfl.com/image/upload/f_auto,q_auto/league/uarciagmnzmyzs102dv6"	2026	1	"REG"	"2026_01_SF_LA"	"SF"	"LA"	0	0	0	0	0	0	0	0	0	0	0	0	null	null	0	null	0	0	0	0	0	0	0	0	0	0	null	0	0	0	0	0	0	0	0	0	0	0	0	0	0	null	0	0	0	0	0	null	0	0	0	0	0	0	0	0	0	0	0	0	0	0	0	0	0	0	0	0	0	0	0	0	0	0	0	0	0	0	0	0	0	0	0	0	0	2	17	0	0	0	0	0	0	null	null	0	0	0	0	0	0	0	0	0	0	0	0	null	null	null	0	0	0	0	0	0	0	null	0	0	0	0	0	0	0	null	0	0	0	0	0	0	0	0	0	0	0	0
"00-0039366"	"T.Still"	"Tarheeb Still"	"CB"	"DB"	"https://static.www.nfl.com/image/upload/f_auto,q_auto/league/q1y35mhd4laqikbiuq5e"	2026	1	"REG"	"2026_01_ARI_LAC"	"LAC"	"ARI"	0	0	0	0	0	0	0	0	0	0	0	0	null	null	0	null	0	0	0	0	0	0	0	0	0	0	null	0	0	0	0	0	0	0	0	0	0	0	0	0	0	null	0	0	0	0	0	null	0	0	0	0	1	0	2	0	0	0	0	0	0	0	0	0	0	0	0	0	0	0	0	0	0	0	0	0	0	0	0	0	0	0	0	0	0	0	0	0	0	0	0	0	0	null	null	0	0	0	0	0	0	0	0	0	0	0	0	null	null	null	0	0	0	0	0	0	0	null	0	0	0	0	0	0	0	null	0	0	0	0	0	0	0	0	0	0	0	0
"00-0039368"	"J.Magee"	"Jordan Magee"	"LB"	"LB"	"https://static.www.nfl.com/image/upload/f_auto,q_auto/league/smdokbnjckcbpc9yfxwt"	2026	1	"REG"	"2026_01_WAS_PHI"	"WAS"	"PHI"	0	0	0	0	0	0	0	0	0	0	0	0	null	null	0	null	0	0	0	0	0	0	0	0	0	0	null	0	0	0	0	0	0	0	0	0	0	0	0	0	0	null	0	0	0	0	0	null	0	0	0	0	1	0	1	0	0	0	0	0	0	0	0	0	0	0	0	0	0	0	0	0	0	0	0	0	0	0	0	0	0	0	0	0	0	0	0	0	0	0	0	0	0	null	null	0	0	0	0	0	0	0	0	0	0	0	0	null	null	null	0	0	0	0	0	0	0	null	0	0	0	0	0	0	0	null	0	0	0	0	0	0	0	0	0	0	0	0
"00-0039369"	"C.Hart"	"Cam Hart"	"CB"	"DB"	"https://static.www.nfl.com/image/upload/f_auto,q_auto/league/khd8lmp7idmluahgvk3u"	2026	1	"REG"	"2026_01_ARI_LAC"	"LAC"	"ARI"	0	0	0	0	0	0	0	0	0	0	0	0	null	null	0	null	0	0	0	0	0	0	0	0	0	0	null	0	0	0	0	0	0	0	0	0	0	0	0	0	0	null	0	0	0	0	0	null	0	0	0	0	5	0	1	0	0	0	0	0	0	0	0	1	0	0	0	0	0	0	0	0	0	0	0	0	0	0	0	0	0	0	0	0	0	0	0	0	0	0	0	0	0	null	null	0	0	0	0	0	0	0	0	0	0	0	0	null	null	null	0	0	0	0	0	0	0	null	0	0	0	0	0	0	0	null	0	0	0	0	0	0	0	0	0	0	0	0
"00-0039404"	"W.Reichard"	"Will Reichard"	"K"	"SPEC"	"https://static.www.nfl.com/image/upload/f_auto,q_auto/league/wv1h4umuddkfss96uutw"	2026	1	"REG"	"2026_01_GB_MIN"	"MIN"	"GB"	0	0	0	0	0	0	0	0	0	0	0	0	null	null	0	null	0	0	0	0	0	0	0	0	0	0	null	0	0	0	0	0	0	0	0	0	0	0	0	0	0	null	0	0	0	0	0	null	0	0	0	0	0	0	0	0	0	0	0	0	0	0	0	0	0	0	0	0	0	0	0	0	0	0	0	0	0	0	0	0	0	0	0	0	0	0	0	0	0	1	1	0	0	38	1	0	0	1	0	0	0	0	0	0	0	0	0	"38"	null	null	38	0	0	4	4	0	0	1	0	0	0	0	0	0	0	null	0	0	0	0	0	0	0	0	0	0	0	0
"00-0039409"	"C.Little"	"Cam Little"	"K"	"SPEC"	"https://static.www.nfl.com/image/upload/f_auto,q_auto/league/mc9goepr7mglrx6ek1fi"	2026	1	"REG"	"2026_01_CLE_JAX"	"JAX"	"CLE"	0	0	0	0	0	0	0	0	0	0	0	0	null	null	0	null	0	0	0	0	0	0	0	0	0	0	null	0	0	0	0	0	0	0	0	0	0	0	0	0	0	null	0	0	0	0	0	null	0	0	0	0	0	0	0	0	0	0	0	0	0	0	0	0	0	0	0	0	0	0	0	0	0	0	0	0	0	0	0	0	0	0	0	0	0	0	0	0	0	2	2	0	0	47	1	0	0	0	2	0	0	0	0	0	0	0	0	"47;40"	null	null	87	0	0	4	4	0	0	1	0	0	0	0	0	0	0	null	0	0	0	0	0	0	0	0	0	0	0	0
"00-0039412"	"J.Jean-Baptiste"	"Javontae Jean-Baptiste"	"LB"	"LB"	"https://static.www.nfl.com/image/upload/f_auto,q_auto/league/bmal2stgfn8j8hdlrhe4"	2026	1	"REG"	"2026_01_WAS_PHI"	"WAS"	"PHI"	0	0	0	0	0	0	0	0	0	0	0	0	null	null	0	null	0	0	0	0	0	0	0	0	0	0	null	0	0	0	0	0	0	0	0	0	0	0	0	0	0	null	0	0	0	0	0	null	0	0	0	0	0	0	1	0	0	0	0	0	0	0	0	0	0	0	0	0	0	0	0	0	0	0	0	0	0	0	0	0	0	0	0	0	0	0	0	0	0	0	0	0	0	null	null	0	0	0	0	0	0	0	0	0	0	0	0	null	null	null	0	0	0	0	0	0	0	null	0	0	0	0	0	0	0	null	0	0	0	0	0	0	0	0	0	0	0	0
"00-0039424"	"D.Vele"	"Devaughn Vele"	"WR"	"WR"	"https://static.www.nfl.com/image/upload/f_auto,q_auto/league/fa3dwsu8nxzkbf2knczm"	2026	1	"REG"	"2026_01_NO_DET"	"NO"	"DET"	0	0	0	0	0	0	0	0	0	0	0	0	null	null	0	null	0	0	0	0	0	0	0	0	0	0	null	0	0	0	0	0	7	9	69	1	0	0	63	18	3	4.85687719885027	0	2	1	1	0	1.0952380952380953	0.17307692307692307	0.13043478260869565	0.3509197324414715	0	0	0	0	0	0	0	0	0	0	0	0	0	0	0	0	0	0	0	0	0	0	0	0	0	0	0	0	0	0	0	0	0	0	0	0	0	0	0	0	0	0	null	null	0	0	0	0	0	0	0	0	0	0	0	0	null	null	null	0	0	0	0	0	0	0	null	0	0	0	0	0	0	0	null	0	0	0	0	0	0	0	0	0	0	12.9	19.9
"00-0039498"	"H.Mevis"	"Harrison Mevis"	"K"	"SPEC"	"https://static.www.nfl.com/image/upload/f_auto,q_auto/league/yjmtai1e4eqbsw2yk6mh"	2026	1	"REG"	"2026_01_SF_LA"	"LA"	"SF"	0	0	0	0	0	0	0	0	0	0	0	0	null	null	0	null	0	0	0	0	0	0	0	0	0	0	null	0	0	0	0	0	0	0	0	0	0	0	0	0	0	null	0	0	0	0	0	null	0	0	0	0	0	0	0	0	0	0	0	0	0	0	0	0	0	0	0	0	0	0	0	0	0	0	0	0	0	0	0	0	0	0	0	0	0	0	0	0	0	0	0	0	0	null	null	0	0	0	0	0	0	0	0	0	0	0	0	null	null	null	0	0	0	1	1	0	0	1	0	0	0	0	0	0	0	null	0	0	0	0	0	0	0	0	0	0	0	0
"00-0039518"	"T.Welch"	"Treyton Welch"	"TE"	"TE"	"https://static.www.nfl.com/image/upload/f_auto,q_auto/league/rutsetwerjfsym9ohqrs"	2026	1	"REG"	"2026_01_NO_DET"	"NO"	"DET"	0	0	0	0	0	0	0	0	0	0	0	0	null	null	0	null	0	0	0	0	0	0	0	0	0	0	null	0	0	0	0	0	0	0	0	0	0	0	0	0	0	null	0	0	0	0	0	null	0	0	0	0	1	0	0	0	0	0	0	0	0	0	0	0	0	0	0	0	0	0	0	0	0	0	0	0	0	0	0	0	0	0	0	0	0	0	0	0	0	0	0	0	0	null	null	0	0	0	0	0	0	0	0	0	0	0	0	null	null	null	0	0	0	0	0	0	0	null	0	0	0	0	0	0	0	null	0	0	0	0	0	0	0	0	0	0	0	0
"00-0039576"	"S.Shrader"	"Spencer Shrader"	"K"	"SPEC"	"https://static.www.nfl.com/image/upload/f_auto,q_auto/league/upbporhm1frqfpgalfrk"	2026	1	"REG"	"2026_01_BAL_IND"	"IND"	"BAL"	0	0	0	0	0	0	0	0	0	0	0	0	null	null	0	null	0	0	0	0	0	0	0	0	0	0	null	0	0	0	0	0	0	0	0	0	0	0	0	0	0	null	0	0	0	0	0	null	0	0	0	0	0	0	1	0	0	0	0	0	0	0	0	0	0	0	0	0	0	0	0	0	0	0	0	0	0	0	0	0	0	0	0	0	0	0	0	0	0	1	1	0	0	58	1	0	0	0	0	1	0	0	0	0	0	0	0	"58"	null	null	58	0	0	2	3	1	0	0.6666666666666666	0	0	0	0	0	0	0	null	0	0	0	0	0	0	0	0	0	0	0	0
"00-0039622"	"I.Stalbird"	"Isaiah Stalbird"	"LB"	"LB"	"https://static.www.nfl.com/image/upload/f_auto,q_auto/league/g3vz4uuympfirjuvbr2r"	2026	1	"REG"	"2026_01_NO_DET"	"NO"	"DET"	0	0	0	0	0	0	0	0	0	0	0	0	null	null	0	null	0	0	0	0	0	0	0	0	0	0	null	0	0	0	0	0	0	0	0	0	0	0	0	0	0	null	0	0	0	0	0	null	0	0	0	0	2	0	1	0	0	0	0	0	0	0	0	0	0	0	0	0	0	0	0	0	0	0	0	0	0	0	0	0	0	0	0	0	0	0	0	0	0	0	0	0	0	null	null	0	0	0	0	0	0	0	0	0	0	0	0	null	null	null	0	0	0	0	0	0	0	null	0	0	0	0	0	0	0	null	0	0	0	0	0	0	0	0	0	0	0	0
"00-0039660"	"T.Harper"	"Thomas Harper"	"SAF"	"DB"	"https://static.www.nfl.com/image/upload/f_auto,q_auto/league/gndkodhyidctgvcqy1bk"	2026	1	"REG"	"2026_01_NO_DET"	"DET"	"NO"	0	0	0	0	0	0	0	0	0	0	0	0	null	null	0	null	0	0	0	0	0	0	0	0	0	0	null	0	0	0	0	0	0	0	0	0	0	0	0	0	0	null	0	0	0	0	0	null	0	0	0	0	3	0	0	0	0	0	0	0	0	0	0	1	0	0	0	0	0	0	0	0	0	0	0	0	0	0	0	0	0	0	0	0	0	0	0	0	0	0	0	0	0	null	null	0	0	0	0	0	0	0	0	0	0	0	0	null	null	null	0	0	0	0	0	0	0	null	0	0	0	0	0	0	0	null	0	0	0	0	0	0	0	0	0	0	0	0
"00-0039681"	"T.Owens"	"Tyler Owens"	"DB"	"DB"	"https://static.www.nfl.com/image/upload/f_auto,q_auto/league/rxf3jhkiysfn1vi91kvv"	2026	1	"REG"	"2026_01_WAS_PHI"	"WAS"	"PHI"	0	0	0	0	0	0	0	0	0	0	0	0	null	null	0	null	0	0	0	0	0	0	0	0	0	0	null	0	0	0	0	0	0	0	0	0	0	0	0	0	0	null	0	0	0	0	0	null	0	0	0	0	2	0	0	0	0	0	0	0	0	0	0	0	0	0	0	0	0	0	0	0	0	0	0	0	0	0	0	0	0	0	0	0	0	0	0	0	0	0	0	0	0	null	null	0	0	0	0	0	0	0	0	0	0	0	0	null	null	null	0	0	0	0	0	0	0	null	0	0	0	0	0	0	0	null	0	0	0	0	0	0	0	0	0	0	0	0
"00-0039686"	"C.Yankoff"	"Colson Yankoff"	"TE"	"TE"	"https://static.www.nfl.com/image/upload/f_auto,q_auto/league/cgsxdjqy6l2zuqaftbd6"	2026	1	"REG"	"2026_01_WAS_PHI"	"WAS"	"PHI"	0	0	0	0	0	0	0	0	0	0	0	0	null	null	0	null	0	0	0	0	0	0	0	0	0	0	null	0	0	0	0	0	0	0	0	0	0	0	0	0	0	null	0	0	0	0	0	null	0	0	0	0	0	0	1	0	0	0	0	0	0	0	0	0	0	0	0	0	0	0	0	0	0	0	0	0	0	0	0	0	0	0	0	0	0	0	0	0	0	0	0	0	0	null	null	0	0	0	0	0	0	0	0	0	0	0	0	null	null	null	0	0	0	0	0	0	0	null	0	0	0	0	0	0	0	null	0	0	0	0	0	0	0	0	0	0	0	0
"00-0039734"	"B.Fiske"	"Braden Fiske"	"DE"	"DL"	"https://static.www.nfl.com/image/upload/f_auto,q_auto/league/nepcpkxlqw0mvpwrgvh8"	2026	1	"REG"	"2026_01_SF_LA"	"LA"	"SF"	0	0	0	0	0	0	0	0	0	0	0	0	null	null	0	null	0	0	0	0	0	0	0	0	0	0	null	0	0	0	0	0	0	0	0	0	0	0	0	0	0	null	0	0	0	0	0	null	0	0	0	0	1	0	1	0	0	0	0	0	0	0	0	0	0	0	0	0	0	0	0	0	0	0	0	0	0	0	0	0	0	0	0	0	0	0	0	0	0	0	0	0	0	null	null	0	0	0	0	0	0	0	0	0	0	0	0	null	null	null	0	0	0	0	0	0	0	null	0	0	0	0	0	0	0	null	0	0	0	0	0	0	0	0	0	0	0	0
"00-0039738"	"B.Corum"	"Blake Corum"	"RB"	"RB"	"https://static.www.nfl.com/image/upload/f_auto,q_auto/league/axzqbqjkrbwfzodwwakq"	2026	1	"REG"	"2026_01_SF_LA"	"LA"	"SF"	0	0	0	0	0	0	0	0	0	0	0	0	null	null	0	null	0	0	0	0	10	54	0	0	0	2	0.78580237692222	0	2	1	0	0	0	0	0	0	0	0	0	0	0	null	0	0	0	0	0	null	0	0	0	0	0	0	0	0	0	0	0	0	0	0	0	0	0	0	0	0	0	0	0	0	0	0	0	0	0	0	0	0	0	0	0	0	0	0	0	0	0	0	0	0	0	null	null	0	0	0	0	0	0	0	0	0	0	0	0	null	null	null	0	0	0	0	0	0	0	null	0	0	0	0	0	0	0	null	0	0	0	0	0	0	0	0	0	0	5.4	5.4
"00-0039740"	"J.Hunt"	"Jalyx Hunt"	"LB"	"LB"	"https://static.www.nfl.com/image/upload/f_auto,q_auto/league/uymi2mf5vbfkxopurlby"	2026	1	"REG"	"2026_01_WAS_PHI"	"PHI"	"WAS"	0	0	0	0	0	0	0	0	0	0	0	0	null	null	0	null	0	0	0	0	0	0	0	0	0	0	null	0	0	0	0	0	0	0	0	0	0	0	0	0	0	null	0	0	0	0	0	null	0	0	0	0	1	0	2	0	0	0	0	0	0	0	0	0	0	0	0	0	0	0	0	0	0	0	0	0	0	0	0	0	0	0	0	0	0	0	0	0	0	0	0	0	0	null	null	0	0	0	0	0	0	0	0	0	0	0	0	null	null	null	0	0	0	0	0	0	0	null	0	0	0	0	0	0	0	null	0	0	0	0	0	0	0	0	0	0	0	0
"00-0039746"	"W.Shipley"	"Will Shipley"	"RB"	"RB"	"https://static.www.nfl.com/image/upload/f_auto,q_auto/league/pvpaepncsdfgzdubkuhg"	2026	1	"REG"	"2026_01_WAS_PHI"	"PHI"	"WAS"	0	0	0	0	0	0	0	0	0	0	0	0	null	null	0	null	0	0	0	0	2	4	0	0	0	0	-0.8686447269283235	0	0	0	0	0	1	1	8	0	0	0	6	2	0	0.3782890639267862	0	0	0	0	0	1.3333333333333333	0.045454545454545456	0.02666666666666667	0.08684848484848484	0	0	0	1	0	0	0	0	0	0	0	0	0	0	0	0	0	0	0	0	0	0	0	0	0	0	0	0	0	0	0	0	0	0	0	0	1	25	0	0	0	0	null	null	0	0	0	0	0	0	0	0	0	0	0	0	null	null	null	0	0	0	0	0	0	0	null	0	0	0	0	0	0	0	null	0	0	0	0	0	0	0	0	0	0	1.2000000000000002	2.2
"00-0039749"	"T.Davis"	"Tyler Davis"	"DE"	"DL"	"https://static.www.nfl.com/image/upload/f_auto,q_auto/league/ych0dv47y4jomyxybenf"	2026	1	"REG"	"2026_01_SF_LA"	"LA"	"SF"	0	0	0	0	0	0	0	0	0	0	0	0	null	null	0	null	0	0	0	0	0	0	0	0	0	0	null	0	0	0	0	0	0	0	0	0	0	0	0	0	0	null	0	0	0	0	0	null	0	0	0	0	2	0	5	0	0	0	0	0	0	0	0	0	0	0	0	0	0	0	0	0	0	0	0	0	0	0	1	15	0	0	0	0	0	0	0	0	0	0	0	0	0	null	null	0	0	0	0	0	0	0	0	0	0	0	0	null	null	null	0	0	0	0	0	0	0	null	0	0	0	0	0	0	0	null	0	0	0	0	0	0	0	0	0	0	0	0
"00-0039751"	"J.Whittington"	"Jordan Whittington"	"WR"	"WR"	"https://static.www.nfl.com/image/upload/f_auto,q_auto/league/enqcg1lgjkuk0hqz3qjc"	2026	1	"REG"	"2026_01_SF_LA"	"LA"	"SF"	0	0	0	0	0	0	0	0	0	0	0	0	null	null	0	null	0	0	0	0	0	0	0	0	0	0	null	0	0	0	0	0	1	1	8	0	0	0	8	0	0	0.3204024031292647	0	0	0	0	0	1	0.037037037037037035	0.03137254901960784	0.07751633986928104	0	0	0	0	0	0	0	0	0	0	0	0	0	0	0	0	0	0	0	0	0	0	1	0	0	0	0	0	0	1	0	0	1	0	0	0	4	94	0	0	0	0	null	null	0	0	0	0	0	0	0	0	0	0	0	0	null	null	null	0	0	0	0	0	0	0	null	0	0	0	0	0	0	0	null	0	0	0	0	0	0	0	0	0	0	0.8	1.8
"00-0039774"	"O.Speights"	"Omar Speights"	"LB"	"LB"	"https://static.www.nfl.com/image/upload/f_auto,q_auto/league/tbz3cgrfkc8yjsxkjhxe"	2026	1	"REG"	"2026_01_SF_LA"	"LA"	"SF"	0	0	0	0	0	0	0	0	0	0	0	0	null	null	0	null	0	0	0	0	0	0	0	0	0	0	null	0	0	0	0	0	0	0	0	0	0	0	0	0	0	null	0	0	0	0	0	null	0	0	0	0	0	0	2	0	0	0	0	0	0	0	0	1	0	0	0	0	0	0	0	0	0	0	0	0	0	0	0	0	0	0	0	0	0	0	0	0	0	0	0	0	0	null	null	0	0	0	0	0	0	0	0	0	0	0	0	null	null	null	0	0	0	0	0	0	0	null	0	0	0	0	0	0	0	null	0	0	0	0	0	0	0	0	0	0	0	0
"00-0039776"	"J.McCollough"	"Jaylen McCollough"	"SAF"	"DB"	"https://static.www.nfl.com/image/upload/f_auto,q_auto/league/g4k2pwpoyaethnwwerpy"	2026	1	"REG"	"2026_01_SF_LA"	"LA"	"SF"	0	0	0	0	0	0	0	0	0	0	0	0	null	null	0	null	0	0	0	0	0	0	0	0	0	0	null	0	0	0	0	0	0	0	0	0	0	0	0	0	0	null	0	0	0	0	0	null	0	0	0	0	3	0	3	0	0	0	0	0	0	0	0	0	0	0	0	0	0	0	0	0	0	0	0	0	0	0	0	0	0	0	0	0	0	0	0	0	0	0	0	0	0	null	null	0	0	0	0	0	0	0	0	0	0	0	0	null	null	null	0	0	0	0	0	0	0	null	0	0	0	0	0	0	0	null	0	0	0	0	0	0	0	0	0	0	0	0
"00-0039807"	"M.Melton"	"Max Melton"	"CB"	"DB"	"https://static.www.nfl.com/image/upload/f_auto,q_auto/league/xaapgpd73nebdqnztyp1"	2026	1	"REG"	"2026_01_ARI_LAC"	"ARI"	"LAC"	0	0	0	0	0	0	0	0	0	0	0	0	null	null	0	null	0	0	0	0	0	0	0	0	0	0	null	0	0	0	0	0	0	0	0	0	0	0	0	0	0	null	0	0	0	0	0	null	0	0	0	0	0	0	1	0	0	0	0	0	0	0	0	2	0	0	0	0	0	0	0	0	0	0	0	0	0	0	1	48	0	0	0	0	0	0	0	0	0	0	0	0	0	null	null	0	0	0	0	0	0	0	0	0	0	0	0	null	null	null	0	0	0	0	0	0	0	null	0	0	0	0	0	0	0	null	0	0	0	0	0	0	0	0	0	0	0	0
"00-0039826"	"J.Trotter"	"Jeremiah Trotter Jr."	"LB"	"LB"	"https://static.www.nfl.com/image/upload/f_auto,q_auto/league/fbgpf6iqljasd4h1miw2"	2026	1	"REG"	"2026_01_WAS_PHI"	"PHI"	"WAS"	0	0	0	0	0	0	0	0	0	0	0	0	null	null	0	null	0	0	0	0	0	0	0	0	0	0	null	0	0	0	0	0	0	0	0	0	0	0	0	0	0	null	0	0	0	0	0	null	0	0	0	0	2	0	0	0	0	0	0	0	0	0	0	0	0	0	0	0	0	0	0	0	0	0	0	0	0	0	0	0	0	0	0	0	0	0	0	0	0	0	0	0	0	null	null	0	0	0	0	0	0	0	0	0	0	0	0	null	null	null	0	0	0	0	0	0	0	null	0	0	0	0	0	0	0	null	0	0	0	0	0	0	0	0	0	0	0	0
"00-0039834"	"K.Kinchens"	"Kamren Kinchens"	"SAF"	"DB"	"https://static.www.nfl.com/image/upload/f_auto,q_auto/league/fnxdjnzzmmihkv0p2efc"	2026	1	"REG"	"2026_01_SF_LA"	"LA"	"SF"	0	0	0	0	0	0	0	0	0	0	0	0	null	null	0	null	0	0	0	0	0	0	0	0	0	0	null	0	0	0	0	0	0	0	0	0	0	0	0	0	0	null	0	0	0	0	0	null	0	0	0	0	3	0	6	0	0	0	0	0	0	0	0	0	0	0	0	0	0	0	0	0	0	0	0	0	0	0	0	0	0	0	0	0	0	0	0	0	0	0	0	0	0	null	null	0	0	0	0	0	0	0	0	0	0	0	0	null	null	null	0	0	0	0	0	0	0	null	0	0	0	0	0	0	0	null	0	0	0	0	0	0	0	0	0	0	0	0
"00-0039835"	"J.Eboigbe"	"Justin Eboigbe"	"DT"	"DL"	"https://static.www.nfl.com/image/upload/f_auto,q_auto/league/vayynevqkczp1ziitvkm"	2026	1	"REG"	"2026_01_ARI_LAC"	"LAC"	"ARI"	0	0	0	0	0	0	0	0	0	0	0	0	null	null	0	null	0	0	0	0	0	0	0	0	0	0	null	0	0	0	0	0	0	0	0	0	0	0	0	0	0	null	0	0	0	0	0	null	0	0	0	0	1	0	2	0	0	0	0	0	0	0	0	0	0	0	0	0	0	0	0	0	0	0	0	0	0	0	0	0	0	0	0	0	0	0	0	0	0	0	0	0	0	null	null	0	0	0	0	0	0	0	0	0	0	0	0	null	null	null	0	0	0	0	0	0	0	null	0	0	0	0	0	0	0	null	0	0	0	0	0	0	0	0	0	0	0	0
"00-0039841"	"C.DeJean"	"Cooper DeJean"	"CB"	"DB"	"https://static.www.nfl.com/image/upload/f_auto,q_auto/league/aifrssmqxtoiydq9r1uo"	2026	1	"REG"	"2026_01_WAS_PHI"	"PHI"	"WAS"	0	0	0	0	0	0	0	0	0	0	0	0	null	null	0	null	0	0	0	0	0	0	0	0	0	0	null	0	0	0	0	0	0	0	0	0	0	0	0	0	0	null	0	0	0	0	0	null	0	0	0	0	4	0	4	0	0	0	0	0	1	0	0	0	0	0	0	0	0	0	0	0	0	0	0	0	0	0	1	5	0	0	0	0	0	0	0	0	0	0	0	0	0	null	null	0	0	0	0	0	0	0	0	0	0	0	0	null	null	null	0	0	0	0	0	0	0	null	0	0	0	0	0	0	0	null	0	0	0	0	0	0	0	0	0	0	0	0
"00-0039849"	"M.Harrison"	"Marvin Harrison Jr."	"WR"	"WR"	"https://static.www.nfl.com/image/upload/f_auto,q_auto/league/hwpoo1icpnh8emjvqaii"	2026	1	"REG"	"2026_01_ARI_LAC"	"ARI"	"LAC"	0	0	0	0	0	0	0	0	0	0	0	0	null	null	0	null	0	0	0	0	0	0	0	0	0	0	null	0	0	0	0	0	1	3	33	0	0	0	71	5	1	0.8523143185302615	0	1	1	1	0	0.4647887323943662	0.08108108108108109	0.2508833922261484	0.29723999617992547	0	0	0	0	0	0	0	0	0	0	0	0	0	0	0	0	0	0	0	0	0	0	0	0	0	0	0	0	0	0	0	0	0	0	0	0	0	0	0	0	0	0	null	null	0	0	0	0	0	0	0	0	0	0	0	0	null	null	null	0	0	0	0	0	0	0	null	0	0	0	0	0	0	0	null	0	0	0	0	0	0	0	0	0	0	3.3000000000000003	4.300000000000001
"00-0039854"	"D.Robinson"	"Darius Robinson"	"DL"	"DL"	"https://static.www.nfl.com/image/upload/f_auto,q_auto/league/hctx4lm0ru8shpgb4vkc"	2026	1	"REG"	"2026_01_ARI_LAC"	"ARI"	"LAC"	0	0	0	0	0	0	0	0	0	0	0	0	null	null	0	null	0	0	0	0	0	0	0	0	0	0	null	0	0	0	0	0	0	0	0	0	0	0	0	0	0	null	0	0	0	0	0	null	0	0	0	0	0	0	1	0	0	0	0	0	0	0	0	0	0	0	0	0	0	0	0	0	0	0	0	0	0	0	0	0	0	0	0	0	0	0	0	0	0	0	0	0	0	null	null	0	0	0	0	0	0	0	0	0	0	0	0	null	null	null	0	0	0	0	0	0	0	null	0	0	0	0	0	0	0	null	0	0	0	0	0	0	0	0	0	0	0	0
"00-0039860"	"K.McKinstry"	"Kool-Aid McKinstry"	"CB"	"DB"	"https://static.www.nfl.com/image/upload/f_auto,q_auto/league/n0yip0zx9i25jbwugzmo"	2026	1	"REG"	"2026_01_NO_DET"	"NO"	"DET"	0	0	0	0	0	0	0	0	0	0	0	0	null	null	0	null	0	0	0	0	0	0	0	0	0	0	null	0	0	0	0	0	0	0	0	0	0	0	0	0	0	null	0	0	0	0	0	null	0	0	0	0	4	0	3	0	0	0	0	0	0	0	0	1	0	0	0	0	0	0	0	0	0	0	0	0	0	0	0	0	0	0	0	0	0	0	0	0	0	0	0	0	0	null	null	0	0	0	0	0	0	0	0	0	0	0	0	null	null	null	0	0	0	0	0	0	0	null	0	0	0	0	0	0	0	null	0	0	0	0	0	0	0	0	0	0	0	0
"00-0039888"	"Q.Mitchell"	"Quinyon Mitchell"	"CB"	"DB"	"https://static.www.nfl.com/image/upload/f_auto,q_auto/league/hfhzawkrobxrfuohtp50"	2026	1	"REG"	"2026_01_WAS_PHI"	"PHI"	"WAS"	0	0	0	0	0	0	0	0	0	0	0	0	null	null	0	null	0	0	0	0	0	0	0	0	0	0	null	0	0	0	0	0	0	0	0	0	0	0	0	0	0	null	0	0	0	0	0	null	0	0	0	0	2	0	0	0	0	0	0	0	0	0	0	0	0	0	0	0	0	0	0	0	0	0	0	0	0	0	0	0	0	0	0	0	0	0	0	0	0	0	0	0	0	null	null	0	0	0	0	0	0	0	0	0	0	0	0	null	null	null	0	0	0	0	0	0	0	null	0	0	0	0	0	0	0	null	0	0	0	0	0	0	0	0	0	0	0	0
"00-0039897"	"J.Alt"	"Joe Alt"	"OT"	"OL"	"https://static.www.nfl.com/image/upload/f_auto,q_auto/league/hul7ydlbropij2fjhvvy"	2026	1	"REG"	"2026_01_ARI_LAC"	"LAC"	"ARI"	0	0	0	0	0	0	0	0	0	0	0	0	null	null	0	null	0	0	0	0	0	0	0	0	0	0	null	0	0	0	0	0	0	0	0	0	0	0	0	0	0	null	0	0	0	0	0	null	0	0	0	0	0	0	0	0	0	0	0	0	0	0	0	0	0	0	0	0	0	0	0	0	0	0	0	0	0	0	1	5	0	0	0	0	0	0	0	0	0	0	0	0	0	null	null	0	0	0	0	0	0	0	0	0	0	0	0	null	null	null	0	0	0	0	0	0	0	null	0	0	0	0	0	0	0	null	0	0	0	0	0	0	0	0	0	0	0	0
"00-0039898"	"M.Sainristil"	"Mike Sainristil"	"CB"	"DB"	"https://static.www.nfl.com/image/upload/f_auto,q_auto/league/eftoaweovfwayhiyjg6q"	2026	1	"REG"	"2026_01_WAS_PHI"	"WAS"	"PHI"	0	0	0	0	0	0	0	0	0	0	0	0	null	null	0	null	0	0	0	0	0	0	0	0	0	0	null	0	0	0	0	0	0	0	0	0	0	0	0	0	0	null	0	0	0	0	0	null	0	0	0	0	4	0	1	1	1	0	0	0	0	0	0	0	0	0	0	0	0	0	0	0	0	0	0	0	0	0	0	0	0	0	0	0	0	0	0	0	0	0	0	0	0	null	null	0	0	0	0	0	0	0	0	0	0	0	0	null	null	null	0	0	0	0	0	0	0	null	0	0	0	0	0	0	0	null	0	0	0	0	0	0	0	0	0	0	0	0
"00-0039910"	"J.Daniels"	"Jayden Daniels"	"QB"	"QB"	"https://static.www.nfl.com/image/upload/f_auto,q_auto/league/gfz8k5onuqjrche9ogqc"	2026	1	"REG"	"2026_01_WAS_PHI"	"WAS"	"PHI"	18	34	164	2	0	1	-1	0	0	317	71	10	3.9058354551729595	-3.445302772110906	0	0.5173501577287066	8	3	1	0	5	31	0	0	0	1	0.5011246794019826	0	2	2	0	0	0	0	0	0	0	0	0	0	0	null	0	0	0	0	0	null	0	0	0	0	0	0	0	0	0	0	0	0	0	0	0	0	0	0	0	0	0	0	0	0	0	0	0	0	0	0	0	0	0	0	0	0	0	0	0	0	0	0	0	0	0	null	null	0	0	0	0	0	0	0	0	0	0	0	0	null	null	null	0	0	0	0	0	0	0	null	0	0	0	0	0	0	0	null	0	0	0	0	0	0	0	0	0	0	17.66	17.66
"00-0039913"	"B.Coleman"	"Brandon Coleman"	"G"	"OL"	"https://static.www.nfl.com/image/upload/f_auto,q_auto/league/knxy90rm9gohdrwufodf"	2026	1	"REG"	"2026_01_WAS_PHI"	"WAS"	"PHI"	0	0	0	0	0	0	0	0	0	0	0	0	null	null	0	null	0	0	0	0	0	0	0	0	0	0	null	0	0	0	0	0	0	0	0	0	0	0	0	0	0	null	0	0	0	0	0	null	0	0	0	0	0	0	0	0	0	0	0	0	0	0	0	0	0	0	0	0	0	0	0	0	0	0	0	0	0	0	1	5	0	0	0	0	0	0	0	0	0	0	0	0	0	null	null	0	0	0	0	0	0	0	0	0	0	0	0	null	null	null	0	0	0	0	0	0	0	null	0	0	0	0	0	0	0	null	0	0	0	0	0	0	0	0	0	0	0	0
"00-0039915"	"L.McConkey"	"Ladd McConkey"	"WR"	"WR"	"https://static.www.nfl.com/image/upload/f_auto,q_auto/league/q2sk7yforrkiusvruo1o"	2026	1	"REG"	"2026_01_ARI_LAC"	"LAC"	"ARI"	0	0	0	0	0	0	0	0	0	0	0	0	null	null	0	null	0	0	0	0	0	0	0	0	0	0	null	0	0	0	0	0	5	7	82	1	0	0	97	9	5	6.784976416907739	0	4	3	1	0	0.845360824742268	0.25925925925925924	0.3553113553113553	0.6376068376068376	0	0	0	0	0	0	0	0	0	0	0	0	0	0	0	0	0	0	0	0	0	0	0	0	0	0	0	0	0	0	0	0	0	0	0	0	0	0	0	0	0	0	null	null	0	0	0	0	0	0	0	0	0	0	0	0	null	null	null	0	0	0	0	0	0	0	null	0	0	0	0	0	0	0	null	0	0	0	0	0	0	0	0	0	0	14.200000000000001	19.200000000000003
"00-0040013"	"S.Mondon"	"Smael Mondon Jr."	"LB"	"LB"	"https://static.www.nfl.com/image/upload/f_auto,q_auto/league/tbyyduioarpumchzmfdj"	2026	1	"REG"	"2026_01_WAS_PHI"	"PHI"	"WAS"	0	0	0	0	0	0	0	0	0	0	0	0	null	null	0	null	0	0	0	0	0	0	0	0	0	0	null	0	0	0	0	0	0	0	0	0	0	0	0	0	0	null	0	0	0	0	0	null	0	0	0	0	0	0	2	0	0	0	0	0	0	0	0	0	0	0	0	0	0	0	0	0	0	0	0	0	0	0	0	0	0	0	0	0	0	0	0	0	0	0	0	0	0	null	null	0	0	0	0	0	0	0	0	0	0	0	0	null	null	null	0	0	0	0	0	0	0	null	0	0	0	0	0	0	0	null	0	0	0	0	0	0	0	0	0	0	0	0
"00-0040024"	"D.Cooper"	"Darius Cooper"	"WR"	"WR"	"https://static.www.nfl.com/image/upload/f_auto,q_auto/league/pe71oe4eoyyfnq80fkxc"	2026	1	"REG"	"2026_01_WAS_PHI"	"PHI"	"WAS"	0	0	0	0	0	0	0	0	0	0	0	0	null	null	0	null	0	0	0	0	0	0	0	0	0	0	null	0	0	0	0	0	0	0	0	0	0	0	0	0	0	null	0	0	0	0	0	null	0	0	0	0	3	0	1	0	0	0	0	0	0	0	0	0	0	0	0	0	0	0	0	0	0	0	0	0	0	0	0	0	0	0	0	0	0	0	0	0	0	0	0	0	0	null	null	0	0	0	0	0	0	0	0	0	0	0	0	null	null	null	0	0	0	0	0	0	0	null	0	0	0	0	0	0	0	null	0	0	0	0	0	0	0	0	0	0	0	0
"00-0040074"	"T.Loop"	"Tyler Loop"	"K"	"SPEC"	"https://static.www.nfl.com/image/upload/f_auto,q_auto/league/kbwixtntqevptepedhll"	2026	1	"REG"	"2026_01_BAL_IND"	"BAL"	"IND"	0	0	0	0	0	0	0	0	0	0	0	0	null	null	0	null	0	0	0	0	0	0	0	0	0	0	null	0	0	0	0	0	0	0	0	0	0	0	0	0	0	null	0	0	0	0	0	null	0	0	0	0	1	0	0	0	0	0	0	0	0	0	0	0	0	0	0	0	0	0	0	0	0	0	0	0	0	0	0	0	0	0	0	0	0	0	0	0	0	2	2	0	0	57	1	0	0	0	1	1	0	0	0	0	0	0	0	"57;45"	null	null	102	0	0	5	5	0	0	1	0	0	0	0	0	0	0	null	0	0	0	0	0	0	0	0	0	0	0	0
"00-0040137"	"J.Burch"	"Jordan Burch"	"LB"	"LB"	"https://static.www.nfl.com/image/upload/f_auto,q_auto/league/e1l9bvbtlmy2ea7izknj"	2026	1	"REG"	"2026_01_ARI_LAC"	"ARI"	"LAC"	0	0	0	0	0	0	0	0	0	0	0	0	null	null	0	null	0	0	0	0	0	0	0	0	0	0	null	0	0	0	0	0	0	0	0	0	0	0	0	0	0	null	0	0	0	0	0	null	0	0	0	0	3	0	0	1	4	0	1	4	1	0	0	0	0	0	0	0	0	0	0	0	0	0	0	0	0	0	0	0	0	0	0	0	0	0	0	0	0	0	0	0	0	null	null	0	0	0	0	0	0	0	0	0	0	0	0	null	null	null	0	0	0	0	0	0	0	null	0	0	0	0	0	0	0	null	0	0	0	0	0	0	0	0	0	0	0	0
"00-0040144"	"J.Caldwell"	"Jamaree Caldwell"	"DT"	"DL"	"https://static.www.nfl.com/image/upload/f_auto,q_auto/league/o6zilnte5jibvs84wshv"	2026	1	"REG"	"2026_01_ARI_LAC"	"LAC"	"ARI"	0	0	0	0	0	0	0	0	0	0	0	0	null	null	0	null	0	0	0	0	0	0	0	0	0	0	null	0	0	0	0	0	0	0	0	0	0	0	0	0	0	null	0	0	0	0	0	null	0	0	0	0	3	0	2	0	0	0	0	0	1	0	0	0	0	0	0	0	0	0	0	0	0	0	0	0	0	0	0	0	0	0	0	0	0	0	0	0	0	0	0	0	0	null	null	0	0	0	0	0	0	0	0	0	0	0	0	null	null	null	0	0	0	0	0	0	0	null	0	0	0	0	0	0	0	null	0	0	0	0	0	0	0	0	0	0	0	0
"00-0040152"	"U.Stout"	"Upton Stout"	"CB"	"DB"	"https://static.www.nfl.com/image/upload/f_auto,q_auto/league/k5fypo0f9ctrs9dfvcyw"	2026	1	"REG"	"2026_01_SF_LA"	"SF"	"LA"	0	0	0	0	0	0	0	0	0	0	0	0	null	null	0	null	0	0	0	0	0	0	0	0	0	0	null	0	0	0	0	0	0	0	0	0	0	0	0	0	0	null	0	0	0	0	0	null	0	0	0	0	2	0	0	0	0	0	0	0	1	0	0	0	0	0	0	0	0	0	0	0	0	0	0	0	0	0	0	0	0	0	0	0	0	0	0	0	0	0	0	0	0	null	null	0	0	0	0	0	0	0	0	0	0	0	0	null	null	null	0	0	0	0	0	0	0	null	0	0	0	0	0	0	0	null	0	0	0	0	0	0	0	0	0	0	0	0
"00-0040155"	"D.Stutsman"	"Danny Stutsman"	"LB"	"LB"	"https://static.www.nfl.com/image/upload/f_auto,q_auto/league/zgjiw9cotus8gjlvspx2"	2026	1	"REG"	"2026_01_NO_DET"	"NO"	"DET"	0	0	0	0	0	0	0	0	0	0	0	0	null	null	0	null	0	0	0	0	0	0	0	0	0	0	null	0	0	0	0	0	0	0	0	0	0	0	0	0	0	null	0	0	0	0	0	null	0	0	0	0	3	0	3	0	0	0	0	0	0	0	0	0	0	0	0	0	0	0	0	0	0	0	0	0	0	0	0	0	0	0	0	0	0	0	0	0	0	0	0	0	0	null	null	0	0	0	0	0	0	0	0	0	0	0	0	null	null	null	0	0	0	0	0	0	0	null	0	0	0	0	0	0	0	null	0	0	0	0	0	0	0	0	0	0	0	0
"00-0040164"	"J.Lane"	"Jaylin Lane"	"WR"	"WR"	"https://static.www.nfl.com/image/upload/f_auto,q_auto/league/fa5ufxqxs3hzioih3cfb"	2026	1	"REG"	"2026_01_WAS_PHI"	"WAS"	"PHI"	0	0	0	0	0	0	0	0	0	0	0	0	null	null	0	null	0	0	0	0	0	0	0	0	0	0	null	0	0	0	0	0	1	1	4	0	0	0	4	0	0	-0.7973416387103498	0	0	0	0	0	1	0.034482758620689655	0.012618296529968454	0.0605569455020124	0	0	0	0	0	0	0	0	0	0	0	0	0	0	0	0	0	0	0	0	0	0	0	0	0	0	0	0	0	0	0	0	0	0	4	53	3	95	0	0	0	0	null	null	0	0	0	0	0	0	0	0	0	0	0	0	null	null	null	0	0	0	0	0	0	0	null	0	0	0	0	0	0	0	null	0	0	0	0	0	0	0	0	0	0	0.4	1.4
"00-0040166"	"Q.Riley"	"Quincy Riley"	"CB"	"DB"	"https://static.www.nfl.com/image/upload/f_auto,q_auto/league/q4qlahpfgvbren4xt0pj"	2026	1	"REG"	"2026_01_NO_DET"	"NO"	"DET"	0	0	0	0	0	0	0	0	0	0	0	0	null	null	0	null	0	0	0	0	0	0	0	0	0	0	null	0	0	0	0	0	0	0	0	0	0	0	0	0	0	null	0	0	0	0	0	null	0	0	0	0	2	0	1	0	0	0	0	0	0	0	0	1	0	0	0	0	0	0	0	0	0	0	0	0	0	0	1	14	0	0	0	0	0	0	0	0	0	0	0	0	0	null	null	0	0	0	0	0	0	0	0	0	0	0	0	null	null	null	0	0	0	0	0	0	0	null	0	0	0	0	0	0	0	null	0	0	0	0	0	0	0	0	0	0	0	0
"00-0040185"	"M.Sigle"	"Marques Sigle"	"SAF"	"DB"	"https://static.www.nfl.com/image/upload/f_auto,q_auto/league/cr3ojzklas5uqwc2vbfh"	2026	1	"REG"	"2026_01_SF_LA"	"SF"	"LA"	0	0	0	0	0	0	0	0	0	0	0	0	null	null	0	null	0	0	0	0	0	0	0	0	0	0	null	0	0	0	0	0	0	0	0	0	0	0	0	0	0	null	0	0	0	0	0	null	0	0	0	0	4	0	5	0	0	0	0	0	0	0	0	0	0	0	0	0	0	0	0	0	0	0	0	0	0	0	0	0	0	0	0	0	0	0	0	0	0	0	0	0	0	null	null	0	0	0	0	0	0	0	0	0	0	0	0	null	null	null	0	0	0	0	0	0	0	null	0	0	0	0	0	0	0	null	0	0	0	0	0	0	0	0	0	0	0	0
"00-0040189"	"O.Gadsden"	"Oronde Gadsden II"	"TE"	"TE"	"https://static.www.nfl.com/image/upload/f_auto,q_auto/league/r8b4oghjwhw8x9nv1wbs"	2026	1	"REG"	"2026_01_ARI_LAC"	"LAC"	"ARI"	0	0	0	0	0	0	0	0	0	0	0	0	null	null	0	null	0	0	0	0	0	0	0	0	0	0	null	0	0	0	0	0	2	2	32	0	0	0	7	25	1	0.3425621544593014	0	1	1	1	0	4.571428571428571	0.07407407407407407	0.02564102564102564	0.12905982905982905	0	0	0	0	0	0	0	0	0	0	0	0	0	0	0	0	0	0	0	0	0	0	0	0	0	0	0	0	0	0	0	0	0	0	0	0	0	0	0	0	0	0	null	null	0	0	0	0	0	0	0	0	0	0	0	0	null	null	null	0	0	0	0	0	0	0	null	0	0	0	0	0	0	0	null	0	0	0	0	0	0	0	0	0	0	3.2	5.2
"00-0040195"	"D.Burke"	"Denzel Burke"	"CB"	"DB"	"https://static.www.nfl.com/image/upload/f_auto,q_auto/league/ertjghbr5dldlhzml7jh"	2026	1	"REG"	"2026_01_ARI_LAC"	"ARI"	"LAC"	0	0	0	0	0	0	0	0	0	0	0	0	null	null	0	null	0	0	0	0	0	0	0	0	0	0	null	0	0	0	0	0	0	0	0	0	0	0	0	0	0	null	0	0	0	0	0	null	0	0	0	0	4	0	0	0	0	0	0	0	0	0	0	0	0	0	0	0	0	0	0	0	0	0	0	0	0	0	1	24	0	0	0	0	0	0	0	0	0	0	0	0	0	null	null	0	0	0	0	0	0	0	0	0	0	0	0	null	null	null	0	0	0	0	0	0	0	null	0	0	0	0	0	0	0	null	0	0	0	0	0	0	0	0	0	0	0	0
"00-0040200"	"A.Borregales"	"Andy Borregales"	"K"	"SPEC"	"https://static.www.nfl.com/image/upload/f_auto,q_auto/league/x2fxn5qf6zkgmvedjpys"	2026	1	"REG"	"2026_01_NE_SEA"	"NE"	"SEA"	0	0	0	0	0	0	0	0	0	0	0	0	null	null	0	null	0	0	0	0	0	0	0	0	0	0	null	0	0	0	0	0	0	0	0	0	0	0	0	0	0	null	0	0	0	0	0	null	0	0	0	0	0	0	0	0	0	0	0	0	0	0	0	0	0	0	0	0	0	0	0	0	0	0	0	0	0	0	0	0	0	0	0	0	0	0	0	0	0	1	1	0	0	50	1	0	0	0	0	1	0	0	0	0	0	0	0	"50"	null	null	50	0	0	1	1	0	0	1	0	0	0	0	0	0	0	null	0	0	0	0	0	0	0	0	0	0	0	0
"00-0040216"	"K.Medrano"	"Kain Medrano"	"LB"	"LB"	"https://static.www.nfl.com/image/upload/f_auto,q_auto/league/xdizkco6f8wg8jxsgy9j"	2026	1	"REG"	"2026_01_WAS_PHI"	"WAS"	"PHI"	0	0	0	0	0	0	0	0	0	0	0	0	null	null	0	null	0	0	0	0	0	0	0	0	0	0	null	0	0	0	0	0	0	0	0	0	0	0	0	0	0	null	0	0	0	0	0	null	0	0	0	0	1	0	0	0	0	0	0	0	0	0	0	0	0	0	0	0	0	0	0	0	0	0	0	0	0	0	0	0	0	0	0	0	0	0	0	0	0	0	0	0	0	null	null	0	0	0	0	0	0	0	0	0	0	0	0	null	null	null	0	0	0	0	0	0	0	null	0	0	0	0	0	0	0	null	0	0	0	0	0	0	0	0	0	0	0	0
"00-0040230"	"K.Crawford"	"Kitan Crawford"	"SAF"	"DB"	"https://static.www.nfl.com/image/upload/f_auto,q_auto/league/puy0uqictbwcojpkmmrr"	2026	1	"REG"	"2026_01_ARI_LAC"	"ARI"	"LAC"	0	0	0	0	0	0	0	0	0	0	0	0	null	null	0	null	0	0	0	0	0	0	0	0	0	0	null	0	0	0	0	0	0	0	0	0	0	0	0	0	0	null	0	0	0	0	0	null	0	0	0	0	2	0	1	0	0	0	0	0	0	0	0	0	0	0	0	0	0	0	0	0	0	0	0	0	0	0	0	0	0	0	0	0	0	0	0	0	0	0	0	0	0	null	null	0	0	0	0	0	0	0	0	0	0	0	0	null	null	null	0	0	0	0	0	0	0	null	0	0	0	0	0	0	0	null	0	0	0	0	0	0	0	0	0	0	0	0
"00-0040242"	"J.Croskey-Merritt"	"Jacory Croskey-Merritt"	"RB"	"RB"	"https://static.www.nfl.com/image/upload/f_auto,q_auto/league/qew4qhlj4yuf50voko61"	2026	1	"REG"	"2026_01_WAS_PHI"	"WAS"	"PHI"	0	0	0	0	0	0	0	0	0	0	0	0	null	null	0	null	0	0	0	0	16	63	1	1	0	7	2.26378970494261	0	2	0	0	0	1	1	-7	0	0	0	-7	0	0	-1.34161964408122	0	0	0	0	0	1	0.034482758620689655	-0.022082018927444796	0.036266724681823126	0	0	0	0	0	0	0	0	0	0	0	0	0	0	0	0	0	0	0	0	0	0	0	0	0	0	0	1	10	1	0	0	1	0	0	0	0	0	0	0	0	0	null	null	0	0	0	0	0	0	0	0	0	0	0	0	null	null	null	0	0	0	0	0	0	0	null	0	0	0	0	0	0	0	null	0	0	0	0	0	0	0	0	0	0	11.600000000000001	12.600000000000001
"00-0040279"	"R.Fitzgerald"	"Ryan Fitzgerald"	"K"	"SPEC"	"https://static.www.nfl.com/image/upload/f_auto,q_auto/league/giy8qnq6njxzwtqvqdsm"	2026	1	"REG"	"2026_01_CHI_CAR"	"CAR"	"CHI"	0	0	0	0	0	0	0	0	0	0	0	0	null	null	0	null	0	0	0	0	0	0	0	0	0	0	null	0	0	0	0	0	0	0	0	0	0	0	0	0	0	null	0	0	0	0	0	null	0	0	0	0	0	0	0	0	0	0	0	0	0	0	0	0	0	0	0	0	0	0	0	0	0	0	0	0	0	0	0	0	0	0	0	0	0	0	0	0	0	1	1	0	0	44	1	0	0	0	1	0	0	0	0	0	0	0	0	"44"	null	null	44	0	0	4	5	0	1	0.8	0	0	0	0	0	0	0	null	0	0	0	0	0	0	0	0	0	0	0	0
"00-0040580"	"J.Stewart"	"Josaiah Stewart"	"LB"	"LB"	"https://static.www.nfl.com/image/upload/f_auto,q_auto/league/epzy8ucs3mt2qgxhuolw"	2026	1	"REG"	"2026_01_SF_LA"	"LA"	"SF"	0	0	0	0	0	0	0	0	0	0	0	0	null	null	0	null	0	0	0	0	0	0	0	0	0	0	null	0	0	0	0	0	0	0	0	0	0	0	0	0	0	null	0	0	0	0	0	null	0	0	0	0	2	0	4	0	0	0	0	0	1	0	0	0	0	0	0	0	0	0	0	0	0	0	0	0	0	0	0	0	0	0	0	0	0	0	0	0	0	0	0	0	0	null	null	0	0	0	0	0	0	0	0	0	0	0	0	null	null	null	0	0	0	0	0	0	0	null	0	0	0	0	0	0	0	null	0	0	0	0	0	0	0	0	0	0	0	0
"00-0040585"	"T.Hamilton"	"Ty Hamilton"	"DT"	"DL"	"https://static.www.nfl.com/image/upload/f_auto,q_auto/league/gtriftz4gtmqpetxqp9o"	2026	1	"REG"	"2026_01_SF_LA"	"LA"	"SF"	0	0	0	0	0	0	0	0	0	0	0	0	null	null	0	null	0	0	0	0	0	0	0	0	0	0	null	0	0	0	0	0	0	0	0	0	0	0	0	0	0	null	0	0	0	0	0	null	0	0	0	0	0	0	1	0	0	0	0	0	0	0	0	0	0	0	0	0	0	0	0	0	0	0	0	0	0	0	0	0	0	0	0	0	0	0	0	0	0	0	0	0	0	null	null	0	0	0	0	0	0	0	0	0	0	0	0	null	null	null	0	0	0	0	0	0	0	null	0	0	0	0	0	0	0	null	0	0	0	0	0	0	0	0	0	0	0	0
"00-0040590"	"K.Mumpfield"	"Konata Mumpfield"	"WR"	"WR"	"https://static.www.nfl.com/image/upload/f_auto,q_auto/league/cehkowkvb4aujslmppbj"	2026	1	"REG"	"2026_01_SF_LA"	"LA"	"SF"	0	0	0	0	0	0	0	0	0	0	0	0	null	null	0	null	0	0	0	0	0	0	0	0	0	0	null	0	0	0	0	0	0	1	0	0	0	0	13	0	0	-0.5682244965573773	0	0	0	0	0	0	0.037037037037037035	0.050980392156862744	0.09124183006535946	0	0	0	0	0	0	0	0	0	0	0	0	0	0	0	0	0	0	0	0	0	0	0	0	0	0	0	0	0	0	0	0	0	0	0	0	0	0	0	0	0	0	null	null	0	0	0	0	0	0	0	0	0	0	0	0	null	null	null	0	0	0	0	0	0	0	null	0	0	0	0	0	0	0	null	0	0	0	0	0	0	0	0	0	0	0	0
"00-0040613"	"S.Dolac"	"Shaun Dolac"	"LB"	"LB"	"https://static.www.nfl.com/image/upload/f_auto,q_auto/league/hqgtyx8usody1lywex4a"	2026	1	"REG"	"2026_01_SF_LA"	"LA"	"SF"	0	0	0	0	0	0	0	0	0	0	0	0	null	null	0	null	0	0	0	0	0	0	0	0	0	0	null	0	0	0	0	0	0	0	0	0	0	0	0	0	0	null	0	0	0	0	0	null	0	0	0	0	3	0	3	0	0	0	0	0	0	0	0	0	0	0	0	0	0	0	0	0	0	0	0	0	0	0	0	0	0	0	0	0	0	0	0	0	0	0	0	0	0	null	null	0	0	0	0	0	0	0	0	0	0	0	0	null	null	null	0	0	0	0	0	0	0	null	0	0	0	0	0	0	0	null	0	0	0	0	0	0	0	0	0	0	0	0
"00-0040642"	"V.Broughton"	"Vernon Broughton"	"DT"	"DL"	"https://static.www.nfl.com/image/upload/f_auto,q_auto/league/jij1yqsdhelakkptqz9k"	2026	1	"REG"	"2026_01_NO_DET"	"NO"	"DET"	0	0	0	0	0	0	0	0	0	0	0	0	null	null	0	null	0	0	0	0	0	0	0	0	0	0	null	0	0	0	0	0	0	0	0	0	0	0	0	0	0	null	0	0	0	0	0	null	0	0	0	0	1	0	2	0	0	1	0	0	2	0	0	0	0	0	0	0	0	0	0	0	0	0	0	1	0	0	0	0	0	0	0	0	0	0	0	0	0	0	0	0	0	null	null	0	0	0	0	0	0	0	0	0	0	0	0	null	null	null	0	0	0	0	0	0	0	null	0	0	0	0	0	0	0	null	0	0	0	0	0	0	0	0	0	0	0	0
"00-0040643"	"J.Sanker"	"Jonas Sanker"	"SAF"	"DB"	"https://static.www.nfl.com/image/upload/f_auto,q_auto/league/pq0uzqjisndztl1ru3oa"	2026	1	"REG"	"2026_01_NO_DET"	"NO"	"DET"	0	0	0	0	0	0	0	0	0	0	0	0	null	null	0	null	0	0	0	0	0	0	0	0	0	0	null	0	0	0	0	0	0	0	0	0	0	0	0	0	0	null	0	0	0	0	0	null	0	0	0	0	7	0	3	1	1	0	0	0	0	0	0	0	0	0	0	0	0	0	0	0	0	0	0	0	0	0	0	0	0	0	0	0	0	0	0	0	0	0	0	0	0	null	null	0	0	0	0	0	0	0	0	0	0	0	0	null	null	null	0	0	0	0	0	0	0	null	0	0	0	0	0	0	0	null	0	0	0	0	0	0	0	0	0	0	0	0
"00-0040666"	"O.Hampton"	"Omarion Hampton"	"RB"	"RB"	"https://static.www.nfl.com/image/upload/f_auto,q_auto/league/lf2jxvxnbexlinoydbej"	2026	1	"REG"	"2026_01_ARI_LAC"	"LAC"	"ARI"	0	0	0	0	0	0	0	0	0	0	0	0	null	null	0	null	0	0	0	0	12	43	1	1	1	5	-4.620024035684764	0	1	1	0	0	0	0	0	0	0	0	0	0	0	null	0	0	0	0	0	null	0	0	0	0	0	0	0	0	0	0	0	0	0	0	0	0	0	0	0	0	0	0	0	0	0	0	0	0	0	0	0	0	1	0	0	1	1	0	0	0	0	0	0	0	0	null	null	0	0	0	0	0	0	0	0	0	0	0	0	null	null	null	0	0	0	0	0	0	0	null	0	0	0	0	0	0	0	null	0	0	0	0	0	0	0	0	0	0	8.3	8.3
"00-0040669"	"I.TeSlaa"	"Isaac TeSlaa"	"WR"	"WR"	"https://static.www.nfl.com/image/upload/f_auto,q_auto/league/ducfhbiy2a8loytcjymn"	2026	1	"REG"	"2026_01_NO_DET"	"DET"	"NO"	0	0	0	0	0	0	0	0	0	0	0	0	null	null	0	null	0	0	0	0	0	0	0	0	0	0	null	0	0	0	0	0	0	1	0	0	0	0	3	0	0	-0.5716870557516813	0	0	0	0	0	0	0.02564102564102564	0.014492753623188406	0.04860646599777035	0	0	0	0	0	0	0	0	0	0	0	0	0	0	0	0	0	0	0	0	0	0	0	0	0	0	0	0	0	0	0	0	0	0	0	0	0	0	0	0	0	0	null	null	0	0	0	0	0	0	0	0	0	0	0	0	null	null	null	0	0	0	0	0	0	0	null	0	0	0	0	0	0	0	null	0	0	0	0	0	0	0	0	0	0	0	0
"00-0040672"	"T.Williams"	"Tyleik Williams"	"DT"	"DL"	"https://static.www.nfl.com/image/upload/f_auto,q_auto/league/emppyzljgfew4i1qmdhb"	2026	1	"REG"	"2026_01_NO_DET"	"DET"	"NO"	0	0	0	0	0	0	0	0	0	0	0	0	null	null	0	null	0	0	0	0	0	0	0	0	0	0	null	0	0	0	0	0	0	0	0	0	0	0	0	0	0	null	0	0	0	0	0	null	0	0	0	0	1	0	2	0	0	0	0	0	0	0	0	0	0	0	0	0	0	0	0	0	0	0	0	0	0	0	0	0	0	0	0	0	0	0	0	0	0	0	0	0	0	null	null	0	0	0	0	0	0	0	0	0	0	0	0	null	null	null	0	0	0	0	0	0	0	null	0	0	0	0	0	0	0	null	0	0	0	0	0	0	0	0	0	0	0	0
"00-0040686"	"J.Conerly"	"Josh Conerly Jr."	"OT"	"OL"	"https://static.www.nfl.com/image/upload/f_auto,q_auto/league/q9vrq43u3qh6nw3rcajo"	2026	1	"REG"	"2026_01_WAS_PHI"	"WAS"	"PHI"	0	0	0	0	0	0	0	0	0	0	0	0	null	null	0	null	0	0	0	0	0	0	0	0	0	0	null	0	0	0	0	0	0	0	0	0	0	0	0	0	0	null	0	0	0	0	0	null	0	0	0	0	0	0	0	0	0	0	0	0	0	0	0	0	0	0	0	0	0	0	0	0	0	1	0	0	0	0	1	5	0	0	0	0	0	0	0	0	0	0	0	0	0	null	null	0	0	0	0	0	0	0	0	0	0	0	0	null	null	null	0	0	0	0	0	0	0	null	0	0	0	0	0	0	0	null	0	0	0	0	0	0	0	0	0	0	0	0
"00-0040706"	"W.Nolen"	"Walter Nolen"	"DT"	"DL"	"https://static.www.nfl.com/image/upload/f_auto,q_auto/league/jr8karjanloyyas4erxt"	2026	1	"REG"	"2026_01_ARI_LAC"	"ARI"	"LAC"	0	0	0	0	0	0	0	0	0	0	0	0	null	null	0	null	0	0	0	0	0	0	0	0	0	0	null	0	0	0	0	0	0	0	0	0	0	0	0	0	0	null	0	0	0	0	0	null	0	0	0	0	0	0	1	0	0	0	0	0	0	0	0	0	0	0	0	0	0	0	0	0	0	0	0	0	0	0	0	0	0	0	0	0	0	0	0	0	0	0	0	0	0	null	null	0	0	0	0	0	0	0	0	0	0	0	0	null	null	null	0	0	0	0	0	0	0	null	0	0	0	0	0	0	0	null	0	0	0	0	0	0	0	0	0	0	0	0
"00-0040708"	"J.Campbell"	"Jihaad Campbell"	"LB"	"LB"	"https://static.www.nfl.com/image/upload/f_auto,q_auto/league/njvl2eabvfekcqqa4jmq"	2026	1	"REG"	"2026_01_WAS_PHI"	"PHI"	"WAS"	0	0	0	0	0	0	0	0	0	0	0	0	null	null	0	null	0	0	0	0	0	0	0	0	0	0	null	0	0	0	0	0	0	0	0	0	0	0	0	0	0	null	0	0	0	0	0	null	0	0	0	0	5	0	4	1	1	0	1	1	1	0	0	0	0	0	0	0	0	0	0	0	0	0	0	0	0	0	0	0	0	0	0	0	0	0	0	0	0	0	0	0	0	null	null	0	0	0	0	0	0	0	0	0	0	0	0	null	null	null	0	0	0	0	0	0	0	null	0	0	0	0	0	0	0	null	0	0	0	0	0	0	0	0	0	0	0	0
"00-0040711"	"C.West"	"C.J. West"	"DT"	"DL"	"https://static.www.nfl.com/image/upload/f_auto,q_auto/league/tf5wceyqvcyapj2owfcm"	2026	1	"REG"	"2026_01_SF_LA"	"SF"	"LA"	0	0	0	0	0	0	0	0	0	0	0	0	null	null	0	null	0	0	0	0	0	0	0	0	0	0	null	0	0	0	0	0	0	0	0	0	0	0	0	0	0	null	0	0	0	0	0	null	0	0	0	0	1	0	1	0	0	0	0	0	1	0	0	0	0	0	0	0	0	0	0	0	0	0	0	0	0	0	0	0	0	0	0	0	0	0	0	0	0	0	0	0	0	null	null	0	0	0	0	0	0	0	0	0	0	0	0	null	null	null	0	0	0	0	0	0	0	null	0	0	0	0	0	0	0	null	0	0	0	0	0	0	0	0	0	0	0	0
"00-0040727"	"T.Harris"	"Tre Harris"	"WR"	"WR"	"https://static.www.nfl.com/image/upload/f_auto,q_auto/league/v5ofh8jggzo8rygtpwl7"	2026	1	"REG"	"2026_01_ARI_LAC"	"LAC"	"ARI"	0	0	0	0	0	0	0	0	0	0	0	0	null	null	0	null	0	0	0	0	0	0	0	0	0	0	null	0	0	0	0	0	3	6	20	0	0	0	47	9	0	-3.3493521531345323	0	1	0	0	0	0.425531914893617	0.2222222222222222	0.17216117216117216	0.4538461538461538	0	0	0	0	0	0	0	0	0	0	0	0	0	0	0	0	0	0	0	0	0	0	0	0	0	0	0	0	0	0	0	0	0	0	0	0	0	0	0	0	0	0	null	null	0	0	0	0	0	0	0	0	0	0	0	0	null	null	null	0	0	0	0	0	0	0	null	0	0	0	0	0	0	0	null	0	0	0	0	0	0	0	0	0	0	2	5
"00-0040728"	"T.Ratledge"	"Tate Ratledge"	"G"	"OL"	"https://static.www.nfl.com/image/upload/f_auto,q_auto/league/oqps48sgef7jgn67tvzf"	2026	1	"REG"	"2026_01_NO_DET"	"DET"	"NO"	0	0	0	0	0	0	0	0	0	0	0	0	null	null	0	null	0	0	0	0	0	0	0	0	0	0	null	0	0	0	0	0	0	0	0	0	0	0	0	0	0	null	0	0	0	0	0	null	0	0	0	0	0	0	0	0	0	0	0	0	0	0	0	0	0	0	0	0	0	0	0	0	0	0	0	0	0	0	1	10	0	0	0	0	0	0	0	0	0	0	0	0	0	null	null	0	0	0	0	0	0	0	0	0	0	0	0	null	null	null	0	0	0	0	0	0	0	null	0	0	0	0	0	0	0	null	0	0	0	0	0	0	0	0	0	0	0	0
"00-0040737"	"T.Ferguson"	"Terrance Ferguson"	"TE"	"TE"	"https://static.www.nfl.com/image/upload/f_auto,q_auto/league/w5o0s5yf6j5dsmiwdtfg"	2026	1	"REG"	"2026_01_SF_LA"	"LA"	"SF"	0	0	0	0	0	0	0	0	0	0	0	0	null	null	0	null	0	0	0	0	0	0	0	0	0	0	null	0	0	0	0	0	0	1	0	0	0	0	24	0	0	-2.7767381893936545	0	0	0	0	0	0	0.037037037037037035	0.09411764705882353	0.12143790849673201	0	0	0	0	0	0	0	0	0	0	0	0	0	0	0	0	0	0	0	0	0	0	0	0	0	0	0	0	0	0	0	0	0	0	0	0	0	0	0	0	0	0	null	null	0	0	0	0	0	0	0	0	0	0	0	0	null	null	null	0	0	0	0	0	0	0	null	0	0	0	0	0	0	0	null	0	0	0	0	0	0	0	0	0	0	0	0
"00-0040743"	"T.Shough"	"Tyler Shough"	"QB"	"QB"	"https://static.www.nfl.com/image/upload/f_auto,q_auto/league/toiafc7qighw86geo7jf"	2026	1	"REG"	"2026_01_NO_DET"	"NO"	"DET"	35	56	410	3	2	5	-32	1	1	483	116	19	-1.007320272566536	-1.2056044661081755	0	0.8488612836438924	14	9	6	2	4	8	0	1	0	1	-1.160764453583397	0	0	0	0	0	0	0	0	0	0	0	0	0	0	null	0	0	0	0	0	null	0	0	0	0	0	0	0	0	0	0	0	0	0	0	0	0	0	0	0	0	0	0	0	0	0	0	0	0	0	0	1	13	1	1	0	2	1	0	0	0	0	0	0	0	0	null	null	0	0	0	0	0	0	0	0	0	0	0	0	null	null	null	0	0	0	0	0	0	0	null	0	0	0	0	0	0	0	null	0	0	0	0	0	0	0	0	0	0	23.2	23.2
"00-0040749"	"A.Mukuba"	"Andrew Mukuba"	"SAF"	"DB"	"https://static.www.nfl.com/image/upload/f_auto,q_auto/league/eurn0h9z78sclv1eq5jp"	2026	1	"REG"	"2026_01_WAS_PHI"	"PHI"	"WAS"	0	0	0	0	0	0	0	0	0	0	0	0	null	null	0	null	0	0	0	0	0	0	0	0	0	0	null	0	0	0	0	0	0	0	0	0	0	0	0	0	0	null	0	0	0	0	0	null	0	0	0	0	1	0	0	0	0	0	0	0	0	0	0	0	0	0	0	0	0	0	0	0	0	0	0	0	0	0	0	0	0	0	0	0	0	0	0	0	0	0	0	0	0	null	null	0	0	0	0	0	0	0	0	0	0	0	0	null	null	null	0	0	0	0	0	0	0	null	0	0	0	0	0	0	0	null	0	0	0	0	0	0	0	0	0	0	0	0
"00-0040751"	"W.Johnson"	"Will Johnson"	"CB"	"DB"	"https://static.www.nfl.com/image/upload/f_auto,q_auto/league/dq3zeuqbbnztptdeas6i"	2026	1	"REG"	"2026_01_ARI_LAC"	"ARI"	"LAC"	0	0	0	0	0	0	0	0	0	0	0	0	null	null	0	null	0	0	0	0	0	0	0	0	0	0	null	0	0	0	0	0	0	0	0	0	0	0	0	0	0	null	0	0	0	0	0	null	0	0	0	0	2	0	2	0	0	0	0	0	0	0	0	0	0	0	0	0	0	0	0	0	0	0	0	1	0	0	0	0	0	0	0	0	0	0	0	0	0	0	0	0	0	null	null	0	0	0	0	0	0	0	0	0	0	0	0	null	null	null	0	0	0	0	0	0	0	null	0	0	0	0	0	0	0	null	0	0	0	0	0	0	0	0	0	0	0	0
"00-0040867"	"M.Lemon"	"Makai Lemon"	"WR"	"WR"	"https://static.www.nfl.com/image/upload/f_auto,q_auto/league/ys2i2o7c0bl36xvlrojz"	2026	1	"REG"	"2026_01_WAS_PHI"	"PHI"	"WAS"	0	0	0	0	0	0	0	0	0	0	0	0	null	null	0	null	0	0	0	0	0	0	0	0	0	0	null	0	0	0	0	0	3	4	-5	0	0	0	0	3	0	-3.8851848086342216	0	0	0	0	0	0	0.18181818181818182	0	0.2727272727272727	0	0	0	0	0	0	0	0	0	0	0	0	0	0	0	0	0	0	0	0	0	0	0	0	0	0	0	0	0	0	0	0	0	0	0	0	0	0	0	0	0	0	null	null	0	0	0	0	0	0	0	0	0	0	0	0	null	null	null	0	0	0	0	0	0	0	null	0	0	0	0	0	0	0	null	0	0	0	0	0	0	0	0	0	0	-0.5	2.5
"00-0040899"	"T.Smack"	"Trey Smack"	"K"	"SPEC"	"https://static.www.nfl.com/image/upload/f_auto,q_auto/league/zierx6p09ilfe0o0ckj7"	2026	1	"REG"	"2026_01_GB_MIN"	"GB"	"MIN"	0	0	0	0	0	0	0	0	0	0	0	0	null	null	0	null	0	0	0	0	0	0	0	0	0	0	null	0	0	0	0	0	0	0	0	0	0	0	0	0	0	null	0	0	0	0	0	null	0	0	0	0	0	0	0	0	0	0	0	0	0	0	0	0	0	0	0	0	0	0	0	0	0	0	0	0	0	0	0	0	0	0	0	0	0	0	0	0	0	3	3	0	0	59	1	0	1	0	1	1	0	0	0	0	0	0	0	"59;43;26"	null	null	128	0	0	1	2	1	0	0.5	0	0	0	0	0	0	0	null	0	0	0	0	0	0	0	0	0	0	0	0
"00-0041027"	"J.Love"	"Jeremiyah Love"	"RB"	"RB"	"https://static.www.nfl.com/image/upload/f_auto,q_auto/league/b12gtjsylmql5v7iyyla"	2026	1	"REG"	"2026_01_ARI_LAC"	"ARI"	"LAC"	0	0	0	0	0	0	0	0	0	0	0	0	null	null	0	null	0	0	0	0	11	41	1	0	0	2	0.3044960438273847	0	1	1	0	0	2	4	9	0	0	0	5	5	0	-1.570843571331352	0	0	0	0	0	1.8	0.10810810810810811	0.0176678445229682	0.17452965332823991	0	0	0	0	0	0	0	0	0	0	0	0	0	0	0	0	0	0	0	0	0	0	0	0	0	0	0	0	0	0	0	0	0	0	0	0	0	0	0	0	0	0	null	null	0	0	0	0	0	0	0	0	0	0	0	0	null	null	null	0	0	0	0	0	0	0	null	0	0	0	0	0	0	0	null	0	0	0	0	0	0	0	0	0	0	11	13
"00-0041028"	"S.Styles"	"Sonny Styles"	"LB"	"LB"	"https://static.www.nfl.com/image/upload/f_auto,q_auto/league/wxufyrsnbie0gyq9piyf"	2026	1	"REG"	"2026_01_WAS_PHI"	"WAS"	"PHI"	0	0	0	0	0	0	0	0	0	0	0	0	null	null	0	null	0	0	0	0	0	0	0	0	0	0	null	0	0	0	0	0	0	0	0	0	0	0	0	0	0	null	0	0	0	0	0	null	0	0	0	0	3	0	1	2	9	0	1	6	1	0	0	0	0	0	0	0	0	0	0	0	0	0	0	0	0	0	0	0	0	0	0	0	0	0	0	0	0	0	0	0	0	null	null	0	0	0	0	0	0	0	0	0	0	0	0	null	null	null	0	0	0	0	0	0	0	null	0	0	0	0	0	0	0	null	0	0	0	0	0	0	0	0	0	0	0	0
"00-0041040"	"A.Williams"	"Antonio Williams"	"WR"	"WR"	"https://static.www.nfl.com/image/upload/f_auto,q_auto/league/noywrsgaqoqlv64c12yw"	2026	1	"REG"	"2026_01_WAS_PHI"	"WAS"	"PHI"	0	0	0	0	0	0	0	0	0	0	0	0	null	null	0	null	0	0	0	0	0	0	0	0	0	0	null	0	0	0	0	0	4	4	64	1	0	0	55	9	4	8.806701471214183	0	3	2	1	0	1.1636363636363636	0.13793103448275862	0.17350157728706625	0.3283476558250843	0	0	0	0	0	0	0	0	0	0	0	0	0	0	0	0	0	0	0	0	0	0	0	0	0	0	0	0	0	0	0	0	0	0	0	0	0	0	0	0	0	0	null	null	0	0	0	0	0	0	0	0	0	0	0	0	null	null	null	0	0	0	0	0	0	0	null	0	0	0	0	0	0	0	null	0	0	0	0	0	0	0	0	0	0	12.4	16.4
"00-0041052"	"K.Black"	"Kaelon Black"	"RB"	"RB"	"https://static.www.nfl.com/image/upload/f_auto,q_auto/league/nwgkzr1ysr32jc79zfnt"	2026	1	"REG"	"2026_01_SF_LA"	"SF"	"LA"	0	0	0	0	0	0	0	0	0	0	0	0	null	null	0	null	0	0	0	0	14	65	0	0	0	3	0.2725109470775351	0	1	1	0	0	1	1	5	0	0	0	-5	10	0	0.1792984448838979	0	0	0	0	0	-1	0.029411764705882353	-0.03355704697986577	0.020627714172917488	0	0	0	0	0	0	0	0	0	0	0	0	0	0	0	0	0	0	0	0	0	0	0	0	0	0	0	0	0	0	0	0	0	0	0	0	0	0	0	0	0	0	null	null	0	0	0	0	0	0	0	0	0	0	0	0	null	null	null	0	0	0	0	0	0	0	null	0	0	0	0	0	0	0	null	0	0	0	0	0	0	0	0	0	0	7	8
"00-0041064"	"G.Smith"	"Genesis Smith"	"SAF"	"DB"	"https://static.www.nfl.com/image/upload/f_auto,q_auto/league/xaausvzp0c7hyqgiqdbr"	2026	1	"REG"	"2026_01_ARI_LAC"	"LAC"	"ARI"	0	0	0	0	0	0	0	0	0	0	0	0	null	null	0	null	0	0	0	0	0	0	0	0	0	0	null	0	0	0	0	0	0	0	0	0	0	0	0	0	0	null	0	0	0	0	0	null	0	0	0	0	4	0	1	0	0	0	0	0	0	0	0	0	0	0	0	0	0	0	0	0	0	0	0	0	0	0	0	0	0	0	0	0	0	0	0	0	0	0	0	0	0	null	null	0	0	0	0	0	0	0	0	0	0	0	0	null	null	null	0	0	0	0	0	0	0	null	0	0	0	0	0	0	0	null	0	0	0	0	0	0	0	0	0	0	0	0
"00-0041067"	"B.Lance"	"Bryce Lance"	"WR"	"WR"	"https://static.www.nfl.com/image/upload/f_auto,q_auto/league/lzh0hbhllbouh97ffpp6"	2026	1	"REG"	"2026_01_NO_DET"	"NO"	"DET"	0	0	0	0	0	0	0	0	0	0	0	0	null	null	0	null	0	0	0	0	0	0	0	0	0	0	null	0	0	0	0	0	3	4	42	0	0	0	40	7	2	3.177876997724641	0	2	1	0	0	1.05	0.07692307692307693	0.08281573498964803	0.17335562987736902	0	0	0	0	0	0	0	0	0	0	0	0	0	0	0	0	0	0	0	0	0	0	0	0	0	0	0	0	0	0	0	0	0	0	0	0	0	0	0	0	0	0	null	null	0	0	0	0	0	0	0	0	0	0	0	0	null	null	null	0	0	0	0	0	0	0	null	0	0	0	0	0	0	0	null	0	0	0	0	0	0	0	0	0	0	4.2	7.2
"00-0041078"	"J.Dugger"	"Jaden Dugger"	"LB"	"LB"	"https://static.www.nfl.com/image/upload/f_auto,q_auto/league/qgqcvgbjx1yflrlwfltq"	2026	1	"REG"	"2026_01_SF_LA"	"SF"	"LA"	0	0	0	0	0	0	0	0	0	0	0	0	null	null	0	null	0	0	0	0	0	0	0	0	0	0	null	0	0	0	0	0	0	0	0	0	0	0	0	0	0	null	0	0	0	0	0	null	0	0	0	0	1	0	4	0	0	0	0	0	0	0	0	0	0	0	0	0	0	0	0	0	0	0	0	0	0	0	0	0	0	0	0	0	0	0	0	0	0	0	0	0	0	null	null	0	0	0	0	0	0	0	0	0	0	0	0	null	null	null	0	0	0	0	0	0	0	null	0	0	0	0	0	0	0	null	0	0	0	0	0	0	0	0	0	0	0	0
"00-0041093"	"K.Sharar"	"Karson Sharar"	"LB"	"LB"	"https://static.www.nfl.com/image/upload/f_auto,q_auto/league/pn4rwj6bnv1z3xykee5f"	2026	1	"REG"	"2026_01_ARI_LAC"	"ARI"	"LAC"	0	0	0	0	0	0	0	0	0	0	0	0	null	null	0	null	0	0	0	0	0	0	0	0	0	0	null	0	0	0	0	0	0	0	0	0	0	0	0	0	0	null	0	0	0	0	0	null	0	0	0	0	2	0	0	0	0	0	0	0	0	0	0	0	0	0	0	0	0	0	0	0	0	0	0	0	0	0	0	0	0	0	0	0	0	0	0	0	0	0	0	0	0	null	null	0	0	0	0	0	0	0	0	0	0	0	0	null	null	null	0	0	0	0	0	0	0	null	0	0	0	0	0	0	0	null	0	0	0	0	0	0	0	0	0	0	0	0
"00-0041096"	"K.Allen"	"Kaytron Allen"	"RB"	"RB"	"https://static.www.nfl.com/image/upload/f_auto,q_auto/league/vbhwkqty94alwjyz8cin"	2026	1	"REG"	"2026_01_WAS_PHI"	"WAS"	"PHI"	0	0	0	0	0	0	0	0	0	0	0	0	null	null	0	null	0	0	0	0	4	16	0	0	0	0	0.16989195544738322	0	0	0	0	0	0	0	0	0	0	0	0	0	0	null	0	0	0	0	0	null	0	0	0	0	0	0	0	0	0	0	0	0	0	0	0	0	0	0	0	0	0	0	0	0	0	0	0	0	0	0	0	0	0	0	0	0	0	0	0	0	0	0	0	0	0	null	null	0	0	0	0	0	0	0	0	0	0	0	0	null	null	null	0	0	0	0	0	0	0	null	0	0	0	0	0	0	0	null	0	0	0	0	0	0	0	0	0	0	1.6	1.6
"00-0041099"	"B.Brown"	"Barion Brown"	"WR"	"WR"	"https://static.www.nfl.com/image/upload/f_auto,q_auto/league/zakfmezzed4qotdrmbpc"	2026	1	"REG"	"2026_01_NO_DET"	"NO"	"DET"	0	0	0	0	0	0	0	0	0	0	0	0	null	null	0	null	0	0	0	0	1	3	0	0	0	0	-0.2968917079269886	0	0	0	0	0	0	0	0	0	0	0	0	0	0	null	0	0	0	0	0	null	0	0	0	0	0	0	0	0	0	0	0	0	0	0	0	0	0	0	0	0	0	0	0	0	0	0	0	0	0	0	0	0	0	0	0	0	0	4	21	3	55	0	0	0	0	null	null	0	0	0	0	0	0	0	0	0	0	0	0	null	null	null	0	0	0	0	0	0	0	null	0	0	0	0	0	0	0	null	0	0	0	0	0	0	0	0	0	0	0.30000000000000004	0.30000000000000004
"00-0041145"	"D.Zvada"	"Dominic Zvada"	"K"	"SPEC"	"https://static.www.nfl.com/image/upload/f_auto,q_auto/league/rej45oauer8jysbtwbxm"	2026	1	"REG"	"2026_01_DAL_NYG"	"NYG"	"DAL"	0	0	0	0	0	0	0	0	0	0	0	0	null	null	0	null	0	0	0	0	0	0	0	0	0	0	null	0	0	0	0	0	0	0	0	0	0	0	0	0	0	null	0	0	0	0	0	null	0	0	0	0	0	0	0	0	0	0	0	0	0	0	0	0	0	0	0	0	0	0	0	0	0	0	0	0	0	0	0	0	0	0	0	0	0	0	0	0	0	0	0	0	0	null	null	0	0	0	0	0	0	0	0	0	0	0	0	null	null	null	0	0	0	4	4	0	0	1	0	0	0	0	0	0	0	null	0	0	0	0	0	0	0	0	0	0	0	0
"00-0041182"	"D.Stevens"	"Drew Stevens"	"K"	"SPEC"	"https://static.www.nfl.com/image/upload/f_auto,q_auto/league/dzlynw7seoaqck1r2il3"	2026	1	"REG"	"2026_01_WAS_PHI"	"WAS"	"PHI"	0	0	0	0	0	0	0	0	0	0	0	0	null	null	0	null	0	0	0	0	0	0	0	0	0	0	null	0	0	0	0	0	0	0	0	0	0	0	0	0	0	null	0	0	0	0	0	null	0	0	0	0	0	0	0	0	0	0	0	0	0	0	0	0	0	0	0	0	0	0	0	0	0	0	0	0	0	0	0	0	0	0	0	0	0	0	0	0	0	1	2	1	0	55	0.5	0	0	0	0	1	0	0	0	0	0	1	0	"55"	"54"	null	55	54	0	1	2	0	1	0.5	0	0	0	0	0	0	0	null	0	0	0	0	0	0	0	0	0	0	0	0
"00-0041326"	"C.Donaldson"	"CJ Donaldson"	"RB"	"RB"	"https://static.www.nfl.com/image/upload/f_auto,q_auto/league/lwl0pyoz7mbjcne0stsx"	2026	1	"REG"	"2026_01_NO_DET"	"NO"	"DET"	0	0	0	0	0	0	0	0	0	0	0	0	null	null	0	null	0	0	0	0	2	4	0	0	0	2	0.9168613234069198	0	0	0	0	0	1	2	-2	0	0	0	5	4	0	-1.2862824223702773	0	0	0	0	0	-0.4	0.038461538461538464	0.010351966873706004	0.0649386845039019	0	0	0	0	0	0	0	0	0	0	0	0	0	0	0	0	0	0	0	0	0	0	0	0	0	0	0	0	0	0	0	0	0	0	0	0	0	0	0	0	0	0	null	null	0	0	0	0	0	0	0	0	0	0	0	0	null	null	null	0	0	0	0	0	0	0	null	0	0	0	0	0	0	0	null	0	0	0	0	0	0	0	0	0	0	0.2	1.2
"00-0041363"	"J.Thompson"	"James Thompson Jr."	"DT"	"DL"	"https://static.www.nfl.com/image/upload/f_auto,q_auto/league/kaksxzzz2yoykrlsv0hc"	2026	1	"REG"	"2026_01_SF_LA"	"SF"	"LA"	0	0	0	0	0	0	0	0	0	0	0	0	null	null	0	null	0	0	0	0	0	0	0	0	0	0	null	0	0	0	0	0	0	0	0	0	0	0	0	0	0	null	0	0	0	0	0	null	0	0	0	0	0	0	2	0	0	0	0	0	0	0	0	0	0	0	0	0	0	0	0	0	0	0	0	0	0	0	0	0	0	0	0	0	0	0	0	0	0	0	0	0	0	null	null	0	0	0	0	0	0	0	0	0	0	0	0	null	null	null	0	0	0	0	0	0	0	null	0	0	0	0	0	0	0	null	0	0	0	0	0	0	0	0	0	0	0	0
"00-0041390"	"C.Miller"	"Christen Miller"	"DT"	"DL"	"https://static.www.nfl.com/image/upload/f_auto,q_auto/league/goyemhogpp21adasa9z7"	2026	1	"REG"	"2026_01_NO_DET"	"NO"	"DET"	0	0	0	0	0	0	0	0	0	0	0	0	null	null	0	null	0	0	0	0	0	0	0	0	0	0	null	0	0	0	0	0	0	0	0	0	0	0	0	0	0	null	0	0	0	0	0	null	0	0	0	0	0	0	0	0	0	0	0	0	0	0	0	0	0	0	0	0	0	0	0	0	0	0	0	0	0	0	1	5	0	0	0	0	0	0	0	0	0	0	0	0	0	null	null	0	0	0	0	0	0	0	0	0	0	0	0	null	null	null	0	0	0	0	0	0	0	null	0	0	0	0	0	0	0	null	0	0	0	0	0	0	0	0	0	0	0	0
"00-0041392"	"J.Slaughter"	"Jake Slaughter"	"C"	"OL"	"https://static.www.nfl.com/image/upload/f_auto,q_auto/league/m3tbps2o5cuy8ueeygjy"	2026	1	"REG"	"2026_01_ARI_LAC"	"LAC"	"ARI"	0	0	0	0	0	0	0	0	0	0	0	0	null	null	0	null	0	0	0	0	0	0	0	0	0	0	null	0	0	0	0	0	0	0	0	0	0	0	0	0	0	null	0	0	0	0	0	null	0	0	0	0	0	0	0	0	0	0	0	0	0	0	0	0	0	0	0	0	0	0	0	0	0	0	0	0	0	0	2	15	0	0	0	0	0	0	0	0	0	0	0	0	0	null	null	0	0	0	0	0	0	0	0	0	0	0	0	null	null	null	0	0	0	0	0	0	0	null	0	0	0	0	0	0	0	null	0	0	0	0	0	0	0	0	0	0	0	0
"00-0041445"	"K.Abney"	"Keith Abney II"	"CB"	"DB"	"https://static.www.nfl.com/image/upload/f_auto,q_auto/league/pnryzkihoi17eq91ibag"	2026	1	"REG"	"2026_01_NO_DET"	"DET"	"NO"	0	0	0	0	0	0	0	0	0	0	0	0	null	null	0	null	0	0	0	0	0	0	0	0	0	0	null	0	0	0	0	0	0	0	0	0	0	0	0	0	0	null	0	0	0	0	0	null	0	0	0	0	2	0	0	1	2	0	0	0	0	0	0	0	0	0	0	0	0	0	0	0	0	0	0	0	0	0	1	5	0	0	0	0	0	0	0	0	0	0	0	0	0	null	null	0	0	0	0	0	0	0	0	0	0	0	0	null	null	null	0	0	0	0	0	0	0	null	0	0	0	0	0	0	0	null	0	0	0	0	0	0	0	0	0	0	0	0
"00-0041447"	"S.Gill-Howard"	"Skyler Gill-Howard"	"DT"	"DL"	"https://static.www.nfl.com/image/upload/f_auto,q_auto/league/noftllzrysprcx9tktdb"	2026	1	"REG"	"2026_01_NO_DET"	"DET"	"NO"	0	0	0	0	0	0	0	0	0	0	0	0	null	null	0	null	0	0	0	0	0	0	0	0	0	0	null	0	0	0	0	0	0	0	0	0	0	0	0	0	0	null	0	0	0	0	0	null	0	0	0	0	1	0	2	0	0	0	0	0	0	0	0	0	0	0	0	0	0	0	0	0	0	0	0	0	0	0	0	0	0	0	0	0	0	0	0	0	0	0	0	0	0	null	null	0	0	0	0	0	0	0	0	0	0	0	0	null	null	null	0	0	0	0	0	0	0	null	0	0	0	0	0	0	0	null	0	0	0	0	0	0	0	0	0	0	0	0
"00-0041459"	"E.O'Neill"	"Eric O'Neill"	"DE"	"DL"	"https://static.www.nfl.com/image/upload/f_auto,q_auto/league/kexejxtyigkg6wiopccu"	2026	1	"REG"	"2026_01_NO_DET"	"DET"	"NO"	0	0	0	0	0	0	0	0	0	0	0	0	null	null	0	null	0	0	0	0	0	0	0	0	0	0	null	0	0	0	0	0	0	0	0	0	0	0	0	0	0	null	0	0	0	0	0	null	0	0	0	0	2	0	1	0	0	0	0	0	0	0	0	0	0	0	0	0	0	0	0	0	0	0	0	0	0	0	0	0	0	0	0	0	0	0	0	0	0	0	0	0	0	null	null	0	0	0	0	0	0	0	0	0	0	0	0	null	null	null	0	0	0	0	0	0	0	null	0	0	0	0	0	0	0	null	0	0	0	0	0	0	0	0	0	0	0	0
"00-0041544"	"A.Mesidor"	"Akheem Mesidor"	"LB"	"LB"	"https://static.www.nfl.com/image/upload/f_auto,q_auto/league/uzofkqafecc5zqqwyiyd"	2026	1	"REG"	"2026_01_ARI_LAC"	"LAC"	"ARI"	0	0	0	0	0	0	0	0	0	0	0	0	null	null	0	null	0	0	0	0	0	0	0	0	0	0	null	0	0	0	0	0	0	0	0	0	0	0	0	0	0	null	0	0	0	0	0	null	0	0	0	0	1	0	1	0	0	0	0	0	0	0	0	0	0	0	0	0	0	0	0	0	0	0	0	0	0	0	0	0	0	0	0	0	0	0	0	0	0	0	0	0	0	null	null	0	0	0	0	0	0	0	0	0	0	0	0	null	null	null	0	0	0	0	0	0	0	null	0	0	0	0	0	0	0	null	0	0	0	0	0	0	0	0	0	0	0	0
null	null	null	null	null	null	2026	1	"REG"	"2026_01_NE_SEA"	"SEA"	"NE"	0	0	0	0	0	0	0	0	0	0	0	0	null	null	0	null	0	0	0	0	0	0	0	0	0	0	null	0	0	0	0	0	0	0	0	0	0	0	0	0	0	null	0	0	0	0	0	null	0	0	0	0	0	0	0	0	0	0	0	0	0	0	0	0	0	0	0	0	0	0	0	0	0	0	0	0	0	0	28	138	0	0	0	0	0	0	0	0	0	0	0	0	0	null	null	0	0	0	0	0	0	0	0	0	0	0	0	null	null	null	0	0	0	0	0	0	0	null	0	0	0	0	0	0	0	null	0	0	0	0	0	0	0	0	0	0	0	0
"00-0025565"	"N.Folk"	"Nick Folk"	"K"	"SPEC"	"https://static.www.nfl.com/image/upload/f_auto,q_auto/league/qf6vaghxuoxqw0pyrvg3"	2026	2	"REG"	"2026_02_CAR_ATL"	"ATL"	"CAR"	0	0	0	0	0	0	0	0	0	0	0	0	null	null	0	null	0	0	0	0	0	0	0	0	0	0	null	0	0	0	0	0	0	0	0	0	0	0	0	0	0	null	0	0	0	0	0	null	0	0	0	0	0	0	0	0	0	0	0	0	0	0	0	0	0	0	0	0	0	0	0	0	0	0	0	0	0	0	0	0	0	0	0	0	0	0	0	0	0	1	2	1	0	41	0.5	0	0	0	1	0	0	0	0	0	0	1	0	"41"	"53"	null	41	53	0	0	0	0	0	null	0	0	0	0	0	0	0	null	0	0	0	0	0	0	0	0	0	0	0	0
"00-0026498"	"M.Stafford"	"Matthew Stafford"	"QB"	"QB"	"https://static.www.nfl.com/image/upload/f_auto,q_auto/league/jwpkjfrkzufdyh8u1mg7"	2026	2	"REG"	"2026_02_NYG_LA"	"LA"	"NYG"	22	31	327	4	1	1	-9	0	0	331	127	15	18.63395340176803	7.272637486457825	0	0.9879154078549849	12	8	5	1	4	-1	0	0	0	0	-5.065255870344117	0	0	0	0	0	0	0	0	0	0	0	0	0	0	null	0	0	0	0	0	null	0	0	0	0	0	0	0	0	0	0	0	0	0	0	0	0	0	0	0	0	0	0	0	0	0	0	0	0	0	0	0	0	0	0	0	0	0	0	0	0	0	0	0	0	0	null	null	0	0	0	0	0	0	0	0	0	0	0	0	null	null	null	0	0	0	0	0	0	0	null	0	0	0	0	0	0	0	null	0	0	0	0	0	0	0	0	0	0	26.979999999999997	26.979999999999997
"00-0027940"	"V.Miller"	"Von Miller"	"OLB"	"LB"	"https://static.www.nfl.com/image/upload/f_auto,q_auto/league/cqkgo6uw5ha7bjajkewf"	2026	2	"REG"	"2026_02_WAS_DAL"	"DAL"	"WAS"	0	0	0	0	0	0	0	0	0	0	0	0	null	null	0	null	0	0	0	0	0	0	0	0	0	0	null	0	0	0	0	0	0	0	0	0	0	0	0	0	0	null	0	0	0	0	0	null	0	0	0	0	0	0	1	0	0	0	0	0	0	0	0	0	0	0	0	0	0	0	0	0	0	0	0	0	0	0	0	0	0	0	0	0	0	0	0	0	0	0	0	0	0	null	null	0	0	0	0	0	0	0	0	0	0	0	0	null	null	null	0	0	0	0	0	0	0	null	0	0	0	0	0	0	0	null	0	0	0	0	0	0	0	0	0	0	0	0
"00-0029604"	"K.Cousins"	"Kirk Cousins"	"QB"	"QB"	"https://static.www.nfl.com/image/upload/f_auto,q_auto/league/za7cynvpwlsro1tsaijk"	2026	2	"REG"	"2026_02_LV_LAC"	"LV"	"LAC"	19	29	253	3	1	2	-5	0	0	283	78	11	5.972740905708633	2.890577398497483	0	0.8939929328621908	10	4	4	2	4	1	0	0	0	0	-2.057984253275208	0	0	0	0	0	0	0	0	0	0	0	0	0	0	null	0	0	0	0	0	null	0	0	0	0	0	0	0	0	0	0	0	0	0	0	0	0	0	0	0	0	0	0	0	0	0	0	0	0	0	0	0	0	0	0	0	0	0	0	0	0	0	0	0	0	0	null	null	0	0	0	0	0	0	0	0	0	0	0	0	null	null	null	0	0	0	0	0	0	0	null	0	0	0	0	0	0	0	null	0	0	0	0	0	0	0	0	0	0	20.220000000000002	20.220000000000002
"00-0029692"	"B.Anger"	"Bryan Anger"	"P"	"SPEC"	"https://static.www.nfl.com/image/upload/f_auto,q_auto/league/e1fozrp2fhprrkheqt0x"	2026	2	"REG"	"2026_02_WAS_DAL"	"DAL"	"WAS"	0	0	0	0	0	0	0	0	0	0	0	0	null	null	0	null	0	0	0	0	0	0	0	0	0	0	null	0	0	0	0	0	0	0	0	0	0	0	0	0	0	null	0	0	0	0	0	null	0	0	0	0	0	0	0	0	0	0	0	0	0	0	0	0	0	0	0	0	0	0	0	0	0	0	0	0	0	0	0	0	0	0	0	0	0	0	0	0	0	0	0	0	0	null	null	0	0	0	0	0	0	0	0	0	0	0	0	null	null	null	0	0	0	0	0	0	0	null	0	0	0	0	0	1	0	48	48	0	0	0	0	0	1	14	0	34	0	0
"00-0030140"	"T.Way"	"Tress Way"	"P"	"SPEC"	"https://static.www.nfl.com/image/upload/f_auto,q_auto/league/u61eijcazx9o4lb0lwp3"	2026	2	"REG"	"2026_02_WAS_DAL"	"WAS"	"DAL"	0	0	0	0	0	0	0	0	0	0	0	0	null	null	0	null	0	0	0	0	0	0	0	0	0	0	null	0	0	0	0	0	0	0	0	0	0	0	0	0	0	null	0	0	0	0	0	null	0	0	0	0	0	0	0	0	0	0	0	0	0	0	0	0	0	0	0	0	0	0	0	0	0	0	0	0	0	0	0	0	0	0	0	0	0	0	0	0	0	0	0	0	0	null	null	0	0	0	0	0	0	0	0	0	0	0	0	null	null	null	0	0	0	0	0	0	0	null	0	0	0	0	0	1	0	47	47	0	0	0	0	0	1	9	0	38	0	0
"00-0030279"	"K.Allen"	"Keenan Allen"	"WR"	"WR"	"https://static.www.nfl.com/image/upload/f_auto,q_auto/league/ri267r6lzfwarh89hsn6"	2026	2	"REG"	"2026_02_IND_KC"	"IND"	"KC"	0	0	0	0	0	0	0	0	0	0	0	0	null	null	0	null	0	0	0	0	0	0	0	0	0	0	null	0	0	0	0	0	1	5	5	0	0	0	31	0	0	-7.633338103808432	0	0	0	0	0	0.16129032258064516	0.16666666666666666	0.19135802469135801	0.38395061728395063	0	0	0	0	0	0	0	0	0	0	0	0	0	0	0	0	0	0	0	0	0	0	0	0	0	0	0	0	0	0	0	0	0	0	0	0	0	0	0	0	0	0	null	null	0	0	0	0	0	0	0	0	0	0	0	0	null	null	null	0	0	0	0	0	0	0	null	0	0	0	0	0	0	0	null	0	0	0	0	0	0	0	0	0	0	0.5	1.5
"00-0030294"	"T.Jefferson"	"Tony Jefferson"	"S"	"DB"	"https://static.www.nfl.com/image/upload/f_auto,q_auto/league/frazimtiuk4fsvlghusz"	2026	2	"REG"	"2026_02_LV_LAC"	"LAC"	"LV"	0	0	0	0	0	0	0	0	0	0	0	0	null	null	0	null	0	0	0	0	0	0	0	0	0	0	null	0	0	0	0	0	0	0	0	0	0	0	0	0	0	null	0	0	0	0	0	null	0	0	0	0	3	0	3	0	0	0	0	0	0	0	0	0	0	0	0	0	0	0	0	0	0	0	0	0	0	0	0	0	0	0	0	0	0	0	0	0	0	0	0	0	0	null	null	0	0	0	0	0	0	0	0	0	0	0	0	null	null	null	0	0	0	0	0	0	0	null	0	0	0	0	0	0	0	null	0	0	0	0	0	0	0	0	0	0	0	0
"00-0030561"	"L.Johnson"	"Lane Johnson"	"OT"	"OL"	"https://static.www.nfl.com/image/upload/f_auto,q_auto/league/xanvacjbb9x1hcslyvsl"	2026	2	"REG"	"2026_02_PHI_TEN"	"PHI"	"TEN"	0	0	0	0	0	0	0	0	0	0	0	0	null	null	0	null	0	0	0	0	0	0	0	0	0	0	null	0	0	0	0	0	0	0	0	0	0	0	0	0	0	null	0	0	0	0	0	null	0	0	0	0	0	0	0	0	0	0	0	0	0	0	0	0	0	0	0	0	0	0	0	0	0	0	0	0	0	0	1	5	0	0	0	0	0	0	0	0	0	0	0	0	0	null	null	0	0	0	0	0	0	0	0	0	0	0	0	null	null	null	0	0	0	0	0	0	0	null	0	0	0	0	0	0	0	null	0	0	0	0	0	0	0	0	0	0	0	0
"00-0031040"	"K.Mack"	"Khalil Mack"	"OLB"	"LB"	"https://static.www.nfl.com/image/upload/f_auto,q_auto/league/t9j95jylmjpevgbkvmqn"	2026	2	"REG"	"2026_02_LV_LAC"	"LAC"	"LV"	0	0	0	0	0	0	0	0	0	0	0	0	null	null	0	null	0	0	0	0	0	0	0	0	0	0	null	0	0	0	0	0	0	0	0	0	0	0	0	0	0	null	0	0	0	0	0	null	0	0	0	0	2	0	1	1	4	0	1	4	2	0	0	0	0	0	0	0	0	0	0	0	0	0	0	0	0	0	0	0	0	0	0	0	0	0	0	0	0	0	0	0	0	null	null	0	0	0	0	0	0	0	0	0	0	0	0	null	null	null	0	0	0	0	0	0	0	null	0	0	0	0	0	0	0	null	0	0	0	0	0	0	0	0	0	0	0	0
"00-0031136"	"C.Boswell"	"Chris Boswell"	"K"	"SPEC"	"https://static.www.nfl.com/image/upload/f_auto,q_auto/league/rxbnhvnfjmheuryvdmuf"	2026	2	"REG"	"2026_02_PIT_NE"	"PIT"	"NE"	0	0	0	0	0	0	0	0	0	0	0	0	null	null	0	null	0	0	0	0	0	0	0	0	0	0	null	0	0	0	0	0	0	0	0	0	0	0	0	0	0	null	0	0	0	0	0	null	0	0	0	0	0	0	0	0	0	0	0	0	0	0	0	0	0	0	0	0	0	0	0	0	0	0	0	0	0	0	0	0	0	0	0	0	0	0	0	0	0	1	2	1	0	56	0.5	0	0	0	0	1	0	0	0	0	0	1	0	"56"	"57"	null	56	57	0	0	0	0	0	null	0	0	0	0	0	0	0	null	0	0	0	0	0	0	0	0	0	0	0	0
"00-0031203"	"C.Santos"	"Cairo Santos"	"K"	"SPEC"	"https://static.www.nfl.com/image/upload/f_auto,q_auto/league/tz5ecjri52gwpoo9s7be"	2026	2	"REG"	"2026_02_MIN_CHI"	"CHI"	"MIN"	0	0	0	0	0	0	0	0	0	0	0	0	null	null	0	null	0	0	0	0	0	0	0	0	0	0	null	0	0	0	0	0	0	0	0	0	0	0	0	0	0	null	0	0	0	0	0	null	0	0	0	0	0	0	0	0	0	0	0	0	0	0	0	0	0	0	0	0	0	0	0	0	0	0	0	0	0	0	0	0	0	0	0	0	0	0	0	0	0	1	2	0	1	50	0.5	0	0	0	0	1	0	0	0	0	0	0	0	"50"	null	"23"	50	0	23	0	0	0	0	null	0	0	0	0	0	0	0	null	0	0	0	0	0	0	0	0	0	0	0	0
"00-0031270"	"S.Harris"	"Shelby Harris"	"DE"	"DL"	"https://static.www.nfl.com/image/upload/f_auto,q_auto/league/r1lxhltzhpkmfdocupum"	2026	2	"REG"	"2026_02_NYG_LA"	"NYG"	"LA"	0	0	0	0	0	0	0	0	0	0	0	0	null	null	0	null	0	0	0	0	0	0	0	0	0	0	null	0	0	0	0	0	0	0	0	0	0	0	0	0	0	null	0	0	0	0	0	null	0	0	0	0	1	0	0	0	0	0	0	0	0	0	0	0	0	0	0	0	0	0	0	0	0	0	0	0	0	0	0	0	0	0	0	0	0	0	0	0	0	0	0	0	0	null	null	0	0	0	0	0	0	0	0	0	0	0	0	null	null	null	0	0	0	0	0	0	0	null	0	0	0	0	0	0	0	null	0	0	0	0	0	0	0	0	0	0	0	0
"00-0031381"	"D.Adams"	"Davante Adams"	"WR"	"WR"	"https://static.www.nfl.com/image/upload/f_auto,q_auto/league/tdzluk4xau3arxqk9zsl"	2026	2	"REG"	"2026_02_NYG_LA"	"LA"	"NYG"	0	0	0	0	0	0	0	0	0	0	0	0	null	null	0	null	0	0	0	0	0	0	0	0	0	0	null	0	0	0	0	0	8	10	195	2	0	0	198	46	7	11.752949387242552	0	7	6	4	1	0.9848484848484849	0.3333333333333333	0.5981873111782477	0.9187311178247735	0	1	0	0	0	0	0	0	0	0	0	0	0	0	0	0	0	0	0	0	0	0	0	0	0	0	0	0	0	0	0	0	0	0	0	0	0	0	0	0	0	0	null	null	0	0	0	0	0	0	0	0	0	0	0	0	null	null	null	0	0	0	0	0	0	0	null	0	0	0	0	0	0	0	null	0	0	0	0	0	0	0	0	0	0	31.5	39.5
"00-0031388"	"A.Donald"	"Aaron Donald"	"DE"	"DL"	"https://static.www.nfl.com/image/private/f_auto,q_auto/league/gou42dathlyc1rfn4pga"	2026	2	"REG"	"2026_02_NYG_LA"	"LA"	"NYG"	0	0	0	0	0	0	0	0	0	0	0	0	null	null	0	null	0	0	0	0	0	0	0	0	0	0	null	0	0	0	0	0	0	0	0	0	0	0	0	0	0	null	0	0	0	0	0	null	0	0	0	0	1	0	2	1	3	0	0	0	0	0	0	0	0	0	0	0	0	0	0	0	0	0	0	0	0	0	0	0	0	0	0	0	0	0	0	0	0	0	0	0	0	null	null	0	0	0	0	0	0	0	0	0	0	0	0	null	null	null	0	0	0	0	0	0	0	null	0	0	0	0	0	0	0	null	0	0	0	0	0	0	0	0	0	0	0	0
"00-0031492"	"J.Myers"	"Jason Myers"	"K"	"SPEC"	"https://static.www.nfl.com/image/upload/f_auto,q_auto/league/zcd7q9loflr0t5bsvzig"	2026	2	"REG"	"2026_02_SEA_ARI"	"SEA"	"ARI"	0	0	0	0	0	0	0	0	0	0	0	0	null	null	0	null	0	0	0	0	0	0	0	0	0	0	null	0	0	0	0	0	0	0	0	0	0	0	0	0	0	null	0	0	0	0	0	null	0	0	0	0	0	0	0	0	0	0	0	0	0	0	0	0	0	0	0	0	0	0	0	0	0	0	0	0	0	0	0	0	0	0	0	0	0	0	0	0	0	1	1	0	0	33	1	0	0	1	0	0	0	0	0	0	0	0	0	"33"	null	null	33	0	0	4	4	0	0	1	0	0	0	0	0	0	0	null	0	0	0	0	0	0	0	0	0	0	0	0
"00-0031503"	"J.Winston"	"Jameis Winston"	"QB"	"QB"	"https://static.www.nfl.com/image/upload/f_auto,q_auto/league/e5qyxnibbyawi0pvfpjl"	2026	2	"REG"	"2026_02_NYG_LA"	"NYG"	"LA"	11	27	111	0	1	2	-1	0	0	294	53	6	-16.49046495795663	-25.332596125426114	0	0.37755102040816324	5	3	1	0	2	1	0	0	0	1	0.3280104441801086	0	0	0	0	0	0	0	0	0	0	0	0	0	0	null	0	0	0	0	0	null	0	0	0	0	0	0	0	0	0	0	0	0	0	0	0	0	0	0	0	0	0	0	0	0	0	0	0	0	0	0	0	0	0	0	0	0	0	0	0	0	0	0	0	0	0	null	null	0	0	0	0	0	0	0	0	0	0	0	0	null	null	null	0	0	0	0	0	0	0	null	0	0	0	0	0	0	0	null	0	0	0	0	0	0	0	0	0	0	2.5400000000000005	2.5400000000000005
"00-0031588"	"S.Diggs"	"Stefon Diggs"	"WR"	"WR"	"https://static.www.nfl.com/image/upload/f_auto,q_auto/league/cemcexmscsarpvwhafln"	2026	2	"REG"	"2026_02_WAS_DAL"	"WAS"	"DAL"	0	0	0	0	0	0	0	0	0	0	0	0	null	null	0	null	0	0	0	0	0	0	0	0	0	0	null	0	0	0	0	0	5	6	47	2	0	0	72	4	4	5.556373395321484	0	2	1	1	0	0.6527777777777778	0.17647058823529413	0.20055710306406685	0.40509585449778795	0	0	0	0	0	0	0	0	0	0	0	0	0	0	0	0	0	0	0	0	0	0	0	0	0	0	0	0	0	0	0	0	0	0	0	0	0	0	0	0	0	0	null	null	0	0	0	0	0	0	0	0	0	0	0	0	null	null	null	0	0	0	0	0	0	0	null	0	0	0	0	0	0	0	null	0	0	0	0	0	0	0	0	0	0	16.7	21.7
"00-0032146"	"B.Dupree"	"Bud Dupree"	"OLB"	"LB"	"https://static.www.nfl.com/image/upload/f_auto,q_auto/league/cooz0t9nynyj7cfe1gac"	2026	2	"REG"	"2026_02_LV_LAC"	"LAC"	"LV"	0	0	0	0	0	0	0	0	0	0	0	0	null	null	0	null	0	0	0	0	0	0	0	0	0	0	null	0	0	0	0	0	0	0	0	0	0	0	0	0	0	null	0	0	0	0	0	null	0	0	0	0	0	0	1	0	0	0	0	0	1	0	0	0	0	0	0	0	0	0	0	0	0	0	0	0	0	0	0	0	0	0	0	0	0	0	0	0	0	0	0	0	0	null	null	0	0	0	0	0	0	0	0	0	0	0	0	null	null	null	0	0	0	0	0	0	0	null	0	0	0	0	0	0	0	null	0	0	0	0	0	0	0	0	0	0	0	0
"00-0032268"	"M.Mariota"	"Marcus Mariota"	"QB"	"QB"	"https://static.www.nfl.com/image/upload/f_auto,q_auto/league/grx6m1fmu1odltjo3y31"	2026	2	"REG"	"2026_02_WAS_DAL"	"WAS"	"DAL"	11	16	111	1	0	0	0	0	0	187	37	7	6.732018221610983	8.007244393229485	0	0.5935828877005348	5	3	2	0	1	3	0	0	0	1	-0.06678670039400458	0	0	0	0	0	0	0	0	0	0	0	0	0	0	null	0	0	0	0	0	null	0	0	0	0	0	0	0	0	0	0	0	0	0	0	0	0	0	0	0	0	0	0	0	0	0	0	0	0	0	0	0	0	0	0	0	0	0	0	0	0	0	0	0	0	0	null	null	0	0	0	0	0	0	0	0	0	0	0	0	null	null	null	0	0	0	0	0	0	0	null	0	0	0	0	0	0	0	null	0	0	0	0	0	0	0	0	0	0	8.740000000000002	8.740000000000002
"00-0032424"	"D.Reader"	"DJ Reader"	"DT"	"DL"	"https://static.www.nfl.com/image/upload/f_auto,q_auto/league/k3fzivhgxscqaprr71by"	2026	2	"REG"	"2026_02_NYG_LA"	"NYG"	"LA"	0	0	0	0	0	0	0	0	0	0	0	0	null	null	0	null	0	0	0	0	0	0	0	0	0	0	null	0	0	0	0	0	0	0	0	0	0	0	0	0	0	null	0	0	0	0	0	null	0	0	0	0	3	0	0	0	0	0	0	0	0	0	0	0	0	0	0	0	0	0	0	0	0	0	0	0	0	0	0	0	0	0	0	0	0	0	0	0	0	0	0	0	0	null	null	0	0	0	0	0	0	0	0	0	0	0	0	null	null	null	0	0	0	0	0	0	0	null	0	0	0	0	0	0	0	null	0	0	0	0	0	0	0	0	0	0	0	0
"00-0032569"	"W.Lutz"	"Wil Lutz"	"K"	"SPEC"	"https://static.www.nfl.com/image/upload/f_auto,q_auto/league/vcglg5vsgbiyggwibgy0"	2026	2	"REG"	"2026_02_JAX_DEN"	"DEN"	"JAX"	0	0	0	0	0	0	0	0	0	0	0	0	null	null	0	null	0	0	0	0	0	0	0	0	0	0	null	0	0	0	0	0	0	0	0	0	0	0	0	0	0	null	0	0	0	0	0	null	0	0	0	0	0	0	0	0	0	0	0	0	0	0	0	0	0	0	0	0	0	0	0	0	0	0	0	0	0	0	0	0	0	0	0	0	0	0	0	0	0	2	2	0	0	45	1	0	1	0	1	0	0	0	0	0	0	0	0	"20;45"	null	null	65	0	0	2	2	0	0	1	0	0	0	0	0	0	0	null	0	0	0	0	0	0	0	0	0	0	0	0
"00-0032726"	"K.Fairbairn"	"Ka'imi Fairbairn"	"K"	"SPEC"	"https://static.www.nfl.com/image/upload/f_auto,q_auto/league/nbrs7doetqydf2rzhjjl"	2026	2	"REG"	"2026_02_CIN_HOU"	"HOU"	"CIN"	0	0	0	0	0	0	0	0	0	0	0	0	null	null	0	null	0	0	0	0	0	0	0	0	0	0	null	0	0	0	0	0	0	0	0	0	0	0	0	0	0	null	0	0	0	0	0	null	0	0	0	0	1	0	0	0	0	0	0	0	0	0	0	0	0	0	0	0	0	0	0	0	0	0	0	0	0	0	0	0	0	0	0	0	0	0	0	0	0	2	3	1	0	45	0.6666666666666666	0	0	1	1	0	0	0	0	0	0	1	0	"37;45"	"58"	null	82	58	0	0	0	0	0	null	0	0	0	0	0	0	0	null	0	0	0	0	0	0	0	0	0	0	0	0
"00-0032764"	"D.Henry"	"Derrick Henry"	"RB"	"RB"	"https://static.www.nfl.com/image/upload/f_auto,q_auto/league/tm79x0iknqg6hms3ypyt"	2026	2	"REG"	"2026_02_NO_BAL"	"BAL"	"NO"	0	0	0	0	0	0	0	0	0	0	0	0	null	null	0	null	0	0	0	0	16	68	1	0	0	5	2.9096431416110136	0	0	0	0	0	3	3	19	0	0	0	-13	32	1	0.20742851332761347	0	1	1	1	0	-1.4615384615384615	0.10344827586206896	-0.040498442367601244	0.12682350413578258	0	0	0	0	0	0	0	0	0	0	0	0	0	0	0	0	0	0	0	0	0	0	0	0	0	0	0	0	0	0	0	0	0	0	0	0	0	0	0	0	0	0	null	null	0	0	0	0	0	0	0	0	0	0	0	0	null	null	null	0	0	0	0	0	0	0	null	0	0	0	0	0	0	0	null	0	0	0	0	0	0	0	0	0	0	14.700000000000001	17.700000000000003
"00-0033077"	"D.Prescott"	"Dak Prescott"	"QB"	"QB"	"https://static.www.nfl.com/image/upload/f_auto,q_auto/league/yvscmqq1qki8zfsemmcd"	2026	2	"REG"	"2026_02_WAS_DAL"	"DAL"	"WAS"	26	31	279	4	0	2	-13	0	0	244	88	16	15.104025984623087	18.024067917177753	0	1.1434426229508197	12	4	4	0	4	26	0	0	0	2	1.8916087975958362	0	1	0	0	0	0	0	0	0	0	0	0	0	0	null	0	0	0	0	0	null	0	0	0	0	0	0	0	0	0	0	0	0	0	0	0	0	0	0	0	0	0	0	0	0	0	0	0	0	0	0	0	0	0	0	0	0	0	0	0	0	0	0	0	0	0	null	null	0	0	0	0	0	0	0	0	0	0	0	0	null	null	null	0	0	0	0	0	0	0	null	0	0	0	0	0	0	0	null	0	0	0	0	0	0	0	0	0	0	29.76	29.76
"00-0033090"	"H.Henry"	"Hunter Henry"	"TE"	"TE"	"https://static.www.nfl.com/image/upload/f_auto,q_auto/league/cvlunbqgztudbhjrug7l"	2026	2	"REG"	"2026_02_PIT_NE"	"NE"	"PIT"	0	0	0	0	0	0	0	0	0	0	0	0	null	null	0	null	0	0	0	0	0	0	0	0	0	0	null	0	0	0	0	0	3	5	40	0	0	0	57	18	1	-2.8692116361344233	0	1	1	1	0	0.7017543859649122	0.23809523809523808	0.29081632653061223	0.5607142857142856	0	1	0	0	0	0	0	0	0	0	0	0	0	0	0	0	0	0	0	0	0	0	0	0	0	0	0	0	0	0	0	0	0	0	0	0	0	0	0	0	0	0	null	null	0	0	0	0	0	0	0	0	0	0	0	0	null	null	null	0	0	0	0	0	0	0	null	0	0	0	0	0	0	0	null	0	0	0	0	0	0	0	0	0	0	4	7
"00-0033093"	"J.Bullard"	"Jonathan Bullard"	"DE"	"DL"	"https://static.www.nfl.com/image/upload/f_auto,q_auto/league/xbebftotzf6hrqfrfnah"	2026	2	"REG"	"2026_02_WAS_DAL"	"DAL"	"WAS"	0	0	0	0	0	0	0	0	0	0	0	0	null	null	0	null	0	0	0	0	0	0	0	0	0	0	null	0	0	0	0	0	0	0	0	0	0	0	0	0	0	null	0	0	0	0	0	null	0	0	0	0	0	0	0	0	0	0	0	0	1	0	0	0	0	0	0	0	0	0	0	0	0	0	0	0	0	0	0	0	0	0	0	0	0	0	0	0	0	0	0	0	0	null	null	0	0	0	0	0	0	0	0	0	0	0	0	null	null	null	0	0	0	0	0	0	0	null	0	0	0	0	0	0	0	null	0	0	0	0	0	0	0	0	0	0	0	0
"00-0033106"	"J.Goff"	"Jared Goff"	"QB"	"QB"	"https://static.www.nfl.com/image/upload/f_auto,q_auto/league/kaicbot8qhzrvddilbtp"	2026	2	"REG"	"2026_02_DET_BUF"	"DET"	"BUF"	26	38	327	4	0	4	-38	1	0	337	126	19	18.57628674537409	5.997117961707868	0	0.9703264094955489	16	8	5	0	3	7	0	1	0	0	-2.1534648195374757	0	0	0	0	0	0	0	0	0	0	0	0	0	0	null	0	0	0	0	0	null	0	0	0	0	0	0	0	0	0	0	0	0	0	0	0	0	0	0	0	0	0	0	0	0	0	1	-11	0	0	0	0	0	1	1	0	2	0	0	0	0	0	0	0	0	0	null	null	0	0	0	0	0	0	0	0	0	0	0	0	null	null	null	0	0	0	0	0	0	0	null	0	0	0	0	0	0	0	null	0	0	0	0	0	0	0	0	0	0	29.779999999999998	29.779999999999998
"00-0033120"	"K.Clark"	"Kenny Clark"	"NT"	"DL"	"https://static.www.nfl.com/image/upload/f_auto,q_auto/league/nigxygewltiq49894pkt"	2026	2	"REG"	"2026_02_WAS_DAL"	"DAL"	"WAS"	0	0	0	0	0	0	0	0	0	0	0	0	null	null	0	null	0	0	0	0	0	0	0	0	0	0	null	0	0	0	0	0	0	0	0	0	0	0	0	0	0	null	0	0	0	0	0	null	0	0	0	0	1	0	2	0	0	0	0	0	1	0	0	0	0	0	0	0	0	0	0	0	0	0	0	0	0	0	0	0	0	0	0	0	0	0	0	0	0	0	0	0	0	null	null	0	0	0	0	0	0	0	0	0	0	0	0	null	null	null	0	0	0	0	0	0	0	null	0	0	0	0	0	0	0	null	0	0	0	0	0	0	0	0	0	0	0	0
"00-0033246"	"J.Mundt"	"Johnny Mundt"	"TE"	"TE"	"https://static.www.nfl.com/image/upload/f_auto,q_auto/league/gbsnomwbzavt5124vvaz"	2026	2	"REG"	"2026_02_PHI_TEN"	"PHI"	"TEN"	0	0	0	0	0	0	0	0	0	0	0	0	null	null	0	null	0	0	0	0	0	0	0	0	0	0	null	0	0	0	0	0	2	3	8	0	0	0	8	3	0	-1.7626028952654451	0	0	0	0	0	1	0.08823529411764706	0.0273972602739726	0.15153102336825142	0	0	0	0	0	0	0	0	0	0	0	0	0	0	0	0	0	0	0	0	0	0	0	0	0	0	0	1	10	0	0	0	0	0	0	0	0	0	0	0	0	0	null	null	0	0	0	0	0	0	0	0	0	0	0	0	null	null	null	0	0	0	0	0	0	0	null	0	0	0	0	0	0	0	null	0	0	0	0	0	0	0	0	0	0	0.8	2.8
"00-0033294"	"C.Clark"	"Chuck Clark"	"SAF"	"DB"	"https://static.www.nfl.com/image/upload/f_auto,q_auto/league/zysqspeckaavbcyduzmz"	2026	2	"REG"	"2026_02_DET_BUF"	"DET"	"BUF"	0	0	0	0	0	0	0	0	0	0	0	0	null	null	0	null	0	0	0	0	0	0	0	0	0	0	null	0	0	0	0	0	0	0	0	0	0	0	0	0	0	null	0	0	0	0	0	null	0	0	0	0	4	0	7	0	0	0	0	0	0	0	0	0	0	0	0	0	0	0	0	0	0	0	0	0	0	0	0	0	0	0	0	0	0	0	0	0	0	0	0	0	0	null	null	0	0	0	0	0	0	0	0	0	0	0	0	null	null	null	0	0	0	0	0	0	0	null	0	0	0	0	0	0	0	null	0	0	0	0	0	0	0	0	0	0	0	0
"00-0033303"	"H.Butker"	"Harrison Butker"	"K"	"SPEC"	"https://static.www.nfl.com/image/upload/f_auto,q_auto/league/yphf8avl8ji0ncdohabz"	2026	2	"REG"	"2026_02_IND_KC"	"KC"	"IND"	0	0	0	0	0	0	0	0	0	0	0	0	null	null	0	null	0	0	0	0	0	0	0	0	0	0	null	0	0	0	0	0	0	0	0	0	0	0	0	0	0	null	0	0	0	0	0	null	0	0	0	0	0	0	1	0	0	0	0	0	0	0	0	0	0	0	0	0	0	0	0	0	0	0	0	0	0	0	0	0	0	0	0	0	0	0	0	0	0	4	5	1	0	46	0.8	0	1	1	2	0	0	0	0	0	0	1	0	"46;28;31;40"	"51"	null	145	51	0	3	3	0	0	1	1	1	0	0	40	0	0	null	0	0	0	0	0	0	0	0	0	0	0	0
"00-0033381"	"A.Butler"	"Adam Butler"	"DT"	"DL"	"https://static.www.nfl.com/image/upload/f_auto,q_auto/league/lhf00svlch3ueul8msuq"	2026	2	"REG"	"2026_02_LV_LAC"	"LV"	"LAC"	0	0	0	0	0	0	0	0	0	0	0	0	null	null	0	null	0	0	0	0	0	0	0	0	0	0	null	0	0	0	0	0	0	0	0	0	0	0	0	0	0	null	0	0	0	0	0	null	0	0	0	0	0	0	1	0	0	0	0	0	0	0	0	0	0	0	0	0	0	0	0	0	0	0	0	0	0	0	0	0	0	0	0	0	0	0	0	0	0	0	0	0	0	null	null	0	0	0	0	0	0	0	0	0	0	0	0	null	null	null	0	0	0	0	0	0	0	null	0	0	0	0	0	0	0	null	0	0	0	0	0	0	0	0	0	0	0	0
"00-0033546"	"D.Tomlinson"	"Dalvin Tomlinson"	"DE"	"DL"	"https://static.www.nfl.com/image/upload/f_auto,q_auto/league/r3vkktytoghvtrua64hg"	2026	2	"REG"	"2026_02_LV_LAC"	"LAC"	"LV"	0	0	0	0	0	0	0	0	0	0	0	0	null	null	0	null	0	0	0	0	0	0	0	0	0	0	null	0	0	0	0	0	0	0	0	0	0	0	0	0	0	null	0	0	0	0	0	null	0	0	0	0	0	0	4	0	0	0	0.5	0.5	1	0	0	0	0	0	0	0	0	0	0	0	0	0	0	0	0	0	0	0	0	0	0	0	0	0	0	0	0	0	0	0	0	null	null	0	0	0	0	0	0	0	0	0	0	0	0	null	null	null	0	0	0	0	0	0	0	null	0	0	0	0	0	0	0	null	0	0	0	0	0	0	0	0	0	0	0	0
"00-0033551"	"R.Douglas"	"Rasul Douglas"	"CB"	"DB"	"https://static.www.nfl.com/image/upload/f_auto,q_auto/league/f2ac9dmdbhc6rvgllcbt"	2026	2	"REG"	"2026_02_WAS_DAL"	"WAS"	"DAL"	0	0	0	0	0	0	0	0	0	0	0	0	null	null	0	null	0	0	0	0	0	0	0	0	0	0	null	0	0	0	0	0	0	0	0	0	0	0	0	0	0	null	0	0	0	0	0	null	0	0	0	0	1	0	2	0	0	0	0	0	0	0	0	0	0	0	0	0	0	0	0	0	0	0	0	0	0	0	0	0	0	0	0	0	0	0	0	0	0	0	0	0	0	null	null	0	0	0	0	0	0	0	0	0	0	0	0	null	null	null	0	0	0	0	0	0	0	null	0	0	0	0	0	0	0	null	0	0	0	0	0	0	0	0	0	0	0	0
"00-0033787"	"J.Elliott"	"Jake Elliott"	"K"	"SPEC"	"https://static.www.nfl.com/image/upload/f_auto,q_auto/league/gxy1mhbnz1p2nufkg8qz"	2026	2	"REG"	"2026_02_PHI_TEN"	"PHI"	"TEN"	0	0	0	0	0	0	0	0	0	0	0	0	null	null	0	null	0	0	0	0	0	0	0	0	0	0	null	0	0	0	0	0	0	0	0	0	0	0	0	0	0	null	0	0	0	0	0	null	0	0	0	0	0	0	0	0	0	0	0	0	0	0	0	0	0	0	0	0	0	0	0	0	0	0	0	0	0	0	0	0	0	0	0	0	0	0	0	0	0	1	1	0	0	58	1	0	0	0	0	1	0	0	0	0	0	0	0	"58"	null	null	58	0	0	3	3	0	0	1	0	0	0	0	0	0	0	null	0	0	0	0	0	0	0	0	0	0	0	0
"00-0033870"	"S.Thomas"	"Solomon Thomas"	"DT"	"DL"	"https://static.www.nfl.com/image/upload/f_auto,q_auto/league/zgn4b0p7ezoqdqpto9lb"	2026	2	"REG"	"2026_02_PHI_TEN"	"TEN"	"PHI"	0	0	0	0	0	0	0	0	0	0	0	0	null	null	0	null	0	0	0	0	0	0	0	0	0	0	null	0	0	0	0	0	0	0	0	0	0	0	0	0	0	null	0	0	0	0	0	null	0	0	0	0	1	0	2	0	0	0	0	0	0	0	0	0	0	0	0	0	0	0	0	0	0	0	0	0	0	0	0	0	0	0	0	0	0	0	0	0	0	0	0	0	0	null	null	0	0	0	0	0	0	0	0	0	0	0	0	null	null	null	0	0	0	0	0	0	0	null	0	0	0	0	0	0	0	null	0	0	0	0	0	0	0	0	0	0	0	0
"00-0033885"	"D.Njoku"	"David Njoku"	"TE"	"TE"	"https://static.www.nfl.com/image/upload/f_auto,q_auto/league/y4g1iayqrbrhdvkqywpx"	2026	2	"REG"	"2026_02_LV_LAC"	"LAC"	"LV"	0	0	0	0	0	0	0	0	0	0	0	0	null	null	0	null	0	0	0	0	0	0	0	0	0	0	null	0	0	0	0	0	1	3	9	0	0	0	25	8	0	-4.736886946717277	0	0	0	0	0	0.36	0.11538461538461539	0.09293680297397769	0.23813268515870745	0	0	0	0	0	0	0	0	0	0	0	0	0	0	0	0	0	0	0	0	0	0	0	0	0	0	0	0	0	0	0	0	0	0	0	0	0	0	0	0	0	0	null	null	0	0	0	0	0	0	0	0	0	0	0	0	null	null	null	0	0	0	0	0	0	0	null	0	0	0	0	0	0	0	null	0	0	0	0	0	0	0	0	0	0	0.9	1.9
"00-0033918"	"F.Moreau"	"Fabian Moreau"	"CB"	"DB"	"https://static.www.nfl.com/image/upload/f_auto,q_auto/league/osj1pbe8mj5f7h47l2op"	2026	2	"REG"	"2026_02_WAS_DAL"	"WAS"	"DAL"	0	0	0	0	0	0	0	0	0	0	0	0	null	null	0	null	0	0	0	0	0	0	0	0	0	0	null	0	0	0	0	0	0	0	0	0	0	0	0	0	0	null	0	0	0	0	0	null	0	0	0	0	1	0	0	0	0	0	0	0	0	0	0	0	0	0	0	0	0	0	0	0	0	0	0	0	0	0	0	0	0	0	0	0	0	0	0	0	0	0	0	0	0	null	null	0	0	0	0	0	0	0	0	0	0	0	0	null	null	null	0	0	0	0	0	0	0	null	0	0	0	0	0	0	0	null	0	0	0	0	0	0	0	0	0	0	0	0
"00-0034112"	"A.Schlottmann"	"Austin Schlottmann"	"C"	"OL"	"https://static.www.nfl.com/image/upload/f_auto,q_auto/league/afwyxpln2lcv4uhf1mvd"	2026	2	"REG"	"2026_02_PHI_TEN"	"TEN"	"PHI"	0	0	0	0	0	0	0	0	0	0	0	0	null	null	0	null	0	0	0	0	0	0	0	0	0	0	null	0	0	0	0	0	0	0	0	0	0	0	0	0	0	null	0	0	0	0	0	null	0	0	0	0	0	0	0	0	0	0	0	0	0	0	0	0	0	0	0	0	0	0	0	0	0	0	0	0	0	0	1	10	0	0	0	0	0	0	0	0	0	0	0	0	0	null	null	0	0	0	0	0	0	0	0	0	0	0	0	null	null	null	0	0	0	0	0	0	0	null	0	0	0	0	0	0	0	null	0	0	0	0	0	0	0	0	0	0	0	0
"00-0034161"	"D.Carlson"	"Daniel Carlson"	"K"	"SPEC"	"https://static.www.nfl.com/image/upload/f_auto,q_auto/league/gsvj7rtvqwbwdeho8whf"	2026	2	"REG"	"2026_02_NO_BAL"	"NO"	"BAL"	0	0	0	0	0	0	0	0	0	0	0	0	null	null	0	null	0	0	0	0	0	0	0	0	0	0	null	0	0	0	0	0	0	0	0	0	0	0	0	0	0	null	0	0	0	0	0	null	0	0	0	0	0	0	0	0	0	0	0	0	0	0	0	0	0	0	0	0	0	0	0	0	0	0	0	0	0	0	0	0	0	0	0	0	0	0	0	0	0	3	3	0	0	51	1	0	1	0	1	1	0	0	0	0	0	0	0	"23;47;51"	null	null	121	0	0	1	1	0	0	1	0	0	0	0	0	0	0	null	0	0	0	0	0	0	0	0	0	0	0	0
"00-0034162"	"J.Scott"	"J.K. Scott"	"P"	"SPEC"	"https://static.www.nfl.com/image/upload/f_auto,q_auto/league/yayikawhfng99cqrosax"	2026	2	"REG"	"2026_02_LV_LAC"	"LAC"	"LV"	0	0	0	0	0	0	0	0	0	0	0	0	null	null	0	null	0	0	0	0	0	0	0	0	0	0	null	0	0	0	0	0	0	0	0	0	0	0	0	0	0	null	0	0	0	0	0	null	0	0	0	0	0	0	0	0	0	0	0	0	0	0	0	0	0	0	0	0	0	0	0	0	0	0	0	0	0	0	0	0	0	0	0	0	0	0	0	0	0	0	0	0	0	null	null	0	0	0	0	0	0	0	0	0	0	0	0	null	null	null	0	0	0	0	0	0	0	null	0	0	0	0	0	5	0	57	258	2	1	1	0	2	1	16	0	242	0	0
"00-0034163"	"J.Martin"	"Jacob Martin"	"DE"	"DL"	"https://static.www.nfl.com/image/upload/f_auto,q_auto/league/iq7og8epwftb1wl8aghd"	2026	2	"REG"	"2026_02_PHI_TEN"	"TEN"	"PHI"	0	0	0	0	0	0	0	0	0	0	0	0	null	null	0	null	0	0	0	0	0	0	0	0	0	0	null	0	0	0	0	0	0	0	0	0	0	0	0	0	0	null	0	0	0	0	0	null	0	0	0	0	1	0	0	1	11	0	1	11	2	0	0	0	0	0	0	0	0	0	0	0	0	0	0	0	0	0	1	5	0	0	0	0	0	0	0	0	0	0	0	0	0	null	null	0	0	0	0	0	0	0	0	0	0	0	0	null	null	null	0	0	0	0	0	0	0	null	0	0	0	0	0	0	0	null	0	0	0	0	0	0	0	0	0	0	0	0
"00-0034173"	"E.Pineiro"	"Eddy Pineiro"	"K"	"SPEC"	"https://static.www.nfl.com/image/upload/f_auto,q_auto/league/v3vtl2t4dfzkueanjfwc"	2026	2	"REG"	"2026_02_MIA_SF"	"SF"	"MIA"	0	0	0	0	0	0	0	0	0	0	0	0	null	null	0	null	0	0	0	0	0	0	0	0	0	0	null	0	0	0	0	0	0	0	0	0	0	0	0	0	0	null	0	0	0	0	0	null	0	0	0	0	0	0	0	0	0	0	0	0	0	0	0	0	0	0	0	0	0	0	0	0	0	0	0	0	0	0	0	0	0	0	0	0	0	0	0	0	0	0	0	0	0	null	null	0	0	0	0	0	0	0	0	0	0	0	0	null	null	null	0	0	0	5	5	0	0	1	0	0	0	0	0	0	0	null	0	0	0	0	0	0	0	0	0	0	0	0
"00-0034234"	"P.Ford"	"Poona Ford"	"DT"	"DL"	"https://static.www.nfl.com/image/upload/f_auto,q_auto/league/emckafsx5psbs9pjhhpe"	2026	2	"REG"	"2026_02_NYG_LA"	"LA"	"NYG"	0	0	0	0	0	0	0	0	0	0	0	0	null	null	0	null	0	0	0	0	0	0	0	0	0	0	null	0	0	0	0	0	0	0	0	0	0	0	0	0	0	null	0	0	0	0	0	null	0	0	0	0	1	0	3	0	0	0	0	0	0	0	0	0	0	0	0	0	0	0	0	0	0	0	0	0	0	0	0	0	0	0	0	0	0	0	0	0	0	0	0	0	0	null	null	0	0	0	0	0	0	0	0	0	0	0	0	null	null	null	0	0	0	0	0	0	0	null	0	0	0	0	0	0	0	null	0	0	0	0	0	0	0	0	0	0	0	0
"00-0034248"	"E.Campbell"	"Elijah Campbell"	"DB"	"DB"	"https://static.www.nfl.com/image/upload/f_auto,q_auto/league/qyz7zre7auvk1ilrfs70"	2026	2	"REG"	"2026_02_NYG_LA"	"NYG"	"LA"	0	0	0	0	0	0	0	0	0	0	0	0	null	null	0	null	0	0	0	0	0	0	0	0	0	0	null	0	0	0	0	0	0	0	0	0	0	0	0	0	0	null	0	0	0	0	0	null	0	0	0	0	1	0	2	0	0	0	0	0	0	0	0	0	0	0	0	0	0	0	0	0	0	0	0	0	0	0	0	0	0	0	0	0	0	0	0	0	0	0	0	0	0	null	null	0	0	0	0	0	0	0	0	0	0	0	0	null	null	null	0	0	0	0	0	0	0	null	0	0	0	0	0	0	0	null	0	0	0	0	0	0	0	0	0	0	0	0
"00-0034275"	"F.Fatukasi"	"Foley Fatukasi"	"DT"	"DL"	"https://static.www.nfl.com/image/upload/f_auto,q_auto/league/ej04fay7gyj4ckh6fznb"	2026	2	"REG"	"2026_02_LV_LAC"	"LV"	"LAC"	0	0	0	0	0	0	0	0	0	0	0	0	null	null	0	null	0	0	0	0	0	0	0	0	0	0	null	0	0	0	0	0	0	0	0	0	0	0	0	0	0	null	0	0	0	0	0	null	0	0	0	0	0	0	2	0	0	0	0	0	0	0	0	0	0	0	0	0	0	0	0	0	0	0	0	0	0	0	0	0	0	0	0	0	0	0	0	0	0	0	0	0	0	null	null	0	0	0	0	0	0	0	0	0	0	0	0	null	null	null	0	0	0	0	0	0	0	null	0	0	0	0	0	0	0	null	0	0	0	0	0	0	0	0	0	0	0	0
"00-0034333"	"D.Payne"	"Daron Payne"	"NT"	"DL"	"https://static.www.nfl.com/image/upload/f_auto,q_auto/league/fyaqgxzjicgbmrethav3"	2026	2	"REG"	"2026_02_WAS_DAL"	"WAS"	"DAL"	0	0	0	0	0	0	0	0	0	0	0	0	null	null	0	null	0	0	0	0	0	0	0	0	0	0	null	0	0	0	0	0	0	0	0	0	0	0	0	0	0	null	0	0	0	0	0	null	0	0	0	0	1	0	1	0	0	0	0	0	1	0	0	0	0	0	0	0	0	0	0	0	0	0	0	0	0	0	0	0	0	0	0	0	0	0	0	0	0	0	0	0	0	null	null	0	0	0	0	0	0	0	0	0	0	0	0	null	null	null	0	0	0	0	0	0	0	null	0	0	0	0	0	0	0	null	0	0	0	0	0	0	0	0	0	0	0	0
"00-0034351"	"D.Goedert"	"Dallas Goedert"	"TE"	"TE"	"https://static.www.nfl.com/image/upload/f_auto,q_auto/league/bafepstxu7vvxb9v5vua"	2026	2	"REG"	"2026_02_PHI_TEN"	"PHI"	"TEN"	0	0	0	0	0	0	0	0	0	0	0	0	null	null	0	null	0	0	0	0	0	0	0	0	0	0	null	0	0	0	0	0	1	2	4	0	0	0	4	0	0	-0.6171438904711977	0	0	0	0	0	1	0.058823529411764705	0.0136986301369863	0.09782433521353746	0	0	0	0	0	0	0	0	0	0	0	0	0	0	0	0	0	0	0	0	0	0	0	0	0	0	0	0	0	0	0	0	0	0	0	0	0	0	0	0	0	0	null	null	0	0	0	0	0	0	0	0	0	0	0	0	null	null	null	0	0	0	0	0	0	0	null	0	0	0	0	0	0	0	null	0	0	0	0	0	0	0	0	0	0	0.4	1.4
"00-0034356"	"D.Jackson"	"Donte Jackson"	"CB"	"DB"	"https://static.www.nfl.com/image/upload/f_auto,q_auto/league/ptrcpfheqfuuyiqexmsq"	2026	2	"REG"	"2026_02_LV_LAC"	"LAC"	"LV"	0	0	0	0	0	0	0	0	0	0	0	0	null	null	0	null	0	0	0	0	0	0	0	0	0	0	null	0	0	0	0	0	0	0	0	0	0	0	0	0	0	null	0	0	0	0	0	null	0	0	0	0	2	1	2	1	2	1	0	0	0	0	0	1	0	0	0	0	0	0	0	0	0	0	0	0	0	0	0	0	0	0	0	0	0	0	0	0	0	0	0	0	0	null	null	0	0	0	0	0	0	0	0	0	0	0	0	null	null	null	0	0	0	0	0	0	0	null	0	0	0	0	0	0	0	null	0	0	0	0	0	0	0	0	0	0	0	0
"00-0034365"	"I.Thomas"	"Ian Thomas"	"TE"	"TE"	"https://static.www.nfl.com/image/upload/f_auto,q_auto/league/gvpwnq0mjefjlekgzxro"	2026	2	"REG"	"2026_02_LV_LAC"	"LV"	"LAC"	0	0	0	0	0	0	0	0	0	0	0	0	null	null	0	null	0	0	0	0	0	0	0	0	0	0	null	0	0	0	0	0	1	1	11	0	0	0	1	10	1	0.7217649386730045	0	1	0	0	0	11	0.034482758620689655	0.0035335689045936395	0.05419763616425003	0	0	0	0	0	0	0	0	0	0	0	0	0	0	0	0	0	0	0	0	0	0	0	0	0	0	0	0	0	0	0	0	0	0	0	0	0	0	0	0	0	0	null	null	0	0	0	0	0	0	0	0	0	0	0	0	null	null	null	0	0	0	0	0	0	0	null	0	0	0	0	0	0	0	null	0	0	0	0	0	0	0	0	0	0	1.1	2.1
"00-0034373"	"D.Armstrong"	"Dorance Armstrong"	"DE"	"DL"	"https://static.www.nfl.com/image/upload/f_auto,q_auto/league/iccauovlxlztcx36jitr"	2026	2	"REG"	"2026_02_WAS_DAL"	"WAS"	"DAL"	0	0	0	0	0	0	0	0	0	0	0	0	null	null	0	null	0	0	0	0	0	0	0	0	0	0	null	0	0	0	0	0	0	0	0	0	0	0	0	0	0	null	0	0	0	0	0	null	0	0	0	0	3	0	2	0	0	0	0	0	1	0	0	0	0	0	0	0	0	0	0	0	0	0	0	0	0	0	0	0	0	0	0	0	0	0	0	0	0	0	0	0	0	null	null	0	0	0	0	0	0	0	0	0	0	0	0	null	null	null	0	0	0	0	0	0	0	null	0	0	0	0	0	0	0	null	0	0	0	0	0	0	0	0	0	0	0	0
"00-0034376"	"T.Johnson"	"Taron Johnson"	"CB"	"DB"	"https://static.www.nfl.com/image/upload/f_auto,q_auto/league/ga88tpaiiaafgcecjboi"	2026	2	"REG"	"2026_02_LV_LAC"	"LV"	"LAC"	0	0	0	0	0	0	0	0	0	0	0	0	null	null	0	null	0	0	0	0	0	0	0	0	0	0	null	0	0	0	0	0	0	0	0	0	0	0	0	0	0	null	0	0	0	0	0	null	0	0	0	0	3	0	0	0	0	1	0	0	1	0	0	0	0	0	0	0	0	0	0	0	0	0	0	0	0	0	0	0	0	0	0	0	0	0	0	0	0	0	0	0	0	null	null	0	0	0	0	0	0	0	0	0	0	0	0	null	null	null	0	0	0	0	0	0	0	null	0	0	0	0	0	0	0	null	0	0	0	0	0	0	0	0	0	0	0	0
"00-0034377"	"A.Maddox"	"Avonte Maddox"	"FS"	"DB"	"https://static.www.nfl.com/image/upload/f_auto,q_auto/league/j2guzeu1ggx5opajjl3h"	2026	2	"REG"	"2026_02_DET_BUF"	"DET"	"BUF"	0	0	0	0	0	0	0	0	0	0	0	0	null	null	0	null	0	0	0	0	0	0	0	0	0	0	null	0	0	0	0	0	0	0	0	0	0	0	0	0	0	null	0	0	0	0	0	null	0	0	0	0	1	0	2	0	0	0	0	0	0	0	0	0	0	0	0	0	0	0	0	0	0	0	0	0	0	0	0	0	0	0	0	0	0	0	0	0	0	0	0	0	0	null	null	0	0	0	0	0	0	0	0	0	0	0	0	null	null	null	0	0	0	0	0	0	0	null	0	0	0	0	0	0	0	null	0	0	0	0	0	0	0	0	0	0	0	0
"00-0034384"	"D.Reed"	"D.J. Reed"	"CB"	"DB"	"https://static.www.nfl.com/image/upload/f_auto,q_auto/league/haxt1fpxhgnobin0d5sx"	2026	2	"REG"	"2026_02_DET_BUF"	"DET"	"BUF"	0	0	0	0	0	0	0	0	0	0	0	0	null	null	0	null	0	0	0	0	0	0	0	0	0	0	null	0	0	0	0	0	0	0	0	0	0	0	0	0	0	null	0	0	0	0	0	null	0	0	0	0	2	0	4	0	0	0	0	0	0	0	0	0	0	0	0	0	0	0	0	0	0	0	0	0	0	0	1	5	0	0	0	0	0	0	0	0	0	0	0	0	0	null	null	0	0	0	0	0	0	0	0	0	0	0	0	null	null	null	0	0	0	0	0	0	0	null	0	0	0	0	0	0	0	null	0	0	0	0	0	0	0	0	0	0	0	0
"00-0034397"	"T.Settle"	"Tim Settle"	"DT"	"DL"	"https://static.www.nfl.com/image/upload/f_auto,q_auto/league/pfxye4tf9lojvyeud1d9"	2026	2	"REG"	"2026_02_WAS_DAL"	"WAS"	"DAL"	0	0	0	0	0	0	0	0	0	0	0	0	null	null	0	null	0	0	0	0	0	0	0	0	0	0	null	0	0	0	0	0	0	0	0	0	0	0	0	0	0	null	0	0	0	0	0	null	0	0	0	0	2	0	0	0	0	0	0	0	0	0	0	0	0	0	0	0	0	0	0	0	0	0	0	0	0	0	0	0	0	0	0	0	0	0	0	0	0	0	0	0	0	null	null	0	0	0	0	0	0	0	0	0	0	0	0	null	null	null	0	0	0	0	0	0	0	null	0	0	0	0	0	0	0	null	0	0	0	0	0	0	0	0	0	0	0	0
"00-0034419"	"B.Berrios"	"Braxton Berrios"	"WR"	"WR"	"https://static.www.nfl.com/image/upload/f_auto,q_auto/league/striwxmn9t0ixherw7l8"	2026	2	"REG"	"2026_02_NYG_LA"	"NYG"	"LA"	0	0	0	0	0	0	0	0	0	0	0	0	null	null	0	null	0	0	0	0	0	0	0	0	0	0	null	0	0	0	0	0	0	0	0	0	0	0	0	0	0	null	0	0	0	0	0	null	0	0	0	0	0	0	0	0	0	0	0	0	0	0	0	0	0	0	0	0	0	0	0	0	0	0	0	0	0	0	0	0	0	0	0	0	0	0	0	2	53	0	0	0	0	null	null	0	0	0	0	0	0	0	0	0	0	0	0	null	null	null	0	0	0	0	0	0	0	null	0	0	0	0	0	0	0	null	0	0	0	0	0	0	0	0	0	0	0	0
"00-0034465"	"J.Reaves"	"Jeremy Reaves"	"DB"	"DB"	"https://static.www.nfl.com/image/upload/f_auto,q_auto/league/kwmtxcogvel516q4ws86"	2026	2	"REG"	"2026_02_WAS_DAL"	"WAS"	"DAL"	0	0	0	0	0	0	0	0	0	0	0	0	null	null	0	null	0	0	0	0	0	0	0	0	0	0	null	0	0	0	0	0	0	0	0	0	0	0	0	0	0	null	0	0	0	0	0	null	0	0	0	0	4	0	3	0	0	0	0	0	0	0	0	0	0	0	0	0	0	0	0	0	0	0	0	0	0	0	1	9	0	0	0	0	0	0	0	0	0	0	0	0	0	null	null	0	0	0	0	0	0	0	0	0	0	0	0	null	null	null	0	0	0	0	0	0	0	null	0	0	0	0	0	0	0	null	0	0	0	0	0	0	0	0	0	0	0	0
"00-0034673"	"T.Edmunds"	"Tremaine Edmunds"	"MLB"	"LB"	"https://static.www.nfl.com/image/upload/f_auto,q_auto/league/oel5uugavzbyitnjlw7f"	2026	2	"REG"	"2026_02_NYG_LA"	"NYG"	"LA"	0	0	0	0	0	0	0	0	0	0	0	0	null	null	0	null	0	0	0	0	0	0	0	0	0	0	null	0	0	0	0	0	0	0	0	0	0	0	0	0	0	null	0	0	0	0	0	null	0	0	0	0	0	0	5	0	0	0	0	0	0	0	0	1	0	0	0	0	0	0	0	0	0	0	0	0	0	0	0	0	0	0	0	0	0	0	0	0	0	0	0	0	0	null	null	0	0	0	0	0	0	0	0	0	0	0	0	null	null	null	0	0	0	0	0	0	0	null	0	0	0	0	0	0	0	null	0	0	0	0	0	0	0	0	0	0	0	0
"00-0034790"	"D.James"	"Derwin James"	"FS"	"DB"	"https://static.www.nfl.com/image/upload/f_auto,q_auto/league/z9au0ajgcwoeozfdu0ec"	2026	2	"REG"	"2026_02_LV_LAC"	"LAC"	"LV"	0	0	0	0	0	0	0	0	0	0	0	0	null	null	0	null	0	0	0	0	0	0	0	0	0	0	null	0	0	0	0	0	0	0	0	0	0	0	0	0	0	null	0	0	0	0	0	null	0	0	0	0	2	0	5	0	0	0	0	0	0	0	0	0	0	0	0	0	0	0	0	0	0	0	0	0	0	0	0	0	0	0	0	0	0	0	0	0	0	0	0	0	0	null	null	0	0	0	0	0	0	0	0	0	0	0	0	null	null	null	0	0	0	0	0	0	0	null	0	0	0	0	0	0	0	null	0	0	0	0	0	0	0	0	0	0	0	0
"00-0034794"	"J.Sanders"	"Jason Sanders"	"K"	"SPEC"	"https://static.www.nfl.com/image/upload/f_auto,q_auto/league/k3ldptfygihmqgl2eir6"	2026	2	"REG"	"2026_02_GB_NYJ"	"NYJ"	"GB"	0	0	0	0	0	0	0	0	0	0	0	0	null	null	0	null	0	0	0	0	0	0	0	0	0	0	null	0	0	0	0	0	0	0	0	0	0	0	0	0	0	null	0	0	0	0	0	null	0	0	0	0	0	0	1	0	0	0	0	0	0	0	0	0	0	0	0	0	0	0	0	0	0	0	0	0	0	0	0	0	0	0	0	0	0	0	0	0	0	1	1	0	0	32	1	0	0	1	0	0	0	0	0	0	0	0	0	"32"	null	null	32	0	0	2	2	0	0	1	0	0	0	0	0	0	0	null	0	0	0	0	0	0	0	0	0	0	0	0
"00-0034805"	"J.Franklin-Myers"	"John Franklin-Myers"	"DE"	"DL"	"https://static.www.nfl.com/image/upload/f_auto,q_auto/league/ixfyxejxsfgffbgd7in2"	2026	2	"REG"	"2026_02_PHI_TEN"	"TEN"	"PHI"	0	0	0	0	0	0	0	0	0	0	0	0	null	null	0	null	0	0	0	0	0	0	0	0	0	0	null	0	0	0	0	0	0	0	0	0	0	0	0	0	0	null	0	0	0	0	0	null	0	0	0	0	1	0	1	0	0	0	1	0	1	0	0	0	0	0	0	0	0	0	0	0	0	0	0	0	0	0	0	0	0	0	0	0	0	0	0	0	0	0	0	0	0	null	null	0	0	0	0	0	0	0	0	0	0	0	0	null	null	null	0	0	0	0	0	0	0	null	0	0	0	0	0	0	0	null	0	0	0	0	0	0	0	0	0	0	0	0
"00-0034827"	"D.Moore"	"DJ Moore"	"WR"	"WR"	"https://static.www.nfl.com/image/upload/f_auto,q_auto/league/lsavpxtqoqu25emwcnvy"	2026	2	"REG"	"2026_02_DET_BUF"	"BUF"	"DET"	0	0	0	0	0	0	0	0	0	0	0	0	null	null	0	null	0	0	0	0	1	-1	0	0	0	0	-0.9357428378425539	0	0	0	0	0	0	0	0	0	0	0	0	0	0	null	0	0	0	0	0	null	0	0	0	0	0	0	0	0	0	0	0	0	0	0	0	0	0	0	0	0	0	0	0	0	0	0	0	0	0	0	0	0	0	0	0	0	0	0	0	0	0	0	0	0	0	null	null	0	0	0	0	0	0	0	0	0	0	0	0	null	null	null	0	0	0	0	0	0	0	null	0	0	0	0	0	0	0	null	0	0	0	0	0	0	0	0	0	0	-0.1	-0.1
"00-0034832"	"B.Chubb"	"Bradley Chubb"	"OLB"	"LB"	"https://static.www.nfl.com/image/upload/f_auto,q_auto/league/k65yb752vk1uq7sweetl"	2026	2	"REG"	"2026_02_DET_BUF"	"BUF"	"DET"	0	0	0	0	0	0	0	0	0	0	0	0	null	null	0	null	0	0	0	0	0	0	0	0	0	0	null	0	0	0	0	0	0	0	0	0	0	0	0	0	0	null	0	0	0	0	0	null	0	0	0	0	2	0	2	1	13	0	1.5	17	2	0	0	0	0	0	0	0	0	0	0	0	0	0	0	0	0	0	0	0	0	0	0	0	0	0	0	0	0	0	0	0	0	null	null	0	0	0	0	0	0	0	0	0	0	0	0	null	null	null	0	0	0	0	0	0	0	null	0	0	0	0	0	0	0	null	0	0	0	0	0	0	0	0	0	0	0	0
"00-0034837"	"C.Ridley"	"Calvin Ridley"	"WR"	"WR"	"https://static.www.nfl.com/image/upload/f_auto,q_auto/league/zrv8bjm7zdtboyka2jvr"	2026	2	"REG"	"2026_02_PHI_TEN"	"TEN"	"PHI"	0	0	0	0	0	0	0	0	0	0	0	0	null	null	0	null	0	0	0	0	0	0	0	0	0	0	null	0	0	0	0	0	2	2	35	0	0	0	27	8	2	2.2012136461562477	0	2	1	1	0	1.2962962962962963	0.11764705882352941	0.19285714285714287	0.3114705882352941	0	0	0	0	0	0	0	0	0	0	0	0	0	0	0	0	0	0	0	0	0	0	0	0	0	0	0	1	15	0	0	0	0	0	0	0	0	0	0	0	0	0	null	null	0	0	0	0	0	0	0	0	0	0	0	0	null	null	null	0	0	0	0	0	0	0	null	0	0	0	0	0	0	0	null	0	0	0	0	0	0	0	0	0	0	3.5	5.5
"00-0034844"	"S.Barkley"	"Saquon Barkley"	"RB"	"RB"	"https://static.www.nfl.com/image/upload/f_auto,q_auto/league/qcayrzjpura2zydszonh"	2026	2	"REG"	"2026_02_PHI_TEN"	"PHI"	"TEN"	0	0	0	0	0	0	0	0	0	0	0	0	null	null	0	null	0	0	0	0	4	9	0	0	0	0	-1.412509533809498	0	0	0	0	0	1	2	11	0	0	0	4	7	1	0.7274845216888934	0	1	0	0	0	2.75	0.058823529411764705	0.0136986301369863	0.09782433521353746	0	0	0	0	0	0	0	0	0	0	0	0	0	0	0	0	0	0	0	0	0	0	0	0	0	0	0	0	0	0	0	0	0	0	0	0	0	0	0	0	0	0	null	null	0	0	0	0	0	0	0	0	0	0	0	0	null	null	null	0	0	0	0	0	0	0	null	0	0	0	0	0	0	0	null	0	0	0	0	0	0	0	0	0	0	2	3
"00-0034857"	"J.Allen"	"Josh Allen"	"QB"	"QB"	"https://static.www.nfl.com/image/upload/f_auto,q_auto/league/mjwbioajzldkq1vzoz2d"	2026	2	"REG"	"2026_02_DET_BUF"	"BUF"	"DET"	20	31	248	3	0	2	-5	1	0	235	87	14	15.048808036139235	5.718685260840824	0	1.0553191489361702	9	6	4	1	14	69	2	0	0	8	5.702162294386653	0	3	3	0	0	0	0	0	0	0	0	0	0	0	null	0	0	0	0	0	null	0	0	0	0	0	0	0	0	0	0	0	0	0	0	0	0	0	0	0	0	0	0	0	0	0	0	0	0	0	0	0	0	1	0	0	1	0	0	0	0	0	0	0	0	0	null	null	0	0	0	0	0	0	0	0	0	0	0	0	null	null	null	0	0	0	0	0	0	0	null	0	0	0	0	0	0	0	null	0	0	0	0	0	0	0	0	0	0	40.82	40.82
"00-0034967"	"R.Gary"	"Rashan Gary"	"LB"	"LB"	"https://static.www.nfl.com/image/upload/f_auto,q_auto/league/ew8xw9vqpcmeily0m3fk"	2026	2	"REG"	"2026_02_WAS_DAL"	"DAL"	"WAS"	0	0	0	0	0	0	0	0	0	0	0	0	null	null	0	null	0	0	0	0	0	0	0	0	0	0	null	0	0	0	0	0	0	0	0	0	0	0	0	0	0	null	0	0	0	0	0	null	0	0	0	0	2	0	1	0	0	0	0	0	0	0	0	0	0	0	0	0	0	0	0	0	0	0	0	0	0	0	0	0	0	0	0	0	0	0	0	0	0	0	0	0	0	null	null	0	0	0	0	0	0	0	0	0	0	0	0	null	null	null	0	0	0	0	0	0	0	null	0	0	0	0	0	0	0	null	0	0	0	0	0	0	0	0	0	0	0	0
"00-0034973"	"M.Crosby"	"Maxx Crosby"	"DE"	"DL"	"https://static.www.nfl.com/image/upload/f_auto,q_auto/league/r9gqe3lrjstj55ydljhk"	2026	2	"REG"	"2026_02_LV_LAC"	"LV"	"LAC"	0	0	0	0	0	0	0	0	0	0	0	0	null	null	0	null	0	0	0	0	0	0	0	0	0	0	null	0	0	0	0	0	0	0	0	0	0	0	0	0	0	null	0	0	0	0	0	null	0	0	0	0	1	0	0	0	0	0	0	0	1	0	0	0	0	0	0	0	0	0	0	0	0	0	0	0	0	0	0	0	0	0	0	0	0	0	0	0	0	0	0	0	0	null	null	0	0	0	0	0	0	0	0	0	0	0	0	null	null	null	0	0	0	0	0	0	0	null	0	0	0	0	0	0	0	null	0	0	0	0	0	0	0	0	0	0	0	0
"00-0034993"	"M.Epps"	"Marcus Epps"	"SAF"	"DB"	"https://static.www.nfl.com/image/upload/f_auto,q_auto/league/mlmepu3ng2uaqlo4sqhx"	2026	2	"REG"	"2026_02_PHI_TEN"	"PHI"	"TEN"	0	0	0	0	0	0	0	0	0	0	0	0	null	null	0	null	0	0	0	0	0	0	0	0	0	0	null	0	0	0	0	0	0	0	0	0	0	0	0	0	0	null	0	0	0	0	0	null	0	0	0	0	1	0	1	0	0	0	0	0	0	0	0	0	0	0	0	0	0	0	0	0	0	0	0	0	0	0	0	0	0	0	0	0	0	0	0	0	0	0	0	0	0	null	null	0	0	0	0	0	0	0	0	0	0	0	0	null	null	null	0	0	0	0	0	0	0	null	0	0	0	0	0	0	0	null	0	0	0	0	0	0	0	0	0	0	0	0
"00-0035125"	"A.Ingold"	"Alec Ingold"	"FB"	"RB"	"https://static.www.nfl.com/image/upload/f_auto,q_auto/league/saqgxmq3xrr68byket0r"	2026	2	"REG"	"2026_02_LV_LAC"	"LAC"	"LV"	0	0	0	0	0	0	0	0	0	0	0	0	null	null	0	null	0	0	0	0	0	0	0	0	0	0	null	0	0	0	0	0	0	0	0	0	0	0	0	0	0	null	0	0	0	0	0	null	0	0	0	0	1	0	0	0	0	0	0	0	0	0	0	0	0	0	0	0	0	0	0	0	0	0	0	0	0	0	0	0	0	0	0	0	0	0	0	0	0	0	0	0	0	null	null	0	0	0	0	0	0	0	0	0	0	0	0	null	null	null	0	0	0	0	0	0	0	null	0	0	0	0	0	0	0	null	0	0	0	0	0	0	0	0	0	0	0	0
"00-0035156"	"J.Fox"	"Jack Fox"	"P"	"SPEC"	"https://static.www.nfl.com/image/upload/f_auto,q_auto/league/iwfepgslxhtx236z6faz"	2026	2	"REG"	"2026_02_DET_BUF"	"DET"	"BUF"	0	0	0	0	0	0	0	0	0	0	0	0	null	null	0	null	0	0	0	0	0	0	0	0	0	0	null	0	0	0	0	0	0	0	0	0	0	0	0	0	0	null	0	0	0	0	0	null	0	0	0	0	0	0	0	0	0	0	0	0	0	0	0	0	0	0	0	0	0	0	0	0	0	0	0	0	0	0	0	0	0	0	0	0	0	0	0	0	0	0	0	0	0	null	null	0	0	0	0	0	0	0	0	0	0	0	0	null	null	null	0	0	0	0	0	0	0	null	0	0	0	0	0	4	0	62	206	1	0	0	0	1	3	36	0	170	0	0
"00-0035190"	"A.Cole"	"AJ Cole"	"P"	"SPEC"	"https://static.www.nfl.com/image/upload/f_auto,q_auto/league/t6ah2u0wptbb8n22tehr"	2026	2	"REG"	"2026_02_LV_LAC"	"LV"	"LAC"	0	0	0	0	0	0	0	0	0	0	0	0	null	null	0	null	0	0	0	0	0	0	0	0	0	0	null	0	0	0	0	0	0	0	0	0	0	0	0	0	0	null	0	0	0	0	0	null	0	0	0	0	0	0	0	0	0	0	0	0	0	0	0	0	0	0	0	0	0	0	0	0	0	0	0	0	0	0	0	0	0	0	0	0	0	0	0	0	0	0	0	0	0	null	null	0	0	0	0	0	0	0	0	0	0	0	0	null	null	null	0	0	0	0	0	0	0	null	0	0	0	0	0	6	0	56	277	4	1	2	0	3	0	0	0	277	0	0
"00-0035192"	"J.Slye"	"Joey Slye"	"K"	"SPEC"	"https://static.www.nfl.com/image/upload/f_auto,q_auto/league/qyugyvvddildncveryob"	2026	2	"REG"	"2026_02_PHI_TEN"	"TEN"	"PHI"	0	0	0	0	0	0	0	0	0	0	0	0	null	null	0	null	0	0	0	0	0	0	0	0	0	0	null	0	0	0	0	0	0	0	0	0	0	0	0	0	0	null	0	0	0	0	0	null	0	0	0	0	0	0	0	0	0	0	0	0	0	0	0	0	0	0	0	0	0	0	0	0	0	0	0	0	0	0	1	0	0	0	0	0	0	0	0	0	0	2	2	0	0	37	1	0	0	2	0	0	0	0	0	0	0	0	0	"37;33"	null	null	70	0	0	2	2	0	0	1	0	0	0	0	0	0	0	null	0	0	0	0	0	0	0	0	0	0	0	0
"00-0035202"	"D.Phillips"	"Del'Shawn Phillips"	"LB"	"LB"	"https://static.www.nfl.com/image/upload/f_auto,q_auto/league/plnsixu8jpozw1grxuvc"	2026	2	"REG"	"2026_02_LV_LAC"	"LAC"	"LV"	0	0	0	0	0	0	0	0	0	0	0	0	null	null	0	null	0	0	0	0	0	0	0	0	0	0	null	0	0	0	0	0	0	0	0	0	0	0	0	0	0	null	0	0	0	0	0	null	0	0	0	0	4	0	3	0	0	0	0	0	0	0	0	0	0	0	0	0	0	0	0	0	0	0	0	0	0	0	0	0	0	0	0	0	0	0	0	0	0	0	0	0	0	null	null	0	0	0	0	0	0	0	0	0	0	0	0	null	null	null	0	0	0	0	0	0	0	null	0	0	0	0	0	0	0	null	0	0	0	0	0	0	0	0	0	0	0	0
"00-0035227"	"P.Locke"	"P.J. Locke"	"DB"	"DB"	"https://static.www.nfl.com/image/upload/f_auto,q_auto/league/fzkqg3cd4aa4sfjy4rlx"	2026	2	"REG"	"2026_02_WAS_DAL"	"DAL"	"WAS"	0	0	0	0	0	0	0	0	0	0	0	0	null	null	0	null	0	0	0	0	0	0	0	0	0	0	null	0	0	0	0	0	0	0	0	0	0	0	0	0	0	null	0	0	0	0	0	null	0	0	0	0	1	0	0	0	0	0	0	0	0	0	0	0	0	0	0	0	0	0	0	0	0	0	0	0	0	0	0	0	0	0	0	0	0	0	0	0	0	0	0	0	0	null	null	0	0	0	0	0	0	0	0	0	0	0	0	null	null	null	0	0	0	0	0	0	0	null	0	0	0	0	0	0	0	null	0	0	0	0	0	0	0	0	0	0	0	0
"00-0035250"	"D.Singletary"	"Devin Singletary"	"RB"	"RB"	"https://static.www.nfl.com/image/upload/f_auto,q_auto/league/xy2r2msxjqneml2c1cdc"	2026	2	"REG"	"2026_02_NYG_LA"	"NYG"	"LA"	0	0	0	0	0	0	0	0	0	0	0	0	null	null	0	null	0	0	0	0	3	9	0	0	0	0	-1.3925581368384883	0	0	0	0	0	0	1	0	0	0	0	-1	0	0	-1.49806567421183	0	0	0	0	0	0	0.03125	-0.002932551319648094	0.044822214076246335	0	0	0	0	0	0	0	0	0	0	0	0	0	0	0	0	0	0	0	0	0	0	0	0	0	0	0	0	0	0	0	0	0	0	0	0	0	0	0	0	0	0	null	null	0	0	0	0	0	0	0	0	0	0	0	0	null	null	null	0	0	0	0	0	0	0	null	0	0	0	0	0	0	0	null	0	0	0	0	0	0	0	0	0	0	0.9	0.9
"00-0035253"	"C.Gardner-Johnson"	"C.J. Gardner-Johnson"	"SAF"	"DB"	"https://static.www.nfl.com/image/upload/f_auto,q_auto/league/pvzkbh5j3zlna7pkywx6"	2026	2	"REG"	"2026_02_DET_BUF"	"BUF"	"DET"	0	0	0	0	0	0	0	0	0	0	0	0	null	null	0	null	0	0	0	0	0	0	0	0	0	0	null	0	0	0	0	0	0	0	0	0	0	0	0	0	0	null	0	0	0	0	0	null	0	0	0	0	1	0	0	0	0	0	0	0	0	0	0	0	0	0	0	0	0	0	0	0	0	0	0	0	0	0	0	0	0	0	0	0	0	0	0	0	0	0	0	0	0	null	null	0	0	0	0	0	0	0	0	0	0	0	0	null	null	null	0	0	0	0	0	0	0	null	0	0	0	0	0	0	0	null	0	0	0	0	0	0	0	0	0	0	0	0
"00-0035261"	"T.Pollard"	"Tony Pollard"	"RB"	"RB"	"https://static.www.nfl.com/image/upload/f_auto,q_auto/league/mb2xdrqiys6ktlcuah2n"	2026	2	"REG"	"2026_02_PHI_TEN"	"TEN"	"PHI"	0	0	0	0	0	0	0	0	0	0	0	0	null	null	0	null	0	0	0	0	14	64	0	0	0	3	-0.17074866464207394	0	2	2	0	0	1	1	1	0	0	0	-7	8	0	-0.7495991685427725	0	0	0	0	0	-0.14285714285714285	0.058823529411764705	-0.05	0.053235294117647054	0	0	0	0	0	0	0	0	0	0	0	0	0	0	0	0	0	0	0	0	0	0	0	0	0	0	0	0	0	0	0	0	0	0	0	0	0	0	0	0	0	0	null	null	0	0	0	0	0	0	0	0	0	0	0	0	null	null	null	0	0	0	0	0	0	0	null	0	0	0	0	0	0	0	null	0	0	0	0	0	0	0	0	0	0	6.5	7.5
"00-0035269"	"M.Gay"	"Matt Gay"	"K"	"SPEC"	"https://static.www.nfl.com/image/upload/f_auto,q_auto/league/opglxpqmhu21eydoyvg2"	2026	2	"REG"	"2026_02_LV_LAC"	"LV"	"LAC"	0	0	0	0	0	0	0	0	0	0	0	0	null	null	0	null	0	0	0	0	0	0	0	0	0	0	null	0	0	0	0	0	0	0	0	0	0	0	0	0	0	null	0	0	0	0	0	null	0	0	0	0	0	0	0	0	0	0	0	0	0	0	0	0	0	0	0	0	0	0	0	0	0	0	0	0	0	0	0	0	0	0	0	0	0	0	0	0	0	1	1	0	0	59	1	0	0	0	0	1	0	0	0	0	0	0	0	"59"	null	null	59	0	0	3	3	0	0	1	0	0	0	0	0	0	0	null	0	0	0	0	0	0	0	0	0	0	0	0
"00-0035279"	"C.Omenihu"	"Charles Omenihu"	"DE"	"DL"	"https://static.www.nfl.com/image/upload/f_auto,q_auto/league/epsvk3cdkn7m24ak0wsy"	2026	2	"REG"	"2026_02_WAS_DAL"	"WAS"	"DAL"	0	0	0	0	0	0	0	0	0	0	0	0	null	null	0	null	0	0	0	0	0	0	0	0	0	0	null	0	0	0	0	0	0	0	0	0	0	0	0	0	0	null	0	0	0	0	0	null	0	0	0	0	0	0	0	0	0	0	0	0	1	0	0	0	0	0	0	0	0	0	0	0	0	0	0	0	0	0	1	5	0	0	0	0	0	0	0	0	0	0	0	0	0	null	null	0	0	0	0	0	0	0	0	0	0	0	0	null	null	null	0	0	0	0	0	0	0	null	0	0	0	0	0	0	0	null	0	0	0	0	0	0	0	0	0	0	0	0
"00-0035358"	"C.McLaughlin"	"Chase McLaughlin"	"K"	"SPEC"	"https://static.www.nfl.com/image/upload/f_auto,q_auto/league/enkzsuyzk232mbq5oe4w"	2026	2	"REG"	"2026_02_CLE_TB"	"TB"	"CLE"	0	0	0	0	0	0	0	0	0	0	0	0	null	null	0	null	0	0	0	0	0	0	0	0	0	0	null	0	0	0	0	0	0	0	0	0	0	0	0	0	0	null	0	0	0	0	0	null	0	0	0	0	0	0	0	0	0	0	0	0	0	0	0	0	0	0	0	0	0	0	0	0	0	0	0	0	0	0	0	0	0	0	0	0	0	0	0	0	0	4	4	0	0	59	1	0	0	2	1	1	0	0	0	0	0	0	0	"59;45;31;31"	null	null	166	0	0	1	1	0	0	1	0	0	0	0	0	0	0	null	0	0	0	0	0	0	0	0	0	0	0	0
"00-0035500"	"G.Dortch"	"Greg Dortch"	"WR"	"WR"	"https://static.www.nfl.com/image/upload/f_auto,q_auto/league/pylafoddjiqh4rhjlhpf"	2026	2	"REG"	"2026_02_DET_BUF"	"BUF"	"DET"	0	0	0	0	0	0	0	0	0	0	0	0	null	null	0	null	0	0	0	0	0	0	0	0	0	0	null	0	0	0	0	0	0	0	0	0	0	0	0	0	0	null	0	0	0	0	0	null	0	0	0	0	0	0	0	0	0	0	0	0	0	0	0	0	0	0	0	0	0	0	0	0	0	0	0	0	0	0	0	0	0	0	0	0	0	3	36	2	51	0	0	0	0	null	null	0	0	0	0	0	0	0	0	0	0	0	0	null	null	null	0	0	0	0	0	0	0	null	0	0	0	0	0	0	0	null	0	0	0	0	0	0	0	0	0	0	0	0
"00-0035544"	"T.Kennedy"	"Tom Kennedy"	"WR"	"WR"	"https://static.www.nfl.com/image/upload/f_auto,q_auto/league/cbpuzvde5zqalmkjo0dv"	2026	2	"REG"	"2026_02_DET_BUF"	"DET"	"BUF"	0	0	0	0	0	0	0	0	0	0	0	0	null	null	0	null	0	0	0	0	0	0	0	0	0	0	null	0	0	0	0	0	0	0	0	0	0	0	0	0	0	null	0	0	0	0	0	null	0	0	0	0	0	0	0	0	0	0	0	0	0	0	0	0	0	0	0	0	0	0	0	0	0	0	0	0	0	0	0	0	0	0	0	0	0	0	0	4	99	0	0	0	0	null	null	0	0	0	0	0	0	0	0	0	0	0	0	null	null	null	0	0	0	0	0	0	0	null	0	0	0	0	0	0	0	null	0	0	0	0	0	0	0	0	0	0	0	0
"00-0035632"	"A.Hooker"	"Amani Hooker"	"SAF"	"DB"	"https://static.www.nfl.com/image/upload/f_auto,q_auto/league/h2jriwibpvmgdc33zsjc"	2026	2	"REG"	"2026_02_PHI_TEN"	"TEN"	"PHI"	0	0	0	0	0	0	0	0	0	0	0	0	null	null	0	null	0	0	0	0	0	0	0	0	0	0	null	0	0	0	0	0	0	0	0	0	0	0	0	0	0	null	0	0	0	0	0	null	0	0	0	0	3	0	3	0	0	0	0	0	0	1	92	1	0	0	0	0	0	0	0	0	0	0	0	0	0	0	0	0	0	0	0	0	0	0	0	0	0	0	0	0	0	null	null	0	0	0	0	0	0	0	0	0	0	0	0	null	null	null	0	0	0	0	0	0	0	null	0	0	0	0	0	0	0	null	0	0	0	0	0	0	0	0	0	0	0	0
"00-0035637"	"R.Ya-Sin"	"Rock Ya-Sin"	"CB"	"DB"	"https://static.www.nfl.com/image/upload/f_auto,q_auto/league/llibqv3euvevt5m4ftnj"	2026	2	"REG"	"2026_02_DET_BUF"	"DET"	"BUF"	0	0	0	0	0	0	0	0	0	0	0	0	null	null	0	null	0	0	0	0	0	0	0	0	0	0	null	0	0	0	0	0	0	0	0	0	0	0	0	0	0	null	0	0	0	0	0	null	0	0	0	0	5	0	1	0	0	0	0	0	0	0	0	0	0	0	0	0	0	0	0	0	0	0	0	0	0	0	1	5	0	0	0	0	0	0	0	0	0	0	0	0	0	null	null	0	0	0	0	0	0	0	0	0	0	0	0	null	null	null	0	0	0	0	0	0	0	null	0	0	0	0	0	0	0	null	0	0	0	0	0	0	0	0	0	0	0	0
"00-0035643"	"J.Simmons"	"Jeffery Simmons"	"DT"	"DL"	"https://static.www.nfl.com/image/upload/f_auto,q_auto/league/lt545qfibz7n9jlqyqov"	2026	2	"REG"	"2026_02_PHI_TEN"	"TEN"	"PHI"	0	0	0	0	0	0	0	0	0	0	0	0	null	null	0	null	0	0	0	0	0	0	0	0	0	0	null	0	0	0	0	0	0	0	0	0	0	0	0	0	0	null	0	0	0	0	0	null	0	0	0	0	3	0	3	1	1	0	1	1	3	0	0	0	0	0	0	0	0	0	0	0	0	0	0	0	0	0	0	0	0	0	0	0	0	0	0	0	0	0	0	0	0	null	null	0	0	0	0	0	0	0	0	0	0	0	0	null	null	null	0	0	0	0	0	0	0	null	0	0	0	0	0	0	0	null	0	0	0	0	0	0	0	0	0	0	0	0
"00-0035659"	"T.McLaurin"	"Terry McLaurin"	"WR"	"WR"	"https://static.www.nfl.com/image/upload/f_auto,q_auto/league/tmfl2zruajmkrtcg4zxp"	2026	2	"REG"	"2026_02_WAS_DAL"	"WAS"	"DAL"	0	0	0	0	0	0	0	0	0	0	0	0	null	null	0	null	0	0	0	0	0	0	0	0	0	0	null	0	0	0	0	0	2	9	50	0	0	0	154	24	2	1.8953241172712296	0	2	2	2	0	0.3246753246753247	0.2647058823529412	0.42896935933147634	0.6973373750614452	0	0	0	0	0	0	0	0	0	0	0	0	0	0	0	0	0	0	0	0	0	0	0	0	0	0	0	1	9	0	0	0	0	0	0	0	0	0	0	0	0	0	null	null	0	0	0	0	0	0	0	0	0	0	0	0	null	null	null	0	0	0	0	0	0	0	null	0	0	0	0	0	0	0	null	0	0	0	0	0	0	0	0	0	0	5	7
"00-0035662"	"M.Brown"	"Marquise Brown"	"WR"	"WR"	"https://static.www.nfl.com/image/upload/f_auto,q_auto/league/shkjxggufymydgp6wk3p"	2026	2	"REG"	"2026_02_PHI_TEN"	"PHI"	"TEN"	0	0	0	0	0	0	0	0	0	0	0	0	null	null	0	null	0	0	0	0	2	12	0	0	0	0	0.10009120707400143	0	0	0	0	0	0	0	0	0	0	0	0	0	0	null	0	0	0	0	0	null	0	0	0	0	0	0	0	0	0	0	0	0	0	0	0	0	0	0	0	0	0	0	0	0	0	0	0	0	0	0	0	0	0	0	0	0	0	0	0	0	0	0	0	0	0	null	null	0	0	0	0	0	0	0	0	0	0	0	0	null	null	null	0	0	0	0	0	0	0	null	0	0	0	0	0	0	0	null	0	0	0	0	0	0	0	0	0	0	1.2000000000000002	1.2000000000000002
"00-0035667"	"G.Gaines"	"Greg Gaines"	"DT"	"DL"	"https://static.www.nfl.com/image/upload/f_auto,q_auto/league/zo3aqstf8ng4tju17tid"	2026	2	"REG"	"2026_02_DET_BUF"	"BUF"	"DET"	0	0	0	0	0	0	0	0	0	0	0	0	null	null	0	null	0	0	0	0	0	0	0	0	0	0	null	0	0	0	0	0	0	0	0	0	0	0	0	0	0	null	0	0	0	0	0	null	0	0	0	0	0	0	1	0	0	0	0	0	0	0	0	0	0	0	0	0	0	0	0	0	0	0	0	0	0	0	0	0	0	0	0	0	0	0	0	0	0	0	0	0	0	null	null	0	0	0	0	0	0	0	0	0	0	0	0	null	null	null	0	0	0	0	0	0	0	null	0	0	0	0	0	0	0	null	0	0	0	0	0	0	0	0	0	0	0	0
"00-0035672"	"C.Barton"	"Cody Barton"	"LB"	"LB"	"https://static.www.nfl.com/image/upload/f_auto,q_auto/league/gdsui5swyoiuqadewwob"	2026	2	"REG"	"2026_02_PHI_TEN"	"TEN"	"PHI"	0	0	0	0	0	0	0	0	0	0	0	0	null	null	0	null	0	0	0	0	0	0	0	0	0	0	null	0	0	0	0	0	0	0	0	0	0	0	0	0	0	null	0	0	0	0	0	null	0	0	0	0	2	0	2	0	0	0	0	0	0	0	0	0	0	0	0	0	0	0	0	0	0	0	0	0	0	0	0	0	0	0	0	0	0	0	0	0	0	0	0	0	0	null	null	0	0	0	0	0	0	0	0	0	0	0	0	null	null	null	0	0	0	0	0	0	0	null	0	0	0	0	0	0	0	null	0	0	0	0	0	0	0	0	0	0	0	0
"00-0035689"	"D.Knox"	"Dawson Knox"	"TE"	"TE"	"https://static.www.nfl.com/image/upload/f_auto,q_auto/league/k8bi9ppahwfmoxs8ij4w"	2026	2	"REG"	"2026_02_DET_BUF"	"BUF"	"DET"	0	0	0	0	0	0	0	0	0	0	0	0	null	null	0	null	0	0	0	0	0	0	0	0	0	0	null	0	0	0	0	0	2	2	5	1	0	0	3	2	2	1.7690194678725675	0	0	0	0	0	1.6666666666666667	0.07142857142857142	0.01276595744680851	0.11607902735562309	0	0	0	0	0	0	0	0	0	0	0	0	0	0	0	0	0	0	0	0	0	0	0	0	0	0	0	1	10	0	0	0	0	0	0	0	0	0	0	0	0	0	null	null	0	0	0	0	0	0	0	0	0	0	0	0	null	null	null	0	0	0	0	0	0	0	null	0	0	0	0	0	0	0	null	0	0	0	0	0	0	0	0	0	0	6.5	8.5
"00-0035705"	"J.Thompson"	"Jalen Thompson"	"DB"	"DB"	"https://static.www.nfl.com/image/upload/f_auto,q_auto/league/dlsbnnvfzsmnqh3c05ah"	2026	2	"REG"	"2026_02_WAS_DAL"	"DAL"	"WAS"	0	0	0	0	0	0	0	0	0	0	0	0	null	null	0	null	0	0	0	0	0	0	0	0	0	0	null	0	0	0	0	0	0	0	0	0	0	0	0	0	0	null	0	0	0	0	0	null	0	0	0	0	3	0	2	0	0	0	0	0	1	0	0	0	0	0	0	0	0	0	0	0	0	0	0	0	0	0	1	7	0	0	0	0	0	0	0	0	0	0	0	0	0	null	null	0	0	0	0	0	0	0	0	0	0	0	0	null	null	null	0	0	0	0	0	0	0	null	0	0	0	0	0	0	0	null	0	0	0	0	0	0	0	0	0	0	0	0
"00-0035707"	"D.White"	"Devin White"	"LB"	"LB"	"https://static.www.nfl.com/image/upload/f_auto,q_auto/league/oqv87a7jn67zgnlplnbp"	2026	2	"REG"	"2026_02_DET_BUF"	"DET"	"BUF"	0	0	0	0	0	0	0	0	0	0	0	0	null	null	0	null	0	0	0	0	0	0	0	0	0	0	null	0	0	0	0	0	0	0	0	0	0	0	0	0	0	null	0	0	0	0	0	null	0	0	0	0	3	0	3	0	0	0	0	0	0	0	0	0	0	0	0	0	0	0	0	0	0	0	0	0	0	0	1	2	0	0	0	0	0	0	0	0	0	0	0	0	0	null	null	0	0	0	0	0	0	0	0	0	0	0	0	null	null	null	0	0	0	0	0	0	0	null	0	0	0	0	0	0	0	null	0	0	0	0	0	0	0	0	0	0	0	0
"00-0035713"	"B.Burns"	"Brian Burns"	"LB"	"LB"	"https://static.www.nfl.com/image/upload/f_auto,q_auto/league/glmrmpqkmsc0jiyicmlg"	2026	2	"REG"	"2026_02_NYG_LA"	"NYG"	"LA"	0	0	0	0	0	0	0	0	0	0	0	0	null	null	0	null	0	0	0	0	0	0	0	0	0	0	null	0	0	0	0	0	0	0	0	0	0	0	0	0	0	null	0	0	0	0	0	null	0	0	0	0	2	0	0	0	0	0	0	0	1	0	0	0	0	0	0	0	0	0	0	0	0	0	0	0	0	0	0	0	0	0	0	0	0	0	0	0	0	0	0	0	0	null	null	0	0	0	0	0	0	0	0	0	0	0	0	null	null	null	0	0	0	0	0	0	0	null	0	0	0	0	0	0	0	null	0	0	0	0	0	0	0	0	0	0	0	0
"00-0035718"	"Q.Williams"	"Quinnen Williams"	"DT"	"DL"	"https://static.www.nfl.com/image/upload/f_auto,q_auto/league/lijqxjhytjakehnusgmn"	2026	2	"REG"	"2026_02_WAS_DAL"	"DAL"	"WAS"	0	0	0	0	0	0	0	0	0	0	0	0	null	null	0	null	0	0	0	0	0	0	0	0	0	0	null	0	0	0	0	0	0	0	0	0	0	0	0	0	0	null	0	0	0	0	0	null	0	0	0	0	2	0	2	1	1	0	0	0	1	0	0	0	0	0	0	0	0	0	0	0	0	0	0	0	0	0	0	0	0	0	0	0	0	0	0	0	0	0	0	0	0	null	null	0	0	0	0	0	0	0	0	0	0	0	0	null	null	null	0	0	0	0	0	0	0	null	0	0	0	0	0	0	0	null	0	0	0	0	0	0	0	0	0	0	0	0
"00-0035889"	"T.Townsend"	"Tommy Townsend"	"P"	"SPEC"	"https://static.www.nfl.com/image/upload/f_auto,q_auto/league/zwolwrghzfucwck0bwld"	2026	2	"REG"	"2026_02_PHI_TEN"	"TEN"	"PHI"	0	0	0	0	0	0	0	0	0	0	0	0	null	null	0	null	0	0	0	0	0	0	0	0	0	0	null	0	0	0	0	0	0	0	0	0	0	0	0	0	0	null	0	0	0	0	0	null	0	0	0	0	0	0	0	0	0	0	0	0	0	0	0	0	0	0	0	0	0	0	0	0	0	0	0	0	0	0	0	0	0	0	0	0	0	0	0	0	0	0	0	0	0	null	null	0	0	0	0	0	0	0	0	0	0	0	0	null	null	null	0	0	0	0	0	0	0	null	0	0	0	0	0	4	0	65	203	1	0	1	1	0	2	31	0	152	0	0
"00-0035891"	"C.White"	"Cody White"	"WR"	"WR"	"https://static.www.nfl.com/image/upload/f_auto,q_auto/league/srejejkvq7yujoldbpzx"	2026	2	"REG"	"2026_02_LV_LAC"	"LV"	"LAC"	0	0	0	0	0	0	0	0	0	0	0	0	null	null	0	null	0	0	0	0	0	0	0	0	0	0	null	0	0	0	0	0	2	2	24	2	0	0	24	0	2	5.8748224845621735	0	2	0	0	0	1	0.06896551724137931	0.08480565371024736	0.16281223345924212	0	0	0	0	0	0	0	0	0	0	0	0	0	0	0	0	0	0	0	0	0	0	0	0	0	0	0	0	0	0	0	0	0	0	0	0	0	0	0	0	0	0	null	null	0	0	0	0	0	0	0	0	0	0	0	0	null	null	null	0	0	0	0	0	0	0	null	0	0	0	0	0	0	0	null	0	0	0	0	0	0	0	0	0	0	14.4	16.4
"00-0035933"	"M.Hoecht"	"Michael Hoecht"	"LB"	"LB"	"https://static.www.nfl.com/image/upload/f_auto,q_auto/league/jc7u6udenysloew1b4sx"	2026	2	"REG"	"2026_02_DET_BUF"	"BUF"	"DET"	0	0	0	0	0	0	0	0	0	0	0	0	null	null	0	null	0	0	0	0	0	0	0	0	0	0	null	0	0	0	0	0	0	0	0	0	0	0	0	0	0	null	0	0	0	0	0	null	0	0	0	0	0	0	1	0	0	0	0.5	4	1	0	0	0	0	0	0	0	0	0	0	0	0	0	0	0	0	0	0	0	0	0	0	0	0	0	0	0	0	0	0	0	0	null	null	0	0	0	0	0	0	0	0	0	0	0	0	null	null	null	0	0	0	0	0	0	0	null	0	0	0	0	0	0	0	null	0	0	0	0	0	0	0	0	0	0	0	0
"00-0036037"	"S.Franklin"	"Sam Franklin Jr."	"SAF"	"DB"	"https://static.www.nfl.com/image/upload/f_auto,q_auto/league/djoisg0rjwm8t8dlskvn"	2026	2	"REG"	"2026_02_DET_BUF"	"BUF"	"DET"	0	0	0	0	0	0	0	0	0	0	0	0	null	null	0	null	0	0	0	0	0	0	0	0	0	0	null	0	0	0	0	0	0	0	0	0	0	0	0	0	0	null	0	0	0	0	0	null	0	0	0	0	1	0	0	0	0	0	0	0	0	0	0	0	0	0	0	0	0	0	0	0	0	0	0	0	0	0	1	10	0	0	0	0	0	0	0	0	0	0	0	0	0	null	null	0	0	0	0	0	0	0	0	0	0	0	0	null	null	null	0	0	0	0	0	0	0	null	0	0	0	0	0	0	0	null	0	0	0	0	0	0	0	0	0	0	0	0
"00-0036124"	"K.Dorsey"	"Khalil Dorsey"	"CB"	"DB"	"https://static.www.nfl.com/image/upload/f_auto,q_auto/league/fuzzcdksr4hobrl1rdhv"	2026	2	"REG"	"2026_02_DET_BUF"	"DET"	"BUF"	0	0	0	0	0	0	0	0	0	0	0	0	null	null	0	null	0	0	0	0	0	0	0	0	0	0	null	0	0	0	0	0	0	0	0	0	0	0	0	0	0	null	0	0	0	0	0	null	0	0	0	0	1	0	0	1	2	0	0	0	0	0	0	0	0	0	0	0	0	0	0	0	0	0	0	0	0	0	0	0	0	0	0	0	0	0	0	0	0	0	0	0	0	null	null	0	0	0	0	0	0	0	0	0	0	0	0	null	null	null	0	0	0	0	0	0	0	null	0	0	0	0	0	0	0	null	0	0	0	0	0	0	0	0	0	0	0	0
"00-0036162"	"T.Bass"	"Tyler Bass"	"K"	"SPEC"	"https://static.www.nfl.com/image/upload/f_auto,q_auto/league/rwidgp7jp8vxhssi7und"	2026	2	"REG"	"2026_02_DET_BUF"	"BUF"	"DET"	0	0	0	0	0	0	0	0	0	0	0	0	null	null	0	null	0	0	0	0	0	0	0	0	0	0	null	0	0	0	0	0	0	0	0	0	0	0	0	0	0	null	0	0	0	0	0	null	0	0	0	0	0	0	0	0	0	0	0	0	0	0	0	0	0	0	0	0	0	0	0	0	0	0	0	0	0	0	0	0	0	0	0	0	0	0	0	0	0	0	0	0	0	null	null	0	0	0	0	0	0	0	0	0	0	0	0	null	null	null	0	0	0	5	6	1	0	0.8333333333333334	0	0	0	0	0	0	0	null	0	0	0	0	0	0	0	0	0	0	0	0
"00-0036181"	"T.Tart"	"Teair Tart"	"DT"	"DL"	"https://static.www.nfl.com/image/upload/f_auto,q_auto/league/jwqcxtrsle2q9edshwsx"	2026	2	"REG"	"2026_02_LV_LAC"	"LAC"	"LV"	0	0	0	0	0	0	0	0	0	0	0	0	null	null	0	null	0	0	0	0	0	0	0	0	0	0	null	0	0	0	0	0	0	0	0	0	0	0	0	0	0	null	0	0	0	0	0	null	0	0	0	0	1	0	1	1	1	0	0	0	2	0	0	0	0	0	0	0	0	0	0	0	0	0	0	0	0	0	0	0	0	0	0	0	0	0	0	0	0	0	0	0	0	null	null	0	0	0	0	0	0	0	0	0	0	0	0	null	null	null	0	0	0	0	0	0	0	null	0	0	0	0	0	0	0	null	0	0	0	0	0	0	0	0	0	0	0	0
"00-0036244"	"C.Parkinson"	"Colby Parkinson"	"TE"	"TE"	"https://static.www.nfl.com/image/upload/f_auto,q_auto/league/qsyrgtfjj06wryahnxc9"	2026	2	"REG"	"2026_02_NYG_LA"	"LA"	"NYG"	0	0	0	0	0	0	0	0	0	0	0	0	null	null	0	null	0	0	0	0	0	0	0	0	0	0	null	0	0	0	0	0	2	2	15	0	0	0	-3	18	1	1.4175513243535534	0	0	0	0	0	0	0.06666666666666667	-0.00906344410876133	0.09365558912386708	0	0	0	0	0	0	0	0	0	0	0	0	0	0	0	0	0	0	0	0	0	0	0	0	0	0	0	1	10	0	0	0	0	0	0	0	0	0	0	0	0	0	null	null	0	0	0	0	0	0	0	0	0	0	0	0	null	null	null	0	0	0	0	0	0	0	null	0	0	0	0	0	0	0	null	0	0	0	0	0	0	0	0	0	0	1.5	3.5
"00-0036246"	"J.Runyan"	"Jon Runyan"	"G"	"OL"	"https://static.www.nfl.com/image/upload/f_auto,q_auto/league/kauh0olqkhebxe8gf1if"	2026	2	"REG"	"2026_02_NYG_LA"	"NYG"	"LA"	0	0	0	0	0	0	0	0	0	0	0	0	null	null	0	null	0	0	0	0	0	0	0	0	0	0	null	0	0	0	0	0	0	0	0	0	0	0	0	0	0	null	0	0	0	0	0	null	0	0	0	0	0	0	0	0	0	0	0	0	0	0	0	0	0	0	0	0	0	0	0	0	0	0	0	0	0	0	1	10	0	0	0	0	0	0	0	0	0	0	0	0	0	null	null	0	0	0	0	0	0	0	0	0	0	0	0	null	null	null	0	0	0	0	0	0	0	null	0	0	0	0	0	0	0	null	0	0	0	0	0	0	0	0	0	0	0	0
"00-0036260"	"J.Kinlaw"	"Javon Kinlaw"	"DT"	"DL"	"https://static.www.nfl.com/image/upload/f_auto,q_auto/league/jxqkukux4rgfpp5eekyo"	2026	2	"REG"	"2026_02_WAS_DAL"	"WAS"	"DAL"	0	0	0	0	0	0	0	0	0	0	0	0	null	null	0	null	0	0	0	0	0	0	0	0	0	0	null	0	0	0	0	0	0	0	0	0	0	0	0	0	0	null	0	0	0	0	0	null	0	0	0	0	2	0	0	1	9	0	1	9	1	0	0	0	0	0	0	0	0	0	0	0	0	0	0	0	0	0	0	0	0	0	0	0	0	0	0	0	0	0	0	0	0	null	null	0	0	0	0	0	0	0	0	0	0	0	0	null	null	null	0	0	0	0	0	0	0	null	0	0	0	0	0	0	0	null	0	0	0	0	0	0	0	0	0	0	0	0
"00-0036264"	"J.Love"	"Jordan Love"	"QB"	"QB"	"https://static.www.nfl.com/image/upload/f_auto,q_auto/league/thz8stjkbjwddxqnozi5"	2026	2	"REG"	"2026_02_GB_NYJ"	"GB"	"NYJ"	16	29	145	2	0	3	-9	1	0	216	94	8	-3.16850428629777	-13.596061694210974	0	0.6712962962962963	7	3	1	0	0	0	0	0	0	0	null	0	0	0	0	0	0	0	0	0	0	0	0	0	0	null	0	0	0	0	0	null	0	0	0	0	0	0	0	0	0	0	0	0	0	0	0	0	0	0	0	0	0	0	0	0	0	1	0	0	0	0	0	0	1	0	0	1	0	0	0	0	0	0	0	0	0	null	null	0	0	0	0	0	0	0	0	0	0	0	0	null	null	null	0	0	0	0	0	0	0	null	0	0	0	0	0	0	0	null	0	0	0	0	0	0	0	0	0	0	13.8	13.8
"00-0036266"	"J.Elliott"	"Jordan Elliott"	"DT"	"DL"	"https://static.www.nfl.com/image/upload/f_auto,q_auto/league/zimdvramufcajq5c3noc"	2026	2	"REG"	"2026_02_PHI_TEN"	"TEN"	"PHI"	0	0	0	0	0	0	0	0	0	0	0	0	null	null	0	null	0	0	0	0	0	0	0	0	0	0	null	0	0	0	0	0	0	0	0	0	0	0	0	0	0	null	0	0	0	0	0	null	0	0	0	0	0	0	1	0	0	0	0	0	0	0	0	0	0	0	0	0	0	0	0	0	0	0	0	0	0	0	0	0	0	0	0	0	0	0	0	0	0	0	0	0	0	null	null	0	0	0	0	0	0	0	0	0	0	0	0	null	null	null	0	0	0	0	0	0	0	null	0	0	0	0	0	0	0	null	0	0	0	0	0	0	0	0	0	0	0	0
"00-0036286"	"K.Chaisson"	"K'Lavon Chaisson"	"LB"	"LB"	"https://static.www.nfl.com/image/upload/f_auto,q_auto/league/gc9qqj4piwlwse4spobk"	2026	2	"REG"	"2026_02_WAS_DAL"	"WAS"	"DAL"	0	0	0	0	0	0	0	0	0	0	0	0	null	null	0	null	0	0	0	0	0	0	0	0	0	0	null	0	0	0	0	0	0	0	0	0	0	0	0	0	0	null	0	0	0	0	0	null	0	0	0	0	2	0	1	1	4	0	1	4	1	0	0	0	0	0	0	0	0	0	0	0	0	0	0	0	0	0	0	0	0	0	0	0	0	0	0	0	0	0	0	0	0	null	null	0	0	0	0	0	0	0	0	0	0	0	0	null	null	null	0	0	0	0	0	0	0	null	0	0	0	0	0	0	0	null	0	0	0	0	0	0	0	0	0	0	0	0
"00-0036293"	"J.Chinn"	"Jeremy Chinn"	"SAF"	"DB"	"https://static.www.nfl.com/image/upload/f_auto,q_auto/league/qdvollzto5i4xs6q9gov"	2026	2	"REG"	"2026_02_LV_LAC"	"LV"	"LAC"	0	0	0	0	0	0	0	0	0	0	0	0	null	null	0	null	0	0	0	0	0	0	0	0	0	0	null	0	0	0	0	0	0	0	0	0	0	0	0	0	0	null	0	0	0	0	0	null	0	0	0	0	2	0	2	0	0	0	0	0	0	0	0	0	0	0	0	0	0	0	0	0	0	0	0	1	43	0	0	0	0	0	0	0	0	0	0	0	0	0	0	0	0	null	null	0	0	0	0	0	0	0	0	0	0	0	0	null	null	null	0	0	0	0	0	0	0	null	0	0	0	0	0	0	0	null	0	0	0	0	0	0	0	0	0	0	0	0
"00-0036309"	"D.Mooney"	"Darnell Mooney"	"WR"	"WR"	"https://static.www.nfl.com/image/upload/f_auto,q_auto/league/eaejonwaflt9drrs9ika"	2026	2	"REG"	"2026_02_NYG_LA"	"NYG"	"LA"	0	0	0	0	0	0	0	0	0	0	0	0	null	null	0	null	0	0	0	0	0	0	0	0	0	0	null	0	0	0	0	0	2	3	48	0	0	0	35	18	2	3.5106406116392463	0	2	1	1	0	1.3714285714285714	0.09375	0.10263929618768329	0.2124725073313783	0	0	0	0	0	0	0	0	0	0	0	0	0	0	0	0	0	0	0	0	0	0	0	0	0	0	0	0	0	0	0	0	0	0	0	0	0	0	0	0	0	0	null	null	0	0	0	0	0	0	0	0	0	0	0	0	null	null	null	0	0	0	0	0	0	0	null	0	0	0	0	0	0	0	null	0	0	0	0	0	0	0	0	0	0	4.800000000000001	6.800000000000001
"00-0036313"	"B.Mann"	"Braden Mann"	"P"	"SPEC"	"https://static.www.nfl.com/image/upload/f_auto,q_auto/league/eizeojehmxkvvfahj1tk"	2026	2	"REG"	"2026_02_PHI_TEN"	"PHI"	"TEN"	0	0	0	0	0	0	0	0	0	0	0	0	null	null	0	null	0	0	0	0	0	0	0	0	0	0	null	0	0	0	0	0	0	0	0	0	0	0	0	0	0	null	0	0	0	0	0	null	0	0	0	0	0	0	0	0	0	0	0	0	0	0	0	0	0	0	0	0	0	0	0	0	0	0	0	0	0	0	0	0	0	0	0	0	0	0	0	0	0	0	0	0	0	null	null	0	0	0	0	0	0	0	0	0	0	0	0	null	null	null	0	0	0	0	0	0	0	null	0	0	0	0	0	2	0	57	110	2	0	0	0	1	1	9	0	101	0	0
"00-0036322"	"J.Jefferson"	"Justin Jefferson"	"WR"	"WR"	"https://static.www.nfl.com/image/upload/f_auto,q_auto/league/htjevkugzk6ietrjysny"	2026	2	"REG"	"2026_02_MIN_CHI"	"MIN"	"CHI"	0	0	0	0	0	0	0	0	0	0	0	0	null	null	0	null	0	0	0	0	0	0	0	0	0	0	null	0	0	0	0	0	3	6	55	0	0	0	91	10	2	1.4938130313168339	0	2	2	1	0	0.6043956043956044	0.3157894736842105	0.5796178343949044	0.8794166946027488	0	0	0	0	0	0	0	0	0	0	0	0	0	0	0	0	0	0	0	0	0	0	0	0	0	0	0	0	0	0	0	0	0	0	0	0	0	0	0	0	0	0	null	null	0	0	0	0	0	0	0	0	0	0	0	0	null	null	null	0	0	0	0	0	0	0	null	0	0	0	0	0	0	0	null	0	0	0	0	0	0	0	0	0	0	5.5	8.5
"00-0036335"	"D.Wonnum"	"D.J. Wonnum"	"DE"	"DL"	"https://static.www.nfl.com/image/upload/f_auto,q_auto/league/ajj965d0f6fmtfprrsgo"	2026	2	"REG"	"2026_02_DET_BUF"	"DET"	"BUF"	0	0	0	0	0	0	0	0	0	0	0	0	null	null	0	null	0	0	0	0	0	0	0	0	0	0	null	0	0	0	0	0	0	0	0	0	0	0	0	0	0	null	0	0	0	0	0	null	0	0	0	0	1	0	1	0	0	0	0	0	0	0	0	0	0	0	0	0	0	0	0	0	0	0	0	0	0	0	0	0	0	0	0	0	0	0	0	0	0	0	0	0	0	null	null	0	0	0	0	0	0	0	0	0	0	0	0	null	null	null	0	0	0	0	0	0	0	null	0	0	0	0	0	0	0	null	0	0	0	0	0	0	0	0	0	0	0	0
"00-0036338"	"T.Dye"	"Troy Dye"	"LB"	"LB"	"https://static.www.nfl.com/image/upload/f_auto,q_auto/league/gfdhupqzscbwdyhvowq4"	2026	2	"REG"	"2026_02_LV_LAC"	"LAC"	"LV"	0	0	0	0	0	0	0	0	0	0	0	0	null	null	0	null	0	0	0	0	0	0	0	0	0	0	null	0	0	0	0	0	0	0	0	0	0	0	0	0	0	null	0	0	0	0	0	null	0	0	0	0	3	0	2	1	4	0	0	0	0	0	0	0	0	0	0	0	0	0	0	0	0	0	0	0	0	0	0	0	0	0	0	0	0	0	0	0	0	0	0	0	0	null	null	0	0	0	0	0	0	0	0	0	0	0	0	null	null	null	0	0	0	0	0	0	0	null	0	0	0	0	0	0	0	null	0	0	0	0	0	0	0	0	0	0	0	0
"00-0036349"	"K.Curl"	"Kam Curl"	"SAF"	"DB"	"https://static.www.nfl.com/image/upload/f_auto,q_auto/league/b57yoekpyop58abtiilz"	2026	2	"REG"	"2026_02_NYG_LA"	"LA"	"NYG"	0	0	0	0	0	0	0	0	0	0	0	0	null	null	0	null	0	0	0	0	0	0	0	0	0	0	null	0	0	0	0	0	0	0	0	0	0	0	0	0	0	null	0	0	0	0	0	null	0	0	0	0	4	0	0	0	0	0	0	0	0	0	0	1	0	0	0	0	0	0	0	0	0	0	0	0	0	0	0	0	0	0	0	0	0	0	0	0	0	0	0	0	0	null	null	0	0	0	0	0	0	0	0	0	0	0	0	null	null	null	0	0	0	0	0	0	0	null	0	0	0	0	0	0	0	null	0	0	0	0	0	0	0	0	0	0	0	0
"00-0036355"	"J.Herbert"	"Justin Herbert"	"QB"	"QB"	"https://static.www.nfl.com/image/upload/f_auto,q_auto/league/jnkspnntgebegzp4ghve"	2026	2	"REG"	"2026_02_LV_LAC"	"LAC"	"LV"	15	27	192	1	2	3	-9	2	0	269	104	8	-0.5631336291460474	-6.276630323666793	0	0.7137546468401487	7	3	1	1	3	2	0	1	0	0	-4.1111654449487105	0	0	0	0	0	0	0	0	0	0	0	0	0	0	null	0	0	0	0	0	null	0	0	0	0	1	0	0	0	0	0	0	0	0	0	0	0	0	0	0	0	0	0	0	0	0	1	-5	0	0	0	0	0	2	1	1	3	0	0	0	0	0	0	0	0	0	null	null	0	0	0	0	0	0	0	0	0	0	0	0	null	null	null	0	0	0	0	0	0	0	null	0	0	0	0	0	0	0	null	0	0	0	0	0	0	0	0	0	0	7.88	7.88
"00-0036358"	"C.Lamb"	"CeeDee Lamb"	"WR"	"WR"	"https://static.www.nfl.com/image/upload/f_auto,q_auto/league/mbblzwtynxr15ovzkevi"	2026	2	"REG"	"2026_02_WAS_DAL"	"DAL"	"WAS"	0	0	0	0	0	0	0	0	0	0	0	0	null	null	0	null	0	0	0	0	0	0	0	0	0	0	null	0	0	0	0	0	8	9	153	2	0	0	136	28	7	11.368333244631845	0	6	4	4	0	1.125	0.2903225806451613	0.5573770491803278	0.8256478053939714	0	0	0	0	0	0	0	0	0	0	0	0	0	0	0	0	0	0	0	0	0	0	0	0	0	0	0	0	0	0	0	0	0	0	0	0	0	0	0	0	0	0	null	null	0	0	0	0	0	0	0	0	0	0	0	0	null	null	null	0	0	0	0	0	0	0	null	0	0	0	0	0	0	0	null	0	0	0	0	0	0	0	0	0	0	27.3	35.3
"00-0036375"	"A.Robertson"	"Amik Robertson"	"CB"	"DB"	"https://static.www.nfl.com/image/upload/f_auto,q_auto/league/giptmuhxwq2ugaaettbg"	2026	2	"REG"	"2026_02_WAS_DAL"	"WAS"	"DAL"	0	0	0	0	0	0	0	0	0	0	0	0	null	null	0	null	0	0	0	0	0	0	0	0	0	0	null	0	0	0	0	0	0	0	0	0	0	0	0	0	0	null	0	0	0	0	0	null	0	0	0	0	5	0	0	0	0	0	0	0	0	0	0	2	0	0	0	0	0	0	0	0	0	0	0	0	0	0	0	0	0	0	0	0	0	0	0	0	0	0	0	0	0	null	null	0	0	0	0	0	0	0	0	0	0	0	0	null	null	null	0	0	0	0	0	0	0	null	0	0	0	0	0	0	0	null	0	0	0	0	0	0	0	0	0	0	0	0
"00-0036378"	"M.Danna"	"Michael Danna"	"LB"	"LB"	"https://static.www.nfl.com/image/upload/f_auto,q_auto/league/brbpgu0xj2w0egcy5pid"	2026	2	"REG"	"2026_02_DET_BUF"	"BUF"	"DET"	0	0	0	0	0	0	0	0	0	0	0	0	null	null	0	null	0	0	0	0	0	0	0	0	0	0	null	0	0	0	0	0	0	0	0	0	0	0	0	0	0	null	0	0	0	0	0	null	0	0	0	0	0	0	0	0	0	0	0	0	1	0	0	0	0	0	0	0	0	0	0	0	0	0	0	0	0	0	0	0	0	0	0	0	0	0	0	0	0	0	0	0	0	null	null	0	0	0	0	0	0	0	0	0	0	0	0	null	null	null	0	0	0	0	0	0	0	null	0	0	0	0	0	0	0	null	0	0	0	0	0	0	0	0	0	0	0	0
"00-0036389"	"J.Hurts"	"Jalen Hurts"	"QB"	"QB"	"https://static.www.nfl.com/image/upload/f_auto,q_auto/league/xow5yvxjeqa6witmofmp"	2026	2	"REG"	"2026_02_PHI_TEN"	"PHI"	"TEN"	26	37	264	2	2	3	-12	0	0	292	62	16	8.76701317328149	15.941754947690402	0	0.9041095890410958	11	6	4	0	5	16	0	0	0	2	-0.0865605510189198	0	0	0	0	0	0	0	0	0	0	0	0	0	0	null	0	0	0	0	0	null	0	0	0	0	0	0	0	0	0	0	0	0	0	0	0	0	0	0	0	0	0	0	0	0	0	0	0	0	0	0	0	0	0	0	0	0	0	0	0	0	0	0	0	0	0	null	null	0	0	0	0	0	0	0	0	0	0	0	0	null	null	null	0	0	0	0	0	0	0	null	0	0	0	0	0	0	0	null	0	0	0	0	0	0	0	0	0	0	16.160000000000004	16.160000000000004
"00-0036418"	"Z.Baun"	"Zack Baun"	"LB"	"LB"	"https://static.www.nfl.com/image/upload/f_auto,q_auto/league/dhostt4bqph1utq56oxc"	2026	2	"REG"	"2026_02_PHI_TEN"	"PHI"	"TEN"	0	0	0	0	0	0	0	0	0	0	0	0	null	null	0	null	0	0	0	0	0	0	0	0	0	0	null	0	0	0	0	0	0	0	0	0	0	0	0	0	0	null	0	0	0	0	0	null	0	0	0	0	1	1	2	1	1	0	0	0	0	0	0	0	0	0	0	0	0	0	0	0	0	0	0	0	0	0	0	0	0	0	0	0	0	0	0	0	0	0	0	0	0	null	null	0	0	0	0	0	0	0	0	0	0	0	0	null	null	null	0	0	0	0	0	0	0	null	0	0	0	0	0	0	0	null	0	0	0	0	0	0	0	0	0	0	0	0
"00-0036421"	"T.Burgess"	"Terrell Burgess"	"SAF"	"DB"	"https://static.www.nfl.com/image/upload/f_auto,q_auto/league/fx86rlxeudmniz1btxrq"	2026	2	"REG"	"2026_02_PHI_TEN"	"TEN"	"PHI"	0	0	0	0	0	0	0	0	0	0	0	0	null	null	0	null	0	0	0	0	0	0	0	0	0	0	null	0	0	0	0	0	0	0	0	0	0	0	0	0	0	null	0	0	0	0	0	null	0	0	0	0	1	0	0	0	0	0	0	0	0	0	0	0	0	0	0	0	0	0	0	0	0	0	0	0	0	0	0	0	0	0	0	0	0	0	0	0	0	0	0	0	0	null	null	0	0	0	0	0	0	0	0	0	0	0	0	null	null	null	0	0	0	0	0	0	0	null	0	0	0	0	0	0	0	null	0	0	0	0	0	0	0	0	0	0	0	0
"00-0036442"	"J.Burrow"	"Joe Burrow"	"QB"	"QB"	"https://static.www.nfl.com/image/upload/f_auto,q_auto/league/gnnvcgui1cijybukk2w7"	2026	2	"REG"	"2026_02_CIN_HOU"	"CIN"	"HOU"	20	31	207	2	0	5	-25	0	0	173	75	9	-0.5477255916431751	-6.5084441054251885	0	1.1965317919075145	8	7	4	0	1	-1	0	0	0	0	0	0	0	0	0	0	0	0	0	0	0	0	0	0	0	null	0	0	0	0	0	null	0	0	0	0	0	0	0	0	0	0	0	0	0	0	0	0	0	0	0	0	0	0	0	0	0	0	0	0	0	0	0	0	0	0	0	0	0	0	0	0	0	0	0	0	0	null	null	0	0	0	0	0	0	0	0	0	0	0	0	null	null	null	0	0	0	0	0	0	0	null	0	0	0	0	0	0	0	null	0	0	0	0	0	0	0	0	0	0	16.18	16.18
"00-0036479"	"K.Paye"	"Kwity Paye"	"DE"	"DL"	"https://static.www.nfl.com/image/upload/f_auto,q_auto/league/ejgftgdqggikc5u1xqme"	2026	2	"REG"	"2026_02_LV_LAC"	"LV"	"LAC"	0	0	0	0	0	0	0	0	0	0	0	0	null	null	0	null	0	0	0	0	0	0	0	0	0	0	null	0	0	0	0	0	0	0	0	0	0	0	0	0	0	null	0	0	0	0	0	null	0	0	0	0	0	0	2	0	0	0	0	0	1	0	0	0	0	0	0	0	0	0	0	0	0	0	0	0	0	0	0	0	0	0	0	0	0	0	0	0	0	0	0	0	0	null	null	0	0	0	0	0	0	0	0	0	0	0	0	null	null	null	0	0	0	0	0	0	0	null	0	0	0	0	0	0	0	null	0	0	0	0	0	0	0	0	0	0	0	0
"00-0036587"	"A.Washington"	"Ar'Darius Washington"	"SAF"	"DB"	"https://static.www.nfl.com/image/upload/f_auto,q_auto/league/ptjh8ufk5zfpdc0yrpeq"	2026	2	"REG"	"2026_02_NYG_LA"	"NYG"	"LA"	0	0	0	0	0	0	0	0	0	0	0	0	null	null	0	null	0	0	0	0	0	0	0	0	0	0	null	0	0	0	0	0	0	0	0	0	0	0	0	0	0	null	0	0	0	0	0	null	0	0	0	0	1	0	0	0	0	0	0	0	0	0	0	0	0	0	0	0	0	0	0	0	0	0	0	0	0	0	0	0	0	0	0	0	0	0	0	0	0	0	0	0	0	null	null	0	0	0	0	0	0	0	0	0	0	0	0	null	null	null	0	0	0	0	0	0	0	null	0	0	0	0	0	0	0	null	0	0	0	0	0	0	0	0	0	0	0	0
"00-0036624"	"A.McNeill"	"Alim McNeill"	"DT"	"DL"	"https://static.www.nfl.com/image/upload/f_auto,q_auto/league/ugdqnlqg8btovqnkzqpw"	2026	2	"REG"	"2026_02_DET_BUF"	"DET"	"BUF"	0	0	0	0	0	0	0	0	0	0	0	0	null	null	0	null	0	0	0	0	0	0	0	0	0	0	null	0	0	0	0	0	0	0	0	0	0	0	0	0	0	null	0	0	0	0	0	null	0	0	0	0	1	0	1	0	0	0	0	0	1	0	0	0	0	0	0	0	0	0	0	0	0	0	0	0	0	0	0	0	0	0	0	0	0	0	0	0	0	0	0	0	0	null	null	0	0	0	0	0	0	0	0	0	0	0	0	null	null	null	0	0	0	0	0	0	0	null	0	0	0	0	0	0	0	null	0	0	0	0	0	0	0	0	0	0	0	0
"00-0036626"	"D.Brown"	"Dyami Brown"	"WR"	"WR"	"https://static.www.nfl.com/image/upload/f_auto,q_auto/league/addv9eheok1jj7amfkpb"	2026	2	"REG"	"2026_02_WAS_DAL"	"WAS"	"DAL"	1	1	0	0	0	0	0	0	0	-6	6	0	-0.46469704522540267	11.770772933959961	0	0	0	0	0	0	0	0	0	0	0	0	null	0	0	0	0	0	4	6	21	0	1	1	48	3	2	-5.621516642044298	0	1	1	0	0	0.4375	0.17647058823529413	0.13370473537604458	0.35829919711617236	0	0	0	0	0	0	0	0	0	0	0	0	0	0	0	0	0	0	0	0	0	0	0	0	0	0	0	0	0	1	0	0	1	1	0	0	0	0	0	0	0	0	null	null	0	0	0	0	0	0	0	0	0	0	0	0	null	null	null	0	0	0	0	0	0	0	null	0	0	0	0	0	0	0	null	0	0	0	0	0	0	0	0	0	0	0.10000000000000009	4.1
"00-0036728"	"C.Robinson"	"Curtis Robinson"	"LB"	"LB"	"https://static.www.nfl.com/image/upload/f_auto,q_auto/league/yzam37nstuqvqm0cgzmv"	2026	2	"REG"	"2026_02_WAS_DAL"	"DAL"	"WAS"	0	0	0	0	0	0	0	0	0	0	0	0	null	null	0	null	0	0	0	0	0	0	0	0	0	0	null	0	0	0	0	0	0	0	0	0	0	0	0	0	0	null	0	0	0	0	0	null	0	0	0	0	0	0	0	0	0	0	0	0	0	0	0	0	0	0	0	0	0	0	0	0	0	0	0	0	0	0	1	10	0	0	0	0	0	0	0	0	0	0	0	0	0	null	null	0	0	0	0	0	0	0	0	0	0	0	0	null	null	null	0	0	0	0	0	0	0	null	0	0	0	0	0	0	0	null	0	0	0	0	0	0	0	0	0	0	0	0
"00-0036736"	"K.Awosika"	"Kayode Awosika"	"G"	"OL"	"https://static.www.nfl.com/image/upload/f_auto,q_auto/league/gk8c2nrg4czmvjy2by3a"	2026	2	"REG"	"2026_02_LV_LAC"	"LAC"	"LV"	0	0	0	0	0	0	0	0	0	0	0	0	null	null	0	null	0	0	0	0	0	0	0	0	0	0	null	0	0	0	0	0	0	0	0	0	0	0	0	0	0	null	0	0	0	0	0	null	0	0	0	0	0	0	0	0	0	0	0	0	0	0	0	0	0	0	0	0	0	0	0	0	0	0	0	0	0	0	1	10	0	0	0	0	0	0	0	0	0	0	0	0	0	null	null	0	0	0	0	0	0	0	0	0	0	0	0	null	null	null	0	0	0	0	0	0	0	null	0	0	0	0	0	0	0	null	0	0	0	0	0	0	0	0	0	0	0	0
"00-0036754"	"B.Wright"	"Brock Wright"	"TE"	"TE"	"https://static.www.nfl.com/image/upload/f_auto,q_auto/league/ghmaeofuj87fm97yhvcp"	2026	2	"REG"	"2026_02_DET_BUF"	"DET"	"BUF"	0	0	0	0	0	0	0	0	0	0	0	0	null	null	0	null	0	0	0	0	0	0	0	0	0	0	null	0	0	0	0	0	0	0	0	0	0	0	0	0	0	null	0	0	0	0	0	null	0	0	0	0	0	0	0	0	0	0	0	0	0	0	0	0	0	0	0	0	0	0	0	0	0	1	0	0	0	0	0	0	0	0	0	0	0	0	0	0	0	0	0	0	0	null	null	0	0	0	0	0	0	0	0	0	0	0	0	null	null	null	0	0	0	0	0	0	0	null	0	0	0	0	0	0	0	null	0	0	0	0	0	0	0	0	0	0	0	0
"00-0036816"	"R.Patterson"	"Riley Patterson"	"K"	"SPEC"	"https://static.www.nfl.com/image/upload/f_auto,q_auto/league/xjg7x98iyq5hlgjc62ot"	2026	2	"REG"	"2026_02_MIA_SF"	"MIA"	"SF"	0	0	0	0	0	0	0	0	0	0	0	0	null	null	0	null	0	0	0	0	0	0	0	0	0	0	null	0	0	0	0	0	0	0	0	0	0	0	0	0	0	null	0	0	0	0	0	null	0	0	0	0	0	0	0	0	0	0	0	0	0	0	0	0	0	0	0	0	0	0	0	0	0	0	0	0	0	0	0	0	0	0	0	0	0	0	0	0	0	2	3	1	0	28	0.6666666666666666	0	2	0	0	0	0	0	0	0	0	1	0	"28;24"	"51"	null	52	51	0	1	1	0	0	1	0	0	0	0	0	0	0	null	0	0	0	0	0	0	0	0	0	0	0	0
"00-0036849"	"T.Atwell"	"Tutu Atwell"	"WR"	"WR"	"https://static.www.nfl.com/image/upload/f_auto,q_auto/league/tl2aa9ucbtcwhr1yk3tf"	2026	2	"REG"	"2026_02_NYG_LA"	"LA"	"NYG"	0	0	0	0	0	0	0	0	0	0	0	0	null	null	0	null	0	0	0	0	0	0	0	0	0	0	null	0	0	0	0	0	1	2	19	0	0	0	58	0	1	1.3184037213213742	0	1	1	0	0	0.3275862068965517	0.06666666666666667	0.17522658610271905	0.2226586102719033	0	0	0	0	0	0	0	0	0	0	0	0	0	0	0	0	0	0	0	0	0	0	0	0	0	0	0	0	0	0	0	0	0	0	0	0	0	0	0	0	0	0	null	null	0	0	0	0	0	0	0	0	0	0	0	0	null	null	null	0	0	0	0	0	0	0	null	0	0	0	0	0	0	0	null	0	0	0	0	0	0	0	0	0	0	1.9000000000000001	2.9000000000000004
"00-0036854"	"E.McPherson"	"Evan McPherson"	"K"	"SPEC"	"https://static.www.nfl.com/image/upload/f_auto,q_auto/league/t6fs7i54i4n7xjiayoz0"	2026	2	"REG"	"2026_02_CIN_HOU"	"CIN"	"HOU"	0	0	0	0	0	0	0	0	0	0	0	0	null	null	0	null	0	0	0	0	0	0	0	0	0	0	null	0	0	0	0	0	0	0	0	0	0	0	0	0	0	null	0	0	0	0	0	null	0	0	0	0	0	0	0	0	0	0	0	0	0	0	0	0	0	0	0	0	0	0	0	0	0	0	0	0	0	0	0	0	0	0	0	0	0	0	0	0	0	2	2	0	0	57	1	0	0	0	0	2	0	0	0	0	0	0	0	"51;57"	null	null	108	0	0	2	2	0	0	1	0	0	0	0	0	0	0	null	0	0	0	0	0	0	0	0	0	0	0	0
"00-0036888"	"D.Hamlin"	"Damar Hamlin"	"SAF"	"DB"	"https://static.www.nfl.com/image/upload/f_auto,q_auto/league/k7mdv3garedeitxksnya"	2026	2	"REG"	"2026_02_DET_BUF"	"BUF"	"DET"	0	0	0	0	0	0	0	0	0	0	0	0	null	null	0	null	0	0	0	0	0	0	0	0	0	0	null	0	0	0	0	0	0	0	0	0	0	0	0	0	0	null	0	0	0	0	0	null	0	0	0	0	1	0	1	0	0	0	0	0	0	0	0	0	0	0	0	0	0	0	0	0	0	0	0	0	0	0	0	0	0	0	0	0	0	0	0	0	0	0	0	0	0	null	null	0	0	0	0	0	0	0	0	0	0	0	0	null	null	null	0	0	0	0	0	0	0	null	0	0	0	0	0	0	0	null	0	0	0	0	0	0	0	0	0	0	0	0
"00-0036893"	"N.Harris"	"Najee Harris"	"RB"	"RB"	"https://static.www.nfl.com/image/upload/f_auto,q_auto/league/grfxgbvqnzz40r7rdtvk"	2026	2	"REG"	"2026_02_NYG_LA"	"NYG"	"LA"	0	0	0	0	0	0	0	0	0	0	0	0	null	null	0	null	0	0	0	0	4	6	0	0	0	0	-2.7471145579849945	0	0	0	0	0	0	0	0	0	0	0	0	0	0	null	0	0	0	0	0	null	0	0	0	0	0	0	0	0	0	0	0	0	0	0	0	0	0	0	0	0	0	0	0	0	0	0	0	0	0	0	0	0	0	0	0	0	0	0	0	0	0	0	0	0	0	null	null	0	0	0	0	0	0	0	0	0	0	0	0	null	null	null	0	0	0	0	0	0	0	null	0	0	0	0	0	0	0	null	0	0	0	0	0	0	0	0	0	0	0.6000000000000001	0.6000000000000001
"00-0036900"	"J.Chase"	"Ja'Marr Chase"	"WR"	"WR"	"https://static.www.nfl.com/image/upload/f_auto,q_auto/league/qya3dtjb5kgofcuj2tuw"	2026	2	"REG"	"2026_02_CIN_HOU"	"CIN"	"HOU"	0	0	0	0	0	0	0	0	0	0	0	0	null	null	0	null	0	0	0	0	0	0	0	0	0	0	null	0	0	0	0	0	7	9	75	2	0	0	81	15	3	3.894333849835675	0	2	2	1	0	0.9259259259259259	0.2903225806451613	0.4682080924855491	0.7632295357076264	0	0	0	0	0	0	0	0	0	0	0	0	0	0	0	0	0	0	0	0	0	0	0	0	0	0	0	1	5	0	0	0	0	0	0	0	0	0	0	0	0	0	null	null	0	0	0	0	0	0	0	0	0	0	0	0	null	null	null	0	0	0	0	0	0	0	null	0	0	0	0	0	0	0	null	0	0	0	0	0	0	0	0	0	0	19.5	26.5
"00-0036901"	"E.Stokes"	"Eric Stokes"	"CB"	"DB"	"https://static.www.nfl.com/image/upload/f_auto,q_auto/league/q7fnhbnyadsru3swpgdf"	2026	2	"REG"	"2026_02_LV_LAC"	"LV"	"LAC"	0	0	0	0	0	0	0	0	0	0	0	0	null	null	0	null	0	0	0	0	0	0	0	0	0	0	null	0	0	0	0	0	0	0	0	0	0	0	0	0	0	null	0	0	0	0	0	null	0	0	0	0	2	0	2	1	8	1	1	8	0	0	0	0	0	0	0	0	0	0	0	0	0	0	0	0	0	0	0	0	0	0	0	0	0	0	0	0	0	0	0	0	0	null	null	0	0	0	0	0	0	0	0	0	0	0	0	null	null	null	0	0	0	0	0	0	0	null	0	0	0	0	0	0	0	null	0	0	0	0	0	0	0	0	0	0	0	0
"00-0036905"	"L.Borom"	"Larry Borom"	"G"	"OL"	"https://static.www.nfl.com/image/upload/f_auto,q_auto/league/xc2m1opfa6lte7bg0ir6"	2026	2	"REG"	"2026_02_DET_BUF"	"DET"	"BUF"	0	0	0	0	0	0	0	0	0	0	0	0	null	null	0	null	0	0	0	0	0	0	0	0	0	0	null	0	0	0	0	0	0	0	0	0	0	0	0	0	0	null	0	0	0	0	0	null	0	0	0	0	0	0	0	0	0	0	0	0	0	0	0	0	0	0	0	0	0	0	0	0	0	0	0	0	0	0	3	20	0	0	0	0	0	0	0	0	0	0	0	0	0	null	null	0	0	0	0	0	0	0	0	0	0	0	0	null	null	null	0	0	0	0	0	0	0	null	0	0	0	0	0	0	0	null	0	0	0	0	0	0	0	0	0	0	0	0
"00-0036912"	"D.Smith"	"DeVonta Smith"	"WR"	"WR"	"https://static.www.nfl.com/image/upload/f_auto,q_auto/league/k724kq3hyv7jc0y9s03x"	2026	2	"REG"	"2026_02_PHI_TEN"	"PHI"	"TEN"	0	0	0	0	0	0	0	0	0	0	0	0	null	null	0	null	0	0	0	0	0	0	0	0	0	0	null	0	0	0	0	0	10	13	117	1	0	0	188	7	7	1.2649134840467013	0	5	3	1	0	0.6223404255319149	0.38235294117647056	0.6438356164383562	1.0242143432715551	0	1	0	0	0	0	0	0	0	0	0	0	0	0	0	0	0	0	0	0	0	0	0	0	0	0	0	0	0	0	0	0	0	0	0	0	0	0	0	0	0	0	null	null	0	0	0	0	0	0	0	0	0	0	0	0	null	null	null	0	0	0	0	0	0	0	null	0	0	0	0	0	0	0	null	0	0	0	0	0	0	0	0	0	0	17.700000000000003	27.700000000000003
"00-0036914"	"G.Rousseau"	"Greg Rousseau"	"LB"	"LB"	"https://static.www.nfl.com/image/upload/f_auto,q_auto/league/bezzackpgrvijtqh6hta"	2026	2	"REG"	"2026_02_DET_BUF"	"BUF"	"DET"	0	0	0	0	0	0	0	0	0	0	0	0	null	null	0	null	0	0	0	0	0	0	0	0	0	0	null	0	0	0	0	0	0	0	0	0	0	0	0	0	0	null	0	0	0	0	0	null	0	0	0	0	3	0	0	2	17	1	2	17	4	0	0	0	0	0	0	0	0	0	0	0	0	0	0	0	0	0	0	0	0	0	0	0	0	0	0	0	0	0	0	0	0	null	null	0	0	0	0	0	0	0	0	0	0	0	0	null	null	null	0	0	0	0	0	0	0	null	0	0	0	0	0	0	0	null	0	0	0	0	0	0	0	0	0	0	0	0
"00-0036940"	"O.Oweh"	"Odafe Oweh"	"LB"	"LB"	"https://static.www.nfl.com/image/upload/f_auto,q_auto/league/lxeaoe3u7srngnwlyyon"	2026	2	"REG"	"2026_02_WAS_DAL"	"WAS"	"DAL"	0	0	0	0	0	0	0	0	0	0	0	0	null	null	0	null	0	0	0	0	0	0	0	0	0	0	null	0	0	0	0	0	0	0	0	0	0	0	0	0	0	null	0	0	0	0	0	null	0	0	0	0	2	0	0	0	0	0	0	0	1	0	0	0	0	0	0	0	0	0	0	0	0	0	0	0	0	0	0	0	0	0	0	0	0	0	0	0	0	0	0	0	0	null	null	0	0	0	0	0	0	0	0	0	0	0	0	null	null	null	0	0	0	0	0	0	0	null	0	0	0	0	0	0	0	null	0	0	0	0	0	0	0	0	0	0	0	0
"00-0036963"	"A.St. Brown"	"Amon-Ra St. Brown"	"WR"	"WR"	"https://static.www.nfl.com/image/upload/f_auto,q_auto/league/fd8nwhm6pvxfyzphzl6i"	2026	2	"REG"	"2026_02_DET_BUF"	"DET"	"BUF"	0	0	0	0	0	0	0	0	0	0	0	0	null	null	0	null	0	0	0	0	0	0	0	0	0	0	null	0	0	0	0	0	9	13	142	2	0	0	148	43	7	10.701891301141586	0	6	4	4	0	0.9594594594594594	0.34210526315789475	0.4391691394658754	0.8205762923629549	0	0	0	0	0	0	0	0	0	0	0	0	0	0	0	0	0	0	0	0	0	0	0	0	0	0	0	0	0	0	0	0	0	0	0	0	0	0	0	0	0	0	null	null	0	0	0	0	0	0	0	0	0	0	0	0	null	null	null	0	0	0	0	0	0	0	null	0	0	0	0	0	0	0	null	0	0	0	0	0	0	0	0	0	0	26.200000000000003	35.2
"00-0036964"	"D.Barnes"	"Derrick Barnes"	"LB"	"LB"	"https://static.www.nfl.com/image/upload/f_auto,q_auto/league/bh66oqiavycebvryiy96"	2026	2	"REG"	"2026_02_DET_BUF"	"DET"	"BUF"	0	0	0	0	0	0	0	0	0	0	0	0	null	null	0	null	0	0	0	0	0	0	0	0	0	0	null	0	0	0	0	0	0	0	0	0	0	0	0	0	0	null	0	0	0	0	0	null	0	0	0	0	5	0	2	1	1	0	1	0	1	0	0	0	0	0	0	0	0	0	0	0	0	0	0	0	0	0	0	0	0	0	0	0	0	0	0	0	0	0	0	0	0	null	null	0	0	0	0	0	0	0	0	0	0	0	0	null	null	null	0	0	0	0	0	0	0	null	0	0	0	0	0	0	0	null	0	0	0	0	0	0	0	0	0	0	0	0
"00-0036970"	"K.Pitts"	"Kyle Pitts"	"TE"	"TE"	"https://static.www.nfl.com/image/upload/f_auto,q_auto/league/xczipzxvytnmvgznhhb4"	2026	2	"REG"	"2026_02_CAR_ATL"	"ATL"	"CAR"	0	0	0	0	0	0	0	0	0	0	0	0	null	null	0	null	0	0	0	0	0	0	0	0	0	0	null	0	0	0	0	0	1	3	15	0	0	0	26	4	1	-8.310520911240019	0	1	0	0	0	0.5769230769230769	0.0967741935483871	0.16352201257861634	0.25962669912761205	0	0	0	1	0	0	0	0	0	0	0	0	0	0	0	0	0	0	0	0	0	0	0	0	0	0	0	1	5	0	0	0	0	0	0	0	0	0	0	0	0	0	null	null	0	0	0	0	0	0	0	0	0	0	0	0	null	null	null	0	0	0	0	0	0	0	null	0	0	0	0	0	0	0	null	0	0	0	0	0	0	0	0	0	0	1.5	2.5
"00-0036973"	"T.Etienne"	"Travis Etienne"	"RB"	"RB"	"https://static.www.nfl.com/image/upload/f_auto,q_auto/league/pwko5dybmjie8qqo4qz2"	2026	2	"REG"	"2026_02_NO_BAL"	"NO"	"BAL"	0	0	0	0	0	0	0	0	0	0	0	0	null	null	0	null	0	0	0	0	8	25	0	0	0	1	0.38086737079732114	1	0	0	0	0	2	2	6	0	0	0	-7	13	0	-0.4478769135894254	0	0	0	0	0	-0.8571428571428571	0.0625	-0.03286384976525822	0.07074530516431925	0	0	0	0	0	0	0	0	0	0	0	0	0	0	0	0	0	0	0	0	0	0	1	0	0	0	0	0	0	0	0	0	0	0	0	0	0	0	0	0	0	0	null	null	0	0	0	0	0	0	0	0	0	0	0	0	null	null	null	0	0	0	0	0	0	0	null	0	0	0	0	0	0	0	null	0	0	0	0	0	0	0	0	0	0	5.1	7.1
"00-0036976"	"S.Brown"	"Spencer Brown"	"OT"	"OL"	"https://static.www.nfl.com/image/upload/f_auto,q_auto/league/q2lsfuxunzzgso9rtldu"	2026	2	"REG"	"2026_02_DET_BUF"	"BUF"	"DET"	0	0	0	0	0	0	0	0	0	0	0	0	null	null	0	null	0	0	0	0	0	0	0	0	0	0	null	0	0	0	0	0	0	0	0	0	0	0	0	0	0	null	0	0	0	0	0	null	0	0	0	0	0	0	0	0	0	0	0	0	0	0	0	0	0	0	0	0	0	0	0	0	0	1	0	0	0	0	0	0	0	0	0	0	0	0	0	0	0	0	0	0	0	null	null	0	0	0	0	0	0	0	0	0	0	0	0	null	null	null	0	0	0	0	0	0	0	null	0	0	0	0	0	0	0	null	0	0	0	0	0	0	0	0	0	0	0	0
"00-0036982"	"C.Golston"	"Chauncey Golston"	"DE"	"DL"	"https://static.www.nfl.com/image/upload/f_auto,q_auto/league/zgkpz7ctgzyjxxa2zzqe"	2026	2	"REG"	"2026_02_NYG_LA"	"NYG"	"LA"	0	0	0	0	0	0	0	0	0	0	0	0	null	null	0	null	0	0	0	0	0	0	0	0	0	0	null	0	0	0	0	0	0	0	0	0	0	0	0	0	0	null	0	0	0	0	0	null	0	0	0	0	4	0	0	0	0	0	0	0	0	0	0	0	0	0	0	0	0	0	0	0	0	0	0	0	0	0	0	0	0	0	0	0	0	0	0	0	0	0	0	0	0	null	null	0	0	0	0	0	0	0	0	0	0	0	0	null	null	null	0	0	0	0	0	0	0	null	0	0	0	0	0	0	0	null	0	0	0	0	0	0	0	0	0	0	0	0
"00-0036988"	"J.Palmer"	"Josh Palmer"	"WR"	"WR"	"https://static.www.nfl.com/image/upload/f_auto,q_auto/league/woswdfrtxnsfgzsjvsxx"	2026	2	"REG"	"2026_02_DET_BUF"	"BUF"	"DET"	0	0	0	0	0	0	0	0	0	0	0	0	null	null	0	null	0	0	0	0	0	0	0	0	0	0	null	0	0	0	0	0	1	3	43	1	0	0	39	10	1	4.82008575508371	0	1	1	1	1	1.1025641025641026	0.10714285714285714	0.16595744680851063	0.2768844984802431	0	0	0	0	0	0	0	0	0	0	0	0	0	0	0	0	0	0	0	0	0	0	0	0	0	0	0	0	0	0	0	0	0	0	0	0	0	0	0	0	0	0	null	null	0	0	0	0	0	0	0	0	0	0	0	0	null	null	null	0	0	0	0	0	0	0	null	0	0	0	0	0	0	0	null	0	0	0	0	0	0	0	0	0	0	10.3	11.3
"00-0036989"	"M.Koonce"	"Malcolm Koonce"	"DE"	"DL"	"https://static.www.nfl.com/image/upload/f_auto,q_auto/league/cujkqhjibrywjodwgfyp"	2026	2	"REG"	"2026_02_LV_LAC"	"LV"	"LAC"	0	0	0	0	0	0	0	0	0	0	0	0	null	null	0	null	0	0	0	0	0	0	0	0	0	0	null	0	0	0	0	0	0	0	0	0	0	0	0	0	0	null	0	0	0	0	0	null	0	0	0	0	2	0	1	0	0	1	1.5	0.5	2	0	0	0	0	0	0	0	0	0	0	0	0	0	0	0	0	0	0	0	0	0	0	0	0	0	0	0	0	0	0	0	0	null	null	0	0	0	0	0	0	0	0	0	0	0	0	null	null	null	0	0	0	0	0	0	0	null	0	0	0	0	0	0	0	null	0	0	0	0	0	0	0	0	0	0	0	0
"00-0036996"	"G.Newsome"	"Greg Newsome II"	"CB"	"DB"	"https://static.www.nfl.com/image/upload/f_auto,q_auto/league/zyfy3onrys9i6ounvai8"	2026	2	"REG"	"2026_02_NYG_LA"	"NYG"	"LA"	0	0	0	0	0	0	0	0	0	0	0	0	null	null	0	null	0	0	0	0	0	0	0	0	0	0	null	0	0	0	0	0	0	0	0	0	0	0	0	0	0	null	0	0	0	0	0	null	0	0	0	0	4	0	1	0	0	0	0	0	0	0	0	1	0	0	0	0	0	0	0	0	0	0	0	0	0	0	0	0	0	0	0	0	0	0	0	0	0	0	0	0	0	null	null	0	0	0	0	0	0	0	0	0	0	0	0	null	null	null	0	0	0	0	0	0	0	null	0	0	0	0	0	0	0	null	0	0	0	0	0	0	0	0	0	0	0	0
"00-0036997"	"J.Williams"	"Javonte Williams"	"RB"	"RB"	"https://static.www.nfl.com/image/upload/f_auto,q_auto/league/xvwroirev2kie6oiphtz"	2026	2	"REG"	"2026_02_WAS_DAL"	"DAL"	"WAS"	0	0	0	0	0	0	0	0	0	0	0	0	null	null	0	null	0	0	0	0	12	30	0	0	0	0	-3.742538651044015	0	0	0	0	0	3	4	20	0	0	0	-12	28	0	0.24317228619474918	0	0	0	0	0	-1.6666666666666667	0.12903225806451613	-0.04918032786885246	0.15912215758857748	0	0	0	0	0	0	0	0	0	0	0	0	0	0	0	0	0	0	0	0	0	0	0	0	0	0	0	0	0	0	0	0	0	0	0	0	0	0	0	0	0	0	null	null	0	0	0	0	0	0	0	0	0	0	0	0	null	null	null	0	0	0	0	0	0	0	null	0	0	0	0	0	0	0	null	0	0	0	0	0	0	0	0	0	0	5	8
"00-0036998"	"J.Holland"	"Jevon Holland"	"SAF"	"DB"	"https://static.www.nfl.com/image/upload/f_auto,q_auto/league/z5pg2azijnijyvqexm4r"	2026	2	"REG"	"2026_02_NYG_LA"	"NYG"	"LA"	0	0	0	0	0	0	0	0	0	0	0	0	null	null	0	null	0	0	0	0	0	0	0	0	0	0	null	0	0	0	0	0	0	0	0	0	0	0	0	0	0	null	0	0	0	0	0	null	0	0	0	0	5	0	3	0	0	2	0	0	0	1	0	1	0	0	0	0	0	0	0	0	0	0	0	1	0	0	0	0	0	0	0	0	0	0	0	0	0	0	0	0	0	null	null	0	0	0	0	0	0	0	0	0	0	0	0	null	null	null	0	0	0	0	0	0	0	null	0	0	0	0	0	0	0	null	0	0	0	0	0	0	0	0	0	0	0	0
"00-0037009"	"R.Slater"	"Rashawn Slater"	"OT"	"OL"	"https://static.www.nfl.com/image/upload/f_auto,q_auto/league/tnryoyowiu6amxx3zthf"	2026	2	"REG"	"2026_02_LV_LAC"	"LAC"	"LV"	0	0	0	0	0	0	0	0	0	0	0	0	null	null	0	null	0	0	0	0	0	0	0	0	0	0	null	0	0	0	0	0	0	0	0	0	0	0	0	0	0	null	0	0	0	0	0	null	0	0	0	0	0	0	0	0	0	0	0	0	0	0	0	0	0	0	0	0	0	0	0	0	0	0	0	0	0	0	1	10	0	0	0	0	0	0	0	0	0	0	0	0	0	null	null	0	0	0	0	0	0	0	0	0	0	0	0	null	null	null	0	0	0	0	0	0	0	null	0	0	0	0	0	0	0	null	0	0	0	0	0	0	0	0	0	0	0	0
"00-0037034"	"D.Alford"	"Dee Alford"	"CB"	"DB"	"https://static.www.nfl.com/image/upload/f_auto,q_auto/league/mgi0d5fd1huslr3kfqg1"	2026	2	"REG"	"2026_02_DET_BUF"	"BUF"	"DET"	0	0	0	0	0	0	0	0	0	0	0	0	null	null	0	null	0	0	0	0	0	0	0	0	0	0	null	0	0	0	0	0	0	0	0	0	0	0	0	0	0	null	0	0	0	0	0	null	0	0	0	0	2	0	2	0	0	0	0	0	0	0	0	0	0	0	0	0	0	0	0	0	0	0	0	0	0	0	0	0	0	0	0	0	0	0	0	0	0	0	0	0	0	null	null	0	0	0	0	0	0	0	0	0	0	0	0	null	null	null	0	0	0	0	0	0	0	null	0	0	0	0	0	0	0	null	0	0	0	0	0	0	0	0	0	0	0	0
"00-0037073"	"J.Davis"	"Jordan Davis"	"DT"	"DL"	"https://static.www.nfl.com/image/upload/f_auto,q_auto/league/zkvksjepfrmpdwdph1ps"	2026	2	"REG"	"2026_02_PHI_TEN"	"PHI"	"TEN"	0	0	0	0	0	0	0	0	0	0	0	0	null	null	0	null	0	0	0	0	0	0	0	0	0	0	null	0	0	0	0	0	0	0	0	0	0	0	0	0	0	null	0	0	0	0	0	null	0	0	0	0	1	0	0	0	0	0	0	0	0	0	0	0	0	0	0	0	0	0	0	0	0	0	0	0	0	0	0	0	0	0	0	0	0	0	0	0	0	0	0	0	0	null	null	0	0	0	0	0	0	0	0	0	0	0	0	null	null	null	0	0	0	0	0	0	0	null	0	0	0	0	0	0	0	null	0	0	0	0	0	0	0	0	0	0	0	0
"00-0037074"	"Q.Walker"	"Quay Walker"	"LB"	"LB"	"https://static.www.nfl.com/image/upload/f_auto,q_auto/league/bqhumgranhitojob30mp"	2026	2	"REG"	"2026_02_LV_LAC"	"LV"	"LAC"	0	0	0	0	0	0	0	0	0	0	0	0	null	null	0	null	0	0	0	0	0	0	0	0	0	0	null	0	0	0	0	0	0	0	0	0	0	0	0	0	0	null	0	0	0	0	0	null	0	0	0	0	5	0	5	0	0	0	0	0	0	0	0	0	0	0	0	0	0	0	0	0	0	0	0	0	0	0	0	0	0	0	0	0	0	0	0	0	0	0	0	0	0	null	null	0	0	0	0	0	0	0	0	0	0	0	0	null	null	null	0	0	0	0	0	0	0	null	0	0	0	0	0	0	0	null	0	0	0	0	0	0	0	0	0	0	0	0
"00-0037079"	"T.Woolen"	"Riq Woolen"	"CB"	"DB"	"https://static.www.nfl.com/image/upload/f_auto,q_auto/league/aodr0vp93fzhdsff9fzj"	2026	2	"REG"	"2026_02_PHI_TEN"	"PHI"	"TEN"	0	0	0	0	0	0	0	0	0	0	0	0	null	null	0	null	0	0	0	0	0	0	0	0	0	0	null	0	0	0	0	0	0	0	0	0	0	0	0	0	0	null	0	0	0	0	0	null	0	0	0	0	3	0	0	0	0	0	0	0	0	0	0	1	0	0	0	0	0	0	0	0	0	0	0	0	0	0	0	0	0	0	0	0	0	0	0	0	0	0	0	0	0	null	null	0	0	0	0	0	0	0	0	0	0	0	0	null	null	null	0	0	0	0	0	0	0	null	0	0	0	0	0	0	0	null	0	0	0	0	0	0	0	0	0	0	0	0
