season	team	position	depth_chart_position	jersey_number	status	full_name	first_name	last_name	birth_date	height	weight	college	gsis_id	espn_id	sportradar_id	yahoo_id	rotowire_id	pff_id	pfr_id	fantasy_data_id	sleeper_id	years_exp	headshot_url	ngs_position	week	game_type	status_description_abbr	football_name	esb_id	gsis_it_id	smart_id	entry_year	rookie_year	draft_club	draft_number
2026	"KC"	"TE"	"TE"	87	"ACT"	"Travis Kelce"	"Travis"	"Kelce"	"1989-10-05"	77	250	"Cincinnati"	"00-0030506"	"15847"	"c3859e06-5f23-4302-a71b-04820a899d5f"	"26686"	"8783"	"7844"	"KelcTr00"	"15048"	"1466"	13	"https://static.www.nfl.com/image/upload/f_auto,q_auto/league/dpxovcfku6ud2aohgf6a"	"SLOT_WR"	1	"REG"	"A01"	"Travis"	"KEL012458"	"40011"	"32004b45-4c01-2458-b7b6-3a14cdb414dd"	2013	2013	"KC"	63
2026	"KC"	"TE"	"TE"	87	"ACT"	"Travis Kelce"	"Travis"	"Kelce"	"1989-10-05"	77	250	"Cincinnati"	"00-0030506"	"15847"	"c3859e06-5f23-4302-a71b-04820a899d5f"	"26686"	"8783"	"7844"	"KelcTr00"	"15048"	"1466"	13	"https://static.www.nfl.com/image/upload/f_auto,q_auto/league/dpxovcfku6ud2aohgf6a"	"SLOT_WR"	2	"REG"	"A01"	"Travis"	"KEL012458"	"40011"	"32004b45-4c01-2458-b7b6-3a14cdb414dd"	2013	2013	"KC"	63
2026	"KC"	"TE"	"TE"	87	"ACT"	"Travis Kelce"	"Travis"	"Kelce"	"1989-10-05"	77	250	"Cincinnati"	"00-0030506"	"15847"	"c3859e06-5f23-4302-a71b-04820a899d5f"	"26686"	"8783"	"7844"	"KelcTr00"	"15048"	"1466"	13	"https://static.www.nfl.com/image/upload/f_auto,q_auto/league/dpxovcfku6ud2aohgf6a"	"TE"	3	"REG"	"A01"	"Travis"	"KEL012458"	"40011"	"32004b45-4c01-2458-b7b6-3a14cdb414dd"	2013	2013	"KC"	63
2026	"KC"	"TE"	"TE"	87	"ACT"	"Travis Kelce"	"Travis"	"Kelce"	"1989-10-05"	77	250	"Cincinnati"	"00-0030506"	"15847"	"c3859e06-5f23-4302-a71b-04820a899d5f"	"26686"	"8783"	"7844"	"KelcTr00"	"15048"	"1466"	13	"https://static.www.nfl.com/image/upload/f_auto,q_auto/league/dpxovcfku6ud2aohgf6a"	"TE"	4	"REG"	"A01"	"Travis"	"KEL012458"	"40011"	"32004b45-4c01-2458-b7b6-3a14cdb414dd"	2013	2013	"KC"	63
2026	"LA"	"WR"	"WR"	17	"ACT"	"Davante Adams"	"Davante"	"Adams"	"1992-12-24"	73	204	"Fresno State"	"00-0031381"	"16800"	"e7d6ae25-bf15-4660-8b37-c37716551de3"	"27581"	"9455"	"8688"	"AdamDa01"	"16470"	"2133"	12	"https://static.www.nfl.com/image/upload/f_auto,q_auto/league/tdzluk4xau3arxqk9zsl"	"WR"	1	"REG"	"A01"	"Davante"	"ADA218591"	"41282"	"32004144-4121-8591-4d26-4c0ac739af41"	2014	2014	"GB"	53
2026	"LA"	"WR"	"WR"	17	"ACT"	"Davante Adams"	"Davante"	"Adams"	"1992-12-24"	73	204	"Fresno State"	"00-0031381"	"16800"	"e7d6ae25-bf15-4660-8b37-c37716551de3"	"27581"	"9455"	"8688"	"AdamDa01"	"16470"	"2133"	12	"https://static.www.nfl.com/image/upload/f_auto,q_auto/league/tdzluk4xau3arxqk9zsl"	"WR"	2	"REG"	"A01"	"Davante"	"ADA218591"	"41282"	"32004144-4121-8591-4d26-4c0ac739af41"	2014	2014	"GB"	53
2026	"LA"	"WR"	"WR"	17	"ACT"	"Davante Adams"	"Davante"	"Adams"	"1992-12-24"	73	204	"Fresno State"	"00-0031381"	"16800"	"e7d6ae25-bf15-4660-8b37-c37716551de3"	"27581"	"9455"	"8688"	"AdamDa01"	"16470"	"2133"	12	"https://static.www.nfl.com/image/upload/f_auto,q_auto/league/tdzluk4xau3arxqk9zsl"	"WR"	3	"REG"	"A01"	"Davante"	"ADA218591"	"41282"	"32004144-4121-8591-4d26-4c0ac739af41"	2014	2014	"GB"	53
2026	"LA"	"WR"	"WR"	17	"ACT"	"Davante Adams"	"Davante"	"Adams"	"1992-12-24"	73	204	"Fresno State"	"00-0031381"	"16800"	"e7d6ae25-bf15-4660-8b37-c37716551de3"	"27581"	"9455"	"8688"	"AdamDa01"	"16470"	"2133"	12	"https://static.www.nfl.com/image/upload/f_auto,q_auto/league/tdzluk4xau3arxqk9zsl"	"WR"	4	"REG"	"A01"	"Davante"	"ADA218591"	"41282"	"32004144-4121-8591-4d26-4c0ac739af41"	2014	2014	"GB"	53
2026	"SF"	"WR"	"WR"	5	"ACT"	"Mike Evans"	"Mike"	"Evans"	"1993-08-21"	77	231	"Texas A&M"	"00-0031408"	"16737"	"c48c21d9-0ae5-478c-ad34-30a660cfa9b8"	"27535"	"9253"	"8642"	"EvanMi00"	"16597"	"2216"	12	"https://static.www.nfl.com/image/upload/f_auto,q_auto/league/zc4ujpmndyxrbiyyjomz"	"WR"	1	"REG"	"A01"	"Mike"	"EVA534309"	"41233"	"32004556-4153-4309-b2ed-6b8233f6fea5"	2014	2014	"TB"	7
2026	"SF"	"WR"	"WR"	5	"ACT"	"Mike Evans"	"Mike"	"Evans"	"1993-08-21"	77	231	"Texas A&M"	"00-0031408"	"16737"	"c48c21d9-0ae5-478c-ad34-30a660cfa9b8"	"27535"	"9253"	"8642"	"EvanMi00"	"16597"	"2216"	12	"https://static.www.nfl.com/image/upload/f_auto,q_auto/league/zc4ujpmndyxrbiyyjomz"	"WR"	2	"REG"	"A01"	"Mike"	"EVA534309"	"41233"	"32004556-4153-4309-b2ed-6b8233f6fea5"	2014	2014	"TB"	7
2026	"SF"	"WR"	"WR"	5	"ACT"	"Mike Evans"	"Mike"	"Evans"	"1993-08-21"	77	231	"Texas A&M"	"00-0031408"	"16737"	"c48c21d9-0ae5-478c-ad34-30a660cfa9b8"	"27535"	"9253"	"8642"	"EvanMi00"	"16597"	"2216"	12	"https://static.www.nfl.com/image/upload/f_auto,q_auto/league/zc4ujpmndyxrbiyyjomz"	"WR"	3	"REG"	"A01"	"Mike"	"EVA534309"	"41233"	"32004556-4153-4309-b2ed-6b8233f6fea5"	2014	2014	"TB"	7
2026	"SF"	"WR"	"WR"	5	"ACT"	"Mike Evans"	"Mike"	"Evans"	"1993-08-21"	77	231	"Texas A&M"	"00-0031408"	"16737"	"c48c21d9-0ae5-478c-ad34-30a660cfa9b8"	"27535"	"9253"	"8642"	"EvanMi00"	"16597"	"2216"	12	"https://static.www.nfl.com/image/upload/f_auto,q_auto/league/zc4ujpmndyxrbiyyjomz"	"WR"	4	"REG"	"A01"	"Mike"	"EVA534309"	"41233"	"32004556-4153-4309-b2ed-6b8233f6fea5"	2014	2014	"TB"	7
2026	"WAS"	"WR"	"WR"	3	"ACT"	"Stefon Diggs"	"Stefon"	"Diggs"	"1993-11-29"	72	191	"Maryland"	"00-0031588"	"2976212"	"a1c40664-b265-4083-aad2-54b4c734f2c5"	"28534"	"10133"	"9579"	"DiggSt00"	"16906"	"2449"	11	"https://static.www.nfl.com/image/upload/f_auto,q_auto/league/cemcexmscsarpvwhafln"	"SLOT_WR"	1	"REG"	"A01"	"Stefon"	"DIG218895"	"42489"	"32004449-4721-8895-fc23-d2bf4c921bd4"	2015	2015	"MIN"	146
2026	"WAS"	"WR"	"WR"	3	"ACT"	"Stefon Diggs"	"Stefon"	"Diggs"	"1993-11-29"	72	191	"Maryland"	"00-0031588"	"2976212"	"a1c40664-b265-4083-aad2-54b4c734f2c5"	"28534"	"10133"	"9579"	"DiggSt00"	"16906"	"2449"	11	"https://static.www.nfl.com/image/upload/f_auto,q_auto/league/cemcexmscsarpvwhafln"	"SLOT_WR"	2	"REG"	"A01"	"Stefon"	"DIG218895"	"42489"	"32004449-4721-8895-fc23-d2bf4c921bd4"	2015	2015	"MIN"	146
2026	"WAS"	"WR"	"WR"	3	"ACT"	"Stefon Diggs"	"Stefon"	"Diggs"	"1993-11-29"	72	191	"Maryland"	"00-0031588"	"2976212"	"a1c40664-b265-4083-aad2-54b4c734f2c5"	"28534"	"10133"	"9579"	"DiggSt00"	"16906"	"2449"	11	"https://static.www.nfl.com/image/upload/f_auto,q_auto/league/cemcexmscsarpvwhafln"	"SLOT_WR"	3	"REG"	"A01"	"Stefon"	"DIG218895"	"42489"	"32004449-4721-8895-fc23-d2bf4c921bd4"	2015	2015	"MIN"	146
2026	"WAS"	"WR"	"WR"	3	"ACT"	"Stefon Diggs"	"Stefon"	"Diggs"	"1993-11-29"	72	191	"Maryland"	"00-0031588"	"2976212"	"a1c40664-b265-4083-aad2-54b4c734f2c5"	"28534"	"10133"	"9579"	"DiggSt00"	"16906"	"2449"	11	"https://static.www.nfl.com/image/upload/f_auto,q_auto/league/cemcexmscsarpvwhafln"	"SLOT_WR"	4	"REG"	"A01"	"Stefon"	"DIG218895"	"42489"	"32004449-4721-8895-fc23-d2bf4c921bd4"	2015	2015	"MIN"	146
2026	"DAL"	"QB"	"QB"	4	"ACT"	"Dak Prescott"	"Rayne"	"Prescott"	"1993-07-29"	74	230	"Mississippi State"	"00-0033077"	"2577417"	"86197778-8d4b-4eba-affe-08ef7be7c70b"	"29369"	"11008"	"10769"	"PresDa01"	"18055"	"3294"	10	"https://static.www.nfl.com/image/upload/f_auto,q_auto/league/yvscmqq1qki8zfsemmcd"	"QB"	1	"REG"	"A01"	"Dak"	"PRE285723"	"43424"	"32005052-4528-5723-d1b2-96e92ebc1241"	2016	2016	"DAL"	135
2026	"DAL"	"QB"	"QB"	4	"ACT"	"Dak Prescott"	"Rayne"	"Prescott"	"1993-07-29"	74	230	"Mississippi State"	"00-0033077"	"2577417"	"86197778-8d4b-4eba-affe-08ef7be7c70b"	"29369"	"11008"	"10769"	"PresDa01"	"18055"	"3294"	10	"https://static.www.nfl.com/image/upload/f_auto,q_auto/league/yvscmqq1qki8zfsemmcd"	"QB"	2	"REG"	"A01"	"Dak"	"PRE285723"	"43424"	"32005052-4528-5723-d1b2-96e92ebc1241"	2016	2016	"DAL"	135
2026	"DAL"	"QB"	"QB"	4	"ACT"	"Dak Prescott"	"Rayne"	"Prescott"	"1993-07-29"	74	230	"Mississippi State"	"00-0033077"	"2577417"	"86197778-8d4b-4eba-affe-08ef7be7c70b"	"29369"	"11008"	"10769"	"PresDa01"	"18055"	"3294"	10	"https://static.www.nfl.com/image/upload/f_auto,q_auto/league/yvscmqq1qki8zfsemmcd"	"QB"	3	"REG"	"A01"	"Dak"	"PRE285723"	"43424"	"32005052-4528-5723-d1b2-96e92ebc1241"	2016	2016	"DAL"	135
2026	"DAL"	"QB"	"QB"	4	"ACT"	"Dak Prescott"	"Rayne"	"Prescott"	"1993-07-29"	74	230	"Mississippi State"	"00-0033077"	"2577417"	"86197778-8d4b-4eba-affe-08ef7be7c70b"	"29369"	"11008"	"10769"	"PresDa01"	"18055"	"3294"	10	"https://static.www.nfl.com/image/upload/f_auto,q_auto/league/yvscmqq1qki8zfsemmcd"	"QB"	4	"REG"	"A01"	"Dak"	"PRE285723"	"43424"	"32005052-4528-5723-d1b2-96e92ebc1241"	2016	2016	"DAL"	135
2026	"SF"	"RB"	"RB"	23	"ACT"	"Christian McCaffrey"	"Christian"	"McCaffrey"	"1996-06-07"	71	210	"Stanford"	"00-0033280"	"3117251"	"f96db0af-5e25-42d1-a07a-49b4e065b364"	"30121"	"11690"	"11763"	"McCaCh01"	"18877"	"4034"	9	"https://static.www.nfl.com/image/upload/f_auto,q_auto/league/st82s2ytyzanatcmkqck"	"RB"	1	"REG"	"A01"	"Christian"	"MCC035988"	"44820"	"32004d43-4303-5988-790d-0077d6a4692b"	2017	2017	"CAR"	8
2026	"SF"	"RB"	"RB"	23	"ACT"	"Christian McCaffrey"	"Christian"	"McCaffrey"	"1996-06-07"	71	210	"Stanford"	"00-0033280"	"3117251"	"f96db0af-5e25-42d1-a07a-49b4e065b364"	"30121"	"11690"	"11763"	"McCaCh01"	"18877"	"4034"	9	"https://static.www.nfl.com/image/upload/f_auto,q_auto/league/st82s2ytyzanatcmkqck"	"RB"	2	"REG"	"A01"	"Christian"	"MCC035988"	"44820"	"32004d43-4303-5988-790d-0077d6a4692b"	2017	2017	"CAR"	8
2026	"SF"	"RB"	"RB"	23	"ACT"	"Christian McCaffrey"	"Christian"	"McCaffrey"	"1996-06-07"	71	210	"Stanford"	"00-0033280"	"3117251"	"f96db0af-5e25-42d1-a07a-49b4e065b364"	"30121"	"11690"	"11763"	"McCaCh01"	"18877"	"4034"	9	"https://static.www.nfl.com/image/upload/f_auto,q_auto/league/st82s2ytyzanatcmkqck"	"RB"	3	"REG"	"A01"	"Christian"	"MCC035988"	"44820"	"32004d43-4303-5988-790d-0077d6a4692b"	2017	2017	"CAR"	8
2026	"SF"	"RB"	"RB"	23	"ACT"	"Christian McCaffrey"	"Christian"	"McCaffrey"	"1996-06-07"	71	210	"Stanford"	"00-0033280"	"3117251"	"f96db0af-5e25-42d1-a07a-49b4e065b364"	"30121"	"11690"	"11763"	"McCaCh01"	"18877"	"4034"	9	"https://static.www.nfl.com/image/upload/f_auto,q_auto/league/st82s2ytyzanatcmkqck"	"RB"	4	"REG"	"A01"	"Christian"	"MCC035988"	"44820"	"32004d43-4303-5988-790d-0077d6a4692b"	2017	2017	"CAR"	8
2026	"SF"	"TE"	"TE"	85	"ACT"	"George Kittle"	"George"	"Kittle"	"1993-10-09"	76	250	"Iowa"	"00-0033288"	"3040151"	"2ada91b0-036e-454f-83c3-6d939ff584a9"	"30259"	"11892"	"11901"	"KittGe00"	"19063"	"4217"	9	"https://static.www.nfl.com/image/upload/f_auto,q_auto/league/vkicdglglkyukgyxtmpx"	"TE"	1	"REG"	"A01"	"George"	"KIT388290"	"44959"	"32004b49-5438-8290-eeed-c9c9cca62ec1"	2017	2017	"SF"	146
2026	"SF"	"TE"	"TE"	85	"ACT"	"George Kittle"	"George"	"Kittle"	"1993-10-09"	76	250	"Iowa"	"00-0033288"	"3040151"	"2ada91b0-036e-454f-83c3-6d939ff584a9"	"30259"	"11892"	"11901"	"KittGe00"	"19063"	"4217"	9	"https://static.www.nfl.com/image/upload/f_auto,q_auto/league/vkicdglglkyukgyxtmpx"	"TE"	2	"REG"	"A01"	"George"	"KIT388290"	"44959"	"32004b49-5438-8290-eeed-c9c9cca62ec1"	2017	2017	"SF"	146
2026	"SF"	"TE"	"TE"	85	"ACT"	"George Kittle"	"George"	"Kittle"	"1993-10-09"	76	250	"Iowa"	"00-0033288"	"3040151"	"2ada91b0-036e-454f-83c3-6d939ff584a9"	"30259"	"11892"	"11901"	"KittGe00"	"19063"	"4217"	9	"https://static.www.nfl.com/image/upload/f_auto,q_auto/league/vkicdglglkyukgyxtmpx"	"TE"	3	"REG"	"A01"	"George"	"KIT388290"	"44959"	"32004b49-5438-8290-eeed-c9c9cca62ec1"	2017	2017	"SF"	146
2026	"SF"	"TE"	"TE"	85	"ACT"	"George Kittle"	"George"	"Kittle"	"1993-10-09"	76	250	"Iowa"	"00-0033288"	"3040151"	"2ada91b0-036e-454f-83c3-6d939ff584a9"	"30259"	"11892"	"11901"	"KittGe00"	"19063"	"4217"	9	"https://static.www.nfl.com/image/upload/f_auto,q_auto/league/vkicdglglkyukgyxtmpx"	"TE"	4	"REG"	"A01"	"George"	"KIT388290"	"44959"	"32004b49-5438-8290-eeed-c9c9cca62ec1"	2017	2017	"SF"	146
2026	"MIN"	"RB"	"RB"	33	"ACT"	"Aaron Jones"	"Aaron"	"Jones"	"1994-12-02"	69	208	"Texas-El Paso"	"00-0033293"	"3042519"	"27dd5b6e-ea65-4622-a6b4-460fd144407c"	"30295"	"11763"	"11937"	"JoneAa00"	"19045"	"4199"	9	"https://static.www.nfl.com/image/upload/f_auto,q_auto/league/bktkfvgfwujkdbzkcfim"	"RB"	1	"REG"	"A01"	"Aaron"	"JON026624"	"44995"	"32004a4f-4e02-6624-33bd-3ba151b7013d"	2017	2017	"GB"	182
2026	"MIN"	"RB"	"RB"	33	"ACT"	"Aaron Jones"	"Aaron"	"Jones"	"1994-12-02"	69	208	"Texas-El Paso"	"00-0033293"	"3042519"	"27dd5b6e-ea65-4622-a6b4-460fd144407c"	"30295"	"11763"	"11937"	"JoneAa00"	"19045"	"4199"	9	"https://static.www.nfl.com/image/upload/f_auto,q_auto/league/bktkfvgfwujkdbzkcfim"	"RB"	2	"REG"	"A01"	"Aaron"	"JON026624"	"44995"	"32004a4f-4e02-6624-33bd-3ba151b7013d"	2017	2017	"GB"	182
2026	"MIN"	"RB"	"RB"	33	"ACT"	"Aaron Jones"	"Aaron"	"Jones"	"1994-12-02"	69	208	"Texas-El Paso"	"00-0033293"	"3042519"	"27dd5b6e-ea65-4622-a6b4-460fd144407c"	"30295"	"11763"	"11937"	"JoneAa00"	"19045"	"4199"	9	"https://static.www.nfl.com/image/upload/f_auto,q_auto/league/bktkfvgfwujkdbzkcfim"	"RB"	3	"REG"	"A01"	"Aaron"	"JON026624"	"44995"	"32004a4f-4e02-6624-33bd-3ba151b7013d"	2017	2017	"GB"	182
2026	"MIN"	"RB"	"RB"	33	"ACT"	"Aaron Jones"	"Aaron"	"Jones"	"1994-12-02"	69	208	"Texas-El Paso"	"00-0033293"	"3042519"	"27dd5b6e-ea65-4622-a6b4-460fd144407c"	"30295"	"11763"	"11937"	"JoneAa00"	"19045"	"4199"	9	"https://static.www.nfl.com/image/upload/f_auto,q_auto/league/bktkfvgfwujkdbzkcfim"	"RB"	4	"REG"	"A01"	"Aaron"	"JON026624"	"44995"	"32004a4f-4e02-6624-33bd-3ba151b7013d"	2017	2017	"GB"	182
2026	"KC"	"QB"	"QB"	15	"ACT"	"Patrick Mahomes"	"Patrick"	"Mahomes"	"1995-09-17"	74	225	"Texas Tech"	"00-0033873"	"3139477"	"11cad59d-90dd-449c-a839-dddaba4fe16c"	"30123"	"11839"	"11765"	"MahoPa00"	"18890"	"4046"	9	"https://static.www.nfl.com/image/upload/f_auto,q_auto/league/wdckwtob1lybvkmxnf7p"	"QB"	1	"REG"	"A01"	"Patrick"	"MAH401939"	"44822"	"32004d41-4840-1939-e4c1-bb89191b4e71"	2017	2017	"KC"	10
2026	"KC"	"QB"	"QB"	15	"ACT"	"Patrick Mahomes"	"Patrick"	"Mahomes"	"1995-09-17"	74	225	"Texas Tech"	"00-0033873"	"3139477"	"11cad59d-90dd-449c-a839-dddaba4fe16c"	"30123"	"11839"	"11765"	"MahoPa00"	"18890"	"4046"	9	"https://static.www.nfl.com/image/upload/f_auto,q_auto/league/wdckwtob1lybvkmxnf7p"	"QB"	2	"REG"	"A01"	"Patrick"	"MAH401939"	"44822"	"32004d41-4840-1939-e4c1-bb89191b4e71"	2017	2017	"KC"	10
2026	"KC"	"QB"	"QB"	15	"ACT"	"Patrick Mahomes"	"Patrick"	"Mahomes"	"1995-09-17"	74	225	"Texas Tech"	"00-0033873"	"3139477"	"11cad59d-90dd-449c-a839-dddaba4fe16c"	"30123"	"11839"	"11765"	"MahoPa00"	"18890"	"4046"	9	"https://static.www.nfl.com/image/upload/f_auto,q_auto/league/wdckwtob1lybvkmxnf7p"	"QB"	3	"REG"	"A01"	"Patrick"	"MAH401939"	"44822"	"32004d41-4840-1939-e4c1-bb89191b4e71"	2017	2017	"KC"	10
2026	"KC"	"QB"	"QB"	15	"ACT"	"Patrick Mahomes"	"Patrick"	"Mahomes"	"1995-09-17"	74	225	"Texas Tech"	"00-0033873"	"3139477"	"11cad59d-90dd-449c-a839-dddaba4fe16c"	"30123"	"11839"	"11765"	"MahoPa00"	"18890"	"4046"	9	"https://static.www.nfl.com/image/upload/f_auto,q_auto/league/wdckwtob1lybvkmxnf7p"	"QB"	4	"REG"	"A01"	"Patrick"	"MAH401939"	"44822"	"32004d41-4840-1939-e4c1-bb89191b4e71"	2017	2017	"KC"	10
2026	"DEN"	"WR"	"WR"	14	"ACT"	"Courtland Sutton"	"Courtland"	"Sutton"	"1995-10-10"	76	216	"SMU"	"00-0034348"	"3128429"	"b55ae5ba-593f-4560-9cab-14e10698e01d"	"31010"	"12586"	"48164"	"SuttCo00"	"19800"	"5045"	8	"https://static.www.nfl.com/image/upload/f_auto,q_auto/league/kqwmqcrlrwmqcvfuguhs"	"WR"	1	"REG"	"A01"	"Courtland"	"SUT333526"	"46109"	"32005355-5433-3526-b2bf-88d6b83781c0"	2018	2018	"DEN"	40
2026	"DEN"	"WR"	"WR"	14	"ACT"	"Courtland Sutton"	"Courtland"	"Sutton"	"1995-10-10"	76	216	"SMU"	"00-0034348"	"3128429"	"b55ae5ba-593f-4560-9cab-14e10698e01d"	"31010"	"12586"	"48164"	"SuttCo00"	"19800"	"5045"	8	"https://static.www.nfl.com/image/upload/f_auto,q_auto/league/kqwmqcrlrwmqcvfuguhs"	"WR"	2	"REG"	"A01"	"Courtland"	"SUT333526"	"46109"	"32005355-5433-3526-b2bf-88d6b83781c0"	2018	2018	"DEN"	40
2026	"DEN"	"WR"	"WR"	14	"ACT"	"Courtland Sutton"	"Courtland"	"Sutton"	"1995-10-10"	76	216	"SMU"	"00-0034348"	"3128429"	"b55ae5ba-593f-4560-9cab-14e10698e01d"	"31010"	"12586"	"48164"	"SuttCo00"	"19800"	"5045"	8	"https://static.www.nfl.com/image/upload/f_auto,q_auto/league/kqwmqcrlrwmqcvfuguhs"	"WR"	3	"REG"	"A01"	"Courtland"	"SUT333526"	"46109"	"32005355-5433-3526-b2bf-88d6b83781c0"	2018	2018	"DEN"	40
2026	"DEN"	"WR"	"WR"	14	"ACT"	"Courtland Sutton"	"Courtland"	"Sutton"	"1995-10-10"	76	216	"SMU"	"00-0034348"	"3128429"	"b55ae5ba-593f-4560-9cab-14e10698e01d"	"31010"	"12586"	"48164"	"SuttCo00"	"19800"	"5045"	8	"https://static.www.nfl.com/image/upload/f_auto,q_auto/league/kqwmqcrlrwmqcvfuguhs"	"WR"	4	"REG"	"A01"	"Courtland"	"SUT333526"	"46109"	"32005355-5433-3526-b2bf-88d6b83781c0"	2018	2018	"DEN"	40
2026	"PHI"	"TE"	"TE"	88	"ACT"	"Dallas Goedert"	"Dallas"	"Goedert"	"1995-01-03"	77	256	"South Dakota State"	"00-0034351"	"3121023"	"e8029983-87cf-49a2-bc04-04c8233a0630"	"31019"	"12860"	"47272"	"GoedDa00"	"19863"	"5022"	8	"https://static.www.nfl.com/image/upload/f_auto,q_auto/league/bafepstxu7vvxb9v5vua"	"TE"	1	"REG"	"A01"	"Dallas"	"GOE595520"	"46118"	"3200474f-4559-5520-b7af-5e002aedafbb"	2018	2018	"PHI"	49
2026	"PHI"	"TE"	"TE"	88	"ACT"	"Dallas Goedert"	"Dallas"	"Goedert"	"1995-01-03"	77	256	"South Dakota State"	"00-0034351"	"3121023"	"e8029983-87cf-49a2-bc04-04c8233a0630"	"31019"	"12860"	"47272"	"GoedDa00"	"19863"	"5022"	8	"https://static.www.nfl.com/image/upload/f_auto,q_auto/league/bafepstxu7vvxb9v5vua"	"TE"	2	"REG"	"A01"	"Dallas"	"GOE595520"	"46118"	"3200474f-4559-5520-b7af-5e002aedafbb"	2018	2018	"PHI"	49
2026	"PHI"	"TE"	"TE"	88	"INA"	"Dallas Goedert"	"Dallas"	"Goedert"	"1995-01-03"	77	256	"South Dakota State"	"00-0034351"	"3121023"	"e8029983-87cf-49a2-bc04-04c8233a0630"	"31019"	"12860"	"47272"	"GoedDa00"	"19863"	"5022"	8	"https://static.www.nfl.com/image/upload/f_auto,q_auto/league/bafepstxu7vvxb9v5vua"	null	3	"REG"	"A01"	"Dallas"	"GOE595520"	"46118"	"3200474f-4559-5520-b7af-5e002aedafbb"	2018	2018	"PHI"	49
2026	"PHI"	"TE"	"TE"	88	"INA"	"Dallas Goedert"	"Dallas"	"Goedert"	"1995-01-03"	77	256	"South Dakota State"	"00-0034351"	"3121023"	"e8029983-87cf-49a2-bc04-04c8233a0630"	"31019"	"12860"	"47272"	"GoedDa00"	"19863"	"5022"	8	"https://static.www.nfl.com/image/upload/f_auto,q_auto/league/bafepstxu7vvxb9v5vua"	null	4	"REG"	"A01"	"Dallas"	"GOE595520"	"46118"	"3200474f-4559-5520-b7af-5e002aedafbb"	2018	2018	"PHI"	49
2026	"HOU"	"TE"	"TE"	86	"ACT"	"Dalton Schultz"	"Dalton"	"Schultz"	"1996-07-11"	77	242	"Stanford"	"00-0034383"	"3117256"	"8caec1b4-e0b6-4a84-b8c8-617d6e91ef6a"	"31107"	"12514"	"47304"	"SchuDa00"	"19920"	"5001"	8	"https://static.www.nfl.com/image/upload/f_auto,q_auto/league/ym8sbkev8l4scnrc0vd8"	"SLOT_WR"	1	"REG"	"A01"	"Dalton"	"SCH647271"	"46206"	"32005343-4864-7271-8c9c-893e6cc8875d"	2018	2018	"DAL"	137
2026	"HOU"	"TE"	"TE"	86	"ACT"	"Dalton Schultz"	"Dalton"	"Schultz"	"1996-07-11"	77	242	"Stanford"	"00-0034383"	"3117256"	"8caec1b4-e0b6-4a84-b8c8-617d6e91ef6a"	"31107"	"12514"	"47304"	"SchuDa00"	"19920"	"5001"	8	"https://static.www.nfl.com/image/upload/f_auto,q_auto/league/ym8sbkev8l4scnrc0vd8"	"SLOT_WR"	2	"REG"	"A01"	"Dalton"	"SCH647271"	"46206"	"32005343-4864-7271-8c9c-893e6cc8875d"	2018	2018	"DAL"	137
2026	"HOU"	"TE"	"TE"	86	"ACT"	"Dalton Schultz"	"Dalton"	"Schultz"	"1996-07-11"	77	242	"Stanford"	"00-0034383"	"3117256"	"8caec1b4-e0b6-4a84-b8c8-617d6e91ef6a"	"31107"	"12514"	"47304"	"SchuDa00"	"19920"	"5001"	8	"https://static.www.nfl.com/image/upload/f_auto,q_auto/league/ym8sbkev8l4scnrc0vd8"	"SLOT_WR"	3	"REG"	"A01"	"Dalton"	"SCH647271"	"46206"	"32005343-4864-7271-8c9c-893e6cc8875d"	2018	2018	"DAL"	137
2026	"HOU"	"TE"	"TE"	86	"ACT"	"Dalton Schultz"	"Dalton"	"Schultz"	"1996-07-11"	77	242	"Stanford"	"00-0034383"	"3117256"	"8caec1b4-e0b6-4a84-b8c8-617d6e91ef6a"	"31107"	"12514"	"47304"	"SchuDa00"	"19920"	"5001"	8	"https://static.www.nfl.com/image/upload/f_auto,q_auto/league/ym8sbkev8l4scnrc0vd8"	"WR"	4	"REG"	"A01"	"Dalton"	"SCH647271"	"46206"	"32005343-4864-7271-8c9c-893e6cc8875d"	2018	2018	"DAL"	137
2026	"BAL"	"QB"	"QB"	8	"ACT"	"Lamar Jackson"	"Lamar"	"Jackson"	"1997-01-07"	74	205	"Louisville"	"00-0034796"	"3916387"	"e06a9c07-453a-4bb0-a7e9-2c3a64166dad"	"31002"	"12561"	"46416"	"JackLa00"	"19781"	"4881"	8	"https://static.www.nfl.com/image/upload/f_auto,q_auto/league/eno6s5qzl9grbfbfwhoa"	"QB"	1	"REG"	"A01"	"Lamar"	"JAC323395"	"46101"	"32004a41-4332-3395-efb0-6c7b75de50af"	2018	2018	"BAL"	32
2026	"BAL"	"QB"	"QB"	8	"ACT"	"Lamar Jackson"	"Lamar"	"Jackson"	"1997-01-07"	74	205	"Louisville"	"00-0034796"	"3916387"	"e06a9c07-453a-4bb0-a7e9-2c3a64166dad"	"31002"	"12561"	"46416"	"JackLa00"	"19781"	"4881"	8	"https://static.www.nfl.com/image/upload/f_auto,q_auto/league/eno6s5qzl9grbfbfwhoa"	"QB"	2	"REG"	"A01"	"Lamar"	"JAC323395"	"46101"	"32004a41-4332-3395-efb0-6c7b75de50af"	2018	2018	"BAL"	32
2026	"BAL"	"QB"	"QB"	8	"ACT"	"Lamar Jackson"	"Lamar"	"Jackson"	"1997-01-07"	74	205	"Louisville"	"00-0034796"	"3916387"	"e06a9c07-453a-4bb0-a7e9-2c3a64166dad"	"31002"	"12561"	"46416"	"JackLa00"	"19781"	"4881"	8	"https://static.www.nfl.com/image/upload/f_auto,q_auto/league/eno6s5qzl9grbfbfwhoa"	"QB"	3	"REG"	"A01"	"Lamar"	"JAC323395"	"46101"	"32004a41-4332-3395-efb0-6c7b75de50af"	2018	2018	"BAL"	32
2026	"BAL"	"QB"	"QB"	8	"ACT"	"Lamar Jackson"	"Lamar"	"Jackson"	"1997-01-07"	74	205	"Louisville"	"00-0034796"	"3916387"	"e06a9c07-453a-4bb0-a7e9-2c3a64166dad"	"31002"	"12561"	"46416"	"JackLa00"	"19781"	"4881"	8	"https://static.www.nfl.com/image/upload/f_auto,q_auto/league/eno6s5qzl9grbfbfwhoa"	"QB"	4	"REG"	"A01"	"Lamar"	"JAC323395"	"46101"	"32004a41-4332-3395-efb0-6c7b75de50af"	2018	2018	"BAL"	32
2026	"BUF"	"WR"	"WR"	2	"ACT"	"DJ Moore"	"Denniston"	"Moore"	"1997-04-14"	72	215	"Maryland"	"00-0034827"	"3915416"	"d8202e6d-d03b-4cd1-a793-ff8fd39d9755"	"30994"	"12477"	"48267"	"MoorD.00"	"19844"	"4983"	8	"https://static.www.nfl.com/image/upload/f_auto,q_auto/league/lsavpxtqoqu25emwcnvy"	"WR"	1	"REG"	"A01"	"D.J."	"MOO272423"	"46093"	"32004d4f-4f27-2423-f0b4-728a741b03cb"	2018	2018	"CAR"	24
2026	"BUF"	"WR"	"WR"	2	"ACT"	"DJ Moore"	"Denniston"	"Moore"	"1997-04-14"	72	215	"Maryland"	"00-0034827"	"3915416"	"d8202e6d-d03b-4cd1-a793-ff8fd39d9755"	"30994"	"12477"	"48267"	"MoorD.00"	"19844"	"4983"	8	"https://static.www.nfl.com/image/upload/f_auto,q_auto/league/lsavpxtqoqu25emwcnvy"	"WR"	2	"REG"	"A01"	"D.J."	"MOO272423"	"46093"	"32004d4f-4f27-2423-f0b4-728a741b03cb"	2018	2018	"CAR"	24
2026	"BUF"	"WR"	"WR"	2	"ACT"	"DJ Moore"	"Denniston"	"Moore"	"1997-04-14"	72	215	"Maryland"	"00-0034827"	"3915416"	"d8202e6d-d03b-4cd1-a793-ff8fd39d9755"	"30994"	"12477"	"48267"	"MoorD.00"	"19844"	"4983"	8	"https://static.www.nfl.com/image/upload/f_auto,q_auto/league/lsavpxtqoqu25emwcnvy"	"WR"	3	"REG"	"A01"	"D.J."	"MOO272423"	"46093"	"32004d4f-4f27-2423-f0b4-728a741b03cb"	2018	2018	"CAR"	24
2026	"BUF"	"WR"	"WR"	2	"ACT"	"DJ Moore"	"Denniston"	"Moore"	"1997-04-14"	72	215	"Maryland"	"00-0034827"	"3915416"	"d8202e6d-d03b-4cd1-a793-ff8fd39d9755"	"30994"	"12477"	"48267"	"MoorD.00"	"19844"	"4983"	8	"https://static.www.nfl.com/image/upload/f_auto,q_auto/league/lsavpxtqoqu25emwcnvy"	"WR"	4	"REG"	"A01"	"D.J."	"MOO272423"	"46093"	"32004d4f-4f27-2423-f0b4-728a741b03cb"	2018	2018	"CAR"	24
2026	"PHI"	"RB"	"RB"	26	"ACT"	"Saquon Barkley"	"Saquon"	"Barkley"	"1997-02-09"	72	233	"Penn State"	"00-0034844"	"3929630"	"9811b753-347c-467a-b3cb-85937e71e2b9"	"30972"	"12507"	"45791"	"BarkSa00"	"19766"	"4866"	8	"https://static.www.nfl.com/image/upload/f_auto,q_auto/league/qcayrzjpura2zydszonh"	"RB"	1	"REG"	"A01"	"Saquon"	"BAR192674"	"46071"	"32004241-5219-2674-af43-1519254e563d"	2018	2018	"NYG"	2
2026	"PHI"	"RB"	"RB"	26	"ACT"	"Saquon Barkley"	"Saquon"	"Barkley"	"1997-02-09"	72	233	"Penn State"	"00-0034844"	"3929630"	"9811b753-347c-467a-b3cb-85937e71e2b9"	"30972"	"12507"	"45791"	"BarkSa00"	"19766"	"4866"	8	"https://static.www.nfl.com/image/upload/f_auto,q_auto/league/qcayrzjpura2zydszonh"	"RB"	2	"REG"	"A01"	"Saquon"	"BAR192674"	"46071"	"32004241-5219-2674-af43-1519254e563d"	2018	2018	"NYG"	2
2026	"PHI"	"RB"	"RB"	26	"ACT"	"Saquon Barkley"	"Saquon"	"Barkley"	"1997-02-09"	72	233	"Penn State"	"00-0034844"	"3929630"	"9811b753-347c-467a-b3cb-85937e71e2b9"	"30972"	"12507"	"45791"	"BarkSa00"	"19766"	"4866"	8	"https://static.www.nfl.com/image/upload/f_auto,q_auto/league/qcayrzjpura2zydszonh"	"RB"	3	"REG"	"A01"	"Saquon"	"BAR192674"	"46071"	"32004241-5219-2674-af43-1519254e563d"	2018	2018	"NYG"	2
2026	"PHI"	"RB"	"RB"	26	"ACT"	"Saquon Barkley"	"Saquon"	"Barkley"	"1997-02-09"	72	233	"Penn State"	"00-0034844"	"3929630"	"9811b753-347c-467a-b3cb-85937e71e2b9"	"30972"	"12507"	"45791"	"BarkSa00"	"19766"	"4866"	8	"https://static.www.nfl.com/image/upload/f_auto,q_auto/league/qcayrzjpura2zydszonh"	"RB"	4	"REG"	"A01"	"Saquon"	"BAR192674"	"46071"	"32004241-5219-2674-af43-1519254e563d"	2018	2018	"NYG"	2
2026	"JAX"	"WR"	"WR"	3	"ACT"	"Jakobi Meyers"	"Jakobi"	"Meyers"	"1996-11-09"	74	200	"N.C. State"	"00-0034960"	"3916433"	"73e194d1-a4b7-4de4-b1c2-3c24ef502918"	"32231"	"13517"	"47468"	"MeyeJa01"	"20876"	"5947"	7	"https://static.www.nfl.com/image/upload/f_auto,q_auto/league/zrs4ij8mvw7wr1uujwew"	"WR"	1	"REG"	"A01"	"Jakobi"	"MEY171606"	"48097"	"32004d45-5917-1606-4197-8f46779fb9b7"	2019	2019	null	null
2026	"JAX"	"WR"	"WR"	3	"ACT"	"Jakobi Meyers"	"Jakobi"	"Meyers"	"1996-11-09"	74	200	"N.C. State"	"00-0034960"	"3916433"	"73e194d1-a4b7-4de4-b1c2-3c24ef502918"	"32231"	"13517"	"47468"	"MeyeJa01"	"20876"	"5947"	7	"https://static.www.nfl.com/image/upload/f_auto,q_auto/league/zrs4ij8mvw7wr1uujwew"	"WR"	2	"REG"	"A01"	"Jakobi"	"MEY171606"	"48097"	"32004d45-5917-1606-4197-8f46779fb9b7"	2019	2019	null	null
2026	"JAX"	"WR"	"WR"	3	"ACT"	"Jakobi Meyers"	"Jakobi"	"Meyers"	"1996-11-09"	74	200	"N.C. State"	"00-0034960"	"3916433"	"73e194d1-a4b7-4de4-b1c2-3c24ef502918"	"32231"	"13517"	"47468"	"MeyeJa01"	"20876"	"5947"	7	"https://static.www.nfl.com/image/upload/f_auto,q_auto/league/zrs4ij8mvw7wr1uujwew"	"WR"	3	"REG"	"A01"	"Jakobi"	"MEY171606"	"48097"	"32004d45-5917-1606-4197-8f46779fb9b7"	2019	2019	null	null
2026	"JAX"	"WR"	"WR"	3	"ACT"	"Jakobi Meyers"	"Jakobi"	"Meyers"	"1996-11-09"	74	200	"N.C. State"	"00-0034960"	"3916433"	"73e194d1-a4b7-4de4-b1c2-3c24ef502918"	"32231"	"13517"	"47468"	"MeyeJa01"	"20876"	"5947"	7	"https://static.www.nfl.com/image/upload/f_auto,q_auto/league/zrs4ij8mvw7wr1uujwew"	"WR"	4	"REG"	"A01"	"Jakobi"	"MEY171606"	"48097"	"32004d45-5917-1606-4197-8f46779fb9b7"	2019	2019	null	null
2026	"MIN"	"QB"	"QB"	1	"ACT"	"Kyler Murray"	"Kyler"	"Murray"	"1997-08-07"	70	207	"Oklahoma; Texas A&M"	"00-0035228"	"3917315"	"dd5a6b6e-ffae-45a5-b8e6-718a9251f374"	"31833"	"13613"	"38334"	"MurrKy00"	"20889"	"5849"	7	"https://static.www.nfl.com/image/upload/f_auto,q_auto/league/btfruyf33adgnjzpcuen"	"QB"	1	"REG"	"A01"	"Kyler"	"MUR670413"	"47784"	"32004d55-5267-0413-8d36-a5c3fd781aa0"	2019	2019	"AZ"	1
2026	"MIN"	"QB"	"QB"	1	"INA"	"Kyler Murray"	"Kyler"	"Murray"	"1997-08-07"	70	207	"Oklahoma; Texas A&M"	"00-0035228"	"3917315"	"dd5a6b6e-ffae-45a5-b8e6-718a9251f374"	"31833"	"13613"	"38334"	"MurrKy00"	"20889"	"5849"	7	"https://static.www.nfl.com/image/upload/f_auto,q_auto/league/btfruyf33adgnjzpcuen"	null	2	"REG"	"A01"	"Kyler"	"MUR670413"	"47784"	"32004d55-5267-0413-8d36-a5c3fd781aa0"	2019	2019	"AZ"	1
2026	"MIN"	"QB"	"QB"	1	"ACT"	"Kyler Murray"	"Kyler"	"Murray"	"1997-08-07"	70	207	"Oklahoma; Texas A&M"	"00-0035228"	"3917315"	"dd5a6b6e-ffae-45a5-b8e6-718a9251f374"	"31833"	"13613"	"38334"	"MurrKy00"	"20889"	"5849"	7	"https://static.www.nfl.com/image/upload/f_auto,q_auto/league/btfruyf33adgnjzpcuen"	"QB"	3	"REG"	"A01"	"Kyler"	"MUR670413"	"47784"	"32004d55-5267-0413-8d36-a5c3fd781aa0"	2019	2019	"AZ"	1
2026	"MIN"	"QB"	"QB"	1	"ACT"	"Kyler Murray"	"Kyler"	"Murray"	"1997-08-07"	70	207	"Oklahoma; Texas A&M"	"00-0035228"	"3917315"	"dd5a6b6e-ffae-45a5-b8e6-718a9251f374"	"31833"	"13613"	"38334"	"MurrKy00"	"20889"	"5849"	7	"https://static.www.nfl.com/image/upload/f_auto,q_auto/league/btfruyf33adgnjzpcuen"	"QB"	4	"REG"	"A01"	"Kyler"	"MUR670413"	"47784"	"32004d55-5267-0413-8d36-a5c3fd781aa0"	2019	2019	"AZ"	1
2026	"TEN"	"RB"	"RB"	20	"ACT"	"Tony Pollard"	"Tony"	"Pollard"	"1997-04-30"	72	209	"Memphis"	"00-0035261"	"3916148"	"33b0227d-4c21-4e71-b4cd-be35f7db9123"	"31960"	"13590"	"27126"	"PollTo00"	"20912"	"5967"	7	"https://static.www.nfl.com/image/upload/f_auto,q_auto/league/mb2xdrqiys6ktlcuah2n"	"RB"	1	"REG"	"A01"	"Tony"	"POL283188"	"47911"	"3200504f-4c28-3188-35b8-d0ae9db0f68a"	2019	2019	"DAL"	128
2026	"TEN"	"RB"	"RB"	20	"ACT"	"Tony Pollard"	"Tony"	"Pollard"	"1997-04-30"	72	209	"Memphis"	"00-0035261"	"3916148"	"33b0227d-4c21-4e71-b4cd-be35f7db9123"	"31960"	"13590"	"27126"	"PollTo00"	"20912"	"5967"	7	"https://static.www.nfl.com/image/upload/f_auto,q_auto/league/mb2xdrqiys6ktlcuah2n"	"RB"	2	"REG"	"A01"	"Tony"	"POL283188"	"47911"	"3200504f-4c28-3188-35b8-d0ae9db0f68a"	2019	2019	"DAL"	128
2026	"TEN"	"RB"	"RB"	20	"ACT"	"Tony Pollard"	"Tony"	"Pollard"	"1997-04-30"	72	209	"Memphis"	"00-0035261"	"3916148"	"33b0227d-4c21-4e71-b4cd-be35f7db9123"	"31960"	"13590"	"27126"	"PollTo00"	"20912"	"5967"	7	"https://static.www.nfl.com/image/upload/f_auto,q_auto/league/mb2xdrqiys6ktlcuah2n"	"RB"	3	"REG"	"A01"	"Tony"	"POL283188"	"47911"	"3200504f-4c28-3188-35b8-d0ae9db0f68a"	2019	2019	"DAL"	128
2026	"TEN"	"RB"	"RB"	20	"ACT"	"Tony Pollard"	"Tony"	"Pollard"	"1997-04-30"	72	209	"Memphis"	"00-0035261"	"3916148"	"33b0227d-4c21-4e71-b4cd-be35f7db9123"	"31960"	"13590"	"27126"	"PollTo00"	"20912"	"5967"	7	"https://static.www.nfl.com/image/upload/f_auto,q_auto/league/mb2xdrqiys6ktlcuah2n"	"RB"	4	"REG"	"A01"	"Tony"	"POL283188"	"47911"	"3200504f-4c28-3188-35b8-d0ae9db0f68a"	2019	2019	"DAL"	128
2026	"PIT"	"WR"	"WR"	4	"ACT"	"DK Metcalf"	"DeKaylin"	"Metcalf"	"1997-12-14"	76	235	"Mississippi"	"00-0035640"	"4047650"	"754faf0f-40f7-45f0-b23b-6ce990ecaf26"	"31896"	"13424"	"47864"	"MetcDK00"	"20875"	"5846"	7	"https://static.www.nfl.com/image/upload/f_auto,q_auto/league/kxql4sjfelubhxawu2zh"	"WR"	1	"REG"	"A01"	"DK"	"MET363377"	"47847"	"32004d45-5436-3377-5806-d2746f1b94aa"	2019	2019	"SEA"	64
2026	"PIT"	"WR"	"WR"	4	"ACT"	"DK Metcalf"	"DeKaylin"	"Metcalf"	"1997-12-14"	76	235	"Mississippi"	"00-0035640"	"4047650"	"754faf0f-40f7-45f0-b23b-6ce990ecaf26"	"31896"	"13424"	"47864"	"MetcDK00"	"20875"	"5846"	7	"https://static.www.nfl.com/image/upload/f_auto,q_auto/league/kxql4sjfelubhxawu2zh"	"WR"	2	"REG"	"A01"	"DK"	"MET363377"	"47847"	"32004d45-5436-3377-5806-d2746f1b94aa"	2019	2019	"SEA"	64
2026	"PIT"	"WR"	"WR"	4	"ACT"	"DK Metcalf"	"DeKaylin"	"Metcalf"	"1997-12-14"	76	235	"Mississippi"	"00-0035640"	"4047650"	"754faf0f-40f7-45f0-b23b-6ce990ecaf26"	"31896"	"13424"	"47864"	"MetcDK00"	"20875"	"5846"	7	"https://static.www.nfl.com/image/upload/f_auto,q_auto/league/kxql4sjfelubhxawu2zh"	"WR"	3	"REG"	"A01"	"DK"	"MET363377"	"47847"	"32004d45-5436-3377-5806-d2746f1b94aa"	2019	2019	"SEA"	64
2026	"PIT"	"WR"	"WR"	4	"ACT"	"DK Metcalf"	"DeKaylin"	"Metcalf"	"1997-12-14"	76	235	"Mississippi"	"00-0035640"	"4047650"	"754faf0f-40f7-45f0-b23b-6ce990ecaf26"	"31896"	"13424"	"47864"	"MetcDK00"	"20875"	"5846"	7	"https://static.www.nfl.com/image/upload/f_auto,q_auto/league/kxql4sjfelubhxawu2zh"	"WR"	4	"REG"	"A01"	"DK"	"MET363377"	"47847"	"32004d45-5436-3377-5806-d2746f1b94aa"	2019	2019	"SEA"	64
2026	"WAS"	"WR"	"WR"	17	"ACT"	"Terry McLaurin"	"Terry"	"McLaurin"	"1995-09-15"	72	210	"Ohio State"	"00-0035659"	"3121422"	"7e8c4641-2beb-4213-ba22-69fe0307005f"	"31908"	"13536"	"48229"	"McLaTe00"	"20873"	"5927"	7	"https://static.www.nfl.com/image/upload/f_auto,q_auto/league/tmfl2zruajmkrtcg4zxp"	"WR"	1	"REG"	"A01"	"Terry"	"MCL278328"	"47859"	"32004d43-4c27-8328-8097-b130ba0e8060"	2019	2019	"WAS"	76
2026	"WAS"	"WR"	"WR"	17	"ACT"	"Terry McLaurin"	"Terry"	"McLaurin"	"1995-09-15"	72	210	"Ohio State"	"00-0035659"	"3121422"	"7e8c4641-2beb-4213-ba22-69fe0307005f"	"31908"	"13536"	"48229"	"McLaTe00"	"20873"	"5927"	7	"https://static.www.nfl.com/image/upload/f_auto,q_auto/league/tmfl2zruajmkrtcg4zxp"	"WR"	2	"REG"	"A01"	"Terry"	"MCL278328"	"47859"	"32004d43-4c27-8328-8097-b130ba0e8060"	2019	2019	"WAS"	76
2026	"WAS"	"WR"	"WR"	17	"ACT"	"Terry McLaurin"	"Terry"	"McLaurin"	"1995-09-15"	72	210	"Ohio State"	"00-0035659"	"3121422"	"7e8c4641-2beb-4213-ba22-69fe0307005f"	"31908"	"13536"	"48229"	"McLaTe00"	"20873"	"5927"	7	"https://static.www.nfl.com/image/upload/f_auto,q_auto/league/tmfl2zruajmkrtcg4zxp"	"WR"	3	"REG"	"A01"	"Terry"	"MCL278328"	"47859"	"32004d43-4c27-8328-8097-b130ba0e8060"	2019	2019	"WAS"	76
2026	"WAS"	"WR"	"WR"	17	"INA"	"Terry McLaurin"	"Terry"	"McLaurin"	"1995-09-15"	72	210	"Ohio State"	"00-0035659"	"3121422"	"7e8c4641-2beb-4213-ba22-69fe0307005f"	"31908"	"13536"	"48229"	"McLaTe00"	"20873"	"5927"	7	"https://static.www.nfl.com/image/upload/f_auto,q_auto/league/tmfl2zruajmkrtcg4zxp"	null	4	"REG"	"A01"	"Terry"	"MCL278328"	"47859"	"32004d43-4c27-8328-8097-b130ba0e8060"	2019	2019	"WAS"	76
2026	"NE"	"WR"	"WR"	1	"ACT"	"A.J. Brown"	"Arthur"	"Brown"	"1997-06-30"	73	226	"Mississippi"	"00-0035676"	"4047646"	"a9e580f2-1fbe-46fb-887c-c84089b507e4"	"31883"	"13432"	"48327"	"BrowAJ00"	"21042"	"5859"	7	"https://static.www.nfl.com/image/upload/f_auto,q_auto/league/qfhvjyssf0lwsh0kienp"	"WR"	1	"REG"	"A01"	"A.J."	"BRO413223"	"47834"	"32004252-4f41-3223-e4c5-1e30dffa87f8"	2019	2019	"TEN"	51
2026	"NE"	"WR"	"WR"	1	"RES"	"A.J. Brown"	"Arthur"	"Brown"	"1997-06-30"	73	226	"Mississippi"	"00-0035676"	"4047646"	"a9e580f2-1fbe-46fb-887c-c84089b507e4"	"31883"	"13432"	"48327"	"BrowAJ00"	"21042"	"5859"	7	"https://static.www.nfl.com/image/upload/f_auto,q_auto/league/qfhvjyssf0lwsh0kienp"	null	2	"REG"	"R01"	"A.J."	"BRO413223"	"47834"	"32004252-4f41-3223-e4c5-1e30dffa87f8"	2019	2019	"TEN"	51
2026	"NE"	"WR"	"WR"	1	"RES"	"A.J. Brown"	"Arthur"	"Brown"	"1997-06-30"	73	226	"Mississippi"	"00-0035676"	"4047646"	"a9e580f2-1fbe-46fb-887c-c84089b507e4"	"31883"	"13432"	"48327"	"BrowAJ00"	"21042"	"5859"	7	"https://static.www.nfl.com/image/upload/f_auto,q_auto/league/qfhvjyssf0lwsh0kienp"	null	3	"REG"	"R01"	"A.J."	"BRO413223"	"47834"	"32004252-4f41-3223-e4c5-1e30dffa87f8"	2019	2019	"TEN"	51
2026	"NE"	"WR"	"WR"	1	"RES"	"A.J. Brown"	"Arthur"	"Brown"	"1997-06-30"	73	226	"Mississippi"	"00-0035676"	"4047646"	"a9e580f2-1fbe-46fb-887c-c84089b507e4"	"31883"	"13432"	"48327"	"BrowAJ00"	"21042"	"5859"	7	"https://static.www.nfl.com/image/upload/f_auto,q_auto/league/qfhvjyssf0lwsh0kienp"	null	4	"REG"	"R01"	"A.J."	"BRO413223"	"47834"	"32004252-4f41-3223-e4c5-1e30dffa87f8"	2019	2019	"TEN"	51
2026	"HOU"	"RB"	"RB"	32	"ACT"	"David Montgomery"	"David"	"Montgomery"	"1997-06-07"	71	230	"Iowa State"	"00-0035685"	"4035538"	"1c9e1cd5-8cb1-4a15-a2c8-3a0c0fd5423c"	"31905"	"13556"	"45719"	"MontDa01"	"20882"	"5892"	7	"https://static.www.nfl.com/image/upload/f_auto,q_auto/league/csz0c9roa4pqsccothxg"	"RB"	1	"REG"	"A01"	"David"	"MON487374"	"47856"	"32004d4f-4e48-7374-a044-7fb197b6b501"	2019	2019	"CHI"	73
2026	"HOU"	"RB"	"RB"	32	"ACT"	"David Montgomery"	"David"	"Montgomery"	"1997-06-07"	71	230	"Iowa State"	"00-0035685"	"4035538"	"1c9e1cd5-8cb1-4a15-a2c8-3a0c0fd5423c"	"31905"	"13556"	"45719"	"MontDa01"	"20882"	"5892"	7	"https://static.www.nfl.com/image/upload/f_auto,q_auto/league/csz0c9roa4pqsccothxg"	"RB"	2	"REG"	"A01"	"David"	"MON487374"	"47856"	"32004d4f-4e48-7374-a044-7fb197b6b501"	2019	2019	"CHI"	73
2026	"HOU"	"RB"	"RB"	32	"ACT"	"David Montgomery"	"David"	"Montgomery"	"1997-06-07"	71	230	"Iowa State"	"00-0035685"	"4035538"	"1c9e1cd5-8cb1-4a15-a2c8-3a0c0fd5423c"	"31905"	"13556"	"45719"	"MontDa01"	"20882"	"5892"	7	"https://static.www.nfl.com/image/upload/f_auto,q_auto/league/csz0c9roa4pqsccothxg"	"RB"	3	"REG"	"A01"	"David"	"MON487374"	"47856"	"32004d4f-4e48-7374-a044-7fb197b6b501"	2019	2019	"CHI"	73
2026	"HOU"	"RB"	"RB"	32	"ACT"	"David Montgomery"	"David"	"Montgomery"	"1997-06-07"	71	230	"Iowa State"	"00-0035685"	"4035538"	"1c9e1cd5-8cb1-4a15-a2c8-3a0c0fd5423c"	"31905"	"13556"	"45719"	"MontDa01"	"20882"	"5892"	7	"https://static.www.nfl.com/image/upload/f_auto,q_auto/league/csz0c9roa4pqsccothxg"	"RB"	4	"REG"	"A01"	"David"	"MON487374"	"47856"	"32004d4f-4e48-7374-a044-7fb197b6b501"	2019	2019	"CHI"	73
2026	"GB"	"RB"	"RB"	8	"EXE"	"Josh Jacobs"	"Joshua"	"Jacobs"	"1998-02-11"	70	220	"Alabama"	"00-0035700"	"4047365"	"61694ab9-b099-408e-b48d-6a643dd069ec"	"31856"	"13582"	"45953"	"JacoJo01"	"20824"	"5850"	7	"https://static.www.nfl.com/image/upload/f_auto,q_auto/league/uceokxeo0uqrqms3e3vl"	null	1	"REG"	"E02"	"Josh"	"JAC734615"	"47807"	"32004a41-4373-4615-60ca-982d07046841"	2019	2019	"OAK"	24
2026	"GB"	"RB"	"RB"	8	"EXE"	"Josh Jacobs"	"Joshua"	"Jacobs"	"1998-02-11"	70	220	"Alabama"	"00-0035700"	"4047365"	"61694ab9-b099-408e-b48d-6a643dd069ec"	"31856"	"13582"	"45953"	"JacoJo01"	"20824"	"5850"	7	"https://static.www.nfl.com/image/upload/f_auto,q_auto/league/uceokxeo0uqrqms3e3vl"	null	2	"REG"	"E02"	"Josh"	"JAC734615"	"47807"	"32004a41-4373-4615-60ca-982d07046841"	2019	2019	"OAK"	24
2026	"GB"	"RB"	"RB"	8	"EXE"	"Josh Jacobs"	"Joshua"	"Jacobs"	"1998-02-11"	70	220	"Alabama"	"00-0035700"	"4047365"	"61694ab9-b099-408e-b48d-6a643dd069ec"	"31856"	"13582"	"45953"	"JacoJo01"	"20824"	"5850"	7	"https://static.www.nfl.com/image/upload/f_auto,q_auto/league/uceokxeo0uqrqms3e3vl"	null	3	"REG"	"E02"	"Josh"	"JAC734615"	"47807"	"32004a41-4373-4615-60ca-982d07046841"	2019	2019	"OAK"	24
2026	"GB"	"RB"	"RB"	8	"EXE"	"Josh Jacobs"	"Joshua"	"Jacobs"	"1998-02-11"	70	220	"Alabama"	"00-0035700"	"4047365"	"61694ab9-b099-408e-b48d-6a643dd069ec"	"31856"	"13582"	"45953"	"JacoJo01"	"20824"	"5850"	7	"https://static.www.nfl.com/image/upload/f_auto,q_auto/league/uceokxeo0uqrqms3e3vl"	null	4	"REG"	"E02"	"Josh"	"JAC734615"	"47807"	"32004a41-4373-4615-60ca-982d07046841"	2019	2019	"OAK"	24
2026	"SF"	"WR"	"WR"	19	"ACT"	"Deebo Samuel Sr."	"Tyshun"	"Samuel"	"1996-01-15"	72	214	"South Carolina"	"00-0035719"	"3126486"	"628a6a0a-4fde-4024-8d7c-28674953d5af"	"31868"	"13429"	"48274"	"SamuDe00"	"20932"	"5872"	7	"https://static.www.nfl.com/image/upload/f_auto,q_auto/league/ntgyhqg6hq7fanhhsqiw"	"WR"	1	"REG"	"A01"	"Deebo"	"SAM636097"	"47819"	"32005341-4d63-6097-eab1-34810e00be67"	2019	2019	"SF"	36
2026	"SF"	"WR"	"WR"	19	"ACT"	"Deebo Samuel Sr."	"Tyshun"	"Samuel"	"1996-01-15"	72	214	"South Carolina"	"00-0035719"	"3126486"	"628a6a0a-4fde-4024-8d7c-28674953d5af"	"31868"	"13429"	"48274"	"SamuDe00"	"20932"	"5872"	7	"https://static.www.nfl.com/image/upload/f_auto,q_auto/league/ntgyhqg6hq7fanhhsqiw"	"WR"	2	"REG"	"A01"	"Deebo"	"SAM636097"	"47819"	"32005341-4d63-6097-eab1-34810e00be67"	2019	2019	"SF"	36
2026	"SF"	"WR"	"WR"	19	"ACT"	"Deebo Samuel Sr."	"Tyshun"	"Samuel"	"1996-01-15"	72	214	"South Carolina"	"00-0035719"	"3126486"	"628a6a0a-4fde-4024-8d7c-28674953d5af"	"31868"	"13429"	"48274"	"SamuDe00"	"20932"	"5872"	7	"https://static.www.nfl.com/image/upload/f_auto,q_auto/league/ntgyhqg6hq7fanhhsqiw"	"WR"	3	"REG"	"A01"	"Deebo"	"SAM636097"	"47819"	"32005341-4d63-6097-eab1-34810e00be67"	2019	2019	"SF"	36
2026	"SF"	"WR"	"WR"	19	"ACT"	"Deebo Samuel Sr."	"Tyshun"	"Samuel"	"1996-01-15"	72	214	"South Carolina"	"00-0035719"	"3126486"	"628a6a0a-4fde-4024-8d7c-28674953d5af"	"31868"	"13429"	"48274"	"SamuDe00"	"20932"	"5872"	7	"https://static.www.nfl.com/image/upload/f_auto,q_auto/league/ntgyhqg6hq7fanhhsqiw"	"WR"	4	"REG"	"A01"	"Deebo"	"SAM636097"	"47819"	"32005341-4d63-6097-eab1-34810e00be67"	2019	2019	"SF"	36
2026	"NO"	"TE"	"TE"	83	"ACT"	"Juwan Johnson"	"Juwan"	"Johnson"	"1996-09-13"	76	245	"Oregon; Penn State"	"00-0036040"	"3929645"	"0226b03b-f91d-4223-9813-9fcd2e9c3acc"	"33113"	"14630"	"28305"	"JohnJu02"	"21738"	"7002"	6	"https://static.www.nfl.com/image/upload/f_auto,q_auto/league/ahzqkvhjot6lygwr4ccb"	"SLOT_WR"	1	"REG"	"A01"	"Juwan"	"JOH398789"	"52942"	"32004a4f-4839-8789-b667-8ea48cd31497"	2020	2020	null	null
2026	"NO"	"TE"	"TE"	83	"ACT"	"Juwan Johnson"	"Juwan"	"Johnson"	"1996-09-13"	76	245	"Oregon; Penn State"	"00-0036040"	"3929645"	"0226b03b-f91d-4223-9813-9fcd2e9c3acc"	"33113"	"14630"	"28305"	"JohnJu02"	"21738"	"7002"	6	"https://static.www.nfl.com/image/upload/f_auto,q_auto/league/ahzqkvhjot6lygwr4ccb"	"SLOT_WR"	2	"REG"	"A01"	"Juwan"	"JOH398789"	"52942"	"32004a4f-4839-8789-b667-8ea48cd31497"	2020	2020	null	null
2026	"NO"	"TE"	"TE"	83	"ACT"	"Juwan Johnson"	"Juwan"	"Johnson"	"1996-09-13"	76	245	"Oregon; Penn State"	"00-0036040"	"3929645"	"0226b03b-f91d-4223-9813-9fcd2e9c3acc"	"33113"	"14630"	"28305"	"JohnJu02"	"21738"	"7002"	6	"https://static.www.nfl.com/image/upload/f_auto,q_auto/league/ahzqkvhjot6lygwr4ccb"	"SLOT_WR"	3	"REG"	"A01"	"Juwan"	"JOH398789"	"52942"	"32004a4f-4839-8789-b667-8ea48cd31497"	2020	2020	null	null
2026	"NO"	"TE"	"TE"	83	"ACT"	"Juwan Johnson"	"Juwan"	"Johnson"	"1996-09-13"	76	245	"Oregon; Penn State"	"00-0036040"	"3929645"	"0226b03b-f91d-4223-9813-9fcd2e9c3acc"	"33113"	"14630"	"28305"	"JohnJu02"	"21738"	"7002"	6	"https://static.www.nfl.com/image/upload/f_auto,q_auto/league/ahzqkvhjot6lygwr4ccb"	"SLOT_WR"	4	"REG"	"A01"	"Juwan"	"JOH398789"	"52942"	"32004a4f-4839-8789-b667-8ea48cd31497"	2020	2020	null	null
2026	"PIT"	"RB"	"RB"	13	"ACT"	"Rico Dowdle"	"Rico"	"Dowdle"	"1998-06-14"	71	215	"South Carolina"	"00-0036139"	"4038815"	"bba755a2-63b6-4ac1-b806-0609816135de"	"33100"	"14657"	"40693"	"DowdRi01"	"21952"	"7021"	6	"https://static.www.nfl.com/image/upload/f_auto,q_auto/league/mx2bxccuzmdvzbksypws"	"RB"	1	"REG"	"A01"	"Rico"	"DOW329751"	"53041"	"3200444f-5732-9751-c08c-8032929e63eb"	2020	2020	null	null
2026	"PIT"	"RB"	"RB"	13	"ACT"	"Rico Dowdle"	"Rico"	"Dowdle"	"1998-06-14"	71	215	"South Carolina"	"00-0036139"	"4038815"	"bba755a2-63b6-4ac1-b806-0609816135de"	"33100"	"14657"	"40693"	"DowdRi01"	"21952"	"7021"	6	"https://static.www.nfl.com/image/upload/f_auto,q_auto/league/mx2bxccuzmdvzbksypws"	"RB"	2	"REG"	"A01"	"Rico"	"DOW329751"	"53041"	"3200444f-5732-9751-c08c-8032929e63eb"	2020	2020	null	null
2026	"PIT"	"RB"	"RB"	13	"INA"	"Rico Dowdle"	"Rico"	"Dowdle"	"1998-06-14"	71	215	"South Carolina"	"00-0036139"	"4038815"	"bba755a2-63b6-4ac1-b806-0609816135de"	"33100"	"14657"	"40693"	"DowdRi01"	"21952"	"7021"	6	"https://static.www.nfl.com/image/upload/f_auto,q_auto/league/mx2bxccuzmdvzbksypws"	null	3	"REG"	"A01"	"Rico"	"DOW329751"	"53041"	"3200444f-5732-9751-c08c-8032929e63eb"	2020	2020	null	null
2026	"PIT"	"RB"	"RB"	13	"INA"	"Rico Dowdle"	"Rico"	"Dowdle"	"1998-06-14"	71	215	"South Carolina"	"00-0036139"	"4038815"	"bba755a2-63b6-4ac1-b806-0609816135de"	"33100"	"14657"	"40693"	"DowdRi01"	"21952"	"7021"	6	"https://static.www.nfl.com/image/upload/f_auto,q_auto/league/mx2bxccuzmdvzbksypws"	null	4	"REG"	"A01"	"Rico"	"DOW329751"	"53041"	"3200444f-5732-9751-c08c-8032929e63eb"	2020	2020	null	null
2026	"DEN"	"RB"	"RB"	27	"ACT"	"J.K. Dobbins"	"Jkaylin"	"Dobbins"	"1998-12-17"	70	214	"Ohio State"	"00-0036158"	"4241985"	"a57b9914-4315-4295-98b4-9b348c52d6a1"	"32725"	"14418"	"57366"	"DobbJK00"	"21674"	"6806"	6	"https://static.www.nfl.com/image/upload/f_auto,q_auto/league/cevotvl3ho5h1mioruyg"	"RB"	1	"REG"	"A01"	"J.K."	"DOB207645"	"52463"	"3200444f-4220-7645-7ee7-94f57d3eed4f"	2020	2020	"BAL"	55
2026	"DEN"	"RB"	"RB"	27	"ACT"	"J.K. Dobbins"	"Jkaylin"	"Dobbins"	"1998-12-17"	70	214	"Ohio State"	"00-0036158"	"4241985"	"a57b9914-4315-4295-98b4-9b348c52d6a1"	"32725"	"14418"	"57366"	"DobbJK00"	"21674"	"6806"	6	"https://static.www.nfl.com/image/upload/f_auto,q_auto/league/cevotvl3ho5h1mioruyg"	"RB"	2	"REG"	"A01"	"J.K."	"DOB207645"	"52463"	"3200444f-4220-7645-7ee7-94f57d3eed4f"	2020	2020	"BAL"	55
2026	"DEN"	"RB"	"RB"	27	"ACT"	"J.K. Dobbins"	"Jkaylin"	"Dobbins"	"1998-12-17"	70	214	"Ohio State"	"00-0036158"	"4241985"	"a57b9914-4315-4295-98b4-9b348c52d6a1"	"32725"	"14418"	"57366"	"DobbJK00"	"21674"	"6806"	6	"https://static.www.nfl.com/image/upload/f_auto,q_auto/league/cevotvl3ho5h1mioruyg"	"RB"	3	"REG"	"A01"	"J.K."	"DOB207645"	"52463"	"3200444f-4220-7645-7ee7-94f57d3eed4f"	2020	2020	"BAL"	55
2026	"DEN"	"RB"	"RB"	27	"ACT"	"J.K. Dobbins"	"Jkaylin"	"Dobbins"	"1998-12-17"	70	214	"Ohio State"	"00-0036158"	"4241985"	"a57b9914-4315-4295-98b4-9b348c52d6a1"	"32725"	"14418"	"57366"	"DobbJK00"	"21674"	"6806"	6	"https://static.www.nfl.com/image/upload/f_auto,q_auto/league/cevotvl3ho5h1mioruyg"	"RB"	4	"REG"	"A01"	"J.K."	"DOB207645"	"52463"	"3200444f-4220-7645-7ee7-94f57d3eed4f"	2020	2020	"BAL"	55
2026	"IND"	"RB"	"RB"	28	"ACT"	"Jonathan Taylor"	"Jonathan"	"Taylor"	"1999-01-19"	70	226	"Wisconsin"	"00-0036223"	"4242335"	"925195a4-06ba-4e37-ae7d-a3d6a5419139"	"32711"	"14455"	"57488"	"TaylJo02"	"21682"	"6813"	6	"https://static.www.nfl.com/image/upload/f_auto,q_auto/league/yw46ky6akdm7h7siofu8"	"RB"	1	"REG"	"A01"	"Jonathan"	"TAY431618"	"52449"	"32005441-5943-1618-c081-5dd6b2d0b829"	2020	2020	"IND"	41
2026	"IND"	"RB"	"RB"	28	"ACT"	"Jonathan Taylor"	"Jonathan"	"Taylor"	"1999-01-19"	70	226	"Wisconsin"	"00-0036223"	"4242335"	"925195a4-06ba-4e37-ae7d-a3d6a5419139"	"32711"	"14455"	"57488"	"TaylJo02"	"21682"	"6813"	6	"https://static.www.nfl.com/image/upload/f_auto,q_auto/league/yw46ky6akdm7h7siofu8"	"RB"	2	"REG"	"A01"	"Jonathan"	"TAY431618"	"52449"	"32005441-5943-1618-c081-5dd6b2d0b829"	2020	2020	"IND"	41
2026	"IND"	"RB"	"RB"	28	"ACT"	"Jonathan Taylor"	"Jonathan"	"Taylor"	"1999-01-19"	70	226	"Wisconsin"	"00-0036223"	"4242335"	"925195a4-06ba-4e37-ae7d-a3d6a5419139"	"32711"	"14455"	"57488"	"TaylJo02"	"21682"	"6813"	6	"https://static.www.nfl.com/image/upload/f_auto,q_auto/league/yw46ky6akdm7h7siofu8"	"RB"	3	"REG"	"A01"	"Jonathan"	"TAY431618"	"52449"	"32005441-5943-1618-c081-5dd6b2d0b829"	2020	2020	"IND"	41
2026	"IND"	"RB"	"RB"	28	"ACT"	"Jonathan Taylor"	"Jonathan"	"Taylor"	"1999-01-19"	70	226	"Wisconsin"	"00-0036223"	"4242335"	"925195a4-06ba-4e37-ae7d-a3d6a5419139"	"32711"	"14455"	"57488"	"TaylJo02"	"21682"	"6813"	6	"https://static.www.nfl.com/image/upload/f_auto,q_auto/league/yw46ky6akdm7h7siofu8"	"RB"	4	"REG"	"A01"	"Jonathan"	"TAY431618"	"52449"	"32005441-5943-1618-c081-5dd6b2d0b829"	2020	2020	"IND"	41
2026	"PIT"	"WR"	"WR"	11	"ACT"	"Michael Pittman"	"Michael"	"Pittman"	"1997-10-05"	76	220	"USC"	"00-0036252"	"4035687"	"1aefd5e2-1f85-471a-91a5-4aad4cf6fe6d"	"32704"	"14378"	"29049"	"PittMi01"	"21744"	"6819"	6	"https://static.www.nfl.com/image/upload/f_auto,q_auto/league/q1ythn05kwcmdr4mwzll"	"WR"	1	"REG"	"A01"	"Michael"	"PIT228050"	"52442"	"32005049-5422-8050-a8f8-f5210135a4b3"	2020	2020	"IND"	34
2026	"PIT"	"WR"	"WR"	11	"INA"	"Michael Pittman"	"Michael"	"Pittman"	"1997-10-05"	76	220	"USC"	"00-0036252"	"4035687"	"1aefd5e2-1f85-471a-91a5-4aad4cf6fe6d"	"32704"	"14378"	"29049"	"PittMi01"	"21744"	"6819"	6	"https://static.www.nfl.com/image/upload/f_auto,q_auto/league/q1ythn05kwcmdr4mwzll"	null	2	"REG"	"A01"	"Michael"	"PIT228050"	"52442"	"32005049-5422-8050-a8f8-f5210135a4b3"	2020	2020	"IND"	34
2026	"PIT"	"WR"	"WR"	11	"ACT"	"Michael Pittman"	"Michael"	"Pittman"	"1997-10-05"	76	220	"USC"	"00-0036252"	"4035687"	"1aefd5e2-1f85-471a-91a5-4aad4cf6fe6d"	"32704"	"14378"	"29049"	"PittMi01"	"21744"	"6819"	6	"https://static.www.nfl.com/image/upload/f_auto,q_auto/league/q1ythn05kwcmdr4mwzll"	"WR"	3	"REG"	"A01"	"Michael"	"PIT228050"	"52442"	"32005049-5422-8050-a8f8-f5210135a4b3"	2020	2020	"IND"	34
2026	"PIT"	"WR"	"WR"	11	"ACT"	"Michael Pittman"	"Michael"	"Pittman"	"1997-10-05"	76	220	"USC"	"00-0036252"	"4035687"	"1aefd5e2-1f85-471a-91a5-4aad4cf6fe6d"	"32704"	"14378"	"29049"	"PittMi01"	"21744"	"6819"	6	"https://static.www.nfl.com/image/upload/f_auto,q_auto/league/q1ythn05kwcmdr4mwzll"	"WR"	4	"REG"	"A01"	"Michael"	"PIT228050"	"52442"	"32005049-5422-8050-a8f8-f5210135a4b3"	2020	2020	"IND"	34
2026	"CHI"	"RB"	"RB"	4	"ACT"	"D'Andre Swift"	"D'Andre"	"Swift"	"1999-01-14"	68	204	"Georgia"	"00-0036275"	"4259545"	"cc4b5f58-a11c-4450-a1df-617ad88336e4"	"32705"	"14394"	"57212"	"SwifDA00"	"21684"	"6790"	6	"https://static.www.nfl.com/image/upload/f_auto,q_auto/league/owpmwzoilitcodc6cmxo"	"RB"	1	"REG"	"A01"	"D'Andre"	"SWI228476"	"52443"	"32005357-4922-8476-53db-e64aaf6e01f5"	2020	2020	"DET"	35
2026	"CHI"	"RB"	"RB"	4	"ACT"	"D'Andre Swift"	"D'Andre"	"Swift"	"1999-01-14"	68	204	"Georgia"	"00-0036275"	"4259545"	"cc4b5f58-a11c-4450-a1df-617ad88336e4"	"32705"	"14394"	"57212"	"SwifDA00"	"21684"	"6790"	6	"https://static.www.nfl.com/image/upload/f_auto,q_auto/league/owpmwzoilitcodc6cmxo"	"RB"	2	"REG"	"A01"	"D'Andre"	"SWI228476"	"52443"	"32005357-4922-8476-53db-e64aaf6e01f5"	2020	2020	"DET"	35
2026	"CHI"	"RB"	"RB"	4	"ACT"	"D'Andre Swift"	"D'Andre"	"Swift"	"1999-01-14"	68	204	"Georgia"	"00-0036275"	"4259545"	"cc4b5f58-a11c-4450-a1df-617ad88336e4"	"32705"	"14394"	"57212"	"SwifDA00"	"21684"	"6790"	6	"https://static.www.nfl.com/image/upload/f_auto,q_auto/league/owpmwzoilitcodc6cmxo"	"RB"	3	"REG"	"A01"	"D'Andre"	"SWI228476"	"52443"	"32005357-4922-8476-53db-e64aaf6e01f5"	2020	2020	"DET"	35
2026	"CHI"	"RB"	"RB"	4	"ACT"	"D'Andre Swift"	"D'Andre"	"Swift"	"1999-01-14"	68	204	"Georgia"	"00-0036275"	"4259545"	"cc4b5f58-a11c-4450-a1df-617ad88336e4"	"32705"	"14394"	"57212"	"SwifDA00"	"21684"	"6790"	6	"https://static.www.nfl.com/image/upload/f_auto,q_auto/league/owpmwzoilitcodc6cmxo"	"RB"	4	"REG"	"A01"	"D'Andre"	"SWI228476"	"52443"	"32005357-4922-8476-53db-e64aaf6e01f5"	2020	2020	"DET"	35
2026	"LAC"	"QB"	"QB"	10	"ACT"	"Justin Herbert"	"Justin"	"Herbert"	"1998-03-10"	78	237	"Oregon"	"00-0036355"	"4038941"	"f0a8f8e3-b9e9-46ed-85e4-eec6452a8a44"	"32676"	"14446"	"28237"	"HerbJu00"	"21681"	"6797"	6	"https://static.www.nfl.com/image/upload/f_auto,q_auto/league/jnkspnntgebegzp4ghve"	"QB"	1	"REG"	"A01"	"Justin"	"HER031169"	"52414"	"32004845-5203-1169-a699-ce41d700202a"	2020	2020	"LAC"	6
2026	"LAC"	"QB"	"QB"	10	"ACT"	"Justin Herbert"	"Justin"	"Herbert"	"1998-03-10"	78	237	"Oregon"	"00-0036355"	"4038941"	"f0a8f8e3-b9e9-46ed-85e4-eec6452a8a44"	"32676"	"14446"	"28237"	"HerbJu00"	"21681"	"6797"	6	"https://static.www.nfl.com/image/upload/f_auto,q_auto/league/jnkspnntgebegzp4ghve"	"QB"	2	"REG"	"A01"	"Justin"	"HER031169"	"52414"	"32004845-5203-1169-a699-ce41d700202a"	2020	2020	"LAC"	6
2026	"LAC"	"QB"	"QB"	10	"ACT"	"Justin Herbert"	"Justin"	"Herbert"	"1998-03-10"	78	237	"Oregon"	"00-0036355"	"4038941"	"f0a8f8e3-b9e9-46ed-85e4-eec6452a8a44"	"32676"	"14446"	"28237"	"HerbJu00"	"21681"	"6797"	6	"https://static.www.nfl.com/image/upload/f_auto,q_auto/league/jnkspnntgebegzp4ghve"	"QB"	3	"REG"	"A01"	"Justin"	"HER031169"	"52414"	"32004845-5203-1169-a699-ce41d700202a"	2020	2020	"LAC"	6
2026	"LAC"	"QB"	"QB"	10	"ACT"	"Justin Herbert"	"Justin"	"Herbert"	"1998-03-10"	78	237	"Oregon"	"00-0036355"	"4038941"	"f0a8f8e3-b9e9-46ed-85e4-eec6452a8a44"	"32676"	"14446"	"28237"	"HerbJu00"	"21681"	"6797"	6	"https://static.www.nfl.com/image/upload/f_auto,q_auto/league/jnkspnntgebegzp4ghve"	"QB"	4	"REG"	"A01"	"Justin"	"HER031169"	"52414"	"32004845-5203-1169-a699-ce41d700202a"	2020	2020	"LAC"	6
2026	"DAL"	"WR"	"WR"	88	"ACT"	"CeeDee Lamb"	"Cedarian"	"Lamb"	"1999-04-08"	74	200	"Oklahoma"	"00-0036358"	"4241389"	"a72ea15b-5199-4101-a300-846e1c655add"	"32687"	"14411"	"61570"	"LambCe00"	"21679"	"6786"	6	"https://static.www.nfl.com/image/upload/f_auto,q_auto/league/mbblzwtynxr15ovzkevi"	"WR"	1	"REG"	"A01"	"CeeDee"	"LAM138457"	"52425"	"32004c41-4d13-8457-fcbe-d37fdbd87233"	2020	2020	"DAL"	17
2026	"DAL"	"WR"	"WR"	88	"ACT"	"CeeDee Lamb"	"Cedarian"	"Lamb"	"1999-04-08"	74	200	"Oklahoma"	"00-0036358"	"4241389"	"a72ea15b-5199-4101-a300-846e1c655add"	"32687"	"14411"	"61570"	"LambCe00"	"21679"	"6786"	6	"https://static.www.nfl.com/image/upload/f_auto,q_auto/league/mbblzwtynxr15ovzkevi"	"WR"	2	"REG"	"A01"	"CeeDee"	"LAM138457"	"52425"	"32004c41-4d13-8457-fcbe-d37fdbd87233"	2020	2020	"DAL"	17
2026	"DAL"	"WR"	"WR"	88	"ACT"	"CeeDee Lamb"	"Cedarian"	"Lamb"	"1999-04-08"	74	200	"Oklahoma"	"00-0036358"	"4241389"	"a72ea15b-5199-4101-a300-846e1c655add"	"32687"	"14411"	"61570"	"LambCe00"	"21679"	"6786"	6	"https://static.www.nfl.com/image/upload/f_auto,q_auto/league/mbblzwtynxr15ovzkevi"	"WR"	3	"REG"	"A01"	"CeeDee"	"LAM138457"	"52425"	"32004c41-4d13-8457-fcbe-d37fdbd87233"	2020	2020	"DAL"	17
2026	"DAL"	"WR"	"WR"	88	"ACT"	"CeeDee Lamb"	"Cedarian"	"Lamb"	"1999-04-08"	74	200	"Oklahoma"	"00-0036358"	"4241389"	"a72ea15b-5199-4101-a300-846e1c655add"	"32687"	"14411"	"61570"	"LambCe00"	"21679"	"6786"	6	"https://static.www.nfl.com/image/upload/f_auto,q_auto/league/mbblzwtynxr15ovzkevi"	"WR"	4	"REG"	"A01"	"CeeDee"	"LAM138457"	"52425"	"32004c41-4d13-8457-fcbe-d37fdbd87233"	2020	2020	"DAL"	17
2026	"PHI"	"QB"	"QB"	1	"ACT"	"Jalen Hurts"	"Jalen"	"Hurts"	"1998-08-07"	73	223	"Oklahoma; Alabama"	"00-0036389"	"4040715"	"64bd0f02-6a5d-407e-98f1-fd02048ea21d"	"32723"	"14416"	"40291"	"HurtJa00"	"21831"	"6904"	6	"https://static.www.nfl.com/image/upload/f_auto,q_auto/league/xow5yvxjeqa6witmofmp"	"QB"	1	"REG"	"A01"	"Jalen"	"HUR767022"	"52461"	"32004855-5276-7022-85cf-a74490936f42"	2020	2020	"PHI"	53
2026	"PHI"	"QB"	"QB"	1	"ACT"	"Jalen Hurts"	"Jalen"	"Hurts"	"1998-08-07"	73	223	"Oklahoma; Alabama"	"00-0036389"	"4040715"	"64bd0f02-6a5d-407e-98f1-fd02048ea21d"	"32723"	"14416"	"40291"	"HurtJa00"	"21831"	"6904"	6	"https://static.www.nfl.com/image/upload/f_auto,q_auto/league/xow5yvxjeqa6witmofmp"	"QB"	2	"REG"	"A01"	"Jalen"	"HUR767022"	"52461"	"32004855-5276-7022-85cf-a74490936f42"	2020	2020	"PHI"	53
2026	"PHI"	"QB"	"QB"	1	"ACT"	"Jalen Hurts"	"Jalen"	"Hurts"	"1998-08-07"	73	223	"Oklahoma; Alabama"	"00-0036389"	"4040715"	"64bd0f02-6a5d-407e-98f1-fd02048ea21d"	"32723"	"14416"	"40291"	"HurtJa00"	"21831"	"6904"	6	"https://static.www.nfl.com/image/upload/f_auto,q_auto/league/xow5yvxjeqa6witmofmp"	"QB"	3	"REG"	"A01"	"Jalen"	"HUR767022"	"52461"	"32004855-5276-7022-85cf-a74490936f42"	2020	2020	"PHI"	53
2026	"PHI"	"QB"	"QB"	1	"ACT"	"Jalen Hurts"	"Jalen"	"Hurts"	"1998-08-07"	73	223	"Oklahoma; Alabama"	"00-0036389"	"4040715"	"64bd0f02-6a5d-407e-98f1-fd02048ea21d"	"32723"	"14416"	"40291"	"HurtJa00"	"21831"	"6904"	6	"https://static.www.nfl.com/image/upload/f_auto,q_auto/league/xow5yvxjeqa6witmofmp"	"QB"	4	"REG"	"A01"	"Jalen"	"HUR767022"	"52461"	"32004855-5276-7022-85cf-a74490936f42"	2020	2020	"PHI"	53
2026	"CIN"	"WR"	"WR"	5	"ACT"	"Tee Higgins"	"Tamaurice"	"Higgins"	"1999-01-18"	76	220	"Clemson"	"00-0036410"	"4239993"	"7963b029-5de4-4541-b00a-44eefe4349af"	"32703"	"14506"	"61211"	"HiggTe00"	"21690"	"6801"	6	"https://static.www.nfl.com/image/upload/f_auto,q_auto/league/gpwtyv3viwy9q4ewderl"	"WR"	1	"REG"	"A01"	"Tee"	"HIG387791"	"52441"	"32004849-4738-7791-9f89-d556c4b59b9a"	2020	2020	"CIN"	33
2026	"CIN"	"WR"	"WR"	5	"ACT"	"Tee Higgins"	"Tamaurice"	"Higgins"	"1999-01-18"	76	220	"Clemson"	"00-0036410"	"4239993"	"7963b029-5de4-4541-b00a-44eefe4349af"	"32703"	"14506"	"61211"	"HiggTe00"	"21690"	"6801"	6	"https://static.www.nfl.com/image/upload/f_auto,q_auto/league/gpwtyv3viwy9q4ewderl"	"WR"	2	"REG"	"A01"	"Tee"	"HIG387791"	"52441"	"32004849-4738-7791-9f89-d556c4b59b9a"	2020	2020	"CIN"	33
2026	"CIN"	"WR"	"WR"	5	"ACT"	"Tee Higgins"	"Tamaurice"	"Higgins"	"1999-01-18"	76	220	"Clemson"	"00-0036410"	"4239993"	"7963b029-5de4-4541-b00a-44eefe4349af"	"32703"	"14506"	"61211"	"HiggTe00"	"21690"	"6801"	6	"https://static.www.nfl.com/image/upload/f_auto,q_auto/league/gpwtyv3viwy9q4ewderl"	"WR"	3	"REG"	"A01"	"Tee"	"HIG387791"	"52441"	"32004849-4738-7791-9f89-d556c4b59b9a"	2020	2020	"CIN"	33
2026	"CIN"	"WR"	"WR"	5	"ACT"	"Tee Higgins"	"Tamaurice"	"Higgins"	"1999-01-18"	76	220	"Clemson"	"00-0036410"	"4239993"	"7963b029-5de4-4541-b00a-44eefe4349af"	"32703"	"14506"	"61211"	"HiggTe00"	"21690"	"6801"	6	"https://static.www.nfl.com/image/upload/f_auto,q_auto/league/gpwtyv3viwy9q4ewderl"	"WR"	4	"REG"	"A01"	"Tee"	"HIG387791"	"52441"	"32004849-4738-7791-9f89-d556c4b59b9a"	2020	2020	"CIN"	33
2026	"HOU"	"WR"	"WR"	12	"ACT"	"Nico Collins"	"Nico"	"Collins"	"1999-03-19"	76	222	"Michigan"	"00-0036554"	"4258173"	"bd56a50c-5fae-4ee2-8363-f74ae07b6887"	"33477"	"15200"	"61441"	"CollNi00"	"21756"	"7569"	5	"https://static.www.nfl.com/image/upload/f_auto,q_auto/league/fguybjrn1kwflxm5szwq"	"WR"	1	"REG"	"A01"	"Nico"	"COL654119"	"53518"	"3200434f-4c65-4119-2a51-095ba724d414"	2021	2021	"HOU"	89
2026	"HOU"	"WR"	"WR"	12	"INA"	"Nico Collins"	"Nico"	"Collins"	"1999-03-19"	76	222	"Michigan"	"00-0036554"	"4258173"	"bd56a50c-5fae-4ee2-8363-f74ae07b6887"	"33477"	"15200"	"61441"	"CollNi00"	"21756"	"7569"	5	"https://static.www.nfl.com/image/upload/f_auto,q_auto/league/fguybjrn1kwflxm5szwq"	null	2	"REG"	"A01"	"Nico"	"COL654119"	"53518"	"3200434f-4c65-4119-2a51-095ba724d414"	2021	2021	"HOU"	89
2026	"HOU"	"WR"	"WR"	12	"INA"	"Nico Collins"	"Nico"	"Collins"	"1999-03-19"	76	222	"Michigan"	"00-0036554"	"4258173"	"bd56a50c-5fae-4ee2-8363-f74ae07b6887"	"33477"	"15200"	"61441"	"CollNi00"	"21756"	"7569"	5	"https://static.www.nfl.com/image/upload/f_auto,q_auto/league/fguybjrn1kwflxm5szwq"	null	3	"REG"	"A01"	"Nico"	"COL654119"	"53518"	"3200434f-4c65-4119-2a51-095ba724d414"	2021	2021	"HOU"	89
2026	"HOU"	"WR"	"WR"	12	"ACT"	"Nico Collins"	"Nico"	"Collins"	"1999-03-19"	76	222	"Michigan"	"00-0036554"	"4258173"	"bd56a50c-5fae-4ee2-8363-f74ae07b6887"	"33477"	"15200"	"61441"	"CollNi00"	"21756"	"7569"	5	"https://static.www.nfl.com/image/upload/f_auto,q_auto/league/fguybjrn1kwflxm5szwq"	"WR"	4	"REG"	"A01"	"Nico"	"COL654119"	"53518"	"3200434f-4c65-4119-2a51-095ba724d414"	2021	2021	"HOU"	89
2026	"CAR"	"RB"	"RB"	30	"ACT"	"Chuba Hubbard"	"Chuba"	"Hubbard"	"1999-06-11"	73	216	"Oklahoma State"	"00-0036555"	"4241416"	"32205e74-b23f-420a-b312-465b29260745"	"33514"	"15242"	"57373"	"HubbCh01"	"21691"	"7594"	5	"https://static.www.nfl.com/image/upload/f_auto,q_auto/league/rzsvnt0pxsaize2ndhxm"	"RB"	1	"REG"	"A01"	"Chuba"	"HUB179324"	"53555"	"32004855-4217-9324-a63d-319921de85bb"	2021	2021	"CAR"	126
2026	"CAR"	"RB"	"RB"	30	"ACT"	"Chuba Hubbard"	"Chuba"	"Hubbard"	"1999-06-11"	73	216	"Oklahoma State"	"00-0036555"	"4241416"	"32205e74-b23f-420a-b312-465b29260745"	"33514"	"15242"	"57373"	"HubbCh01"	"21691"	"7594"	5	"https://static.www.nfl.com/image/upload/f_auto,q_auto/league/rzsvnt0pxsaize2ndhxm"	"RB"	2	"REG"	"A01"	"Chuba"	"HUB179324"	"53555"	"32004855-4217-9324-a63d-319921de85bb"	2021	2021	"CAR"	126
2026	"CAR"	"RB"	"RB"	30	"ACT"	"Chuba Hubbard"	"Chuba"	"Hubbard"	"1999-06-11"	73	216	"Oklahoma State"	"00-0036555"	"4241416"	"32205e74-b23f-420a-b312-465b29260745"	"33514"	"15242"	"57373"	"HubbCh01"	"21691"	"7594"	5	"https://static.www.nfl.com/image/upload/f_auto,q_auto/league/rzsvnt0pxsaize2ndhxm"	"RB"	3	"REG"	"A01"	"Chuba"	"HUB179324"	"53555"	"32004855-4217-9324-a63d-319921de85bb"	2021	2021	"CAR"	126
2026	"CAR"	"RB"	"RB"	30	"ACT"	"Chuba Hubbard"	"Chuba"	"Hubbard"	"1999-06-11"	73	216	"Oklahoma State"	"00-0036555"	"4241416"	"32205e74-b23f-420a-b312-465b29260745"	"33514"	"15242"	"57373"	"HubbCh01"	"21691"	"7594"	5	"https://static.www.nfl.com/image/upload/f_auto,q_auto/league/rzsvnt0pxsaize2ndhxm"	"RB"	4	"REG"	"A01"	"Chuba"	"HUB179324"	"53555"	"32004855-4217-9324-a63d-319921de85bb"	2021	2021	"CAR"	126
2026	"DEN"	"WR"	"WR"	17	"ACT"	"Jaylen Waddle"	"Jaylen"	"Waddle"	"1998-11-25"	70	182	"Alabama"	"00-0036613"	"4372016"	"0ff9a975-669d-4851-a95d-ab28d9fc29c4"	"33394"	"15404"	"84088"	"WaddJa00"	"22598"	"7526"	5	"https://static.www.nfl.com/image/upload/f_auto,q_auto/league/gkh7m1jedon9mwn5jlf1"	"SLOT_WR"	1	"REG"	"A01"	"Jaylen"	"WAD088683"	"53435"	"32005741-4408-8683-c826-c882ad6fd5c2"	2021	2021	"MIA"	6
2026	"DEN"	"WR"	"WR"	17	"ACT"	"Jaylen Waddle"	"Jaylen"	"Waddle"	"1998-11-25"	70	182	"Alabama"	"00-0036613"	"4372016"	"0ff9a975-669d-4851-a95d-ab28d9fc29c4"	"33394"	"15404"	"84088"	"WaddJa00"	"22598"	"7526"	5	"https://static.www.nfl.com/image/upload/f_auto,q_auto/league/gkh7m1jedon9mwn5jlf1"	"WR"	2	"REG"	"A01"	"Jaylen"	"WAD088683"	"53435"	"32005741-4408-8683-c826-c882ad6fd5c2"	2021	2021	"MIA"	6
2026	"DEN"	"WR"	"WR"	17	"ACT"	"Jaylen Waddle"	"Jaylen"	"Waddle"	"1998-11-25"	70	182	"Alabama"	"00-0036613"	"4372016"	"0ff9a975-669d-4851-a95d-ab28d9fc29c4"	"33394"	"15404"	"84088"	"WaddJa00"	"22598"	"7526"	5	"https://static.www.nfl.com/image/upload/f_auto,q_auto/league/gkh7m1jedon9mwn5jlf1"	"WR"	3	"REG"	"A01"	"Jaylen"	"WAD088683"	"53435"	"32005741-4408-8683-c826-c882ad6fd5c2"	2021	2021	"MIA"	6
2026	"DEN"	"WR"	"WR"	17	"ACT"	"Jaylen Waddle"	"Jaylen"	"Waddle"	"1998-11-25"	70	182	"Alabama"	"00-0036613"	"4372016"	"0ff9a975-669d-4851-a95d-ab28d9fc29c4"	"33394"	"15404"	"84088"	"WaddJa00"	"22598"	"7526"	5	"https://static.www.nfl.com/image/upload/f_auto,q_auto/league/gkh7m1jedon9mwn5jlf1"	"WR"	4	"REG"	"A01"	"Jaylen"	"WAD088683"	"53435"	"32005741-4408-8683-c826-c882ad6fd5c2"	2021	2021	"MIA"	6
2026	"NE"	"RB"	"RB"	38	"ACT"	"Rhamondre Stevenson"	"Rhamondre"	"Stevenson"	"1998-02-23"	72	227	"Oklahoma; Cerritos College"	"00-0036875"	"4569173"	"6260e78a-64e2-4f7e-9bf8-39948a17a370"	"33508"	"15372"	"98689"	"StevRh00"	"22546"	"7611"	5	"https://static.www.nfl.com/image/upload/f_auto,q_auto/league/zmpuirvuw4r04inxth5i"	"RB"	1	"REG"	"A01"	"Rhamondre"	"STE703131"	"53549"	"32005354-4570-3131-4f2a-53760868c1d8"	2021	2021	"NE"	120
2026	"NE"	"RB"	"RB"	38	"ACT"	"Rhamondre Stevenson"	"Rhamondre"	"Stevenson"	"1998-02-23"	72	227	"Oklahoma; Cerritos College"	"00-0036875"	"4569173"	"6260e78a-64e2-4f7e-9bf8-39948a17a370"	"33508"	"15372"	"98689"	"StevRh00"	"22546"	"7611"	5	"https://static.www.nfl.com/image/upload/f_auto,q_auto/league/zmpuirvuw4r04inxth5i"	"RB"	2	"REG"	"A01"	"Rhamondre"	"STE703131"	"53549"	"32005354-4570-3131-4f2a-53760868c1d8"	2021	2021	"NE"	120
2026	"NE"	"RB"	"RB"	38	"ACT"	"Rhamondre Stevenson"	"Rhamondre"	"Stevenson"	"1998-02-23"	72	227	"Oklahoma; Cerritos College"	"00-0036875"	"4569173"	"6260e78a-64e2-4f7e-9bf8-39948a17a370"	"33508"	"15372"	"98689"	"StevRh00"	"22546"	"7611"	5	"https://static.www.nfl.com/image/upload/f_auto,q_auto/league/zmpuirvuw4r04inxth5i"	"RB"	3	"REG"	"A01"	"Rhamondre"	"STE703131"	"53549"	"32005354-4570-3131-4f2a-53760868c1d8"	2021	2021	"NE"	120
2026	"NE"	"RB"	"RB"	38	"ACT"	"Rhamondre Stevenson"	"Rhamondre"	"Stevenson"	"1998-02-23"	72	227	"Oklahoma; Cerritos College"	"00-0036875"	"4569173"	"6260e78a-64e2-4f7e-9bf8-39948a17a370"	"33508"	"15372"	"98689"	"StevRh00"	"22546"	"7611"	5	"https://static.www.nfl.com/image/upload/f_auto,q_auto/league/zmpuirvuw4r04inxth5i"	"RB"	4	"REG"	"A01"	"Rhamondre"	"STE703131"	"53549"	"32005354-4570-3131-4f2a-53760868c1d8"	2021	2021	"NE"	120
2026	"PHI"	"WR"	"WR"	6	"ACT"	"DeVonta Smith"	"DeVonta"	"Smith"	"1998-11-14"	72	170	"Alabama"	"00-0036912"	"4241478"	"3555d07e-57ae-43de-97d5-b1b5bf055f17"	"33398"	"15406"	"61100"	"SmitDe07"	"21687"	"7525"	5	"https://static.www.nfl.com/image/upload/f_auto,q_auto/league/k724kq3hyv7jc0y9s03x"	"WR"	1	"REG"	"A01"	"DeVonta"	"SMI206016"	"53439"	"3200534d-4920-6016-573c-fcc767bafc4d"	2021	2021	"PHI"	10
2026	"PHI"	"WR"	"WR"	6	"ACT"	"DeVonta Smith"	"DeVonta"	"Smith"	"1998-11-14"	72	170	"Alabama"	"00-0036912"	"4241478"	"3555d07e-57ae-43de-97d5-b1b5bf055f17"	"33398"	"15406"	"61100"	"SmitDe07"	"21687"	"7525"	5	"https://static.www.nfl.com/image/upload/f_auto,q_auto/league/k724kq3hyv7jc0y9s03x"	"WR"	2	"REG"	"A01"	"DeVonta"	"SMI206016"	"53439"	"3200534d-4920-6016-573c-fcc767bafc4d"	2021	2021	"PHI"	10
2026	"PHI"	"WR"	"WR"	6	"ACT"	"DeVonta Smith"	"DeVonta"	"Smith"	"1998-11-14"	72	170	"Alabama"	"00-0036912"	"4241478"	"3555d07e-57ae-43de-97d5-b1b5bf055f17"	"33398"	"15406"	"61100"	"SmitDe07"	"21687"	"7525"	5	"https://static.www.nfl.com/image/upload/f_auto,q_auto/league/k724kq3hyv7jc0y9s03x"	"WR"	3	"REG"	"A01"	"DeVonta"	"SMI206016"	"53439"	"3200534d-4920-6016-573c-fcc767bafc4d"	2021	2021	"PHI"	10
2026	"PHI"	"WR"	"WR"	6	"INA"	"DeVonta Smith"	"DeVonta"	"Smith"	"1998-11-14"	72	170	"Alabama"	"00-0036912"	"4241478"	"3555d07e-57ae-43de-97d5-b1b5bf055f17"	"33398"	"15406"	"61100"	"SmitDe07"	"21687"	"7525"	5	"https://static.www.nfl.com/image/upload/f_auto,q_auto/league/k724kq3hyv7jc0y9s03x"	null	4	"REG"	"A01"	"DeVonta"	"SMI206016"	"53439"	"3200534d-4920-6016-573c-fcc767bafc4d"	2021	2021	"PHI"	10
2026	"TB"	"RB"	"RB"	1	"ACT"	"Kenny Gainwell"	"Kenneth"	"Gainwell"	"1999-03-14"	69	200	"Memphis"	"00-0036919"	"4371733"	"e2a5882a-dcc1-4800-889f-3b957b21834f"	"33538"	"15222"	"77737"	"GainKe00"	"22562"	"7567"	5	"https://static.www.nfl.com/image/upload/f_auto,q_auto/league/eo62l8ec8e3lzt86ihth"	"RB"	1	"REG"	"A01"	"Kenneth"	"GAI606964"	"53579"	"32004741-4960-6964-7702-692656fad861"	2021	2021	"PHI"	150
2026	"TB"	"RB"	"RB"	1	"ACT"	"Kenny Gainwell"	"Kenneth"	"Gainwell"	"1999-03-14"	69	200	"Memphis"	"00-0036919"	"4371733"	"e2a5882a-dcc1-4800-889f-3b957b21834f"	"33538"	"15222"	"77737"	"GainKe00"	"22562"	"7567"	5	"https://static.www.nfl.com/image/upload/f_auto,q_auto/league/eo62l8ec8e3lzt86ihth"	"RB"	2	"REG"	"A01"	"Kenneth"	"GAI606964"	"53579"	"32004741-4960-6964-7702-692656fad861"	2021	2021	"PHI"	150
2026	"TB"	"RB"	"RB"	1	"ACT"	"Kenny Gainwell"	"Kenneth"	"Gainwell"	"1999-03-14"	69	200	"Memphis"	"00-0036919"	"4371733"	"e2a5882a-dcc1-4800-889f-3b957b21834f"	"33538"	"15222"	"77737"	"GainKe00"	"22562"	"7567"	5	"https://static.www.nfl.com/image/upload/f_auto,q_auto/league/eo62l8ec8e3lzt86ihth"	"RB"	3	"REG"	"A01"	"Kenneth"	"GAI606964"	"53579"	"32004741-4960-6964-7702-692656fad861"	2021	2021	"PHI"	150
2026	"TB"	"RB"	"RB"	1	"ACT"	"Kenny Gainwell"	"Kenneth"	"Gainwell"	"1999-03-14"	69	200	"Memphis"	"00-0036919"	"4371733"	"e2a5882a-dcc1-4800-889f-3b957b21834f"	"33538"	"15222"	"77737"	"GainKe00"	"22562"	"7567"	5	"https://static.www.nfl.com/image/upload/f_auto,q_auto/league/eo62l8ec8e3lzt86ihth"	"RB"	4	"REG"	"A01"	"Kenneth"	"GAI606964"	"53579"	"32004741-4960-6964-7702-692656fad861"	2021	2021	"PHI"	150
2026	"JAX"	"QB"	"QB"	16	"ACT"	"Trevor Lawrence"	"Trevor"	"Lawrence"	"1999-10-06"	78	220	"Clemson"	"00-0036971"	"4360310"	"aaa8b42c-4d87-45f6-bfd2-e31cfed9a736"	"33389"	"15357"	"77632"	"LawrTr00"	"22490"	"7523"	5	"https://static.www.nfl.com/image/upload/f_auto,q_auto/league/k9uzdernqkx7oquy7dkg"	"QB"	1	"REG"	"A01"	"Trevor"	"LAW514099"	"53430"	"32004c41-5751-4099-56fc-f565c8d26c06"	2021	2021	"JAX"	1
2026	"JAX"	"QB"	"QB"	16	"ACT"	"Trevor Lawrence"	"Trevor"	"Lawrence"	"1999-10-06"	78	220	"Clemson"	"00-0036971"	"4360310"	"aaa8b42c-4d87-45f6-bfd2-e31cfed9a736"	"33389"	"15357"	"77632"	"LawrTr00"	"22490"	"7523"	5	"https://static.www.nfl.com/image/upload/f_auto,q_auto/league/k9uzdernqkx7oquy7dkg"	"QB"	2	"REG"	"A01"	"Trevor"	"LAW514099"	"53430"	"32004c41-5751-4099-56fc-f565c8d26c06"	2021	2021	"JAX"	1
2026	"JAX"	"QB"	"QB"	16	"ACT"	"Trevor Lawrence"	"Trevor"	"Lawrence"	"1999-10-06"	78	220	"Clemson"	"00-0036971"	"4360310"	"aaa8b42c-4d87-45f6-bfd2-e31cfed9a736"	"33389"	"15357"	"77632"	"LawrTr00"	"22490"	"7523"	5	"https://static.www.nfl.com/image/upload/f_auto,q_auto/league/k9uzdernqkx7oquy7dkg"	"QB"	3	"REG"	"A01"	"Trevor"	"LAW514099"	"53430"	"32004c41-5751-4099-56fc-f565c8d26c06"	2021	2021	"JAX"	1
2026	"JAX"	"QB"	"QB"	16	"ACT"	"Trevor Lawrence"	"Trevor"	"Lawrence"	"1999-10-06"	78	220	"Clemson"	"00-0036971"	"4360310"	"aaa8b42c-4d87-45f6-bfd2-e31cfed9a736"	"33389"	"15357"	"77632"	"LawrTr00"	"22490"	"7523"	5	"https://static.www.nfl.com/image/upload/f_auto,q_auto/league/k9uzdernqkx7oquy7dkg"	"QB"	4	"REG"	"A01"	"Trevor"	"LAW514099"	"53430"	"32004c41-5751-4099-56fc-f565c8d26c06"	2021	2021	"JAX"	1
2026	"DAL"	"RB"	"RB"	33	"ACT"	"Javonte Williams"	"Javonte"	"Williams"	"2000-04-25"	70	220	"North Carolina"	"00-0036997"	"4361579"	"889dcdc5-3d88-45df-9677-5ad7ff87c011"	"33423"	"15306"	"77803"	"WillJa10"	"22558"	"7588"	5	"https://static.www.nfl.com/image/upload/f_auto,q_auto/league/xvwroirev2kie6oiphtz"	"RB"	1	"REG"	"A01"	"Javonte"	"WIL351486"	"53464"	"32005749-4c35-1486-bb3e-8b9e35992111"	2021	2021	"DEN"	35
2026	"DAL"	"RB"	"RB"	33	"ACT"	"Javonte Williams"	"Javonte"	"Williams"	"2000-04-25"	70	220	"North Carolina"	"00-0036997"	"4361579"	"889dcdc5-3d88-45df-9677-5ad7ff87c011"	"33423"	"15306"	"77803"	"WillJa10"	"22558"	"7588"	5	"https://static.www.nfl.com/image/upload/f_auto,q_auto/league/xvwroirev2kie6oiphtz"	"RB"	2	"REG"	"A01"	"Javonte"	"WIL351486"	"53464"	"32005749-4c35-1486-bb3e-8b9e35992111"	2021	2021	"DEN"	35
2026	"DAL"	"RB"	"RB"	33	"ACT"	"Javonte Williams"	"Javonte"	"Williams"	"2000-04-25"	70	220	"North Carolina"	"00-0036997"	"4361579"	"889dcdc5-3d88-45df-9677-5ad7ff87c011"	"33423"	"15306"	"77803"	"WillJa10"	"22558"	"7588"	5	"https://static.www.nfl.com/image/upload/f_auto,q_auto/league/xvwroirev2kie6oiphtz"	"RB"	3	"REG"	"A01"	"Javonte"	"WIL351486"	"53464"	"32005749-4c35-1486-bb3e-8b9e35992111"	2021	2021	"DEN"	35
2026	"DAL"	"RB"	"RB"	33	"ACT"	"Javonte Williams"	"Javonte"	"Williams"	"2000-04-25"	70	220	"North Carolina"	"00-0036997"	"4361579"	"889dcdc5-3d88-45df-9677-5ad7ff87c011"	"33423"	"15306"	"77803"	"WillJa10"	"22558"	"7588"	5	"https://static.www.nfl.com/image/upload/f_auto,q_auto/league/xvwroirev2kie6oiphtz"	"RB"	4	"REG"	"A01"	"Javonte"	"WIL351486"	"53464"	"32005749-4c35-1486-bb3e-8b9e35992111"	2021	2021	"DEN"	35
2026	"PIT"	"RB"	"RB"	30	"ACT"	"Jaylen Warren"	"Jaylen"	"Warren"	"1998-11-01"	68	215	"Oklahoma State"	"00-0037228"	"4569987"	"7e397190-ca24-11ec-9f1c-b7114d38a85b"	"34447"	"15984"	"98692"	"WarrJa01"	"23479"	"8228"	4	"https://static.www.nfl.com/image/upload/f_auto,q_auto/league/dkiteytgnxar1mpaxcxv"	"RB"	1	"REG"	"A01"	"Jaylen"	"WAR659612"	"54905"	"32005741-5265-9612-2e68-f9e5f43ac527"	2022	2022	null	null
2026	"PIT"	"RB"	"RB"	30	"ACT"	"Jaylen Warren"	"Jaylen"	"Warren"	"1998-11-01"	68	215	"Oklahoma State"	"00-0037228"	"4569987"	"7e397190-ca24-11ec-9f1c-b7114d38a85b"	"34447"	"15984"	"98692"	"WarrJa01"	"23479"	"8228"	4	"https://static.www.nfl.com/image/upload/f_auto,q_auto/league/dkiteytgnxar1mpaxcxv"	"RB"	2	"REG"	"A01"	"Jaylen"	"WAR659612"	"54905"	"32005741-5265-9612-2e68-f9e5f43ac527"	2022	2022	null	null
2026	"PIT"	"RB"	"RB"	30	"ACT"	"Jaylen Warren"	"Jaylen"	"Warren"	"1998-11-01"	68	215	"Oklahoma State"	"00-0037228"	"4569987"	"7e397190-ca24-11ec-9f1c-b7114d38a85b"	"34447"	"15984"	"98692"	"WarrJa01"	"23479"	"8228"	4	"https://static.www.nfl.com/image/upload/f_auto,q_auto/league/dkiteytgnxar1mpaxcxv"	"RB"	3	"REG"	"A01"	"Jaylen"	"WAR659612"	"54905"	"32005741-5265-9612-2e68-f9e5f43ac527"	2022	2022	null	null
2026	"PIT"	"RB"	"RB"	30	"ACT"	"Jaylen Warren"	"Jaylen"	"Warren"	"1998-11-01"	68	215	"Oklahoma State"	"00-0037228"	"4569987"	"7e397190-ca24-11ec-9f1c-b7114d38a85b"	"34447"	"15984"	"98692"	"WarrJa01"	"23479"	"8228"	4	"https://static.www.nfl.com/image/upload/f_auto,q_auto/league/dkiteytgnxar1mpaxcxv"	"RB"	4	"REG"	"A01"	"Jaylen"	"WAR659612"	"54905"	"32005741-5265-9612-2e68-f9e5f43ac527"	2022	2022	null	null
2026	"ATL"	"WR"	"WR"	5	"ACT"	"Drake London"	"Drake"	"London"	"2001-07-24"	76	215	"USC"	"00-0037238"	"4426502"	"5053f9ae-15d9-4730-833d-484886b6f890"	"33963"	"15868"	"86519"	"LondDr00"	"23151"	"8112"	4	"https://static.www.nfl.com/image/upload/f_auto,q_auto/league/mcllowcfrmmdeo4zy3g1"	"WR"	1	"REG"	"A01"	"Drake"	"LON013463"	"54473"	"32004c4f-4e01-3463-a3e9-f95e800c8bba"	2022	2022	"ATL"	8
2026	"ATL"	"WR"	"WR"	5	"ACT"	"Drake London"	"Drake"	"London"	"2001-07-24"	76	215	"USC"	"00-0037238"	"4426502"	"5053f9ae-15d9-4730-833d-484886b6f890"	"33963"	"15868"	"86519"	"LondDr00"	"23151"	"8112"	4	"https://static.www.nfl.com/image/upload/f_auto,q_auto/league/mcllowcfrmmdeo4zy3g1"	"WR"	2	"REG"	"A01"	"Drake"	"LON013463"	"54473"	"32004c4f-4e01-3463-a3e9-f95e800c8bba"	2022	2022	"ATL"	8
2026	"ATL"	"WR"	"WR"	5	"ACT"	"Drake London"	"Drake"	"London"	"2001-07-24"	76	215	"USC"	"00-0037238"	"4426502"	"5053f9ae-15d9-4730-833d-484886b6f890"	"33963"	"15868"	"86519"	"LondDr00"	"23151"	"8112"	4	"https://static.www.nfl.com/image/upload/f_auto,q_auto/league/mcllowcfrmmdeo4zy3g1"	"WR"	3	"REG"	"A01"	"Drake"	"LON013463"	"54473"	"32004c4f-4e01-3463-a3e9-f95e800c8bba"	2022	2022	"ATL"	8
2026	"ATL"	"WR"	"WR"	5	"ACT"	"Drake London"	"Drake"	"London"	"2001-07-24"	76	215	"USC"	"00-0037238"	"4426502"	"5053f9ae-15d9-4730-833d-484886b6f890"	"33963"	"15868"	"86519"	"LondDr00"	"23151"	"8112"	4	"https://static.www.nfl.com/image/upload/f_auto,q_auto/league/mcllowcfrmmdeo4zy3g1"	"WR"	4	"REG"	"A01"	"Drake"	"LON013463"	"54473"	"32004c4f-4e01-3463-a3e9-f95e800c8bba"	2022	2022	"ATL"	8
2026	"NO"	"WR"	"WR"	12	"ACT"	"Chris Olave"	"Chris"	"Olave"	"2000-06-27"	72	185	"Ohio State"	"00-0037239"	"4361370"	"2375d572-a36c-4365-bb3f-87e156526e2f"	"33966"	"15895"	"84355"	"OlavCh00"	"22565"	"8144"	4	"https://static.www.nfl.com/image/upload/f_auto,q_auto/league/onmxufsprtvglhejg94o"	"WR"	1	"REG"	"A01"	"Chris"	"OLA659325"	"54476"	"32004f4c-4165-9325-c259-01a521202e2f"	2022	2022	"NO"	11
2026	"NO"	"WR"	"WR"	12	"ACT"	"Chris Olave"	"Chris"	"Olave"	"2000-06-27"	72	185	"Ohio State"	"00-0037239"	"4361370"	"2375d572-a36c-4365-bb3f-87e156526e2f"	"33966"	"15895"	"84355"	"OlavCh00"	"22565"	"8144"	4	"https://static.www.nfl.com/image/upload/f_auto,q_auto/league/onmxufsprtvglhejg94o"	"WR"	2	"REG"	"A01"	"Chris"	"OLA659325"	"54476"	"32004f4c-4165-9325-c259-01a521202e2f"	2022	2022	"NO"	11
2026	"NO"	"WR"	"WR"	12	"ACT"	"Chris Olave"	"Chris"	"Olave"	"2000-06-27"	72	185	"Ohio State"	"00-0037239"	"4361370"	"2375d572-a36c-4365-bb3f-87e156526e2f"	"33966"	"15895"	"84355"	"OlavCh00"	"22565"	"8144"	4	"https://static.www.nfl.com/image/upload/f_auto,q_auto/league/onmxufsprtvglhejg94o"	"WR"	3	"REG"	"A01"	"Chris"	"OLA659325"	"54476"	"32004f4c-4165-9325-c259-01a521202e2f"	2022	2022	"NO"	11
2026	"NO"	"WR"	"WR"	12	"ACT"	"Chris Olave"	"Chris"	"Olave"	"2000-06-27"	72	185	"Ohio State"	"00-0037239"	"4361370"	"2375d572-a36c-4365-bb3f-87e156526e2f"	"33966"	"15895"	"84355"	"OlavCh00"	"22565"	"8144"	4	"https://static.www.nfl.com/image/upload/f_auto,q_auto/league/onmxufsprtvglhejg94o"	"WR"	4	"REG"	"A01"	"Chris"	"OLA659325"	"54476"	"32004f4c-4165-9325-c259-01a521202e2f"	2022	2022	"NO"	11
2026	"DET"	"WR"	"WR"	1	"ACT"	"Jameson Williams"	"Jameson"	"Williams"	"2001-03-26"	73	182	"Alabama; Ohio State"	"00-0037240"	"4426388"	"590adb00-5598-47ad-b6d4-16a6c5519847"	"33967"	"15849"	"101701"	"WillJa11"	"23234"	"8148"	4	"https://static.www.nfl.com/image/upload/f_auto,q_auto/league/byiptqggtglvy5qrw5wp"	"WR"	1	"REG"	"A01"	"Jameson"	"WIL344909"	"54477"	"32005749-4c34-4909-bc5e-bde59d1a8826"	2022	2022	"DET"	12
2026	"DET"	"WR"	"WR"	1	"ACT"	"Jameson Williams"	"Jameson"	"Williams"	"2001-03-26"	73	182	"Alabama; Ohio State"	"00-0037240"	"4426388"	"590adb00-5598-47ad-b6d4-16a6c5519847"	"33967"	"15849"	"101701"	"WillJa11"	"23234"	"8148"	4	"https://static.www.nfl.com/image/upload/f_auto,q_auto/league/byiptqggtglvy5qrw5wp"	"WR"	2	"REG"	"A01"	"Jameson"	"WIL344909"	"54477"	"32005749-4c34-4909-bc5e-bde59d1a8826"	2022	2022	"DET"	12
2026	"DET"	"WR"	"WR"	1	"ACT"	"Jameson Williams"	"Jameson"	"Williams"	"2001-03-26"	73	182	"Alabama; Ohio State"	"00-0037240"	"4426388"	"590adb00-5598-47ad-b6d4-16a6c5519847"	"33967"	"15849"	"101701"	"WillJa11"	"23234"	"8148"	4	"https://static.www.nfl.com/image/upload/f_auto,q_auto/league/byiptqggtglvy5qrw5wp"	"WR"	3	"REG"	"A01"	"Jameson"	"WIL344909"	"54477"	"32005749-4c34-4909-bc5e-bde59d1a8826"	2022	2022	"DET"	12
2026	"DET"	"WR"	"WR"	1	"ACT"	"Jameson Williams"	"Jameson"	"Williams"	"2001-03-26"	73	182	"Alabama; Ohio State"	"00-0037240"	"4426388"	"590adb00-5598-47ad-b6d4-16a6c5519847"	"33967"	"15849"	"101701"	"WillJa11"	"23234"	"8148"	4	"https://static.www.nfl.com/image/upload/f_auto,q_auto/league/byiptqggtglvy5qrw5wp"	"WR"	4	"REG"	"A01"	"Jameson"	"WIL344909"	"54477"	"32005749-4c34-4909-bc5e-bde59d1a8826"	2022	2022	"DET"	12
2026	"DAL"	"WR"	"WR"	3	"ACT"	"George Pickens"	"George"	"Pickens"	"2001-03-04"	75	205	"Georgia"	"00-0037247"	"4426354"	"018e8f25-54e5-44f1-967a-7ff237f1c52f"	"34007"	"15853"	"99229"	"PickGe00"	"23153"	"8137"	4	"https://static.www.nfl.com/image/upload/f_auto,q_auto/league/cbpyykoguf7rsxezqzvk"	"WR"	1	"REG"	"A01"	"George"	"PIC576156"	"54517"	"32005049-4357-6156-653f-e3c2b6d1b9bc"	2022	2022	"PIT"	52
2026	"DAL"	"WR"	"WR"	3	"ACT"	"George Pickens"	"George"	"Pickens"	"2001-03-04"	75	205	"Georgia"	"00-0037247"	"4426354"	"018e8f25-54e5-44f1-967a-7ff237f1c52f"	"34007"	"15853"	"99229"	"PickGe00"	"23153"	"8137"	4	"https://static.www.nfl.com/image/upload/f_auto,q_auto/league/cbpyykoguf7rsxezqzvk"	"WR"	2	"REG"	"A01"	"George"	"PIC576156"	"54517"	"32005049-4357-6156-653f-e3c2b6d1b9bc"	2022	2022	"PIT"	52
2026	"DAL"	"WR"	"WR"	3	"ACT"	"George Pickens"	"George"	"Pickens"	"2001-03-04"	75	205	"Georgia"	"00-0037247"	"4426354"	"018e8f25-54e5-44f1-967a-7ff237f1c52f"	"34007"	"15853"	"99229"	"PickGe00"	"23153"	"8137"	4	"https://static.www.nfl.com/image/upload/f_auto,q_auto/league/cbpyykoguf7rsxezqzvk"	"WR"	3	"REG"	"A01"	"George"	"PIC576156"	"54517"	"32005049-4357-6156-653f-e3c2b6d1b9bc"	2022	2022	"PIT"	52
2026	"DAL"	"WR"	"WR"	3	"ACT"	"George Pickens"	"George"	"Pickens"	"2001-03-04"	75	205	"Georgia"	"00-0037247"	"4426354"	"018e8f25-54e5-44f1-967a-7ff237f1c52f"	"34007"	"15853"	"99229"	"PickGe00"	"23153"	"8137"	4	"https://static.www.nfl.com/image/upload/f_auto,q_auto/league/cbpyykoguf7rsxezqzvk"	"WR"	4	"REG"	"A01"	"George"	"PIC576156"	"54517"	"32005049-4357-6156-653f-e3c2b6d1b9bc"	2022	2022	"PIT"	52
2026	"WAS"	"RB"	"RB"	1	"ACT"	"Rachaad White"	"Rachaad"	"White"	"1999-01-12"	72	214	"Arizona State; Mt. San Antonio; Kearney State"	"00-0037256"	"4697815"	"4d3f2f57-215c-4cb4-bf75-a7ecdcdded70"	"34047"	"15802"	"131633"	"WhitRa01"	"23217"	"8136"	4	"https://static.www.nfl.com/image/upload/f_auto,q_auto/league/wtdhs50gcl2p6vngsnre"	"RB"	1	"REG"	"A01"	"Rachaad"	"WHI393110"	"54556"	"32005748-4939-3110-903e-6b6c868dd3ab"	2022	2022	"TB"	91
2026	"WAS"	"RB"	"RB"	1	"ACT"	"Rachaad White"	"Rachaad"	"White"	"1999-01-12"	72	214	"Arizona State; Mt. San Antonio; Kearney State"	"00-0037256"	"4697815"	"4d3f2f57-215c-4cb4-bf75-a7ecdcdded70"	"34047"	"15802"	"131633"	"WhitRa01"	"23217"	"8136"	4	"https://static.www.nfl.com/image/upload/f_auto,q_auto/league/wtdhs50gcl2p6vngsnre"	"RB"	2	"REG"	"A01"	"Rachaad"	"WHI393110"	"54556"	"32005748-4939-3110-903e-6b6c868dd3ab"	2022	2022	"TB"	91
2026	"WAS"	"RB"	"RB"	1	"ACT"	"Rachaad White"	"Rachaad"	"White"	"1999-01-12"	72	214	"Arizona State; Mt. San Antonio; Kearney State"	"00-0037256"	"4697815"	"4d3f2f57-215c-4cb4-bf75-a7ecdcdded70"	"34047"	"15802"	"131633"	"WhitRa01"	"23217"	"8136"	4	"https://static.www.nfl.com/image/upload/f_auto,q_auto/league/wtdhs50gcl2p6vngsnre"	"RB"	3	"REG"	"A01"	"Rachaad"	"WHI393110"	"54556"	"32005748-4939-3110-903e-6b6c868dd3ab"	2022	2022	"TB"	91
2026	"WAS"	"RB"	"RB"	1	"INA"	"Rachaad White"	"Rachaad"	"White"	"1999-01-12"	72	214	"Arizona State; Mt. San Antonio; Kearney State"	"00-0037256"	"4697815"	"4d3f2f57-215c-4cb4-bf75-a7ecdcdded70"	"34047"	"15802"	"131633"	"WhitRa01"	"23217"	"8136"	4	"https://static.www.nfl.com/image/upload/f_auto,q_auto/league/wtdhs50gcl2p6vngsnre"	null	4	"REG"	"A01"	"Rachaad"	"WHI393110"	"54556"	"32005748-4939-3110-903e-6b6c868dd3ab"	2022	2022	"TB"	91
2026	"MIN"	"RB"	"RB"	27	"ACT"	"Jordan Mason"	"Jordan"	"Mason"	"1999-05-24"	71	230	"Georgia Tech"	"00-0037525"	"4360569"	"af9f7390-ca80-11ec-97ae-e1573849d1a6"	"34320"	"16163"	"62946"	"MasoJo00"	"23364"	"8408"	4	"https://static.www.nfl.com/image/upload/f_auto,q_auto/league/qeeucinnxl8mpzaw23hc"	"RB"	1	"REG"	"A01"	"Jordan"	"MAS125056"	"55113"	"32004d41-5312-5056-fafb-b3b690e395a1"	2022	2022	null	null
2026	"MIN"	"RB"	"RB"	27	"RES"	"Jordan Mason"	"Jordan"	"Mason"	"1999-05-24"	71	230	"Georgia Tech"	"00-0037525"	"4360569"	"af9f7390-ca80-11ec-97ae-e1573849d1a6"	"34320"	"16163"	"62946"	"MasoJo00"	"23364"	"8408"	4	"https://static.www.nfl.com/image/upload/f_auto,q_auto/league/qeeucinnxl8mpzaw23hc"	null	2	"REG"	"R01"	"Jordan"	"MAS125056"	"55113"	"32004d41-5312-5056-fafb-b3b690e395a1"	2022	2022	null	null
2026	"MIN"	"RB"	"RB"	27	"RES"	"Jordan Mason"	"Jordan"	"Mason"	"1999-05-24"	71	230	"Georgia Tech"	"00-0037525"	"4360569"	"af9f7390-ca80-11ec-97ae-e1573849d1a6"	"34320"	"16163"	"62946"	"MasoJo00"	"23364"	"8408"	4	"https://static.www.nfl.com/image/upload/f_auto,q_auto/league/qeeucinnxl8mpzaw23hc"	null	3	"REG"	"R01"	"Jordan"	"MAS125056"	"55113"	"32004d41-5312-5056-fafb-b3b690e395a1"	2022	2022	null	null
2026	"MIN"	"RB"	"RB"	27	"RES"	"Jordan Mason"	"Jordan"	"Mason"	"1999-05-24"	71	230	"Georgia Tech"	"00-0037525"	"4360569"	"af9f7390-ca80-11ec-97ae-e1573849d1a6"	"34320"	"16163"	"62946"	"MasoJo00"	"23364"	"8408"	4	"https://static.www.nfl.com/image/upload/f_auto,q_auto/league/qeeucinnxl8mpzaw23hc"	null	4	"REG"	"R01"	"Jordan"	"MAS125056"	"55113"	"32004d41-5312-5056-fafb-b3b690e395a1"	2022	2022	null	null
2026	"SEA"	"WR"	"WR"	22	"ACT"	"Rashid Shaheed"	"Rashid"	"Shaheed"	"1998-08-31"	72	180	"Weber State"	"00-0037545"	"4032473"	"e1ecc660-cc9f-11ec-952e-a10f2c98fc4d"	"34659"	"16560"	"63707"	"ShahRa00"	"23729"	"8676"	4	"https://static.www.nfl.com/image/upload/f_auto,q_auto/league/ku2naisfbxmzgagxojnm"	"WR"	1	"REG"	"A01"	"Rashid"	"SHA089447"	"55133"	"32005348-4108-9447-3491-eb73ad07ef30"	2022	2022	null	null
2026	"SEA"	"WR"	"WR"	22	"ACT"	"Rashid Shaheed"	"Rashid"	"Shaheed"	"1998-08-31"	72	180	"Weber State"	"00-0037545"	"4032473"	"e1ecc660-cc9f-11ec-952e-a10f2c98fc4d"	"34659"	"16560"	"63707"	"ShahRa00"	"23729"	"8676"	4	"https://static.www.nfl.com/image/upload/f_auto,q_auto/league/ku2naisfbxmzgagxojnm"	"WR"	2	"REG"	"A01"	"Rashid"	"SHA089447"	"55133"	"32005348-4108-9447-3491-eb73ad07ef30"	2022	2022	null	null
2026	"SEA"	"WR"	"WR"	22	"ACT"	"Rashid Shaheed"	"Rashid"	"Shaheed"	"1998-08-31"	72	180	"Weber State"	"00-0037545"	"4032473"	"e1ecc660-cc9f-11ec-952e-a10f2c98fc4d"	"34659"	"16560"	"63707"	"ShahRa00"	"23729"	"8676"	4	"https://static.www.nfl.com/image/upload/f_auto,q_auto/league/ku2naisfbxmzgagxojnm"	"WR"	3	"REG"	"A01"	"Rashid"	"SHA089447"	"55133"	"32005348-4108-9447-3491-eb73ad07ef30"	2022	2022	null	null
2026	"SEA"	"WR"	"WR"	22	"ACT"	"Rashid Shaheed"	"Rashid"	"Shaheed"	"1998-08-31"	72	180	"Weber State"	"00-0037545"	"4032473"	"e1ecc660-cc9f-11ec-952e-a10f2c98fc4d"	"34659"	"16560"	"63707"	"ShahRa00"	"23729"	"8676"	4	"https://static.www.nfl.com/image/upload/f_auto,q_auto/league/ku2naisfbxmzgagxojnm"	"WR"	4	"REG"	"A01"	"Rashid"	"SHA089447"	"55133"	"32005348-4108-9447-3491-eb73ad07ef30"	2022	2022	null	null
2026	"IND"	"WR"	"WR"	14	"ACT"	"Alec Pierce"	"Alec"	"Pierce"	"2000-05-02"	75	213	"Cincinnati"	"00-0037664"	"4360078"	"a67ee8f8-e9de-4fb9-90b6-edca2f83f6d8"	"34008"	"16022"	"78038"	"PierAl00"	"23232"	"8142"	4	"https://static.www.nfl.com/image/upload/f_auto,q_auto/league/qcg9t51wgp3hicavmkmy"	"WR"	1	"REG"	"A01"	"Alec"	"PIE185673"	"54518"	"32005049-4518-5673-88cc-339d3b35d4c9"	2022	2022	"IND"	53
2026	"IND"	"WR"	"WR"	14	"ACT"	"Alec Pierce"	"Alec"	"Pierce"	"2000-05-02"	75	213	"Cincinnati"	"00-0037664"	"4360078"	"a67ee8f8-e9de-4fb9-90b6-edca2f83f6d8"	"34008"	"16022"	"78038"	"PierAl00"	"23232"	"8142"	4	"https://static.www.nfl.com/image/upload/f_auto,q_auto/league/qcg9t51wgp3hicavmkmy"	"WR"	2	"REG"	"A01"	"Alec"	"PIE185673"	"54518"	"32005049-4518-5673-88cc-339d3b35d4c9"	2022	2022	"IND"	53
2026	"IND"	"WR"	"WR"	14	"RES"	"Alec Pierce"	"Alec"	"Pierce"	"2000-05-02"	75	213	"Cincinnati"	"00-0037664"	"4360078"	"a67ee8f8-e9de-4fb9-90b6-edca2f83f6d8"	"34008"	"16022"	"78038"	"PierAl00"	"23232"	"8142"	4	"https://static.www.nfl.com/image/upload/f_auto,q_auto/league/qcg9t51wgp3hicavmkmy"	null	3	"REG"	"R01"	"Alec"	"PIE185673"	"54518"	"32005049-4518-5673-88cc-339d3b35d4c9"	2022	2022	"IND"	53
2026	"IND"	"WR"	"WR"	14	"RES"	"Alec Pierce"	"Alec"	"Pierce"	"2000-05-02"	75	213	"Cincinnati"	"00-0037664"	"4360078"	"a67ee8f8-e9de-4fb9-90b6-edca2f83f6d8"	"34008"	"16022"	"78038"	"PierAl00"	"23232"	"8142"	4	"https://static.www.nfl.com/image/upload/f_auto,q_auto/league/qcg9t51wgp3hicavmkmy"	null	4	"REG"	"R01"	"Alec"	"PIE185673"	"54518"	"32005049-4518-5673-88cc-339d3b35d4c9"	2022	2022	"IND"	53
2026	"NYJ"	"WR"	"WR"	5	"ACT"	"Garrett Wilson"	"Garrett"	"Wilson"	"2000-07-22"	72	183	"Ohio State"	"00-0037740"	"4569618"	"68d72fe0-79b2-4fdb-afd5-6c79676e77f3"	"33965"	"15829"	"97405"	"WilsGa00"	"23122"	"8146"	4	"https://static.www.nfl.com/image/upload/f_auto,q_auto/league/upxwxmhdd8xluztgqwhe"	"WR"	1	"REG"	"A01"	"Garrett"	"WIL691962"	"54475"	"32005749-4c69-1962-4085-d9c826d8709c"	2022	2022	"NYJ"	10
2026	"NYJ"	"WR"	"WR"	5	"ACT"	"Garrett Wilson"	"Garrett"	"Wilson"	"2000-07-22"	72	183	"Ohio State"	"00-0037740"	"4569618"	"68d72fe0-79b2-4fdb-afd5-6c79676e77f3"	"33965"	"15829"	"97405"	"WilsGa00"	"23122"	"8146"	4	"https://static.www.nfl.com/image/upload/f_auto,q_auto/league/upxwxmhdd8xluztgqwhe"	"WR"	2	"REG"	"A01"	"Garrett"	"WIL691962"	"54475"	"32005749-4c69-1962-4085-d9c826d8709c"	2022	2022	"NYJ"	10
2026	"NYJ"	"WR"	"WR"	5	"ACT"	"Garrett Wilson"	"Garrett"	"Wilson"	"2000-07-22"	72	183	"Ohio State"	"00-0037740"	"4569618"	"68d72fe0-79b2-4fdb-afd5-6c79676e77f3"	"33965"	"15829"	"97405"	"WilsGa00"	"23122"	"8146"	4	"https://static.www.nfl.com/image/upload/f_auto,q_auto/league/upxwxmhdd8xluztgqwhe"	"WR"	3	"REG"	"A01"	"Garrett"	"WIL691962"	"54475"	"32005749-4c69-1962-4085-d9c826d8709c"	2022	2022	"NYJ"	10
2026	"NYJ"	"WR"	"WR"	5	"ACT"	"Garrett Wilson"	"Garrett"	"Wilson"	"2000-07-22"	72	183	"Ohio State"	"00-0037740"	"4569618"	"68d72fe0-79b2-4fdb-afd5-6c79676e77f3"	"33965"	"15829"	"97405"	"WilsGa00"	"23122"	"8146"	4	"https://static.www.nfl.com/image/upload/f_auto,q_auto/league/upxwxmhdd8xluztgqwhe"	"WR"	4	"REG"	"A01"	"Garrett"	"WIL691962"	"54475"	"32005749-4c69-1962-4085-d9c826d8709c"	2022	2022	"NYJ"	10
2026	"NE"	"WR"	"WR"	87	"ACT"	"Romeo Doubs"	"Romeo"	"Doubs"	"2000-04-13"	74	210	"Nevada"	"00-0037816"	"4361432"	"5f559fde-3a5f-4df6-99a2-cd1a4b103c68"	"34088"	"16027"	"84329"	"DoubRo00"	"23167"	"8121"	4	"https://static.www.nfl.com/image/upload/f_auto,q_auto/league/yxvzijmgwyyigljxfmyb"	"WR"	1	"REG"	"A01"	"Romeo"	"DOU043165"	"54597"	"3200444f-5504-3165-5639-a63528da6f6e"	2022	2022	"GB"	132
2026	"NE"	"WR"	"WR"	87	"ACT"	"Romeo Doubs"	"Romeo"	"Doubs"	"2000-04-13"	74	210	"Nevada"	"00-0037816"	"4361432"	"5f559fde-3a5f-4df6-99a2-cd1a4b103c68"	"34088"	"16027"	"84329"	"DoubRo00"	"23167"	"8121"	4	"https://static.www.nfl.com/image/upload/f_auto,q_auto/league/yxvzijmgwyyigljxfmyb"	"WR"	2	"REG"	"A01"	"Romeo"	"DOU043165"	"54597"	"3200444f-5504-3165-5639-a63528da6f6e"	2022	2022	"GB"	132
2026	"NE"	"WR"	"WR"	87	"ACT"	"Romeo Doubs"	"Romeo"	"Doubs"	"2000-04-13"	74	210	"Nevada"	"00-0037816"	"4361432"	"5f559fde-3a5f-4df6-99a2-cd1a4b103c68"	"34088"	"16027"	"84329"	"DoubRo00"	"23167"	"8121"	4	"https://static.www.nfl.com/image/upload/f_auto,q_auto/league/yxvzijmgwyyigljxfmyb"	"WR"	3	"REG"	"A01"	"Romeo"	"DOU043165"	"54597"	"3200444f-5504-3165-5639-a63528da6f6e"	2022	2022	"GB"	132
2026	"NE"	"WR"	"WR"	87	"ACT"	"Romeo Doubs"	"Romeo"	"Doubs"	"2000-04-13"	74	210	"Nevada"	"00-0037816"	"4361432"	"5f559fde-3a5f-4df6-99a2-cd1a4b103c68"	"34088"	"16027"	"84329"	"DoubRo00"	"23167"	"8121"	4	"https://static.www.nfl.com/image/upload/f_auto,q_auto/league/yxvzijmgwyyigljxfmyb"	"WR"	4	"REG"	"A01"	"Romeo"	"DOU043165"	"54597"	"3200444f-5504-3165-5639-a63528da6f6e"	2022	2022	"GB"	132
2026	"SF"	"QB"	"QB"	13	"ACT"	"Brock Purdy"	"Brock"	"Purdy"	"1999-12-27"	73	220	"Iowa State"	"00-0037834"	"4361741"	"d5aef708-ad61-4ab8-a637-62ff96e92040"	"34218"	"15834"	"77672"	"PurdBr00"	"23241"	"8183"	4	"https://static.www.nfl.com/image/upload/f_auto,q_auto/league/xs2fyj1sqdgwvt9ihbri"	"QB"	1	"REG"	"A01"	"Brock"	"PUR243289"	"54727"	"32005055-5224-3289-b108-8aab5e23b748"	2022	2022	"SF"	262
2026	"SF"	"QB"	"QB"	13	"ACT"	"Brock Purdy"	"Brock"	"Purdy"	"1999-12-27"	73	220	"Iowa State"	"00-0037834"	"4361741"	"d5aef708-ad61-4ab8-a637-62ff96e92040"	"34218"	"15834"	"77672"	"PurdBr00"	"23241"	"8183"	4	"https://static.www.nfl.com/image/upload/f_auto,q_auto/league/xs2fyj1sqdgwvt9ihbri"	"QB"	2	"REG"	"A01"	"Brock"	"PUR243289"	"54727"	"32005055-5224-3289-b108-8aab5e23b748"	2022	2022	"SF"	262
2026	"SF"	"QB"	"QB"	13	"ACT"	"Brock Purdy"	"Brock"	"Purdy"	"1999-12-27"	73	220	"Iowa State"	"00-0037834"	"4361741"	"d5aef708-ad61-4ab8-a637-62ff96e92040"	"34218"	"15834"	"77672"	"PurdBr00"	"23241"	"8183"	4	"https://static.www.nfl.com/image/upload/f_auto,q_auto/league/xs2fyj1sqdgwvt9ihbri"	"QB"	3	"REG"	"A01"	"Brock"	"PUR243289"	"54727"	"32005055-5224-3289-b108-8aab5e23b748"	2022	2022	"SF"	262
2026	"SF"	"QB"	"QB"	13	"ACT"	"Brock Purdy"	"Brock"	"Purdy"	"1999-12-27"	73	220	"Iowa State"	"00-0037834"	"4361741"	"d5aef708-ad61-4ab8-a637-62ff96e92040"	"34218"	"15834"	"77672"	"PurdBr00"	"23241"	"8183"	4	"https://static.www.nfl.com/image/upload/f_auto,q_auto/league/xs2fyj1sqdgwvt9ihbri"	"QB"	4	"REG"	"A01"	"Brock"	"PUR243289"	"54727"	"32005055-5224-3289-b108-8aab5e23b748"	2022	2022	"SF"	262
2026	"NYG"	"TE"	"TE"	9	"ACT"	"Isaiah Likely"	"Isaiah"	"Likely"	"2000-04-18"	76	241	"Coastal Carolina"	"00-0037838"	"4361050"	"f9279edb-cfa7-4f7d-91df-b81cbf3e133e"	"34095"	"16033"	"83955"	"LikeIs00"	"23256"	"8131"	4	"https://static.www.nfl.com/image/upload/f_auto,q_auto/league/b1pahldt9ixp9lssxi2d"	"SLOT_WR"	1	"REG"	"A01"	"Isaiah"	"LIK088990"	"54604"	"32004c49-4b08-8990-7695-dc4768035012"	2022	2022	"BAL"	139
2026	"NYG"	"TE"	"TE"	9	"ACT"	"Isaiah Likely"	"Isaiah"	"Likely"	"2000-04-18"	76	241	"Coastal Carolina"	"00-0037838"	"4361050"	"f9279edb-cfa7-4f7d-91df-b81cbf3e133e"	"34095"	"16033"	"83955"	"LikeIs00"	"23256"	"8131"	4	"https://static.www.nfl.com/image/upload/f_auto,q_auto/league/b1pahldt9ixp9lssxi2d"	"SLOT_WR"	2	"REG"	"A01"	"Isaiah"	"LIK088990"	"54604"	"32004c49-4b08-8990-7695-dc4768035012"	2022	2022	"BAL"	139
2026	"NYG"	"TE"	"TE"	9	"ACT"	"Isaiah Likely"	"Isaiah"	"Likely"	"2000-04-18"	76	241	"Coastal Carolina"	"00-0037838"	"4361050"	"f9279edb-cfa7-4f7d-91df-b81cbf3e133e"	"34095"	"16033"	"83955"	"LikeIs00"	"23256"	"8131"	4	"https://static.www.nfl.com/image/upload/f_auto,q_auto/league/b1pahldt9ixp9lssxi2d"	"SLOT_WR"	3	"REG"	"A01"	"Isaiah"	"LIK088990"	"54604"	"32004c49-4b08-8990-7695-dc4768035012"	2022	2022	"BAL"	139
2026	"NYG"	"TE"	"TE"	9	"ACT"	"Isaiah Likely"	"Isaiah"	"Likely"	"2000-04-18"	76	241	"Coastal Carolina"	"00-0037838"	"4361050"	"f9279edb-cfa7-4f7d-91df-b81cbf3e133e"	"34095"	"16033"	"83955"	"LikeIs00"	"23256"	"8131"	4	"https://static.www.nfl.com/image/upload/f_auto,q_auto/league/b1pahldt9ixp9lssxi2d"	"SLOT_WR"	4	"REG"	"A01"	"Isaiah"	"LIK088990"	"54604"	"32004c49-4b08-8990-7695-dc4768035012"	2022	2022	"BAL"	139
2026	"LA"	"RB"	"RB"	23	"ACT"	"Kyren Williams"	"Kyren"	"Williams"	"2000-08-26"	69	207	"Notre Dame"	"00-0037840"	"4430737"	"19d44771-8f1d-4127-9b7d-230da137f15d"	"34120"	"15807"	"97118"	"WillKy02"	"23212"	"8150"	4	"https://static.www.nfl.com/image/upload/f_auto,q_auto/league/xti3pek6rmojqchakxpy"	"RB"	1	"REG"	"A01"	"Kyren"	"WIL415359"	"54629"	"32005749-4c41-5359-809b-caeaa1db84d0"	2022	2022	"LAR"	164
2026	"LA"	"RB"	"RB"	23	"ACT"	"Kyren Williams"	"Kyren"	"Williams"	"2000-08-26"	69	207	"Notre Dame"	"00-0037840"	"4430737"	"19d44771-8f1d-4127-9b7d-230da137f15d"	"34120"	"15807"	"97118"	"WillKy02"	"23212"	"8150"	4	"https://static.www.nfl.com/image/upload/f_auto,q_auto/league/xti3pek6rmojqchakxpy"	"RB"	2	"REG"	"A01"	"Kyren"	"WIL415359"	"54629"	"32005749-4c41-5359-809b-caeaa1db84d0"	2022	2022	"LAR"	164
2026	"LA"	"RB"	"RB"	23	"ACT"	"Kyren Williams"	"Kyren"	"Williams"	"2000-08-26"	69	207	"Notre Dame"	"00-0037840"	"4430737"	"19d44771-8f1d-4127-9b7d-230da137f15d"	"34120"	"15807"	"97118"	"WillKy02"	"23212"	"8150"	4	"https://static.www.nfl.com/image/upload/f_auto,q_auto/league/xti3pek6rmojqchakxpy"	"RB"	3	"REG"	"A01"	"Kyren"	"WIL415359"	"54629"	"32005749-4c41-5359-809b-caeaa1db84d0"	2022	2022	"LAR"	164
2026	"LA"	"RB"	"RB"	23	"ACT"	"Kyren Williams"	"Kyren"	"Williams"	"2000-08-26"	69	207	"Notre Dame"	"00-0037840"	"4430737"	"19d44771-8f1d-4127-9b7d-230da137f15d"	"34120"	"15807"	"97118"	"WillKy02"	"23212"	"8150"	4	"https://static.www.nfl.com/image/upload/f_auto,q_auto/league/xti3pek6rmojqchakxpy"	"RB"	4	"REG"	"A01"	"Kyren"	"WIL415359"	"54629"	"32005749-4c41-5359-809b-caeaa1db84d0"	2022	2022	"LAR"	164
2026	"TEN"	"WR"	"WR"	4	"ACT"	"Wan'Dale Robinson"	"Charles"	"Robinson"	"2001-01-05"	68	185	"Kentucky"	"00-0038117"	"4569587"	"582dfe0e-98f3-48a5-8a2d-a52baa926b05"	"33998"	"15838"	"101735"	"RobiWa01"	"23170"	"8126"	4	"https://static.www.nfl.com/image/upload/f_auto,q_auto/league/yzcvyhmilvxedfjfjglc"	"SLOT_WR"	1	"REG"	"A01"	"Wan'Dale"	"ROB717726"	"54508"	"3200524f-4271-7726-8cbf-ec8b4c6b1627"	2022	2022	"NYG"	43
2026	"TEN"	"WR"	"WR"	4	"ACT"	"Wan'Dale Robinson"	"Charles"	"Robinson"	"2001-01-05"	68	185	"Kentucky"	"00-0038117"	"4569587"	"582dfe0e-98f3-48a5-8a2d-a52baa926b05"	"33998"	"15838"	"101735"	"RobiWa01"	"23170"	"8126"	4	"https://static.www.nfl.com/image/upload/f_auto,q_auto/league/yzcvyhmilvxedfjfjglc"	"SLOT_WR"	2	"REG"	"A01"	"Wan'Dale"	"ROB717726"	"54508"	"3200524f-4271-7726-8cbf-ec8b4c6b1627"	2022	2022	"NYG"	43
2026	"TEN"	"WR"	"WR"	4	"ACT"	"Wan'Dale Robinson"	"Charles"	"Robinson"	"2001-01-05"	68	185	"Kentucky"	"00-0038117"	"4569587"	"582dfe0e-98f3-48a5-8a2d-a52baa926b05"	"33998"	"15838"	"101735"	"RobiWa01"	"23170"	"8126"	4	"https://static.www.nfl.com/image/upload/f_auto,q_auto/league/yzcvyhmilvxedfjfjglc"	"SLOT_WR"	3	"REG"	"A01"	"Wan'Dale"	"ROB717726"	"54508"	"3200524f-4271-7726-8cbf-ec8b4c6b1627"	2022	2022	"NYG"	43
2026	"TEN"	"WR"	"WR"	4	"ACT"	"Wan'Dale Robinson"	"Charles"	"Robinson"	"2001-01-05"	68	185	"Kentucky"	"00-0038117"	"4569587"	"582dfe0e-98f3-48a5-8a2d-a52baa926b05"	"33998"	"15838"	"101735"	"RobiWa01"	"23170"	"8126"	4	"https://static.www.nfl.com/image/upload/f_auto,q_auto/league/yzcvyhmilvxedfjfjglc"	"SLOT_WR"	4	"REG"	"A01"	"Wan'Dale"	"ROB717726"	"54508"	"3200524f-4271-7726-8cbf-ec8b4c6b1627"	2022	2022	"NYG"	43
2026	"NYJ"	"RB"	"RB"	20	"ACT"	"Breece Hall"	"Breece"	"Hall"	"2001-05-31"	71	220	"Iowa State"	"00-0038120"	"4427366"	"db1053d7-3343-43a3-9aab-8353f10f1221"	"33991"	"15810"	"97636"	"HallBr03"	"22526"	"8155"	4	"https://static.www.nfl.com/image/upload/f_auto,q_auto/league/i01xtqbfajfq68lb6orh"	"RB"	1	"REG"	"A01"	"Breece"	"HAL189796"	"54501"	"32004841-4c18-9796-85f0-25933f010ae8"	2022	2022	"NYJ"	36
2026	"NYJ"	"RB"	"RB"	20	"ACT"	"Breece Hall"	"Breece"	"Hall"	"2001-05-31"	71	220	"Iowa State"	"00-0038120"	"4427366"	"db1053d7-3343-43a3-9aab-8353f10f1221"	"33991"	"15810"	"97636"	"HallBr03"	"22526"	"8155"	4	"https://static.www.nfl.com/image/upload/f_auto,q_auto/league/i01xtqbfajfq68lb6orh"	"RB"	2	"REG"	"A01"	"Breece"	"HAL189796"	"54501"	"32004841-4c18-9796-85f0-25933f010ae8"	2022	2022	"NYJ"	36
2026	"NYJ"	"RB"	"RB"	20	"ACT"	"Breece Hall"	"Breece"	"Hall"	"2001-05-31"	71	220	"Iowa State"	"00-0038120"	"4427366"	"db1053d7-3343-43a3-9aab-8353f10f1221"	"33991"	"15810"	"97636"	"HallBr03"	"22526"	"8155"	4	"https://static.www.nfl.com/image/upload/f_auto,q_auto/league/i01xtqbfajfq68lb6orh"	"RB"	3	"REG"	"A01"	"Breece"	"HAL189796"	"54501"	"32004841-4c18-9796-85f0-25933f010ae8"	2022	2022	"NYJ"	36
2026	"NYJ"	"RB"	"RB"	20	"INA"	"Breece Hall"	"Breece"	"Hall"	"2001-05-31"	71	220	"Iowa State"	"00-0038120"	"4427366"	"db1053d7-3343-43a3-9aab-8353f10f1221"	"33991"	"15810"	"97636"	"HallBr03"	"22526"	"8155"	4	"https://static.www.nfl.com/image/upload/f_auto,q_auto/league/i01xtqbfajfq68lb6orh"	null	4	"REG"	"A01"	"Breece"	"HAL189796"	"54501"	"32004841-4c18-9796-85f0-25933f010ae8"	2022	2022	"NYJ"	36
2026	"GB"	"WR"	"WR"	9	"ACT"	"Christian Watson"	"Christian"	"Watson"	"1999-05-12"	76	215	"North Dakota State"	"00-0038124"	"4248528"	"47d97f44-b4aa-46d2-816c-5b5a1fe48d46"	"33989"	"15946"	"66581"	"WatsCh00"	"23395"	"8167"	4	"https://static.www.nfl.com/image/upload/f_auto,q_auto/league/tumeg4d32sirkab2xzu5"	"WR"	1	"REG"	"A01"	"Christian"	"WAT316591"	"54499"	"32005741-5431-6591-b680-d3a3d3536d62"	2022	2022	"GB"	34
2026	"GB"	"WR"	"WR"	9	"ACT"	"Christian Watson"	"Christian"	"Watson"	"1999-05-12"	76	215	"North Dakota State"	"00-0038124"	"4248528"	"47d97f44-b4aa-46d2-816c-5b5a1fe48d46"	"33989"	"15946"	"66581"	"WatsCh00"	"23395"	"8167"	4	"https://static.www.nfl.com/image/upload/f_auto,q_auto/league/tumeg4d32sirkab2xzu5"	"WR"	2	"REG"	"A01"	"Christian"	"WAT316591"	"54499"	"32005741-5431-6591-b680-d3a3d3536d62"	2022	2022	"GB"	34
2026	"GB"	"WR"	"WR"	9	"ACT"	"Christian Watson"	"Christian"	"Watson"	"1999-05-12"	76	215	"North Dakota State"	"00-0038124"	"4248528"	"47d97f44-b4aa-46d2-816c-5b5a1fe48d46"	"33989"	"15946"	"66581"	"WatsCh00"	"23395"	"8167"	4	"https://static.www.nfl.com/image/upload/f_auto,q_auto/league/tumeg4d32sirkab2xzu5"	"WR"	3	"REG"	"A01"	"Christian"	"WAT316591"	"54499"	"32005741-5431-6591-b680-d3a3d3536d62"	2022	2022	"GB"	34
2026	"GB"	"WR"	"WR"	9	"ACT"	"Christian Watson"	"Christian"	"Watson"	"1999-05-12"	76	215	"North Dakota State"	"00-0038124"	"4248528"	"47d97f44-b4aa-46d2-816c-5b5a1fe48d46"	"33989"	"15946"	"66581"	"WatsCh00"	"23395"	"8167"	4	"https://static.www.nfl.com/image/upload/f_auto,q_auto/league/tumeg4d32sirkab2xzu5"	"WR"	4	"REG"	"A01"	"Christian"	"WAT316591"	"54499"	"32005741-5431-6591-b680-d3a3d3536d62"	2022	2022	"GB"	34
2026	"KC"	"RB"	"RB"	9	"ACT"	"Kenneth Walker III"	"Kenneth"	"Walker"	"2000-10-20"	69	210	"Michigan State; Wake Forest"	"00-0038134"	"4567048"	"22ee9bac-a64c-4d44-94fc-51d775465b3b"	"33996"	"15909"	"97199"	"WalkKe00"	"23214"	"8151"	4	"https://static.www.nfl.com/image/upload/f_auto,q_auto/league/vk6nruaqdewdglofcwwg"	"RB"	1	"REG"	"A01"	"Kenneth"	"WAL391813"	"54506"	"32005741-4c39-1813-7d3e-48047712136d"	2022	2022	"SEA"	41
2026	"KC"	"RB"	"RB"	9	"ACT"	"Kenneth Walker III"	"Kenneth"	"Walker"	"2000-10-20"	69	210	"Michigan State; Wake Forest"	"00-0038134"	"4567048"	"22ee9bac-a64c-4d44-94fc-51d775465b3b"	"33996"	"15909"	"97199"	"WalkKe00"	"23214"	"8151"	4	"https://static.www.nfl.com/image/upload/f_auto,q_auto/league/vk6nruaqdewdglofcwwg"	"RB"	2	"REG"	"A01"	"Kenneth"	"WAL391813"	"54506"	"32005741-4c39-1813-7d3e-48047712136d"	2022	2022	"SEA"	41
2026	"KC"	"RB"	"RB"	9	"ACT"	"Kenneth Walker III"	"Kenneth"	"Walker"	"2000-10-20"	69	210	"Michigan State; Wake Forest"	"00-0038134"	"4567048"	"22ee9bac-a64c-4d44-94fc-51d775465b3b"	"33996"	"15909"	"97199"	"WalkKe00"	"23214"	"8151"	4	"https://static.www.nfl.com/image/upload/f_auto,q_auto/league/vk6nruaqdewdglofcwwg"	"RB"	3	"REG"	"A01"	"Kenneth"	"WAL391813"	"54506"	"32005741-4c39-1813-7d3e-48047712136d"	2022	2022	"SEA"	41
2026	"KC"	"RB"	"RB"	9	"ACT"	"Kenneth Walker III"	"Kenneth"	"Walker"	"2000-10-20"	69	210	"Michigan State; Wake Forest"	"00-0038134"	"4567048"	"22ee9bac-a64c-4d44-94fc-51d775465b3b"	"33996"	"15909"	"97199"	"WalkKe00"	"23214"	"8151"	4	"https://static.www.nfl.com/image/upload/f_auto,q_auto/league/vk6nruaqdewdglofcwwg"	"RB"	4	"REG"	"A01"	"Kenneth"	"WAL391813"	"54506"	"32005741-4c39-1813-7d3e-48047712136d"	2022	2022	"SEA"	41
2026	"LAC"	"RB"	"RB"	34	"ACT"	"Keaton Mitchell"	"Keaton"	"Mitchell"	"2002-01-17"	68	190	"East Carolina"	"00-0038454"	"4596334"	"16341d80-f01f-11ed-97df-a94b89ac5704"	"40641"	"16810"	"123826"	"MitcKe01"	"24214"	"9511"	3	"https://static.www.nfl.com/image/upload/f_auto,q_auto/league/ztciwwpbyaffmckwrzdk"	"RB"	1	"REG"	"A01"	"Keaton"	"MIT376653"	"56205"	"32004d49-5437-6653-df6c-6e9f57253f37"	2023	2023	null	null
2026	"LAC"	"RB"	"RB"	34	"ACT"	"Keaton Mitchell"	"Keaton"	"Mitchell"	"2002-01-17"	68	190	"East Carolina"	"00-0038454"	"4596334"	"16341d80-f01f-11ed-97df-a94b89ac5704"	"40641"	"16810"	"123826"	"MitcKe01"	"24214"	"9511"	3	"https://static.www.nfl.com/image/upload/f_auto,q_auto/league/ztciwwpbyaffmckwrzdk"	"RB"	2	"REG"	"A01"	"Keaton"	"MIT376653"	"56205"	"32004d49-5437-6653-df6c-6e9f57253f37"	2023	2023	null	null
2026	"LAC"	"RB"	"RB"	34	"ACT"	"Keaton Mitchell"	"Keaton"	"Mitchell"	"2002-01-17"	68	190	"East Carolina"	"00-0038454"	"4596334"	"16341d80-f01f-11ed-97df-a94b89ac5704"	"40641"	"16810"	"123826"	"MitcKe01"	"24214"	"9511"	3	"https://static.www.nfl.com/image/upload/f_auto,q_auto/league/ztciwwpbyaffmckwrzdk"	"RB"	3	"REG"	"A01"	"Keaton"	"MIT376653"	"56205"	"32004d49-5437-6653-df6c-6e9f57253f37"	2023	2023	null	null
2026	"LAC"	"RB"	"RB"	34	"ACT"	"Keaton Mitchell"	"Keaton"	"Mitchell"	"2002-01-17"	68	190	"East Carolina"	"00-0038454"	"4596334"	"16341d80-f01f-11ed-97df-a94b89ac5704"	"40641"	"16810"	"123826"	"MitcKe01"	"24214"	"9511"	3	"https://static.www.nfl.com/image/upload/f_auto,q_auto/league/ztciwwpbyaffmckwrzdk"	"RB"	4	"REG"	"A01"	"Keaton"	"MIT376653"	"56205"	"32004d49-5437-6653-df6c-6e9f57253f37"	2023	2023	null	null
2026	"LAC"	"WR"	"WR"	1	"ACT"	"Quentin Johnston"	"Quentin"	"Johnston"	"2001-09-06"	74	208	"TCU"	"00-0038544"	"4429025"	"e648bc98-bc81-44d0-8d4b-b9223c497ff4"	"40051"	"16899"	"123085"	"JohnQu02"	"24226"	"9754"	3	"https://static.www.nfl.com/image/upload/f_auto,q_auto/league/lyvsrjh4mjb4dqwp6shm"	"WR"	1	"REG"	"A01"	"Quentin"	"JOH823261"	"55885"	"32004a4f-4882-3261-dcd8-a43c8f7c5608"	2023	2023	"LAC"	21
2026	"LAC"	"WR"	"WR"	1	"ACT"	"Quentin Johnston"	"Quentin"	"Johnston"	"2001-09-06"	74	208	"TCU"	"00-0038544"	"4429025"	"e648bc98-bc81-44d0-8d4b-b9223c497ff4"	"40051"	"16899"	"123085"	"JohnQu02"	"24226"	"9754"	3	"https://static.www.nfl.com/image/upload/f_auto,q_auto/league/lyvsrjh4mjb4dqwp6shm"	"WR"	2	"REG"	"A01"	"Quentin"	"JOH823261"	"55885"	"32004a4f-4882-3261-dcd8-a43c8f7c5608"	2023	2023	"LAC"	21
2026	"LAC"	"WR"	"WR"	1	"ACT"	"Quentin Johnston"	"Quentin"	"Johnston"	"2001-09-06"	74	208	"TCU"	"00-0038544"	"4429025"	"e648bc98-bc81-44d0-8d4b-b9223c497ff4"	"40051"	"16899"	"123085"	"JohnQu02"	"24226"	"9754"	3	"https://static.www.nfl.com/image/upload/f_auto,q_auto/league/lyvsrjh4mjb4dqwp6shm"	"WR"	3	"REG"	"A01"	"Quentin"	"JOH823261"	"55885"	"32004a4f-4882-3261-dcd8-a43c8f7c5608"	2023	2023	"LAC"	21
2026	"LAC"	"WR"	"WR"	1	"ACT"	"Quentin Johnston"	"Quentin"	"Johnston"	"2001-09-06"	74	208	"TCU"	"00-0038544"	"4429025"	"e648bc98-bc81-44d0-8d4b-b9223c497ff4"	"40051"	"16899"	"123085"	"JohnQu02"	"24226"	"9754"	3	"https://static.www.nfl.com/image/upload/f_auto,q_auto/league/lyvsrjh4mjb4dqwp6shm"	"WR"	4	"REG"	"A01"	"Quentin"	"JOH823261"	"55885"	"32004a4f-4882-3261-dcd8-a43c8f7c5608"	2023	2023	"LAC"	21
2026	"ARI"	"WR"	"WR"	14	"ACT"	"Michael Wilson"	"Michael"	"Wilson"	"2000-02-23"	74	213	"Stanford"	"00-0038559"	"4360761"	"b91be982-fccd-448e-869b-e9b5148a1730"	"40121"	"16957"	"84423"	"WilsMi02"	"24173"	"10232"	3	"https://static.www.nfl.com/image/upload/f_auto,q_auto/league/hm2b9z4zujjmbiyldh8n"	"WR"	1	"REG"	"A01"	"Michael"	"WIL752419"	"55959"	"32005749-4c75-2419-b58e-7c21d98d871e"	2023	2023	"AZ"	94
2026	"ARI"	"WR"	"WR"	14	"ACT"	"Michael Wilson"	"Michael"	"Wilson"	"2000-02-23"	74	213	"Stanford"	"00-0038559"	"4360761"	"b91be982-fccd-448e-869b-e9b5148a1730"	"40121"	"16957"	"84423"	"WilsMi02"	"24173"	"10232"	3	"https://static.www.nfl.com/image/upload/f_auto,q_auto/league/hm2b9z4zujjmbiyldh8n"	"WR"	2	"REG"	"A01"	"Michael"	"WIL752419"	"55959"	"32005749-4c75-2419-b58e-7c21d98d871e"	2023	2023	"AZ"	94
2026	"ARI"	"WR"	"WR"	14	"ACT"	"Michael Wilson"	"Michael"	"Wilson"	"2000-02-23"	74	213	"Stanford"	"00-0038559"	"4360761"	"b91be982-fccd-448e-869b-e9b5148a1730"	"40121"	"16957"	"84423"	"WilsMi02"	"24173"	"10232"	3	"https://static.www.nfl.com/image/upload/f_auto,q_auto/league/hm2b9z4zujjmbiyldh8n"	"WR"	3	"REG"	"A01"	"Michael"	"WIL752419"	"55959"	"32005749-4c75-2419-b58e-7c21d98d871e"	2023	2023	"AZ"	94
2026	"ARI"	"WR"	"WR"	14	"ACT"	"Michael Wilson"	"Michael"	"Wilson"	"2000-02-23"	74	213	"Stanford"	"00-0038559"	"4360761"	"b91be982-fccd-448e-869b-e9b5148a1730"	"40121"	"16957"	"84423"	"WilsMi02"	"24173"	"10232"	3	"https://static.www.nfl.com/image/upload/f_auto,q_auto/league/hm2b9z4zujjmbiyldh8n"	"WR"	4	"REG"	"A01"	"Michael"	"WIL752419"	"55959"	"32005749-4c75-2419-b58e-7c21d98d871e"	2023	2023	"AZ"	94
2026	"CIN"	"RB"	"RB"	30	"ACT"	"Chase Brown"	"Chase"	"Brown"	"2000-03-21"	70	210	"Illinois; Western Michigan"	"00-0038597"	"4362238"	"d74ff06d-905d-4fed-8f98-b5f6d4549333"	"40196"	"16934"	"77787"	"BrowCh10"	"24374"	"9224"	3	"https://static.www.nfl.com/image/upload/f_auto,q_auto/league/tch3y6jlj7khvyi9jg0c"	"RB"	1	"REG"	"A01"	"Chase"	"BRO340581"	"56028"	"32004252-4f34-0581-a205-5f41836f80e9"	2023	2023	"CIN"	163
2026	"CIN"	"RB"	"RB"	30	"ACT"	"Chase Brown"	"Chase"	"Brown"	"2000-03-21"	70	210	"Illinois; Western Michigan"	"00-0038597"	"4362238"	"d74ff06d-905d-4fed-8f98-b5f6d4549333"	"40196"	"16934"	"77787"	"BrowCh10"	"24374"	"9224"	3	"https://static.www.nfl.com/image/upload/f_auto,q_auto/league/tch3y6jlj7khvyi9jg0c"	"RB"	2	"REG"	"A01"	"Chase"	"BRO340581"	"56028"	"32004252-4f34-0581-a205-5f41836f80e9"	2023	2023	"CIN"	163
2026	"CIN"	"RB"	"RB"	30	"ACT"	"Chase Brown"	"Chase"	"Brown"	"2000-03-21"	70	210	"Illinois; Western Michigan"	"00-0038597"	"4362238"	"d74ff06d-905d-4fed-8f98-b5f6d4549333"	"40196"	"16934"	"77787"	"BrowCh10"	"24374"	"9224"	3	"https://static.www.nfl.com/image/upload/f_auto,q_auto/league/tch3y6jlj7khvyi9jg0c"	"RB"	3	"REG"	"A01"	"Chase"	"BRO340581"	"56028"	"32004252-4f34-0581-a205-5f41836f80e9"	2023	2023	"CIN"	163
2026	"CIN"	"RB"	"RB"	30	"ACT"	"Chase Brown"	"Chase"	"Brown"	"2000-03-21"	70	210	"Illinois; Western Michigan"	"00-0038597"	"4362238"	"d74ff06d-905d-4fed-8f98-b5f6d4549333"	"40196"	"16934"	"77787"	"BrowCh10"	"24374"	"9224"	3	"https://static.www.nfl.com/image/upload/f_auto,q_auto/league/tch3y6jlj7khvyi9jg0c"	"RB"	4	"REG"	"A01"	"Chase"	"BRO340581"	"56028"	"32004252-4f34-0581-a205-5f41836f80e9"	2023	2023	"CIN"	163
2026	"JAX"	"WR"	"WR"	11	"ACT"	"Parker Washington"	"Christopher"	"Washington"	"2002-03-21"	70	204	"Penn State"	"00-0038606"	"4432620"	"c05863ec-3414-4ae6-a8d2-830aed99b6d3"	"40234"	"16690"	"129799"	"WashPa01"	"24143"	"9487"	3	"https://static.www.nfl.com/image/upload/f_auto,q_auto/league/yn0hc5xrz5nqeccg8two"	"WR"	1	"REG"	"A01"	"Parker"	"WAS604325"	"56050"	"32005741-5360-4325-2e4f-b11d5ed26427"	2023	2023	"JAX"	185
2026	"JAX"	"WR"	"WR"	11	"ACT"	"Parker Washington"	"Christopher"	"Washington"	"2002-03-21"	70	204	"Penn State"	"00-0038606"	"4432620"	"c05863ec-3414-4ae6-a8d2-830aed99b6d3"	"40234"	"16690"	"129799"	"WashPa01"	"24143"	"9487"	3	"https://static.www.nfl.com/image/upload/f_auto,q_auto/league/yn0hc5xrz5nqeccg8two"	"WR"	2	"REG"	"A01"	"Parker"	"WAS604325"	"56050"	"32005741-5360-4325-2e4f-b11d5ed26427"	2023	2023	"JAX"	185
2026	"JAX"	"WR"	"WR"	11	"ACT"	"Parker Washington"	"Christopher"	"Washington"	"2002-03-21"	70	204	"Penn State"	"00-0038606"	"4432620"	"c05863ec-3414-4ae6-a8d2-830aed99b6d3"	"40234"	"16690"	"129799"	"WashPa01"	"24143"	"9487"	3	"https://static.www.nfl.com/image/upload/f_auto,q_auto/league/yn0hc5xrz5nqeccg8two"	"WR"	3	"REG"	"A01"	"Parker"	"WAS604325"	"56050"	"32005741-5360-4325-2e4f-b11d5ed26427"	2023	2023	"JAX"	185
2026	"JAX"	"WR"	"WR"	11	"ACT"	"Parker Washington"	"Christopher"	"Washington"	"2002-03-21"	70	204	"Penn State"	"00-0038606"	"4432620"	"c05863ec-3414-4ae6-a8d2-830aed99b6d3"	"40234"	"16690"	"129799"	"WashPa01"	"24143"	"9487"	3	"https://static.www.nfl.com/image/upload/f_auto,q_auto/league/yn0hc5xrz5nqeccg8two"	"WR"	4	"REG"	"A01"	"Parker"	"WAS604325"	"56050"	"32005741-5360-4325-2e4f-b11d5ed26427"	2023	2023	"JAX"	185
2026	"JAX"	"RB"	"RB"	24	"ACT"	"Chris Rodriguez Jr."	"Christopher"	"Rodriguez"	"1999-09-26"	71	224	"Kentucky"	"00-0038611"	"4362619"	"ae5c4758-cb53-4f17-8763-b91381036af3"	"40231"	"16933"	"83689"	"RodrCh00"	"23237"	"10219"	3	"https://static.www.nfl.com/image/upload/f_auto,q_auto/league/pknd5uajvpvfd8c744im"	"RB"	1	"REG"	"A01"	"Chris"	"ROD797090"	"56058"	"3200524f-4479-7090-bc9d-40ffbbc0f4c6"	2023	2023	"WAS"	193
2026	"JAX"	"RB"	"RB"	24	"ACT"	"Chris Rodriguez Jr."	"Christopher"	"Rodriguez"	"1999-09-26"	71	224	"Kentucky"	"00-0038611"	"4362619"	"ae5c4758-cb53-4f17-8763-b91381036af3"	"40231"	"16933"	"83689"	"RodrCh00"	"23237"	"10219"	3	"https://static.www.nfl.com/image/upload/f_auto,q_auto/league/pknd5uajvpvfd8c744im"	"RB"	2	"REG"	"A01"	"Chris"	"ROD797090"	"56058"	"3200524f-4479-7090-bc9d-40ffbbc0f4c6"	2023	2023	"WAS"	193
2026	"JAX"	"RB"	"RB"	24	"ACT"	"Chris Rodriguez Jr."	"Christopher"	"Rodriguez"	"1999-09-26"	71	224	"Kentucky"	"00-0038611"	"4362619"	"ae5c4758-cb53-4f17-8763-b91381036af3"	"40231"	"16933"	"83689"	"RodrCh00"	"23237"	"10219"	3	"https://static.www.nfl.com/image/upload/f_auto,q_auto/league/pknd5uajvpvfd8c744im"	"RB"	3	"REG"	"A01"	"Chris"	"ROD797090"	"56058"	"3200524f-4479-7090-bc9d-40ffbbc0f4c6"	2023	2023	"WAS"	193
2026	"JAX"	"RB"	"RB"	24	"ACT"	"Chris Rodriguez Jr."	"Christopher"	"Rodriguez"	"1999-09-26"	71	224	"Kentucky"	"00-0038611"	"4362619"	"ae5c4758-cb53-4f17-8763-b91381036af3"	"40231"	"16933"	"83689"	"RodrCh00"	"23237"	"10219"	3	"https://static.www.nfl.com/image/upload/f_auto,q_auto/league/pknd5uajvpvfd8c744im"	"RB"	4	"REG"	"A01"	"Chris"	"ROD797090"	"56058"	"3200524f-4479-7090-bc9d-40ffbbc0f4c6"	2023	2023	"WAS"	193
2026	"SEA"	"RB"	"RB"	23	"ACT"	"Emanuel Wilson"	"Emanuel"	"Wilson"	"1999-05-08"	70	226	"Fort Valley State College"	"00-0038797"	"4887558"	"05266280-f323-11ed-bd27-0bcbcaae8d67"	"40707"	"17593"	"154173"	"WilsEm00"	"24309"	"11435"	3	"https://static.www.nfl.com/image/upload/f_auto,q_auto/league/uorruvczsxzvffpbxu8z"	"RB"	1	"REG"	"A01"	"Emanuel"	"WIL682260"	"56516"	"32005749-4c68-2260-5e7f-2ef51fd68bf8"	2023	2023	null	null
2026	"SEA"	"RB"	"RB"	23	"ACT"	"Emanuel Wilson"	"Emanuel"	"Wilson"	"1999-05-08"	70	226	"Fort Valley State College"	"00-0038797"	"4887558"	"05266280-f323-11ed-bd27-0bcbcaae8d67"	"40707"	"17593"	"154173"	"WilsEm00"	"24309"	"11435"	3	"https://static.www.nfl.com/image/upload/f_auto,q_auto/league/uorruvczsxzvffpbxu8z"	"RB"	2	"REG"	"A01"	"Emanuel"	"WIL682260"	"56516"	"32005749-4c68-2260-5e7f-2ef51fd68bf8"	2023	2023	null	null
2026	"SEA"	"RB"	"RB"	23	"ACT"	"Emanuel Wilson"	"Emanuel"	"Wilson"	"1999-05-08"	70	226	"Fort Valley State College"	"00-0038797"	"4887558"	"05266280-f323-11ed-bd27-0bcbcaae8d67"	"40707"	"17593"	"154173"	"WilsEm00"	"24309"	"11435"	3	"https://static.www.nfl.com/image/upload/f_auto,q_auto/league/uorruvczsxzvffpbxu8z"	"RB"	3	"REG"	"A01"	"Emanuel"	"WIL682260"	"56516"	"32005749-4c68-2260-5e7f-2ef51fd68bf8"	2023	2023	null	null
2026	"SEA"	"RB"	"RB"	23	"ACT"	"Emanuel Wilson"	"Emanuel"	"Wilson"	"1999-05-08"	70	226	"Fort Valley State College"	"00-0038797"	"4887558"	"05266280-f323-11ed-bd27-0bcbcaae8d67"	"40707"	"17593"	"154173"	"WilsEm00"	"24309"	"11435"	3	"https://static.www.nfl.com/image/upload/f_auto,q_auto/league/uorruvczsxzvffpbxu8z"	"RB"	4	"REG"	"A01"	"Emanuel"	"WIL682260"	"56516"	"32005749-4c68-2260-5e7f-2ef51fd68bf8"	2023	2023	null	null
2026	"BUF"	"TE"	"TE"	86	"ACT"	"Dalton Kincaid"	"Dalton"	"Kincaid"	"1999-10-18"	75	246	"Utah; Univ of California-San Diego"	"00-0038933"	"4385690"	"b961fa15-0676-4948-b95f-56d06319d40e"	"40048"	"16697"	"91791"	"KincDa00"	"24102"	"10236"	3	"https://static.www.nfl.com/image/upload/f_auto,q_auto/league/z7k857flehljboaixj8m"	"WR"	1	"REG"	"A01"	"Dalton"	"KIN069130"	"55889"	"32004b49-4e06-9130-e563-7edd228031c8"	2023	2023	"BUF"	25
2026	"BUF"	"TE"	"TE"	86	"ACT"	"Dalton Kincaid"	"Dalton"	"Kincaid"	"1999-10-18"	75	246	"Utah; Univ of California-San Diego"	"00-0038933"	"4385690"	"b961fa15-0676-4948-b95f-56d06319d40e"	"40048"	"16697"	"91791"	"KincDa00"	"24102"	"10236"	3	"https://static.www.nfl.com/image/upload/f_auto,q_auto/league/z7k857flehljboaixj8m"	"TE"	2	"REG"	"A01"	"Dalton"	"KIN069130"	"55889"	"32004b49-4e06-9130-e563-7edd228031c8"	2023	2023	"BUF"	25
2026	"BUF"	"TE"	"TE"	86	"ACT"	"Dalton Kincaid"	"Dalton"	"Kincaid"	"1999-10-18"	75	246	"Utah; Univ of California-San Diego"	"00-0038933"	"4385690"	"b961fa15-0676-4948-b95f-56d06319d40e"	"40048"	"16697"	"91791"	"KincDa00"	"24102"	"10236"	3	"https://static.www.nfl.com/image/upload/f_auto,q_auto/league/z7k857flehljboaixj8m"	"SLOT_WR"	3	"REG"	"A01"	"Dalton"	"KIN069130"	"55889"	"32004b49-4e06-9130-e563-7edd228031c8"	2023	2023	"BUF"	25
2026	"BUF"	"TE"	"TE"	86	"ACT"	"Dalton Kincaid"	"Dalton"	"Kincaid"	"1999-10-18"	75	246	"Utah; Univ of California-San Diego"	"00-0038933"	"4385690"	"b961fa15-0676-4948-b95f-56d06319d40e"	"40048"	"16697"	"91791"	"KincDa00"	"24102"	"10236"	3	"https://static.www.nfl.com/image/upload/f_auto,q_auto/league/z7k857flehljboaixj8m"	"TE"	4	"REG"	"A01"	"Dalton"	"KIN069130"	"55889"	"32004b49-4e06-9130-e563-7edd228031c8"	2023	2023	"BUF"	25
2026	"HOU"	"WR"	"WR"	1	"RES"	"Tank Dell"	"Nathaniel"	"Dell"	"1999-10-29"	70	165	"Houston; Independence Comm. College; Alabama A&M"	"00-0038977"	"4366031"	"25e7b423-f716-4d1a-9623-cee3e7d822ab"	"40097"	"16935"	"78874"	"DellNa00"	"24176"	"9502"	3	"https://static.www.nfl.com/image/upload/f_auto,q_auto/league/dzjep37g7fqdweqtncso"	null	1	"REG"	"R48"	"Tank"	"DEL440817"	"55934"	"32004445-4c44-0817-a646-b67c3fe533fb"	2023	2023	"HOU"	69
2026	"HOU"	"WR"	"WR"	1	"RES"	"Tank Dell"	"Nathaniel"	"Dell"	"1999-10-29"	70	165	"Houston; Independence Comm. College; Alabama A&M"	"00-0038977"	"4366031"	"25e7b423-f716-4d1a-9623-cee3e7d822ab"	"40097"	"16935"	"78874"	"DellNa00"	"24176"	"9502"	3	"https://static.www.nfl.com/image/upload/f_auto,q_auto/league/dzjep37g7fqdweqtncso"	null	2	"REG"	"R48"	"Tank"	"DEL440817"	"55934"	"32004445-4c44-0817-a646-b67c3fe533fb"	2023	2023	"HOU"	69
2026	"HOU"	"WR"	"WR"	1	"RES"	"Tank Dell"	"Nathaniel"	"Dell"	"1999-10-29"	70	165	"Houston; Independence Comm. College; Alabama A&M"	"00-0038977"	"4366031"	"25e7b423-f716-4d1a-9623-cee3e7d822ab"	"40097"	"16935"	"78874"	"DellNa00"	"24176"	"9502"	3	"https://static.www.nfl.com/image/upload/f_auto,q_auto/league/dzjep37g7fqdweqtncso"	null	3	"REG"	"R48"	"Tank"	"DEL440817"	"55934"	"32004445-4c44-0817-a646-b67c3fe533fb"	2023	2023	"HOU"	69
2026	"HOU"	"WR"	"WR"	1	"RES"	"Tank Dell"	"Nathaniel"	"Dell"	"1999-10-29"	70	165	"Houston; Independence Comm. College; Alabama A&M"	"00-0038977"	"4366031"	"25e7b423-f716-4d1a-9623-cee3e7d822ab"	"40097"	"16935"	"78874"	"DellNa00"	"24176"	"9502"	3	"https://static.www.nfl.com/image/upload/f_auto,q_auto/league/dzjep37g7fqdweqtncso"	null	4	"REG"	"R48"	"Tank"	"DEL440817"	"55934"	"32004445-4c44-0817-a646-b67c3fe533fb"	2023	2023	"HOU"	69
2026	"MIN"	"WR"	"WR"	3	"ACT"	"Jordan Addison"	"Jordan"	"Addison"	"2002-01-27"	71	179	"USC; Pittsburgh"	"00-0038994"	"4429205"	"63fdd64e-1a23-4b77-9536-b1609f3a708c"	"40042"	"16895"	"123000"	"AddiJo00"	"23162"	"9756"	3	"https://static.www.nfl.com/image/upload/f_auto,q_auto/league/mi4lzk9gvjrvo6rwdf1e"	"WR"	1	"REG"	"A01"	"Jordan"	"ADD491056"	"55887"	"32004144-4449-1056-9ba9-b09766bad478"	2023	2023	"MIN"	23
2026	"MIN"	"WR"	"WR"	3	"ACT"	"Jordan Addison"	"Jordan"	"Addison"	"2002-01-27"	71	179	"USC; Pittsburgh"	"00-0038994"	"4429205"	"63fdd64e-1a23-4b77-9536-b1609f3a708c"	"40042"	"16895"	"123000"	"AddiJo00"	"23162"	"9756"	3	"https://static.www.nfl.com/image/upload/f_auto,q_auto/league/mi4lzk9gvjrvo6rwdf1e"	"WR"	2	"REG"	"A01"	"Jordan"	"ADD491056"	"55887"	"32004144-4449-1056-9ba9-b09766bad478"	2023	2023	"MIN"	23
2026	"MIN"	"WR"	"WR"	3	"ACT"	"Jordan Addison"	"Jordan"	"Addison"	"2002-01-27"	71	179	"USC; Pittsburgh"	"00-0038994"	"4429205"	"63fdd64e-1a23-4b77-9536-b1609f3a708c"	"40042"	"16895"	"123000"	"AddiJo00"	"23162"	"9756"	3	"https://static.www.nfl.com/image/upload/f_auto,q_auto/league/mi4lzk9gvjrvo6rwdf1e"	"WR"	3	"REG"	"A01"	"Jordan"	"ADD491056"	"55887"	"32004144-4449-1056-9ba9-b09766bad478"	2023	2023	"MIN"	23
2026	"MIN"	"WR"	"WR"	3	"ACT"	"Jordan Addison"	"Jordan"	"Addison"	"2002-01-27"	71	179	"USC; Pittsburgh"	"00-0038994"	"4429205"	"63fdd64e-1a23-4b77-9536-b1609f3a708c"	"40042"	"16895"	"123000"	"AddiJo00"	"23162"	"9756"	3	"https://static.www.nfl.com/image/upload/f_auto,q_auto/league/mi4lzk9gvjrvo6rwdf1e"	"WR"	4	"REG"	"A01"	"Jordan"	"ADD491056"	"55887"	"32004144-4449-1056-9ba9-b09766bad478"	2023	2023	"MIN"	23
2026	"GB"	"TE"	"TE"	85	"ACT"	"Tucker Kraft"	"Tucker"	"Kraft"	"2000-11-03"	77	259	"South Dakota State"	"00-0038996"	"4572680"	"3a084c5f-6b9f-4703-a0c7-1566bc4b1129"	"40102"	"16649"	"104034"	"KrafTu00"	"24118"	"9484"	3	"https://static.www.nfl.com/image/upload/f_auto,q_auto/league/n6vu44jbq31rydoaadaq"	"TE"	1	"REG"	"A01"	"Tucker"	"KRA144054"	"55943"	"32004b52-4114-4054-e146-c099ad4f2842"	2023	2023	"GB"	78
2026	"GB"	"TE"	"TE"	85	"ACT"	"Tucker Kraft"	"Tucker"	"Kraft"	"2000-11-03"	77	259	"South Dakota State"	"00-0038996"	"4572680"	"3a084c5f-6b9f-4703-a0c7-1566bc4b1129"	"40102"	"16649"	"104034"	"KrafTu00"	"24118"	"9484"	3	"https://static.www.nfl.com/image/upload/f_auto,q_auto/league/n6vu44jbq31rydoaadaq"	"TE"	2	"REG"	"A01"	"Tucker"	"KRA144054"	"55943"	"32004b52-4114-4054-e146-c099ad4f2842"	2023	2023	"GB"	78
2026	"GB"	"TE"	"TE"	85	"ACT"	"Tucker Kraft"	"Tucker"	"Kraft"	"2000-11-03"	77	259	"South Dakota State"	"00-0038996"	"4572680"	"3a084c5f-6b9f-4703-a0c7-1566bc4b1129"	"40102"	"16649"	"104034"	"KrafTu00"	"24118"	"9484"	3	"https://static.www.nfl.com/image/upload/f_auto,q_auto/league/n6vu44jbq31rydoaadaq"	"TE"	3	"REG"	"A01"	"Tucker"	"KRA144054"	"55943"	"32004b52-4114-4054-e146-c099ad4f2842"	2023	2023	"GB"	78
2026	"GB"	"TE"	"TE"	85	"ACT"	"Tucker Kraft"	"Tucker"	"Kraft"	"2000-11-03"	77	259	"South Dakota State"	"00-0038996"	"4572680"	"3a084c5f-6b9f-4703-a0c7-1566bc4b1129"	"40102"	"16649"	"104034"	"KrafTu00"	"24118"	"9484"	3	"https://static.www.nfl.com/image/upload/f_auto,q_auto/league/n6vu44jbq31rydoaadaq"	"TE"	4	"REG"	"A01"	"Tucker"	"KRA144054"	"55943"	"32004b52-4114-4054-e146-c099ad4f2842"	2023	2023	"GB"	78
2026	"IND"	"WR"	"WR"	2	"ACT"	"Josh Downs"	"Joshua"	"Downs"	"2001-08-12"	69	171	"North Carolina"	"00-0038997"	"4688813"	"dd227f4a-0785-482d-a28b-f231c7f3b73f"	"40126"	"16689"	"122832"	"DownJo00"	"24145"	"9500"	3	"https://static.www.nfl.com/image/upload/f_auto,q_auto/league/z3wahaxpmc6d5lcxgh60"	"SLOT_WR"	1	"REG"	"A01"	"Josh"	"DOW686145"	"55944"	"3200444f-5768-6145-dd60-3fbae406310a"	2023	2023	"IND"	79
2026	"IND"	"WR"	"WR"	2	"ACT"	"Josh Downs"	"Joshua"	"Downs"	"2001-08-12"	69	171	"North Carolina"	"00-0038997"	"4688813"	"dd227f4a-0785-482d-a28b-f231c7f3b73f"	"40126"	"16689"	"122832"	"DownJo00"	"24145"	"9500"	3	"https://static.www.nfl.com/image/upload/f_auto,q_auto/league/z3wahaxpmc6d5lcxgh60"	"WR"	2	"REG"	"A01"	"Josh"	"DOW686145"	"55944"	"3200444f-5768-6145-dd60-3fbae406310a"	2023	2023	"IND"	79
2026	"IND"	"WR"	"WR"	2	"ACT"	"Josh Downs"	"Joshua"	"Downs"	"2001-08-12"	69	171	"North Carolina"	"00-0038997"	"4688813"	"dd227f4a-0785-482d-a28b-f231c7f3b73f"	"40126"	"16689"	"122832"	"DownJo00"	"24145"	"9500"	3	"https://static.www.nfl.com/image/upload/f_auto,q_auto/league/z3wahaxpmc6d5lcxgh60"	"SLOT_WR"	3	"REG"	"A01"	"Josh"	"DOW686145"	"55944"	"3200444f-5768-6145-dd60-3fbae406310a"	2023	2023	"IND"	79
2026	"IND"	"WR"	"WR"	2	"ACT"	"Josh Downs"	"Joshua"	"Downs"	"2001-08-12"	69	171	"North Carolina"	"00-0038997"	"4688813"	"dd227f4a-0785-482d-a28b-f231c7f3b73f"	"40126"	"16689"	"122832"	"DownJo00"	"24145"	"9500"	3	"https://static.www.nfl.com/image/upload/f_auto,q_auto/league/z3wahaxpmc6d5lcxgh60"	"WR"	4	"REG"	"A01"	"Josh"	"DOW686145"	"55944"	"3200444f-5768-6145-dd60-3fbae406310a"	2023	2023	"IND"	79
2026	"MIA"	"RB"	"RB"	28	"ACT"	"De'Von Achane"	"Devon"	"Achane"	"2001-10-13"	69	195	"Texas A&M"	"00-0039040"	"4429160"	"a4ef921b-8767-4b4f-a651-7675c00f9af0"	"40118"	"16661"	"124305"	"AchaDe00"	"24179"	"9226"	3	"https://static.www.nfl.com/image/upload/f_auto,q_auto/league/xk1xwio0bryfxo1ylweu"	"RB"	1	"REG"	"A01"	"Devon"	"ACH103822"	"55949"	"32004143-4810-3822-6a71-b10965e0a57a"	2023	2023	"MIA"	84
2026	"MIA"	"RB"	"RB"	28	"ACT"	"De'Von Achane"	"Devon"	"Achane"	"2001-10-13"	69	195	"Texas A&M"	"00-0039040"	"4429160"	"a4ef921b-8767-4b4f-a651-7675c00f9af0"	"40118"	"16661"	"124305"	"AchaDe00"	"24179"	"9226"	3	"https://static.www.nfl.com/image/upload/f_auto,q_auto/league/xk1xwio0bryfxo1ylweu"	"RB"	2	"REG"	"A01"	"Devon"	"ACH103822"	"55949"	"32004143-4810-3822-6a71-b10965e0a57a"	2023	2023	"MIA"	84
2026	"MIA"	"RB"	"RB"	28	"ACT"	"De'Von Achane"	"Devon"	"Achane"	"2001-10-13"	69	195	"Texas A&M"	"00-0039040"	"4429160"	"a4ef921b-8767-4b4f-a651-7675c00f9af0"	"40118"	"16661"	"124305"	"AchaDe00"	"24179"	"9226"	3	"https://static.www.nfl.com/image/upload/f_auto,q_auto/league/xk1xwio0bryfxo1ylweu"	"RB"	3	"REG"	"A01"	"Devon"	"ACH103822"	"55949"	"32004143-4810-3822-6a71-b10965e0a57a"	2023	2023	"MIA"	84
2026	"MIA"	"RB"	"RB"	28	"RES"	"De'Von Achane"	"Devon"	"Achane"	"2001-10-13"	69	195	"Texas A&M"	"00-0039040"	"4429160"	"a4ef921b-8767-4b4f-a651-7675c00f9af0"	"40118"	"16661"	"124305"	"AchaDe00"	"24179"	"9226"	3	"https://static.www.nfl.com/image/upload/f_auto,q_auto/league/xk1xwio0bryfxo1ylweu"	null	4	"REG"	"R01"	"Devon"	"ACH103822"	"55949"	"32004143-4810-3822-6a71-b10965e0a57a"	2023	2023	"MIA"	84
2026	"BAL"	"WR"	"WR"	4	"ACT"	"Zay Flowers"	"Xavien"	"Flowers"	"2000-09-11"	69	183	"Boston College"	"00-0039064"	"4429615"	"2b6d74b7-10fb-4f17-99c8-9bb557fb475b"	"40039"	"16919"	"97268"	"FlowZa00"	"23120"	"9997"	3	"https://static.www.nfl.com/image/upload/f_auto,q_auto/league/xzhto2dejy2pflkfx40c"	"SLOT_WR"	1	"REG"	"A01"	"Zay"	"FLO577002"	"55886"	"3200464c-4f57-7002-1160-832e9618f0fd"	2023	2023	"BAL"	22
2026	"BAL"	"WR"	"WR"	4	"INA"	"Zay Flowers"	"Xavien"	"Flowers"	"2000-09-11"	69	183	"Boston College"	"00-0039064"	"4429615"	"2b6d74b7-10fb-4f17-99c8-9bb557fb475b"	"40039"	"16919"	"97268"	"FlowZa00"	"23120"	"9997"	3	"https://static.www.nfl.com/image/upload/f_auto,q_auto/league/xzhto2dejy2pflkfx40c"	null	2	"REG"	"A01"	"Zay"	"FLO577002"	"55886"	"3200464c-4f57-7002-1160-832e9618f0fd"	2023	2023	"BAL"	22
2026	"BAL"	"WR"	"WR"	4	"ACT"	"Zay Flowers"	"Xavien"	"Flowers"	"2000-09-11"	69	183	"Boston College"	"00-0039064"	"4429615"	"2b6d74b7-10fb-4f17-99c8-9bb557fb475b"	"40039"	"16919"	"97268"	"FlowZa00"	"23120"	"9997"	3	"https://static.www.nfl.com/image/upload/f_auto,q_auto/league/xzhto2dejy2pflkfx40c"	"SLOT_WR"	3	"REG"	"A01"	"Zay"	"FLO577002"	"55886"	"3200464c-4f57-7002-1160-832e9618f0fd"	2023	2023	"BAL"	22
2026	"BAL"	"WR"	"WR"	4	"ACT"	"Zay Flowers"	"Xavien"	"Flowers"	"2000-09-11"	69	183	"Boston College"	"00-0039064"	"4429615"	"2b6d74b7-10fb-4f17-99c8-9bb557fb475b"	"40039"	"16919"	"97268"	"FlowZa00"	"23120"	"9997"	3	"https://static.www.nfl.com/image/upload/f_auto,q_auto/league/xzhto2dejy2pflkfx40c"	"WR"	4	"REG"	"A01"	"Zay"	"FLO577002"	"55886"	"3200464c-4f57-7002-1160-832e9618f0fd"	2023	2023	"BAL"	22
2026	"DET"	"TE"	"TE"	87	"ACT"	"Sam LaPorta"	"Sam"	"LaPorta"	"2001-01-12"	75	245	"Iowa"	"00-0039065"	"4430027"	"3059f1e5-1871-4458-9e90-9b9917874c61"	"40064"	"17033"	"101690"	"LaPoSa01"	"23141"	"10859"	3	"https://static.www.nfl.com/image/upload/f_auto,q_auto/league/wxlk7ysg2nfq6h6ntdcu"	"TE"	1	"REG"	"A01"	"Sam"	"LAP640235"	"55899"	"32004c41-5064-0235-3970-b5e5514839fc"	2023	2023	"DET"	34
2026	"DET"	"TE"	"TE"	87	"ACT"	"Sam LaPorta"	"Sam"	"LaPorta"	"2001-01-12"	75	245	"Iowa"	"00-0039065"	"4430027"	"3059f1e5-1871-4458-9e90-9b9917874c61"	"40064"	"17033"	"101690"	"LaPoSa01"	"23141"	"10859"	3	"https://static.www.nfl.com/image/upload/f_auto,q_auto/league/wxlk7ysg2nfq6h6ntdcu"	"TE"	2	"REG"	"A01"	"Sam"	"LAP640235"	"55899"	"32004c41-5064-0235-3970-b5e5514839fc"	2023	2023	"DET"	34
2026	"DET"	"TE"	"TE"	87	"ACT"	"Sam LaPorta"	"Sam"	"LaPorta"	"2001-01-12"	75	245	"Iowa"	"00-0039065"	"4430027"	"3059f1e5-1871-4458-9e90-9b9917874c61"	"40064"	"17033"	"101690"	"LaPoSa01"	"23141"	"10859"	3	"https://static.www.nfl.com/image/upload/f_auto,q_auto/league/wxlk7ysg2nfq6h6ntdcu"	"TE"	3	"REG"	"A01"	"Sam"	"LAP640235"	"55899"	"32004c41-5064-0235-3970-b5e5514839fc"	2023	2023	"DET"	34
2026	"DET"	"TE"	"TE"	87	"ACT"	"Sam LaPorta"	"Sam"	"LaPorta"	"2001-01-12"	75	245	"Iowa"	"00-0039065"	"4430027"	"3059f1e5-1871-4458-9e90-9b9917874c61"	"40064"	"17033"	"101690"	"LaPoSa01"	"23141"	"10859"	3	"https://static.www.nfl.com/image/upload/f_auto,q_auto/league/wxlk7ysg2nfq6h6ntdcu"	"TE"	4	"REG"	"A01"	"Sam"	"LAP640235"	"55899"	"32004c41-5064-0235-3970-b5e5514839fc"	2023	2023	"DET"	34
2026	"KC"	"WR"	"WR"	4	"ACT"	"Rashee Rice"	"Rashee"	"Rice"	"2000-04-22"	73	203	"SMU"	"00-0039067"	"4428331"	"cbd73c09-da07-48b0-a0d6-f248dfa631b6"	"40084"	"16963"	"97605"	"RiceRa01"	"24120"	"10229"	3	"https://static.www.nfl.com/image/upload/f_auto,q_auto/league/qhkbqrydjeur8zvrrmfl"	"WR"	1	"REG"	"A01"	"Rashee"	"RIC152916"	"55920"	"32005249-4315-2916-ce74-9a69e469f940"	2023	2023	"KC"	55
2026	"KC"	"WR"	"WR"	4	"ACT"	"Rashee Rice"	"Rashee"	"Rice"	"2000-04-22"	73	203	"SMU"	"00-0039067"	"4428331"	"cbd73c09-da07-48b0-a0d6-f248dfa631b6"	"40084"	"16963"	"97605"	"RiceRa01"	"24120"	"10229"	3	"https://static.www.nfl.com/image/upload/f_auto,q_auto/league/qhkbqrydjeur8zvrrmfl"	"WR"	2	"REG"	"A01"	"Rashee"	"RIC152916"	"55920"	"32005249-4315-2916-ce74-9a69e469f940"	2023	2023	"KC"	55
2026	"KC"	"WR"	"WR"	4	"ACT"	"Rashee Rice"	"Rashee"	"Rice"	"2000-04-22"	73	203	"SMU"	"00-0039067"	"4428331"	"cbd73c09-da07-48b0-a0d6-f248dfa631b6"	"40084"	"16963"	"97605"	"RiceRa01"	"24120"	"10229"	3	"https://static.www.nfl.com/image/upload/f_auto,q_auto/league/qhkbqrydjeur8zvrrmfl"	"WR"	3	"REG"	"A01"	"Rashee"	"RIC152916"	"55920"	"32005249-4315-2916-ce74-9a69e469f940"	2023	2023	"KC"	55
2026	"KC"	"WR"	"WR"	4	"ACT"	"Rashee Rice"	"Rashee"	"Rice"	"2000-04-22"	73	203	"SMU"	"00-0039067"	"4428331"	"cbd73c09-da07-48b0-a0d6-f248dfa631b6"	"40084"	"16963"	"97605"	"RiceRa01"	"24120"	"10229"	3	"https://static.www.nfl.com/image/upload/f_auto,q_auto/league/qhkbqrydjeur8zvrrmfl"	"SLOT_WR"	4	"REG"	"A01"	"Rashee"	"RIC152916"	"55920"	"32005249-4315-2916-ce74-9a69e469f940"	2023	2023	"KC"	55
2026	"LA"	"WR"	"WR"	12	"ACT"	"Puka Nacua"	"Puka"	"Nacua"	"2001-05-29"	74	216	"BYU; Washington"	"00-0039075"	"4426515"	"111be44d-7bc2-4cad-934d-c9e946293b2f"	"40168"	"16790"	"100632"	"NacuPu00"	"24172"	"9493"	3	"https://static.www.nfl.com/image/upload/f_auto,q_auto/league/ipy6qw7hdygdfc8k86ba"	"WR"	1	"REG"	"A01"	"Puka"	"NAC559347"	"56042"	"32004e41-4355-9347-35af-af88fcaf7ee9"	2023	2023	"LAR"	177
2026	"LA"	"WR"	"WR"	12	"INA"	"Puka Nacua"	"Puka"	"Nacua"	"2001-05-29"	74	216	"BYU; Washington"	"00-0039075"	"4426515"	"111be44d-7bc2-4cad-934d-c9e946293b2f"	"40168"	"16790"	"100632"	"NacuPu00"	"24172"	"9493"	3	"https://static.www.nfl.com/image/upload/f_auto,q_auto/league/ipy6qw7hdygdfc8k86ba"	null	2	"REG"	"A01"	"Puka"	"NAC559347"	"56042"	"32004e41-4355-9347-35af-af88fcaf7ee9"	2023	2023	"LAR"	177
2026	"LA"	"WR"	"WR"	12	"INA"	"Puka Nacua"	"Puka"	"Nacua"	"2001-05-29"	74	216	"BYU; Washington"	"00-0039075"	"4426515"	"111be44d-7bc2-4cad-934d-c9e946293b2f"	"40168"	"16790"	"100632"	"NacuPu00"	"24172"	"9493"	3	"https://static.www.nfl.com/image/upload/f_auto,q_auto/league/ipy6qw7hdygdfc8k86ba"	null	3	"REG"	"A01"	"Puka"	"NAC559347"	"56042"	"32004e41-4355-9347-35af-af88fcaf7ee9"	2023	2023	"LAR"	177
2026	"LA"	"WR"	"WR"	12	"ACT"	"Puka Nacua"	"Puka"	"Nacua"	"2001-05-29"	74	216	"BYU; Washington"	"00-0039075"	"4426515"	"111be44d-7bc2-4cad-934d-c9e946293b2f"	"40168"	"16790"	"100632"	"NacuPu00"	"24172"	"9493"	3	"https://static.www.nfl.com/image/upload/f_auto,q_auto/league/ipy6qw7hdygdfc8k86ba"	"WR"	4	"REG"	"A01"	"Puka"	"NAC559347"	"56042"	"32004e41-4355-9347-35af-af88fcaf7ee9"	2023	2023	"LAR"	177
2026	"DET"	"RB"	"RB"	0	"ACT"	"Jahmyr Gibbs"	"Jahmyr"	"Gibbs"	"2002-03-20"	69	200	"Alabama; Georgia Tech"	"00-0039139"	"4429795"	"fef9457e-6497-47de-9bf2-cc3b95929375"	"40059"	"16808"	"122474"	"GibbJa01"	"23200"	"9221"	3	"https://static.www.nfl.com/image/upload/f_auto,q_auto/league/cursejnmmp1i9hnxihkj"	"RB"	1	"REG"	"A01"	"Jahmyr"	"GIB198578"	"55876"	"32004749-4219-8578-ca06-2b870fe6f731"	2023	2023	"DET"	12
2026	"DET"	"RB"	"RB"	0	"ACT"	"Jahmyr Gibbs"	"Jahmyr"	"Gibbs"	"2002-03-20"	69	200	"Alabama; Georgia Tech"	"00-0039139"	"4429795"	"fef9457e-6497-47de-9bf2-cc3b95929375"	"40059"	"16808"	"122474"	"GibbJa01"	"23200"	"9221"	3	"https://static.www.nfl.com/image/upload/f_auto,q_auto/league/cursejnmmp1i9hnxihkj"	"RB"	2	"REG"	"A01"	"Jahmyr"	"GIB198578"	"55876"	"32004749-4219-8578-ca06-2b870fe6f731"	2023	2023	"DET"	12
2026	"DET"	"RB"	"RB"	0	"ACT"	"Jahmyr Gibbs"	"Jahmyr"	"Gibbs"	"2002-03-20"	69	200	"Alabama; Georgia Tech"	"00-0039139"	"4429795"	"fef9457e-6497-47de-9bf2-cc3b95929375"	"40059"	"16808"	"122474"	"GibbJa01"	"23200"	"9221"	3	"https://static.www.nfl.com/image/upload/f_auto,q_auto/league/cursejnmmp1i9hnxihkj"	"RB"	3	"REG"	"A01"	"Jahmyr"	"GIB198578"	"55876"	"32004749-4219-8578-ca06-2b870fe6f731"	2023	2023	"DET"	12
2026	"DET"	"RB"	"RB"	0	"ACT"	"Jahmyr Gibbs"	"Jahmyr"	"Gibbs"	"2002-03-20"	69	200	"Alabama; Georgia Tech"	"00-0039139"	"4429795"	"fef9457e-6497-47de-9bf2-cc3b95929375"	"40059"	"16808"	"122474"	"GibbJa01"	"23200"	"9221"	3	"https://static.www.nfl.com/image/upload/f_auto,q_auto/league/cursejnmmp1i9hnxihkj"	"RB"	4	"REG"	"A01"	"Jahmyr"	"GIB198578"	"55876"	"32004749-4219-8578-ca06-2b870fe6f731"	2023	2023	"DET"	12
2026	"GB"	"WR"	"WR"	11	"ACT"	"Jayden Reed"	"Jayden"	"Reed"	"2000-04-28"	71	190	"Michigan State; Western Michigan"	"00-0039146"	"4362249"	"23a306bc-5f77-4574-a575-bd599f243185"	"40063"	"16977"	"78171"	"ReedJa03"	"23233"	"10222"	3	"https://static.www.nfl.com/image/upload/f_auto,q_auto/league/uhb95fij1uo92ymqxpmg"	"SLOT_WR"	1	"REG"	"A01"	"Jayden"	"REE263142"	"55915"	"32005245-4526-3142-e96f-a871c08a1138"	2023	2023	"GB"	50
2026	"GB"	"WR"	"WR"	11	"ACT"	"Jayden Reed"	"Jayden"	"Reed"	"2000-04-28"	71	190	"Michigan State; Western Michigan"	"00-0039146"	"4362249"	"23a306bc-5f77-4574-a575-bd599f243185"	"40063"	"16977"	"78171"	"ReedJa03"	"23233"	"10222"	3	"https://static.www.nfl.com/image/upload/f_auto,q_auto/league/uhb95fij1uo92ymqxpmg"	"RB"	2	"REG"	"A01"	"Jayden"	"REE263142"	"55915"	"32005245-4526-3142-e96f-a871c08a1138"	2023	2023	"GB"	50
2026	"GB"	"WR"	"WR"	11	"INA"	"Jayden Reed"	"Jayden"	"Reed"	"2000-04-28"	71	190	"Michigan State; Western Michigan"	"00-0039146"	"4362249"	"23a306bc-5f77-4574-a575-bd599f243185"	"40063"	"16977"	"78171"	"ReedJa03"	"23233"	"10222"	3	"https://static.www.nfl.com/image/upload/f_auto,q_auto/league/uhb95fij1uo92ymqxpmg"	null	3	"REG"	"A01"	"Jayden"	"REE263142"	"55915"	"32005245-4526-3142-e96f-a871c08a1138"	2023	2023	"GB"	50
2026	"GB"	"WR"	"WR"	11	"RES"	"Jayden Reed"	"Jayden"	"Reed"	"2000-04-28"	71	190	"Michigan State; Western Michigan"	"00-0039146"	"4362249"	"23a306bc-5f77-4574-a575-bd599f243185"	"40063"	"16977"	"78171"	"ReedJa03"	"23233"	"10222"	3	"https://static.www.nfl.com/image/upload/f_auto,q_auto/league/uhb95fij1uo92ymqxpmg"	null	4	"REG"	"R01"	"Jayden"	"REE263142"	"55915"	"32005245-4526-3142-e96f-a871c08a1138"	2023	2023	"GB"	50
2026	"CAR"	"QB"	"QB"	9	"ACT"	"Bryce Young"	"Bryce"	"Young"	"2001-07-25"	70	204	"Alabama"	"00-0039150"	"4685720"	"38475bfa-9773-4c3b-9157-a0dbd576fa22"	"40029"	"16807"	"123943"	"YounBr01"	"23132"	"9228"	3	"https://static.www.nfl.com/image/upload/f_auto,q_auto/league/vcvhmxvxw2a3armle0af"	"QB"	1	"REG"	"A01"	"Bryce"	"YOU124763"	"55865"	"3200594f-5512-4763-ab24-c1bd051ef0ef"	2023	2023	"CAR"	1
2026	"CAR"	"QB"	"QB"	9	"ACT"	"Bryce Young"	"Bryce"	"Young"	"2001-07-25"	70	204	"Alabama"	"00-0039150"	"4685720"	"38475bfa-9773-4c3b-9157-a0dbd576fa22"	"40029"	"16807"	"123943"	"YounBr01"	"23132"	"9228"	3	"https://static.www.nfl.com/image/upload/f_auto,q_auto/league/vcvhmxvxw2a3armle0af"	"QB"	2	"REG"	"A01"	"Bryce"	"YOU124763"	"55865"	"3200594f-5512-4763-ab24-c1bd051ef0ef"	2023	2023	"CAR"	1
2026	"CAR"	"QB"	"QB"	9	"ACT"	"Bryce Young"	"Bryce"	"Young"	"2001-07-25"	70	204	"Alabama"	"00-0039150"	"4685720"	"38475bfa-9773-4c3b-9157-a0dbd576fa22"	"40029"	"16807"	"123943"	"YounBr01"	"23132"	"9228"	3	"https://static.www.nfl.com/image/upload/f_auto,q_auto/league/vcvhmxvxw2a3armle0af"	"QB"	3	"REG"	"A01"	"Bryce"	"YOU124763"	"55865"	"3200594f-5512-4763-ab24-c1bd051ef0ef"	2023	2023	"CAR"	1
2026	"CAR"	"QB"	"QB"	9	"ACT"	"Bryce Young"	"Bryce"	"Young"	"2001-07-25"	70	204	"Alabama"	"00-0039150"	"4685720"	"38475bfa-9773-4c3b-9157-a0dbd576fa22"	"40029"	"16807"	"123943"	"YounBr01"	"23132"	"9228"	3	"https://static.www.nfl.com/image/upload/f_auto,q_auto/league/vcvhmxvxw2a3armle0af"	"QB"	4	"REG"	"A01"	"Bryce"	"YOU124763"	"55865"	"3200594f-5512-4763-ab24-c1bd051ef0ef"	2023	2023	"CAR"	1
2026	"NYG"	"WR"	"WR"	1	"ACT"	"Malik Nabers"	"Malik"	"Nabers"	"2003-07-28"	72	200	"LSU"	"00-0039337"	"4595348"	"55ef2022-50c2-465b-839e-c0f4c9e7c55c"	"40899"	"17704"	"146759"	"NabeMa00"	"24953"	"11632"	2	"https://static.www.nfl.com/image/upload/f_auto,q_auto/league/w3edoyyuomqlovvp9ixc"	"WR"	1	"REG"	"A01"	"Malik"	"NAB400459"	"57127"	"32004e41-4240-0459-a77d-033b6932cbbb"	2024	2024	"NYG"	6
2026	"NYG"	"WR"	"WR"	1	"ACT"	"Malik Nabers"	"Malik"	"Nabers"	"2003-07-28"	72	200	"LSU"	"00-0039337"	"4595348"	"55ef2022-50c2-465b-839e-c0f4c9e7c55c"	"40899"	"17704"	"146759"	"NabeMa00"	"24953"	"11632"	2	"https://static.www.nfl.com/image/upload/f_auto,q_auto/league/w3edoyyuomqlovvp9ixc"	"WR"	2	"REG"	"A01"	"Malik"	"NAB400459"	"57127"	"32004e41-4240-0459-a77d-033b6932cbbb"	2024	2024	"NYG"	6
2026	"NYG"	"WR"	"WR"	1	"ACT"	"Malik Nabers"	"Malik"	"Nabers"	"2003-07-28"	72	200	"LSU"	"00-0039337"	"4595348"	"55ef2022-50c2-465b-839e-c0f4c9e7c55c"	"40899"	"17704"	"146759"	"NabeMa00"	"24953"	"11632"	2	"https://static.www.nfl.com/image/upload/f_auto,q_auto/league/w3edoyyuomqlovvp9ixc"	"WR"	3	"REG"	"A01"	"Malik"	"NAB400459"	"57127"	"32004e41-4240-0459-a77d-033b6932cbbb"	2024	2024	"NYG"	6
2026	"NYG"	"WR"	"WR"	1	"ACT"	"Malik Nabers"	"Malik"	"Nabers"	"2003-07-28"	72	200	"LSU"	"00-0039337"	"4595348"	"55ef2022-50c2-465b-839e-c0f4c9e7c55c"	"40899"	"17704"	"146759"	"NabeMa00"	"24953"	"11632"	2	"https://static.www.nfl.com/image/upload/f_auto,q_auto/league/w3edoyyuomqlovvp9ixc"	"WR"	4	"REG"	"A01"	"Malik"	"NAB400459"	"57127"	"32004e41-4240-0459-a77d-033b6932cbbb"	2024	2024	"NYG"	6
2026	"LV"	"TE"	"TE"	89	"INA"	"Brock Bowers"	"Brock"	"Bowers"	"2002-12-13"	75	235	"Georgia"	"00-0039338"	"4432665"	"ad9fc7e3-0a6d-4e41-84c2-cf43b71aee13"	"40878"	"17693"	"146715"	"BoweBr01"	"24943"	"11604"	2	"https://static.www.nfl.com/image/upload/f_auto,q_auto/league/waorceny0ggpaeckaol8"	null	1	"REG"	"A01"	"Brock"	"BOW196560"	"57134"	"3200424f-5719-6560-aaaa-d9f4cc244721"	2024	2024	"LV"	13
2026	"LV"	"TE"	"TE"	89	"INA"	"Brock Bowers"	"Brock"	"Bowers"	"2002-12-13"	75	235	"Georgia"	"00-0039338"	"4432665"	"ad9fc7e3-0a6d-4e41-84c2-cf43b71aee13"	"40878"	"17693"	"146715"	"BoweBr01"	"24943"	"11604"	2	"https://static.www.nfl.com/image/upload/f_auto,q_auto/league/waorceny0ggpaeckaol8"	null	2	"REG"	"A01"	"Brock"	"BOW196560"	"57134"	"3200424f-5719-6560-aaaa-d9f4cc244721"	2024	2024	"LV"	13
2026	"LV"	"TE"	"TE"	89	"ACT"	"Brock Bowers"	"Brock"	"Bowers"	"2002-12-13"	75	235	"Georgia"	"00-0039338"	"4432665"	"ad9fc7e3-0a6d-4e41-84c2-cf43b71aee13"	"40878"	"17693"	"146715"	"BoweBr01"	"24943"	"11604"	2	"https://static.www.nfl.com/image/upload/f_auto,q_auto/league/waorceny0ggpaeckaol8"	"WR"	3	"REG"	"A01"	"Brock"	"BOW196560"	"57134"	"3200424f-5719-6560-aaaa-d9f4cc244721"	2024	2024	"LV"	13
2026	"LV"	"TE"	"TE"	89	"ACT"	"Brock Bowers"	"Brock"	"Bowers"	"2002-12-13"	75	235	"Georgia"	"00-0039338"	"4432665"	"ad9fc7e3-0a6d-4e41-84c2-cf43b71aee13"	"40878"	"17693"	"146715"	"BoweBr01"	"24943"	"11604"	2	"https://static.www.nfl.com/image/upload/f_auto,q_auto/league/waorceny0ggpaeckaol8"	"WR"	4	"REG"	"A01"	"Brock"	"BOW196560"	"57134"	"3200424f-5719-6560-aaaa-d9f4cc244721"	2024	2024	"LV"	13
2026	"CAR"	"RB"	"RB"	25	"ACT"	"Jonathon Brooks"	"Jonathon"	"Brooks"	"2003-07-21"	72	216	"Texas"	"00-0039344"	"4678008"	"5c842941-844b-4f6a-bce4-26b377146674"	"40926"	"17747"	"144721"	"BrooJo02"	"24944"	"11583"	2	"https://static.www.nfl.com/image/upload/f_auto,q_auto/league/txl39rwjrs2fkm1shtxh"	"RB"	1	"REG"	"A01"	"Jonathon"	"BRO131669"	"57167"	"32004252-4f13-1669-de2f-e975d31892d1"	2024	2024	"CAR"	46
2026	"CAR"	"RB"	"RB"	25	"ACT"	"Jonathon Brooks"	"Jonathon"	"Brooks"	"2003-07-21"	72	216	"Texas"	"00-0039344"	"4678008"	"5c842941-844b-4f6a-bce4-26b377146674"	"40926"	"17747"	"144721"	"BrooJo02"	"24944"	"11583"	2	"https://static.www.nfl.com/image/upload/f_auto,q_auto/league/txl39rwjrs2fkm1shtxh"	"RB"	2	"REG"	"A01"	"Jonathon"	"BRO131669"	"57167"	"32004252-4f13-1669-de2f-e975d31892d1"	2024	2024	"CAR"	46
2026	"CAR"	"RB"	"RB"	25	"RES"	"Jonathon Brooks"	"Jonathon"	"Brooks"	"2003-07-21"	72	216	"Texas"	"00-0039344"	"4678008"	"5c842941-844b-4f6a-bce4-26b377146674"	"40926"	"17747"	"144721"	"BrooJo02"	"24944"	"11583"	2	"https://static.www.nfl.com/image/upload/f_auto,q_auto/league/txl39rwjrs2fkm1shtxh"	null	3	"REG"	"R01"	"Jonathon"	"BRO131669"	"57167"	"32004252-4f13-1669-de2f-e975d31892d1"	2024	2024	"CAR"	46
2026	"CAR"	"RB"	"RB"	25	"RES"	"Jonathon Brooks"	"Jonathon"	"Brooks"	"2003-07-21"	72	216	"Texas"	"00-0039344"	"4678008"	"5c842941-844b-4f6a-bce4-26b377146674"	"40926"	"17747"	"144721"	"BrooJo02"	"24944"	"11583"	2	"https://static.www.nfl.com/image/upload/f_auto,q_auto/league/txl39rwjrs2fkm1shtxh"	null	4	"REG"	"R01"	"Jonathon"	"BRO131669"	"57167"	"32004252-4f13-1669-de2f-e975d31892d1"	2024	2024	"CAR"	46
2026	"TB"	"RB"	"RB"	7	"ACT"	"Bucky Irving"	"Mar'Keise"	"Irving"	"2002-08-19"	70	195	"Oregon; Minnesota"	"00-0039361"	"4596448"	"c5249c6f-bd1b-4352-8228-de2bd499ca0d"	"40993"	"17784"	"144970"	"IrviBu00"	"24967"	"11584"	2	"https://static.www.nfl.com/image/upload/f_auto,q_auto/league/vkc00rvnix3f2b96vkwo"	"RB"	1	"REG"	"A01"	"Bucky"	"IRV731762"	"57246"	"32004952-5673-1762-cc21-a0207d2553dd"	2024	2024	"TB"	125
2026	"TB"	"RB"	"RB"	7	"ACT"	"Bucky Irving"	"Mar'Keise"	"Irving"	"2002-08-19"	70	195	"Oregon; Minnesota"	"00-0039361"	"4596448"	"c5249c6f-bd1b-4352-8228-de2bd499ca0d"	"40993"	"17784"	"144970"	"IrviBu00"	"24967"	"11584"	2	"https://static.www.nfl.com/image/upload/f_auto,q_auto/league/vkc00rvnix3f2b96vkwo"	"RB"	2	"REG"	"A01"	"Bucky"	"IRV731762"	"57246"	"32004952-5673-1762-cc21-a0207d2553dd"	2024	2024	"TB"	125
2026	"TB"	"RB"	"RB"	7	"ACT"	"Bucky Irving"	"Mar'Keise"	"Irving"	"2002-08-19"	70	195	"Oregon; Minnesota"	"00-0039361"	"4596448"	"c5249c6f-bd1b-4352-8228-de2bd499ca0d"	"40993"	"17784"	"144970"	"IrviBu00"	"24967"	"11584"	2	"https://static.www.nfl.com/image/upload/f_auto,q_auto/league/vkc00rvnix3f2b96vkwo"	"RB"	3	"REG"	"A01"	"Bucky"	"IRV731762"	"57246"	"32004952-5673-1762-cc21-a0207d2553dd"	2024	2024	"TB"	125
2026	"TB"	"RB"	"RB"	7	"ACT"	"Bucky Irving"	"Mar'Keise"	"Irving"	"2002-08-19"	70	195	"Oregon; Minnesota"	"00-0039361"	"4596448"	"c5249c6f-bd1b-4352-8228-de2bd499ca0d"	"40993"	"17784"	"144970"	"IrviBu00"	"24967"	"11584"	2	"https://static.www.nfl.com/image/upload/f_auto,q_auto/league/vkc00rvnix3f2b96vkwo"	"RB"	4	"REG"	"A01"	"Bucky"	"IRV731762"	"57246"	"32004952-5673-1762-cc21-a0207d2553dd"	2024	2024	"TB"	125
2026	"NO"	"WR"	"WR"	14	"ACT"	"Devaughn Vele"	"Devaughn"	"Vele"	"1997-12-12"	77	210	"Utah"	"00-0039424"	"4569559"	"2a638f35-a80a-46db-9722-12b49d45ab52"	"41097"	"17975"	"100637"	"VeleDe00"	"25198"	"11834"	2	"https://static.www.nfl.com/image/upload/f_auto,q_auto/league/fa3dwsu8nxzkbf2knczm"	"SLOT_WR"	1	"REG"	"A01"	"Devaughn"	"VEL175757"	"57355"	"32005645-4c17-5757-4807-8639d5d53004"	2024	2024	"DEN"	235
2026	"NO"	"WR"	"WR"	14	"ACT"	"Devaughn Vele"	"Devaughn"	"Vele"	"1997-12-12"	77	210	"Utah"	"00-0039424"	"4569559"	"2a638f35-a80a-46db-9722-12b49d45ab52"	"41097"	"17975"	"100637"	"VeleDe00"	"25198"	"11834"	2	"https://static.www.nfl.com/image/upload/f_auto,q_auto/league/fa3dwsu8nxzkbf2knczm"	"SLOT_WR"	2	"REG"	"A01"	"Devaughn"	"VEL175757"	"57355"	"32005645-4c17-5757-4807-8639d5d53004"	2024	2024	"DEN"	235
2026	"NO"	"WR"	"WR"	14	"ACT"	"Devaughn Vele"	"Devaughn"	"Vele"	"1997-12-12"	77	210	"Utah"	"00-0039424"	"4569559"	"2a638f35-a80a-46db-9722-12b49d45ab52"	"41097"	"17975"	"100637"	"VeleDe00"	"25198"	"11834"	2	"https://static.www.nfl.com/image/upload/f_auto,q_auto/league/fa3dwsu8nxzkbf2knczm"	"WR"	3	"REG"	"A01"	"Devaughn"	"VEL175757"	"57355"	"32005645-4c17-5757-4807-8639d5d53004"	2024	2024	"DEN"	235
2026	"NO"	"WR"	"WR"	14	"ACT"	"Devaughn Vele"	"Devaughn"	"Vele"	"1997-12-12"	77	210	"Utah"	"00-0039424"	"4569559"	"2a638f35-a80a-46db-9722-12b49d45ab52"	"41097"	"17975"	"100637"	"VeleDe00"	"25198"	"11834"	2	"https://static.www.nfl.com/image/upload/f_auto,q_auto/league/fa3dwsu8nxzkbf2knczm"	"SLOT_WR"	4	"REG"	"A01"	"Devaughn"	"VEL175757"	"57355"	"32005645-4c17-5757-4807-8639d5d53004"	2024	2024	"DEN"	235
2026	"CAR"	"WR"	"WR"	18	"ACT"	"Jalen Coker"	"Jalen"	"Coker"	"2001-10-30"	75	213	"Holy Cross"	"00-0039491"	"4695883"	"67977ab0-070b-11ef-978d-05d80704d329"	"41293"	"17976"	"143068"	"CokeJa01"	"25122"	"11646"	2	"https://static.www.nfl.com/image/upload/f_auto,q_auto/league/yynz8rxen6tsvhojggiv"	"WR"	1	"REG"	"A01"	"Jalen"	"COK451291"	"57606"	"3200434f-4b45-1291-8e86-939dcb7ab63f"	2024	2024	null	null
2026	"CAR"	"WR"	"WR"	18	"ACT"	"Jalen Coker"	"Jalen"	"Coker"	"2001-10-30"	75	213	"Holy Cross"	"00-0039491"	"4695883"	"67977ab0-070b-11ef-978d-05d80704d329"	"41293"	"17976"	"143068"	"CokeJa01"	"25122"	"11646"	2	"https://static.www.nfl.com/image/upload/f_auto,q_auto/league/yynz8rxen6tsvhojggiv"	"WR"	2	"REG"	"A01"	"Jalen"	"COK451291"	"57606"	"3200434f-4b45-1291-8e86-939dcb7ab63f"	2024	2024	null	null
2026	"CAR"	"WR"	"WR"	18	"ACT"	"Jalen Coker"	"Jalen"	"Coker"	"2001-10-30"	75	213	"Holy Cross"	"00-0039491"	"4695883"	"67977ab0-070b-11ef-978d-05d80704d329"	"41293"	"17976"	"143068"	"CokeJa01"	"25122"	"11646"	2	"https://static.www.nfl.com/image/upload/f_auto,q_auto/league/yynz8rxen6tsvhojggiv"	"WR"	3	"REG"	"A01"	"Jalen"	"COK451291"	"57606"	"3200434f-4b45-1291-8e86-939dcb7ab63f"	2024	2024	null	null
2026	"CAR"	"WR"	"WR"	18	"INA"	"Jalen Coker"	"Jalen"	"Coker"	"2001-10-30"	75	213	"Holy Cross"	"00-0039491"	"4695883"	"67977ab0-070b-11ef-978d-05d80704d329"	"41293"	"17976"	"143068"	"CokeJa01"	"25122"	"11646"	2	"https://static.www.nfl.com/image/upload/f_auto,q_auto/league/yynz8rxen6tsvhojggiv"	null	4	"REG"	"A01"	"Jalen"	"COK451291"	"57606"	"3200434f-4b45-1291-8e86-939dcb7ab63f"	2024	2024	null	null
2026	"DEN"	"QB"	"QB"	10	"ACT"	"Bo Nix"	"Bo"	"Nix"	"2000-02-25"	74	217	"Oregon; Auburn"	"00-0039732"	"4426338"	"f056c8ed-6ee5-492c-af11-3f7e3d97195c"	"40875"	"16995"	"97790"	"NixxBo00"	"25069"	"11563"	2	"https://static.www.nfl.com/image/upload/f_auto,q_auto/league/zvo9xatffmqn9lnukpgk"	"QB"	1	"REG"	"A01"	"Bo"	"NIX118212"	"57133"	"32004e49-5811-8212-6abe-fc1a8b4f4942"	2024	2024	"DEN"	12
2026	"DEN"	"QB"	"QB"	10	"ACT"	"Bo Nix"	"Bo"	"Nix"	"2000-02-25"	74	217	"Oregon; Auburn"	"00-0039732"	"4426338"	"f056c8ed-6ee5-492c-af11-3f7e3d97195c"	"40875"	"16995"	"97790"	"NixxBo00"	"25069"	"11563"	2	"https://static.www.nfl.com/image/upload/f_auto,q_auto/league/zvo9xatffmqn9lnukpgk"	"QB"	2	"REG"	"A01"	"Bo"	"NIX118212"	"57133"	"32004e49-5811-8212-6abe-fc1a8b4f4942"	2024	2024	"DEN"	12
2026	"DEN"	"QB"	"QB"	10	"ACT"	"Bo Nix"	"Bo"	"Nix"	"2000-02-25"	74	217	"Oregon; Auburn"	"00-0039732"	"4426338"	"f056c8ed-6ee5-492c-af11-3f7e3d97195c"	"40875"	"16995"	"97790"	"NixxBo00"	"25069"	"11563"	2	"https://static.www.nfl.com/image/upload/f_auto,q_auto/league/zvo9xatffmqn9lnukpgk"	"QB"	3	"REG"	"A01"	"Bo"	"NIX118212"	"57133"	"32004e49-5811-8212-6abe-fc1a8b4f4942"	2024	2024	"DEN"	12
2026	"DEN"	"QB"	"QB"	10	"ACT"	"Bo Nix"	"Bo"	"Nix"	"2000-02-25"	74	217	"Oregon; Auburn"	"00-0039732"	"4426338"	"f056c8ed-6ee5-492c-af11-3f7e3d97195c"	"40875"	"16995"	"97790"	"NixxBo00"	"25069"	"11563"	2	"https://static.www.nfl.com/image/upload/f_auto,q_auto/league/zvo9xatffmqn9lnukpgk"	"QB"	4	"REG"	"A01"	"Bo"	"NIX118212"	"57133"	"32004e49-5811-8212-6abe-fc1a8b4f4942"	2024	2024	"DEN"	12
2026	"LA"	"RB"	"RB"	24	"ACT"	"Blake Corum"	"Blake"	"Corum"	"2000-11-25"	68	202	"Michigan"	"00-0039738"	"4429096"	"93ba1da2-3679-4ddc-9687-0802349f9ee2"	"40962"	"17690"	"129574"	"CoruBl00"	"24116"	"11586"	2	"https://static.www.nfl.com/image/upload/f_auto,q_auto/league/axzqbqjkrbwfzodwwakq"	"RB"	1	"REG"	"A01"	"Blake"	"COR783995"	"57204"	"3200434f-5278-3995-2ab1-10c11dc750f2"	2024	2024	"LAR"	83
2026	"LA"	"RB"	"RB"	24	"ACT"	"Blake Corum"	"Blake"	"Corum"	"2000-11-25"	68	202	"Michigan"	"00-0039738"	"4429096"	"93ba1da2-3679-4ddc-9687-0802349f9ee2"	"40962"	"17690"	"129574"	"CoruBl00"	"24116"	"11586"	2	"https://static.www.nfl.com/image/upload/f_auto,q_auto/league/axzqbqjkrbwfzodwwakq"	"RB"	2	"REG"	"A01"	"Blake"	"COR783995"	"57204"	"3200434f-5278-3995-2ab1-10c11dc750f2"	2024	2024	"LAR"	83
2026	"LA"	"RB"	"RB"	24	"ACT"	"Blake Corum"	"Blake"	"Corum"	"2000-11-25"	68	202	"Michigan"	"00-0039738"	"4429096"	"93ba1da2-3679-4ddc-9687-0802349f9ee2"	"40962"	"17690"	"129574"	"CoruBl00"	"24116"	"11586"	2	"https://static.www.nfl.com/image/upload/f_auto,q_auto/league/axzqbqjkrbwfzodwwakq"	"RB"	3	"REG"	"A01"	"Blake"	"COR783995"	"57204"	"3200434f-5278-3995-2ab1-10c11dc750f2"	2024	2024	"LAR"	83
2026	"LA"	"RB"	"RB"	24	"ACT"	"Blake Corum"	"Blake"	"Corum"	"2000-11-25"	68	202	"Michigan"	"00-0039738"	"4429096"	"93ba1da2-3679-4ddc-9687-0802349f9ee2"	"40962"	"17690"	"129574"	"CoruBl00"	"24116"	"11586"	2	"https://static.www.nfl.com/image/upload/f_auto,q_auto/league/axzqbqjkrbwfzodwwakq"	"RB"	4	"REG"	"A01"	"Blake"	"COR783995"	"57204"	"3200434f-5278-3995-2ab1-10c11dc750f2"	2024	2024	"LAR"	83
2026	"GB"	"RB"	"RB"	32	"ACT"	"MarShawn Lloyd"	"MarShawn"	"Lloyd"	"2001-01-05"	69	220	"USC; South Carolina"	"00-0039811"	"4429023"	"7b8967bc-a3a5-4aa4-bd1f-2846663ca831"	"40971"	"17795"	"124247"	"LloyMa00"	"23211"	"11581"	2	"https://static.www.nfl.com/image/upload/f_auto,q_auto/league/xp8sd4enimuk4zd0aqgu"	"RB"	1	"REG"	"A01"	"MarShawn"	"LLO673464"	"57209"	"32004c4c-4f67-3464-78d4-33609054aa9a"	2024	2024	"GB"	88
2026	"GB"	"RB"	"RB"	32	"ACT"	"MarShawn Lloyd"	"MarShawn"	"Lloyd"	"2001-01-05"	69	220	"USC; South Carolina"	"00-0039811"	"4429023"	"7b8967bc-a3a5-4aa4-bd1f-2846663ca831"	"40971"	"17795"	"124247"	"LloyMa00"	"23211"	"11581"	2	"https://static.www.nfl.com/image/upload/f_auto,q_auto/league/xp8sd4enimuk4zd0aqgu"	"RB"	2	"REG"	"A01"	"MarShawn"	"LLO673464"	"57209"	"32004c4c-4f67-3464-78d4-33609054aa9a"	2024	2024	"GB"	88
2026	"GB"	"RB"	"RB"	32	"ACT"	"MarShawn Lloyd"	"MarShawn"	"Lloyd"	"2001-01-05"	69	220	"USC; South Carolina"	"00-0039811"	"4429023"	"7b8967bc-a3a5-4aa4-bd1f-2846663ca831"	"40971"	"17795"	"124247"	"LloyMa00"	"23211"	"11581"	2	"https://static.www.nfl.com/image/upload/f_auto,q_auto/league/xp8sd4enimuk4zd0aqgu"	null	3	"REG"	"A01"	"MarShawn"	"LLO673464"	"57209"	"32004c4c-4f67-3464-78d4-33609054aa9a"	2024	2024	"GB"	88
2026	"GB"	"RB"	"RB"	32	"ACT"	"MarShawn Lloyd"	"MarShawn"	"Lloyd"	"2001-01-05"	69	220	"USC; South Carolina"	"00-0039811"	"4429023"	"7b8967bc-a3a5-4aa4-bd1f-2846663ca831"	"40971"	"17795"	"124247"	"LloyMa00"	"23211"	"11581"	2	"https://static.www.nfl.com/image/upload/f_auto,q_auto/league/xp8sd4enimuk4zd0aqgu"	"RB"	4	"REG"	"A01"	"MarShawn"	"LLO673464"	"57209"	"32004c4c-4f67-3464-78d4-33609054aa9a"	2024	2024	"GB"	88
2026	"ARI"	"WR"	"WR"	18	"ACT"	"Marvin Harrison Jr."	"Marvin"	"Harrison"	"2002-08-11"	75	220	"Ohio State"	"00-0039849"	"4432708"	"e8da21a8-796d-48a2-b644-57d08983ae01"	"40893"	"17674"	"145056"	"HarrMa09"	"24974"	"11628"	2	"https://static.www.nfl.com/image/upload/f_auto,q_auto/league/hwpoo1icpnh8emjvqaii"	"WR"	1	"REG"	"A01"	"Marvin"	"HAR648677"	"57125"	"32004841-5264-8677-2fca-6edc0b245f94"	2024	2024	"AZ"	4
2026	"ARI"	"WR"	"WR"	18	"ACT"	"Marvin Harrison Jr."	"Marvin"	"Harrison"	"2002-08-11"	75	220	"Ohio State"	"00-0039849"	"4432708"	"e8da21a8-796d-48a2-b644-57d08983ae01"	"40893"	"17674"	"145056"	"HarrMa09"	"24974"	"11628"	2	"https://static.www.nfl.com/image/upload/f_auto,q_auto/league/hwpoo1icpnh8emjvqaii"	"WR"	2	"REG"	"A01"	"Marvin"	"HAR648677"	"57125"	"32004841-5264-8677-2fca-6edc0b245f94"	2024	2024	"AZ"	4
2026	"ARI"	"WR"	"WR"	18	"ACT"	"Marvin Harrison Jr."	"Marvin"	"Harrison"	"2002-08-11"	75	220	"Ohio State"	"00-0039849"	"4432708"	"e8da21a8-796d-48a2-b644-57d08983ae01"	"40893"	"17674"	"145056"	"HarrMa09"	"24974"	"11628"	2	"https://static.www.nfl.com/image/upload/f_auto,q_auto/league/hwpoo1icpnh8emjvqaii"	"WR"	3	"REG"	"A01"	"Marvin"	"HAR648677"	"57125"	"32004841-5264-8677-2fca-6edc0b245f94"	2024	2024	"AZ"	4
2026	"ARI"	"WR"	"WR"	18	"ACT"	"Marvin Harrison Jr."	"Marvin"	"Harrison"	"2002-08-11"	75	220	"Ohio State"	"00-0039849"	"4432708"	"e8da21a8-796d-48a2-b644-57d08983ae01"	"40893"	"17674"	"145056"	"HarrMa09"	"24974"	"11628"	2	"https://static.www.nfl.com/image/upload/f_auto,q_auto/league/hwpoo1icpnh8emjvqaii"	"WR"	4	"REG"	"A01"	"Marvin"	"HAR648677"	"57125"	"32004841-5264-8677-2fca-6edc0b245f94"	2024	2024	"AZ"	4
2026	"NE"	"QB"	"QB"	10	"ACT"	"Drake Maye"	"Drake"	"Maye"	"2002-08-30"	76	225	"North Carolina"	"00-0039851"	"4431452"	"d0c0630e-8925-4b81-a32b-e4146d95f01f"	"40881"	"17673"	"143969"	"MayeDr00"	"24958"	"11564"	2	"https://static.www.nfl.com/image/upload/f_auto,q_auto/league/s1nmoon2xnrc3bnyulv4"	"QB"	1	"REG"	"A01"	"Drake"	"MAY289639"	"57124"	"32004d41-5928-9639-2999-10019fb4c292"	2024	2024	"NE"	3
2026	"NE"	"QB"	"QB"	10	"ACT"	"Drake Maye"	"Drake"	"Maye"	"2002-08-30"	76	225	"North Carolina"	"00-0039851"	"4431452"	"d0c0630e-8925-4b81-a32b-e4146d95f01f"	"40881"	"17673"	"143969"	"MayeDr00"	"24958"	"11564"	2	"https://static.www.nfl.com/image/upload/f_auto,q_auto/league/s1nmoon2xnrc3bnyulv4"	"QB"	2	"REG"	"A01"	"Drake"	"MAY289639"	"57124"	"32004d41-5928-9639-2999-10019fb4c292"	2024	2024	"NE"	3
2026	"NE"	"QB"	"QB"	10	"ACT"	"Drake Maye"	"Drake"	"Maye"	"2002-08-30"	76	225	"North Carolina"	"00-0039851"	"4431452"	"d0c0630e-8925-4b81-a32b-e4146d95f01f"	"40881"	"17673"	"143969"	"MayeDr00"	"24958"	"11564"	2	"https://static.www.nfl.com/image/upload/f_auto,q_auto/league/s1nmoon2xnrc3bnyulv4"	"QB"	3	"REG"	"A01"	"Drake"	"MAY289639"	"57124"	"32004d41-5928-9639-2999-10019fb4c292"	2024	2024	"NE"	3
2026	"NE"	"QB"	"QB"	10	"ACT"	"Drake Maye"	"Drake"	"Maye"	"2002-08-30"	76	225	"North Carolina"	"00-0039851"	"4431452"	"d0c0630e-8925-4b81-a32b-e4146d95f01f"	"40881"	"17673"	"143969"	"MayeDr00"	"24958"	"11564"	2	"https://static.www.nfl.com/image/upload/f_auto,q_auto/league/s1nmoon2xnrc3bnyulv4"	"QB"	4	"REG"	"A01"	"Drake"	"MAY289639"	"57124"	"32004d41-5928-9639-2999-10019fb4c292"	2024	2024	"NE"	3
2026	"NYJ"	"WR"	"WR"	15	"ACT"	"Adonai Mitchell"	"Adonai"	"Mitchell"	"2002-10-08"	74	205	"Texas; Georgia"	"00-0039890"	"4597500"	"190dbc97-2b7c-4023-b6b0-5729b854b60b"	"40915"	"17668"	"146712"	"MitcAd00"	"24954"	"11625"	2	"https://static.www.nfl.com/image/upload/f_auto,q_auto/league/hwwacoa3pqapd7pgahfx"	"WR"	1	"REG"	"A01"	"Adonai"	"MIT056120"	"57173"	"32004d49-5405-6120-269b-4e222571d8ba"	2024	2024	"IND"	52
2026	"NYJ"	"WR"	"WR"	15	"ACT"	"Adonai Mitchell"	"Adonai"	"Mitchell"	"2002-10-08"	74	205	"Texas; Georgia"	"00-0039890"	"4597500"	"190dbc97-2b7c-4023-b6b0-5729b854b60b"	"40915"	"17668"	"146712"	"MitcAd00"	"24954"	"11625"	2	"https://static.www.nfl.com/image/upload/f_auto,q_auto/league/hwwacoa3pqapd7pgahfx"	"WR"	2	"REG"	"A01"	"Adonai"	"MIT056120"	"57173"	"32004d49-5405-6120-269b-4e222571d8ba"	2024	2024	"IND"	52
2026	"NYJ"	"WR"	"WR"	15	"INA"	"Adonai Mitchell"	"Adonai"	"Mitchell"	"2002-10-08"	74	205	"Texas; Georgia"	"00-0039890"	"4597500"	"190dbc97-2b7c-4023-b6b0-5729b854b60b"	"40915"	"17668"	"146712"	"MitcAd00"	"24954"	"11625"	2	"https://static.www.nfl.com/image/upload/f_auto,q_auto/league/hwwacoa3pqapd7pgahfx"	null	3	"REG"	"A01"	"Adonai"	"MIT056120"	"57173"	"32004d49-5405-6120-269b-4e222571d8ba"	2024	2024	"IND"	52
2026	"NYJ"	"WR"	"WR"	15	"INA"	"Adonai Mitchell"	"Adonai"	"Mitchell"	"2002-10-08"	74	205	"Texas; Georgia"	"00-0039890"	"4597500"	"190dbc97-2b7c-4023-b6b0-5729b854b60b"	"40915"	"17668"	"146712"	"MitcAd00"	"24954"	"11625"	2	"https://static.www.nfl.com/image/upload/f_auto,q_auto/league/hwwacoa3pqapd7pgahfx"	null	4	"REG"	"A01"	"Adonai"	"MIT056120"	"57173"	"32004d49-5405-6120-269b-4e222571d8ba"	2024	2024	"IND"	52
2026	"JAX"	"WR"	"WR"	7	"ACT"	"Brian Thomas Jr."	"Brian"	"Thomas"	"2002-10-08"	74	209	"LSU"	"00-0039893"	"4432773"	"271a233e-68b3-4261-a3aa-7667eaf9d3cc"	"40883"	"17716"	"146760"	"ThomBr06"	"24933"	"11631"	2	"https://static.www.nfl.com/image/upload/f_auto,q_auto/league/plnekkriys4cm11rnxwl"	"WR"	1	"REG"	"A01"	"Brian"	"THO419793"	"57144"	"32005448-4f41-9793-7e94-7811f8a76eb2"	2024	2024	"JAX"	23
2026	"JAX"	"WR"	"WR"	7	"ACT"	"Brian Thomas Jr."	"Brian"	"Thomas"	"2002-10-08"	74	209	"LSU"	"00-0039893"	"4432773"	"271a233e-68b3-4261-a3aa-7667eaf9d3cc"	"40883"	"17716"	"146760"	"ThomBr06"	"24933"	"11631"	2	"https://static.www.nfl.com/image/upload/f_auto,q_auto/league/plnekkriys4cm11rnxwl"	"WR"	2	"REG"	"A01"	"Brian"	"THO419793"	"57144"	"32005448-4f41-9793-7e94-7811f8a76eb2"	2024	2024	"JAX"	23
2026	"JAX"	"WR"	"WR"	7	"ACT"	"Brian Thomas Jr."	"Brian"	"Thomas"	"2002-10-08"	74	209	"LSU"	"00-0039893"	"4432773"	"271a233e-68b3-4261-a3aa-7667eaf9d3cc"	"40883"	"17716"	"146760"	"ThomBr06"	"24933"	"11631"	2	"https://static.www.nfl.com/image/upload/f_auto,q_auto/league/plnekkriys4cm11rnxwl"	"WR"	3	"REG"	"A01"	"Brian"	"THO419793"	"57144"	"32005448-4f41-9793-7e94-7811f8a76eb2"	2024	2024	"JAX"	23
2026	"JAX"	"WR"	"WR"	7	"ACT"	"Brian Thomas Jr."	"Brian"	"Thomas"	"2002-10-08"	74	209	"LSU"	"00-0039893"	"4432773"	"271a233e-68b3-4261-a3aa-7667eaf9d3cc"	"40883"	"17716"	"146760"	"ThomBr06"	"24933"	"11631"	2	"https://static.www.nfl.com/image/upload/f_auto,q_auto/league/plnekkriys4cm11rnxwl"	"WR"	4	"REG"	"A01"	"Brian"	"THO419793"	"57144"	"32005448-4f41-9793-7e94-7811f8a76eb2"	2024	2024	"JAX"	23
2026	"KC"	"WR"	"WR"	1	"ACT"	"Xavier Worthy"	"Xavier"	"Worthy"	"2003-04-27"	71	165	"Texas"	"00-0039894"	"4683062"	"52e049b1-0a7a-4e7f-9866-d2848e9cc478"	"40877"	"17687"	"144718"	"WortXa00"	"24924"	"11624"	2	"https://static.www.nfl.com/image/upload/f_auto,q_auto/league/u6fmnffwteccoxn3uguq"	"WR"	1	"REG"	"A01"	"Xavier"	"WOR741496"	"57149"	"3200574f-5274-1496-c9ca-5c4709faa05b"	2024	2024	"KC"	28
2026	"KC"	"WR"	"WR"	1	"ACT"	"Xavier Worthy"	"Xavier"	"Worthy"	"2003-04-27"	71	165	"Texas"	"00-0039894"	"4683062"	"52e049b1-0a7a-4e7f-9866-d2848e9cc478"	"40877"	"17687"	"144718"	"WortXa00"	"24924"	"11624"	2	"https://static.www.nfl.com/image/upload/f_auto,q_auto/league/u6fmnffwteccoxn3uguq"	"WR"	2	"REG"	"A01"	"Xavier"	"WOR741496"	"57149"	"3200574f-5274-1496-c9ca-5c4709faa05b"	2024	2024	"KC"	28
2026	"KC"	"WR"	"WR"	1	"ACT"	"Xavier Worthy"	"Xavier"	"Worthy"	"2003-04-27"	71	165	"Texas"	"00-0039894"	"4683062"	"52e049b1-0a7a-4e7f-9866-d2848e9cc478"	"40877"	"17687"	"144718"	"WortXa00"	"24924"	"11624"	2	"https://static.www.nfl.com/image/upload/f_auto,q_auto/league/u6fmnffwteccoxn3uguq"	"WR"	3	"REG"	"A01"	"Xavier"	"WOR741496"	"57149"	"3200574f-5274-1496-c9ca-5c4709faa05b"	2024	2024	"KC"	28
2026	"KC"	"WR"	"WR"	1	"ACT"	"Xavier Worthy"	"Xavier"	"Worthy"	"2003-04-27"	71	165	"Texas"	"00-0039894"	"4683062"	"52e049b1-0a7a-4e7f-9866-d2848e9cc478"	"40877"	"17687"	"144718"	"WortXa00"	"24924"	"11624"	2	"https://static.www.nfl.com/image/upload/f_auto,q_auto/league/u6fmnffwteccoxn3uguq"	"WR"	4	"REG"	"A01"	"Xavier"	"WOR741496"	"57149"	"3200574f-5274-1496-c9ca-5c4709faa05b"	2024	2024	"KC"	28
2026	"WAS"	"QB"	"QB"	5	"ACT"	"Jayden Daniels"	"Jayden"	"Daniels"	"2000-12-18"	76	210	"LSU; Arizona State"	"00-0039910"	"4426348"	"bab8c65a-9fff-410d-8e34-dc2f636d890e"	"40896"	"17692"	"97993"	"DaniJa02"	"23235"	"11566"	2	"https://static.www.nfl.com/image/upload/f_auto,q_auto/league/gfz8k5onuqjrche9ogqc"	"QB"	1	"REG"	"A01"	"Jayden"	"DAN567618"	"57123"	"32004441-4e56-7618-ab61-f08cbf558acd"	2024	2024	"WAS"	2
2026	"WAS"	"QB"	"QB"	5	"ACT"	"Jayden Daniels"	"Jayden"	"Daniels"	"2000-12-18"	76	210	"LSU; Arizona State"	"00-0039910"	"4426348"	"bab8c65a-9fff-410d-8e34-dc2f636d890e"	"40896"	"17692"	"97993"	"DaniJa02"	"23235"	"11566"	2	"https://static.www.nfl.com/image/upload/f_auto,q_auto/league/gfz8k5onuqjrche9ogqc"	"QB"	2	"REG"	"A01"	"Jayden"	"DAN567618"	"57123"	"32004441-4e56-7618-ab61-f08cbf558acd"	2024	2024	"WAS"	2
2026	"WAS"	"QB"	"QB"	5	"INA"	"Jayden Daniels"	"Jayden"	"Daniels"	"2000-12-18"	76	210	"LSU; Arizona State"	"00-0039910"	"4426348"	"bab8c65a-9fff-410d-8e34-dc2f636d890e"	"40896"	"17692"	"97993"	"DaniJa02"	"23235"	"11566"	2	"https://static.www.nfl.com/image/upload/f_auto,q_auto/league/gfz8k5onuqjrche9ogqc"	null	3	"REG"	"A01"	"Jayden"	"DAN567618"	"57123"	"32004441-4e56-7618-ab61-f08cbf558acd"	2024	2024	"WAS"	2
2026	"WAS"	"QB"	"QB"	5	"INA"	"Jayden Daniels"	"Jayden"	"Daniels"	"2000-12-18"	76	210	"LSU; Arizona State"	"00-0039910"	"4426348"	"bab8c65a-9fff-410d-8e34-dc2f636d890e"	"40896"	"17692"	"97993"	"DaniJa02"	"23235"	"11566"	2	"https://static.www.nfl.com/image/upload/f_auto,q_auto/league/gfz8k5onuqjrche9ogqc"	null	4	"REG"	"A01"	"Jayden"	"DAN567618"	"57123"	"32004441-4e56-7618-ab61-f08cbf558acd"	2024	2024	"WAS"	2
2026	"LAC"	"WR"	"WR"	15	"ACT"	"Ladd McConkey"	"Andrew"	"McConkey"	"2001-11-11"	72	185	"Georgia"	"00-0039915"	"4612826"	"473bc7e5-c393-4f21-9e49-3ffc16711238"	"40908"	"17724"	"124030"	"McCoLa00"	"25097"	"11635"	2	"https://static.www.nfl.com/image/upload/f_auto,q_auto/league/q2sk7yforrkiusvruo1o"	"SLOT_WR"	1	"REG"	"A01"	"Ladd"	"MCC512833"	"57155"	"32004d43-4351-2833-c30c-76941288e843"	2024	2024	"LAC"	34
2026	"LAC"	"WR"	"WR"	15	"ACT"	"Ladd McConkey"	"Andrew"	"McConkey"	"2001-11-11"	72	185	"Georgia"	"00-0039915"	"4612826"	"473bc7e5-c393-4f21-9e49-3ffc16711238"	"40908"	"17724"	"124030"	"McCoLa00"	"25097"	"11635"	2	"https://static.www.nfl.com/image/upload/f_auto,q_auto/league/q2sk7yforrkiusvruo1o"	"WR"	2	"REG"	"A01"	"Ladd"	"MCC512833"	"57155"	"32004d43-4351-2833-c30c-76941288e843"	2024	2024	"LAC"	34
2026	"LAC"	"WR"	"WR"	15	"ACT"	"Ladd McConkey"	"Andrew"	"McConkey"	"2001-11-11"	72	185	"Georgia"	"00-0039915"	"4612826"	"473bc7e5-c393-4f21-9e49-3ffc16711238"	"40908"	"17724"	"124030"	"McCoLa00"	"25097"	"11635"	2	"https://static.www.nfl.com/image/upload/f_auto,q_auto/league/q2sk7yforrkiusvruo1o"	"WR"	3	"REG"	"A01"	"Ladd"	"MCC512833"	"57155"	"32004d43-4351-2833-c30c-76941288e843"	2024	2024	"LAC"	34
2026	"LAC"	"WR"	"WR"	15	"ACT"	"Ladd McConkey"	"Andrew"	"McConkey"	"2001-11-11"	72	185	"Georgia"	"00-0039915"	"4612826"	"473bc7e5-c393-4f21-9e49-3ffc16711238"	"40908"	"17724"	"124030"	"McCoLa00"	"25097"	"11635"	2	"https://static.www.nfl.com/image/upload/f_auto,q_auto/league/q2sk7yforrkiusvruo1o"	"WR"	4	"REG"	"A01"	"Ladd"	"MCC512833"	"57155"	"32004d43-4351-2833-c30c-76941288e843"	2024	2024	"LAC"	34
2026	"CHI"	"QB"	"QB"	18	"ACT"	"Caleb Williams"	"Caleb"	"Williams"	"2001-11-18"	73	226	"USC; Oklahoma"	"00-0039918"	"4431611"	"49d4b627-3f19-49a8-ae33-f539e0fb1f88"	"40900"	"17695"	"144622"	"WillCa03"	"24927"	"11560"	2	"https://static.www.nfl.com/image/upload/f_auto,q_auto/league/h4qs11kutwiw7whekmyt"	"QB"	1	"REG"	"A01"	"Caleb"	"WIL176897"	"57122"	"32005749-4c17-6897-a516-9754023602e6"	2024	2024	"CHI"	1
2026	"CHI"	"QB"	"QB"	18	"ACT"	"Caleb Williams"	"Caleb"	"Williams"	"2001-11-18"	73	226	"USC; Oklahoma"	"00-0039918"	"4431611"	"49d4b627-3f19-49a8-ae33-f539e0fb1f88"	"40900"	"17695"	"144622"	"WillCa03"	"24927"	"11560"	2	"https://static.www.nfl.com/image/upload/f_auto,q_auto/league/h4qs11kutwiw7whekmyt"	"QB"	2	"REG"	"A01"	"Caleb"	"WIL176897"	"57122"	"32005749-4c17-6897-a516-9754023602e6"	2024	2024	"CHI"	1
2026	"CHI"	"QB"	"QB"	18	"INA"	"Caleb Williams"	"Caleb"	"Williams"	"2001-11-18"	73	226	"USC; Oklahoma"	"00-0039918"	"4431611"	"49d4b627-3f19-49a8-ae33-f539e0fb1f88"	"40900"	"17695"	"144622"	"WillCa03"	"24927"	"11560"	2	"https://static.www.nfl.com/image/upload/f_auto,q_auto/league/h4qs11kutwiw7whekmyt"	null	3	"REG"	"A01"	"Caleb"	"WIL176897"	"57122"	"32005749-4c17-6897-a516-9754023602e6"	2024	2024	"CHI"	1
2026	"CHI"	"QB"	"QB"	18	"INA"	"Caleb Williams"	"Caleb"	"Williams"	"2001-11-18"	73	226	"USC; Oklahoma"	"00-0039918"	"4431611"	"49d4b627-3f19-49a8-ae33-f539e0fb1f88"	"40900"	"17695"	"144622"	"WillCa03"	"24927"	"11560"	2	"https://static.www.nfl.com/image/upload/f_auto,q_auto/league/h4qs11kutwiw7whekmyt"	null	4	"REG"	"A01"	"Caleb"	"WIL176897"	"57122"	"32005749-4c17-6897-a516-9754023602e6"	2024	2024	"CHI"	1
2026	"CHI"	"WR"	"WR"	15	"ACT"	"Rome Odunze"	"Rome"	"Odunze"	"2002-06-03"	75	215	"Washington"	"00-0039919"	"4431299"	"f64694e0-0381-11ef-973d-5176a0ecbee4"	"40901"	"17020"	"73774"	"OdunRo00"	"24977"	"11620"	2	"https://static.www.nfl.com/image/upload/f_auto,q_auto/league/niewdl2p2325kpohbw9v"	"WR"	1	"REG"	"A01"	"Rome"	"ODU426541"	"57130"	"32004f44-5542-6541-431c-1a51e8792659"	2024	2024	"CHI"	9
2026	"CHI"	"WR"	"WR"	15	"ACT"	"Rome Odunze"	"Rome"	"Odunze"	"2002-06-03"	75	215	"Washington"	"00-0039919"	"4431299"	"f64694e0-0381-11ef-973d-5176a0ecbee4"	"40901"	"17020"	"73774"	"OdunRo00"	"24977"	"11620"	2	"https://static.www.nfl.com/image/upload/f_auto,q_auto/league/niewdl2p2325kpohbw9v"	"WR"	2	"REG"	"A01"	"Rome"	"ODU426541"	"57130"	"32004f44-5542-6541-431c-1a51e8792659"	2024	2024	"CHI"	9
2026	"CHI"	"WR"	"WR"	15	"ACT"	"Rome Odunze"	"Rome"	"Odunze"	"2002-06-03"	75	215	"Washington"	"00-0039919"	"4431299"	"f64694e0-0381-11ef-973d-5176a0ecbee4"	"40901"	"17020"	"73774"	"OdunRo00"	"24977"	"11620"	2	"https://static.www.nfl.com/image/upload/f_auto,q_auto/league/niewdl2p2325kpohbw9v"	"WR"	3	"REG"	"A01"	"Rome"	"ODU426541"	"57130"	"32004f44-5542-6541-431c-1a51e8792659"	2024	2024	"CHI"	9
2026	"CHI"	"WR"	"WR"	15	"ACT"	"Rome Odunze"	"Rome"	"Odunze"	"2002-06-03"	75	215	"Washington"	"00-0039919"	"4431299"	"f64694e0-0381-11ef-973d-5176a0ecbee4"	"40901"	"17020"	"73774"	"OdunRo00"	"24977"	"11620"	2	"https://static.www.nfl.com/image/upload/f_auto,q_auto/league/niewdl2p2325kpohbw9v"	"WR"	4	"REG"	"A01"	"Rome"	"ODU426541"	"57130"	"32004f44-5542-6541-431c-1a51e8792659"	2024	2024	"CHI"	9
2026	"LV"	"RB"	"RB"	2	"ACT"	"Ashton Jeanty"	"Ashton"	"Jeanty"	"2003-12-02"	68	208	"Boise State"	"00-0040122"	"4890973"	"320fc4b7-76c7-43af-bbfd-1a22ba8f78cb"	null	"18487"	"157196"	"JeanAs00"	"25868"	"12527"	1	"https://static.www.nfl.com/image/upload/f_auto,q_auto/league/syspis1mntov9kgspb7r"	"RB"	1	"REG"	"A01"	"Ashton"	"JEA427291"	"58208"	"32004a45-4142-7291-3a65-da29eaedce27"	2025	2025	"LV"	6
2026	"LV"	"RB"	"RB"	2	"ACT"	"Ashton Jeanty"	"Ashton"	"Jeanty"	"2003-12-02"	68	208	"Boise State"	"00-0040122"	"4890973"	"320fc4b7-76c7-43af-bbfd-1a22ba8f78cb"	null	"18487"	"157196"	"JeanAs00"	"25868"	"12527"	1	"https://static.www.nfl.com/image/upload/f_auto,q_auto/league/syspis1mntov9kgspb7r"	"RB"	2	"REG"	"A01"	"Ashton"	"JEA427291"	"58208"	"32004a45-4142-7291-3a65-da29eaedce27"	2025	2025	"LV"	6
2026	"LV"	"RB"	"RB"	2	"ACT"	"Ashton Jeanty"	"Ashton"	"Jeanty"	"2003-12-02"	68	208	"Boise State"	"00-0040122"	"4890973"	"320fc4b7-76c7-43af-bbfd-1a22ba8f78cb"	null	"18487"	"157196"	"JeanAs00"	"25868"	"12527"	1	"https://static.www.nfl.com/image/upload/f_auto,q_auto/league/syspis1mntov9kgspb7r"	"RB"	3	"REG"	"A01"	"Ashton"	"JEA427291"	"58208"	"32004a45-4142-7291-3a65-da29eaedce27"	2025	2025	"LV"	6
2026	"LV"	"RB"	"RB"	2	"ACT"	"Ashton Jeanty"	"Ashton"	"Jeanty"	"2003-12-02"	68	208	"Boise State"	"00-0040122"	"4890973"	"320fc4b7-76c7-43af-bbfd-1a22ba8f78cb"	null	"18487"	"157196"	"JeanAs00"	"25868"	"12527"	1	"https://static.www.nfl.com/image/upload/f_auto,q_auto/league/syspis1mntov9kgspb7r"	"RB"	4	"REG"	"A01"	"Ashton"	"JEA427291"	"58208"	"32004a45-4142-7291-3a65-da29eaedce27"	2025	2025	"LV"	6
2026	"CAR"	"WR"	"WR"	4	"ACT"	"Tetairoa McMillan"	"Tetairoa"	"McMillan"	"2003-04-05"	77	220	"Arizona"	"00-0040124"	"4685472"	"874de000-586c-4999-ac12-02766563e200"	null	"18547"	"158735"	"McMiTe00"	"26054"	"12526"	1	"https://static.www.nfl.com/image/upload/f_auto,q_auto/league/gilgvjemumd6kpc9eiku"	"WR"	1	"REG"	"A01"	"Tetairoa"	"MCM514957"	"58210"	"32004d43-4d51-4957-830f-234e646a998f"	2025	2025	"CAR"	8
2026	"CAR"	"WR"	"WR"	4	"ACT"	"Tetairoa McMillan"	"Tetairoa"	"McMillan"	"2003-04-05"	77	220	"Arizona"	"00-0040124"	"4685472"	"874de000-586c-4999-ac12-02766563e200"	null	"18547"	"158735"	"McMiTe00"	"26054"	"12526"	1	"https://static.www.nfl.com/image/upload/f_auto,q_auto/league/gilgvjemumd6kpc9eiku"	"WR"	2	"REG"	"A01"	"Tetairoa"	"MCM514957"	"58210"	"32004d43-4d51-4957-830f-234e646a998f"	2025	2025	"CAR"	8
2026	"CAR"	"WR"	"WR"	4	"ACT"	"Tetairoa McMillan"	"Tetairoa"	"McMillan"	"2003-04-05"	77	220	"Arizona"	"00-0040124"	"4685472"	"874de000-586c-4999-ac12-02766563e200"	null	"18547"	"158735"	"McMiTe00"	"26054"	"12526"	1	"https://static.www.nfl.com/image/upload/f_auto,q_auto/league/gilgvjemumd6kpc9eiku"	"WR"	3	"REG"	"A01"	"Tetairoa"	"MCM514957"	"58210"	"32004d43-4d51-4957-830f-234e646a998f"	2025	2025	"CAR"	8
2026	"CAR"	"WR"	"WR"	4	"ACT"	"Tetairoa McMillan"	"Tetairoa"	"McMillan"	"2003-04-05"	77	220	"Arizona"	"00-0040124"	"4685472"	"874de000-586c-4999-ac12-02766563e200"	null	"18547"	"158735"	"McMiTe00"	"26054"	"12526"	1	"https://static.www.nfl.com/image/upload/f_auto,q_auto/league/gilgvjemumd6kpc9eiku"	"WR"	4	"REG"	"A01"	"Tetairoa"	"MCM514957"	"58210"	"32004d43-4d51-4957-830f-234e646a998f"	2025	2025	"CAR"	8
2026	"CHI"	"TE"	"TE"	84	"ACT"	"Colston Loveland"	"Colston"	"Loveland"	"2004-04-09"	78	241	"Michigan"	"00-0040126"	"4723086"	"62cd2cd5-8b40-4ee6-bfb8-0083edd105a2"	null	"18460"	"158540"	"LoveCo00"	"25869"	"12517"	1	"https://static.www.nfl.com/image/upload/f_auto,q_auto/league/cnxiyi76jeahgx94nh6d"	"TE"	1	"REG"	"A01"	"Colston"	"LOV456221"	"58212"	"32004c4f-5645-6221-1f26-a303114b69f8"	2025	2025	"CHI"	10
2026	"CHI"	"TE"	"TE"	84	"ACT"	"Colston Loveland"	"Colston"	"Loveland"	"2004-04-09"	78	241	"Michigan"	"00-0040126"	"4723086"	"62cd2cd5-8b40-4ee6-bfb8-0083edd105a2"	null	"18460"	"158540"	"LoveCo00"	"25869"	"12517"	1	"https://static.www.nfl.com/image/upload/f_auto,q_auto/league/cnxiyi76jeahgx94nh6d"	"TE"	2	"REG"	"A01"	"Colston"	"LOV456221"	"58212"	"32004c4f-5645-6221-1f26-a303114b69f8"	2025	2025	"CHI"	10
2026	"CHI"	"TE"	"TE"	84	"ACT"	"Colston Loveland"	"Colston"	"Loveland"	"2004-04-09"	78	241	"Michigan"	"00-0040126"	"4723086"	"62cd2cd5-8b40-4ee6-bfb8-0083edd105a2"	null	"18460"	"158540"	"LoveCo00"	"25869"	"12517"	1	"https://static.www.nfl.com/image/upload/f_auto,q_auto/league/cnxiyi76jeahgx94nh6d"	"TE"	3	"REG"	"A01"	"Colston"	"LOV456221"	"58212"	"32004c4f-5645-6221-1f26-a303114b69f8"	2025	2025	"CHI"	10
2026	"CHI"	"TE"	"TE"	84	"ACT"	"Colston Loveland"	"Colston"	"Loveland"	"2004-04-09"	78	241	"Michigan"	"00-0040126"	"4723086"	"62cd2cd5-8b40-4ee6-bfb8-0083edd105a2"	null	"18460"	"158540"	"LoveCo00"	"25869"	"12517"	1	"https://static.www.nfl.com/image/upload/f_auto,q_auto/league/cnxiyi76jeahgx94nh6d"	"TE"	4	"REG"	"A01"	"Colston"	"LOV456221"	"58212"	"32004c4f-5645-6221-1f26-a303114b69f8"	2025	2025	"CHI"	10
2026	"IND"	"TE"	"TE"	84	"ACT"	"Tyler Warren"	"Tyler"	"Warren"	"2002-05-24"	78	256	"Penn State"	"00-0040128"	"4431459"	"c8fe3913-1210-4142-b9c1-c119ef702ca5"	null	"18534"	"129798"	"WarrTy00"	"25874"	"12518"	1	"https://static.www.nfl.com/image/upload/f_auto,q_auto/league/f1mfwwrr3qvnxuiackgq"	"TE"	1	"REG"	"A01"	"Tyler"	"WAR717637"	"58216"	"32005741-5271-7637-9a66-3790edc85a60"	2025	2025	"IND"	14
2026	"IND"	"TE"	"TE"	84	"ACT"	"Tyler Warren"	"Tyler"	"Warren"	"2002-05-24"	78	256	"Penn State"	"00-0040128"	"4431459"	"c8fe3913-1210-4142-b9c1-c119ef702ca5"	null	"18534"	"129798"	"WarrTy00"	"25874"	"12518"	1	"https://static.www.nfl.com/image/upload/f_auto,q_auto/league/f1mfwwrr3qvnxuiackgq"	"TE"	2	"REG"	"A01"	"Tyler"	"WAR717637"	"58216"	"32005741-5271-7637-9a66-3790edc85a60"	2025	2025	"IND"	14
2026	"IND"	"TE"	"TE"	84	"ACT"	"Tyler Warren"	"Tyler"	"Warren"	"2002-05-24"	78	256	"Penn State"	"00-0040128"	"4431459"	"c8fe3913-1210-4142-b9c1-c119ef702ca5"	null	"18534"	"129798"	"WarrTy00"	"25874"	"12518"	1	"https://static.www.nfl.com/image/upload/f_auto,q_auto/league/f1mfwwrr3qvnxuiackgq"	"TE"	3	"REG"	"A01"	"Tyler"	"WAR717637"	"58216"	"32005741-5271-7637-9a66-3790edc85a60"	2025	2025	"IND"	14
2026	"IND"	"TE"	"TE"	84	"ACT"	"Tyler Warren"	"Tyler"	"Warren"	"2002-05-24"	78	256	"Penn State"	"00-0040128"	"4431459"	"c8fe3913-1210-4142-b9c1-c119ef702ca5"	null	"18534"	"129798"	"WarrTy00"	"25874"	"12518"	1	"https://static.www.nfl.com/image/upload/f_auto,q_auto/league/f1mfwwrr3qvnxuiackgq"	"TE"	4	"REG"	"A01"	"Tyler"	"WAR717637"	"58216"	"32005741-5271-7637-9a66-3790edc85a60"	2025	2025	"IND"	14
2026	"TB"	"WR"	"WR"	2	"ACT"	"Emeka Egbuka"	"Emeka"	"Egbuka"	"2002-10-14"	73	205	"Ohio State"	"00-0040129"	"4567750"	"00cea287-1fa0-4584-803f-59f546ef8722"	null	"18549"	"145055"	"EgbuEm01"	"26092"	"12514"	1	"https://static.www.nfl.com/image/upload/f_auto,q_auto/league/z224kbzs62rjuykc0vha"	"WR"	1	"REG"	"A01"	"Emeka"	"EGB519113"	"58221"	"32004547-4251-9113-2459-a72f5ed777af"	2025	2025	"TB"	19
2026	"TB"	"WR"	"WR"	2	"ACT"	"Emeka Egbuka"	"Emeka"	"Egbuka"	"2002-10-14"	73	205	"Ohio State"	"00-0040129"	"4567750"	"00cea287-1fa0-4584-803f-59f546ef8722"	null	"18549"	"145055"	"EgbuEm01"	"26092"	"12514"	1	"https://static.www.nfl.com/image/upload/f_auto,q_auto/league/z224kbzs62rjuykc0vha"	"WR"	2	"REG"	"A01"	"Emeka"	"EGB519113"	"58221"	"32004547-4251-9113-2459-a72f5ed777af"	2025	2025	"TB"	19
2026	"TB"	"WR"	"WR"	2	"ACT"	"Emeka Egbuka"	"Emeka"	"Egbuka"	"2002-10-14"	73	205	"Ohio State"	"00-0040129"	"4567750"	"00cea287-1fa0-4584-803f-59f546ef8722"	null	"18549"	"145055"	"EgbuEm01"	"26092"	"12514"	1	"https://static.www.nfl.com/image/upload/f_auto,q_auto/league/z224kbzs62rjuykc0vha"	"WR"	3	"REG"	"A01"	"Emeka"	"EGB519113"	"58221"	"32004547-4251-9113-2459-a72f5ed777af"	2025	2025	"TB"	19
2026	"TB"	"WR"	"WR"	2	"ACT"	"Emeka Egbuka"	"Emeka"	"Egbuka"	"2002-10-14"	73	205	"Ohio State"	"00-0040129"	"4567750"	"00cea287-1fa0-4584-803f-59f546ef8722"	null	"18549"	"145055"	"EgbuEm01"	"26092"	"12514"	1	"https://static.www.nfl.com/image/upload/f_auto,q_auto/league/z224kbzs62rjuykc0vha"	"WR"	4	"REG"	"A01"	"Emeka"	"EGB519113"	"58221"	"32004547-4251-9113-2459-a72f5ed777af"	2025	2025	"TB"	19
2026	"CHI"	"RB"	"RB"	25	"ACT"	"Kyle Monangai"	"Kyle"	"Monangai"	"2002-06-06"	68	209	"Rutgers"	"00-0040236"	"4608686"	"6edec23b-f938-40f7-a151-1db5374880dd"	null	"18520"	"129891"	"MonaKy00"	"25952"	"12534"	1	"https://static.www.nfl.com/image/upload/f_auto,q_auto/league/bkkk3uuouhcobydqawro"	"RB"	1	"REG"	"A01"	"Kyle"	"MON116385"	"58438"	"32004d4f-4e11-6385-d542-4b47928ce72b"	2025	2025	"CHI"	233
2026	"CHI"	"RB"	"RB"	25	"ACT"	"Kyle Monangai"	"Kyle"	"Monangai"	"2002-06-06"	68	209	"Rutgers"	"00-0040236"	"4608686"	"6edec23b-f938-40f7-a151-1db5374880dd"	null	"18520"	"129891"	"MonaKy00"	"25952"	"12534"	1	"https://static.www.nfl.com/image/upload/f_auto,q_auto/league/bkkk3uuouhcobydqawro"	"RB"	2	"REG"	"A01"	"Kyle"	"MON116385"	"58438"	"32004d4f-4e11-6385-d542-4b47928ce72b"	2025	2025	"CHI"	233
2026	"CHI"	"RB"	"RB"	25	"ACT"	"Kyle Monangai"	"Kyle"	"Monangai"	"2002-06-06"	68	209	"Rutgers"	"00-0040236"	"4608686"	"6edec23b-f938-40f7-a151-1db5374880dd"	null	"18520"	"129891"	"MonaKy00"	"25952"	"12534"	1	"https://static.www.nfl.com/image/upload/f_auto,q_auto/league/bkkk3uuouhcobydqawro"	"RB"	3	"REG"	"A01"	"Kyle"	"MON116385"	"58438"	"32004d4f-4e11-6385-d542-4b47928ce72b"	2025	2025	"CHI"	233
2026	"CHI"	"RB"	"RB"	25	"ACT"	"Kyle Monangai"	"Kyle"	"Monangai"	"2002-06-06"	68	209	"Rutgers"	"00-0040236"	"4608686"	"6edec23b-f938-40f7-a151-1db5374880dd"	null	"18520"	"129891"	"MonaKy00"	"25952"	"12534"	1	"https://static.www.nfl.com/image/upload/f_auto,q_auto/league/bkkk3uuouhcobydqawro"	"RB"	4	"REG"	"A01"	"Kyle"	"MON116385"	"58438"	"32004d4f-4e11-6385-d542-4b47928ce72b"	2025	2025	"CHI"	233
2026	"LA"	"WR"	"WR"	4	"ACT"	"Konata Mumpfield"	"Konata"	"Mumpfield"	"2002-10-24"	73	185	"Pittsburgh; Akron"	"00-0040590"	"4710855"	"ccb6d700-ac74-4f6b-9f86-d1aa74d0c318"	null	"17081"	"145598"	"MumpKo00"	"25001"	"12718"	1	"https://static.www.nfl.com/image/upload/f_auto,q_auto/league/cehkowkvb4aujslmppbj"	"SLOT_WR"	1	"REG"	"A01"	"Konata"	"MUM478130"	"58447"	"32004d55-4d47-8130-a5b3-cf5623c5e8e2"	2025	2025	"LAR"	242
2026	"LA"	"WR"	"WR"	4	"ACT"	"Konata Mumpfield"	"Konata"	"Mumpfield"	"2002-10-24"	73	185	"Pittsburgh; Akron"	"00-0040590"	"4710855"	"ccb6d700-ac74-4f6b-9f86-d1aa74d0c318"	null	"17081"	"145598"	"MumpKo00"	"25001"	"12718"	1	"https://static.www.nfl.com/image/upload/f_auto,q_auto/league/cehkowkvb4aujslmppbj"	"WR"	2	"REG"	"A01"	"Konata"	"MUM478130"	"58447"	"32004d55-4d47-8130-a5b3-cf5623c5e8e2"	2025	2025	"LAR"	242
2026	"LA"	"WR"	"WR"	4	"ACT"	"Konata Mumpfield"	"Konata"	"Mumpfield"	"2002-10-24"	73	185	"Pittsburgh; Akron"	"00-0040590"	"4710855"	"ccb6d700-ac74-4f6b-9f86-d1aa74d0c318"	null	"17081"	"145598"	"MumpKo00"	"25001"	"12718"	1	"https://static.www.nfl.com/image/upload/f_auto,q_auto/league/cehkowkvb4aujslmppbj"	"WR"	3	"REG"	"A01"	"Konata"	"MUM478130"	"58447"	"32004d55-4d47-8130-a5b3-cf5623c5e8e2"	2025	2025	"LAR"	242
2026	"LA"	"WR"	"WR"	4	"ACT"	"Konata Mumpfield"	"Konata"	"Mumpfield"	"2002-10-24"	73	185	"Pittsburgh; Akron"	"00-0040590"	"4710855"	"ccb6d700-ac74-4f6b-9f86-d1aa74d0c318"	null	"17081"	"145598"	"MumpKo00"	"25001"	"12718"	1	"https://static.www.nfl.com/image/upload/f_auto,q_auto/league/cehkowkvb4aujslmppbj"	"SLOT_WR"	4	"REG"	"A01"	"Konata"	"MUM478130"	"58447"	"32004d55-4d47-8130-a5b3-cf5623c5e8e2"	2025	2025	"LAR"	242
2026	"CLE"	"TE"	"TE"	44	"ACT"	"Harold Fannin Jr."	"Harold"	"Fannin"	"2004-07-20"	76	241	"Bowling Green"	"00-0040663"	"5083076"	"8bdf2df7-b51c-4404-b153-8dc62b1e0845"	null	"18472"	"163104"	"FannHa00"	"25870"	"12506"	1	"https://static.www.nfl.com/image/upload/f_auto,q_auto/league/fxublmpnxx9uggsddwik"	"TE"	1	"REG"	"A01"	"Harold"	"FAN288395"	"58272"	"32004641-4e28-8395-3765-a6a5bade7bb1"	2025	2025	"CLE"	67
2026	"CLE"	"TE"	"TE"	44	"ACT"	"Harold Fannin Jr."	"Harold"	"Fannin"	"2004-07-20"	76	241	"Bowling Green"	"00-0040663"	"5083076"	"8bdf2df7-b51c-4404-b153-8dc62b1e0845"	null	"18472"	"163104"	"FannHa00"	"25870"	"12506"	1	"https://static.www.nfl.com/image/upload/f_auto,q_auto/league/fxublmpnxx9uggsddwik"	"TE"	2	"REG"	"A01"	"Harold"	"FAN288395"	"58272"	"32004641-4e28-8395-3765-a6a5bade7bb1"	2025	2025	"CLE"	67
2026	"CLE"	"TE"	"TE"	44	"ACT"	"Harold Fannin Jr."	"Harold"	"Fannin"	"2004-07-20"	76	241	"Bowling Green"	"00-0040663"	"5083076"	"8bdf2df7-b51c-4404-b153-8dc62b1e0845"	null	"18472"	"163104"	"FannHa00"	"25870"	"12506"	1	"https://static.www.nfl.com/image/upload/f_auto,q_auto/league/fxublmpnxx9uggsddwik"	"TE"	3	"REG"	"A01"	"Harold"	"FAN288395"	"58272"	"32004641-4e28-8395-3765-a6a5bade7bb1"	2025	2025	"CLE"	67
2026	"CLE"	"TE"	"TE"	44	"ACT"	"Harold Fannin Jr."	"Harold"	"Fannin"	"2004-07-20"	76	241	"Bowling Green"	"00-0040663"	"5083076"	"8bdf2df7-b51c-4404-b153-8dc62b1e0845"	null	"18472"	"163104"	"FannHa00"	"25870"	"12506"	1	"https://static.www.nfl.com/image/upload/f_auto,q_auto/league/fxublmpnxx9uggsddwik"	"TE"	4	"REG"	"A01"	"Harold"	"FAN288395"	"58272"	"32004641-4e28-8395-3765-a6a5bade7bb1"	2025	2025	"CLE"	67
2026	"LAC"	"RB"	"RB"	8	"ACT"	"Omarion Hampton"	"Omarion"	"Hampton"	"2003-03-16"	72	220	"North Carolina"	"00-0040666"	"4685382"	"3e1b7908-79ee-4a23-97b9-5190725a2e5e"	null	"18445"	"162750"	"HampOm00"	"25956"	"12507"	1	"https://static.www.nfl.com/image/upload/f_auto,q_auto/league/lf2jxvxnbexlinoydbej"	"RB"	1	"REG"	"A01"	"Omarion"	"HAM773946"	"58224"	"32004841-4d77-3946-bc04-1f7201601885"	2025	2025	"LAC"	22
2026	"LAC"	"RB"	"RB"	8	"ACT"	"Omarion Hampton"	"Omarion"	"Hampton"	"2003-03-16"	72	220	"North Carolina"	"00-0040666"	"4685382"	"3e1b7908-79ee-4a23-97b9-5190725a2e5e"	null	"18445"	"162750"	"HampOm00"	"25956"	"12507"	1	"https://static.www.nfl.com/image/upload/f_auto,q_auto/league/lf2jxvxnbexlinoydbej"	"RB"	2	"REG"	"A01"	"Omarion"	"HAM773946"	"58224"	"32004841-4d77-3946-bc04-1f7201601885"	2025	2025	"LAC"	22
2026	"LAC"	"RB"	"RB"	8	"ACT"	"Omarion Hampton"	"Omarion"	"Hampton"	"2003-03-16"	72	220	"North Carolina"	"00-0040666"	"4685382"	"3e1b7908-79ee-4a23-97b9-5190725a2e5e"	null	"18445"	"162750"	"HampOm00"	"25956"	"12507"	1	"https://static.www.nfl.com/image/upload/f_auto,q_auto/league/lf2jxvxnbexlinoydbej"	"RB"	3	"REG"	"A01"	"Omarion"	"HAM773946"	"58224"	"32004841-4d77-3946-bc04-1f7201601885"	2025	2025	"LAC"	22
2026	"LAC"	"RB"	"RB"	8	"ACT"	"Omarion Hampton"	"Omarion"	"Hampton"	"2003-03-16"	72	220	"North Carolina"	"00-0040666"	"4685382"	"3e1b7908-79ee-4a23-97b9-5190725a2e5e"	null	"18445"	"162750"	"HampOm00"	"25956"	"12507"	1	"https://static.www.nfl.com/image/upload/f_auto,q_auto/league/lf2jxvxnbexlinoydbej"	"RB"	4	"REG"	"A01"	"Omarion"	"HAM773946"	"58224"	"32004841-4d77-3946-bc04-1f7201601885"	2025	2025	"LAC"	22
2026	"GB"	"WR"	"WR"	0	"ACT"	"Matthew Golden"	"Matthew"	"Golden"	"2003-08-01"	71	191	"Texas; Houston"	"00-0040667"	"4701936"	"d1963360-c011-4764-9a36-9e627073f68f"	null	"18500"	"156165"	"GoldMa02"	"25922"	"12501"	1	"https://static.www.nfl.com/image/upload/f_auto,q_auto/league/dbjki6b0swksr7mk17wk"	"WR"	1	"REG"	"A01"	"Matthew"	"GOL068614"	"58225"	"3200474f-4c06-8614-8bd5-a546b4ab4775"	2025	2025	"GB"	23
2026	"GB"	"WR"	"WR"	0	"ACT"	"Matthew Golden"	"Matthew"	"Golden"	"2003-08-01"	71	191	"Texas; Houston"	"00-0040667"	"4701936"	"d1963360-c011-4764-9a36-9e627073f68f"	null	"18500"	"156165"	"GoldMa02"	"25922"	"12501"	1	"https://static.www.nfl.com/image/upload/f_auto,q_auto/league/dbjki6b0swksr7mk17wk"	"WR"	2	"REG"	"A01"	"Matthew"	"GOL068614"	"58225"	"3200474f-4c06-8614-8bd5-a546b4ab4775"	2025	2025	"GB"	23
2026	"GB"	"WR"	"WR"	0	"ACT"	"Matthew Golden"	"Matthew"	"Golden"	"2003-08-01"	71	191	"Texas; Houston"	"00-0040667"	"4701936"	"d1963360-c011-4764-9a36-9e627073f68f"	null	"18500"	"156165"	"GoldMa02"	"25922"	"12501"	1	"https://static.www.nfl.com/image/upload/f_auto,q_auto/league/dbjki6b0swksr7mk17wk"	"WR"	3	"REG"	"A01"	"Matthew"	"GOL068614"	"58225"	"3200474f-4c06-8614-8bd5-a546b4ab4775"	2025	2025	"GB"	23
2026	"GB"	"WR"	"WR"	0	"ACT"	"Matthew Golden"	"Matthew"	"Golden"	"2003-08-01"	71	191	"Texas; Houston"	"00-0040667"	"4701936"	"d1963360-c011-4764-9a36-9e627073f68f"	null	"18500"	"156165"	"GoldMa02"	"25922"	"12501"	1	"https://static.www.nfl.com/image/upload/f_auto,q_auto/league/dbjki6b0swksr7mk17wk"	"WR"	4	"REG"	"A01"	"Matthew"	"GOL068614"	"58225"	"3200474f-4c06-8614-8bd5-a546b4ab4775"	2025	2025	"GB"	23
2026	"NYG"	"QB"	"QB"	6	"ACT"	"Jaxson Dart"	"Jaxson"	"Dart"	"2003-05-13"	74	225	"Mississippi; USC"	"00-0040691"	"4689114"	"53848cba-bcad-4cd0-bb35-0a1f6ed111d1"	null	"18574"	"146409"	"DartJa00"	"26082"	"12508"	1	"https://static.www.nfl.com/image/upload/f_auto,q_auto/league/n6uymxssgiicjmxkzxoc"	"QB"	1	"REG"	"A01"	"Jaxson"	"DAR735504"	"58227"	"32004441-5273-5504-d6f2-f2d3f25131e8"	2025	2025	"NYG"	25
2026	"NYG"	"QB"	"QB"	6	"ACT"	"Jaxson Dart"	"Jaxson"	"Dart"	"2003-05-13"	74	225	"Mississippi; USC"	"00-0040691"	"4689114"	"53848cba-bcad-4cd0-bb35-0a1f6ed111d1"	null	"18574"	"146409"	"DartJa00"	"26082"	"12508"	1	"https://static.www.nfl.com/image/upload/f_auto,q_auto/league/n6uymxssgiicjmxkzxoc"	"QB"	2	"REG"	"A01"	"Jaxson"	"DAR735504"	"58227"	"32004441-5273-5504-d6f2-f2d3f25131e8"	2025	2025	"NYG"	25
2026	"NYG"	"QB"	"QB"	6	"RES"	"Jaxson Dart"	"Jaxson"	"Dart"	"2003-05-13"	74	225	"Mississippi; USC"	"00-0040691"	"4689114"	"53848cba-bcad-4cd0-bb35-0a1f6ed111d1"	null	"18574"	"146409"	"DartJa00"	"26082"	"12508"	1	"https://static.www.nfl.com/image/upload/f_auto,q_auto/league/n6uymxssgiicjmxkzxoc"	null	3	"REG"	"R01"	"Jaxson"	"DAR735504"	"58227"	"32004441-5273-5504-d6f2-f2d3f25131e8"	2025	2025	"NYG"	25
2026	"NYG"	"QB"	"QB"	6	"RES"	"Jaxson Dart"	"Jaxson"	"Dart"	"2003-05-13"	74	225	"Mississippi; USC"	"00-0040691"	"4689114"	"53848cba-bcad-4cd0-bb35-0a1f6ed111d1"	null	"18574"	"146409"	"DartJa00"	"26082"	"12508"	1	"https://static.www.nfl.com/image/upload/f_auto,q_auto/league/n6uymxssgiicjmxkzxoc"	null	4	"REG"	"R01"	"Jaxson"	"DAR735504"	"58227"	"32004441-5273-5504-d6f2-f2d3f25131e8"	2025	2025	"NYG"	25
2026	"NYG"	"RB"	"RB"	44	"ACT"	"Cam Skattebo"	"Cameron"	"Skattebo"	"2002-02-05"	71	215	"Arizona State; Sacramento State"	"00-0040715"	"4696981"	"e1f0c72d-f4d0-4c24-93a4-8a12b9a2efd2"	null	"18514"	"147787"	"SkatCa00"	"25887"	"12481"	1	"https://static.www.nfl.com/image/upload/f_auto,q_auto/league/hlggiqdfvj1f4kntkafr"	"RB"	1	"REG"	"A01"	"Cam"	"SKA578439"	"58310"	"3200534b-4157-8439-e202-fa5ff0631271"	2025	2025	"NYG"	105
2026	"NYG"	"RB"	"RB"	44	"ACT"	"Cam Skattebo"	"Cameron"	"Skattebo"	"2002-02-05"	71	215	"Arizona State; Sacramento State"	"00-0040715"	"4696981"	"e1f0c72d-f4d0-4c24-93a4-8a12b9a2efd2"	null	"18514"	"147787"	"SkatCa00"	"25887"	"12481"	1	"https://static.www.nfl.com/image/upload/f_auto,q_auto/league/hlggiqdfvj1f4kntkafr"	"RB"	2	"REG"	"A01"	"Cam"	"SKA578439"	"58310"	"3200534b-4157-8439-e202-fa5ff0631271"	2025	2025	"NYG"	105
2026	"NYG"	"RB"	"RB"	44	"ACT"	"Cam Skattebo"	"Cameron"	"Skattebo"	"2002-02-05"	71	215	"Arizona State; Sacramento State"	"00-0040715"	"4696981"	"e1f0c72d-f4d0-4c24-93a4-8a12b9a2efd2"	null	"18514"	"147787"	"SkatCa00"	"25887"	"12481"	1	"https://static.www.nfl.com/image/upload/f_auto,q_auto/league/hlggiqdfvj1f4kntkafr"	"RB"	3	"REG"	"A01"	"Cam"	"SKA578439"	"58310"	"3200534b-4157-8439-e202-fa5ff0631271"	2025	2025	"NYG"	105
2026	"NYG"	"RB"	"RB"	44	"ACT"	"Cam Skattebo"	"Cameron"	"Skattebo"	"2002-02-05"	71	215	"Arizona State; Sacramento State"	"00-0040715"	"4696981"	"e1f0c72d-f4d0-4c24-93a4-8a12b9a2efd2"	null	"18514"	"147787"	"SkatCa00"	"25887"	"12481"	1	"https://static.www.nfl.com/image/upload/f_auto,q_auto/league/hlggiqdfvj1f4kntkafr"	"RB"	4	"REG"	"A01"	"Cam"	"SKA578439"	"58310"	"3200534b-4157-8439-e202-fa5ff0631271"	2025	2025	"NYG"	105
2026	"JAX"	"WR"	"WR"	12	"ACT"	"Travis Hunter"	"Travis"	"Hunter"	"2003-05-18"	73	185	"Colorado; Jackson State University"	"00-0040718"	"4685415"	"4a975d4c-d7cd-45ef-b258-db45187140eb"	null	"18578"	"160766"	"HuntTr00"	"26056"	"12530"	1	"https://static.www.nfl.com/image/upload/f_auto,q_auto/league/absw1gfqoiztajjagmf6"	"CB"	1	"REG"	"A01"	"Travis"	"HUN816230"	"58204"	"32004855-4e81-6230-a487-ca19d012c037"	2025	2025	"JAX"	2
2026	"JAX"	"WR"	"WR"	12	"ACT"	"Travis Hunter"	"Travis"	"Hunter"	"2003-05-18"	73	185	"Colorado; Jackson State University"	"00-0040718"	"4685415"	"4a975d4c-d7cd-45ef-b258-db45187140eb"	null	"18578"	"160766"	"HuntTr00"	"26056"	"12530"	1	"https://static.www.nfl.com/image/upload/f_auto,q_auto/league/absw1gfqoiztajjagmf6"	"CB"	2	"REG"	"A01"	"Travis"	"HUN816230"	"58204"	"32004855-4e81-6230-a487-ca19d012c037"	2025	2025	"JAX"	2
2026	"JAX"	"WR"	"WR"	12	"ACT"	"Travis Hunter"	"Travis"	"Hunter"	"2003-05-18"	73	185	"Colorado; Jackson State University"	"00-0040718"	"4685415"	"4a975d4c-d7cd-45ef-b258-db45187140eb"	null	"18578"	"160766"	"HuntTr00"	"26056"	"12530"	1	"https://static.www.nfl.com/image/upload/f_auto,q_auto/league/absw1gfqoiztajjagmf6"	"CB"	3	"REG"	"A01"	"Travis"	"HUN816230"	"58204"	"32004855-4e81-6230-a487-ca19d012c037"	2025	2025	"JAX"	2
2026	"JAX"	"WR"	"WR"	12	"ACT"	"Travis Hunter"	"Travis"	"Hunter"	"2003-05-18"	73	185	"Colorado; Jackson State University"	"00-0040718"	"4685415"	"4a975d4c-d7cd-45ef-b258-db45187140eb"	null	"18578"	"160766"	"HuntTr00"	"26056"	"12530"	1	"https://static.www.nfl.com/image/upload/f_auto,q_auto/league/absw1gfqoiztajjagmf6"	"CB"	4	"REG"	"A01"	"Travis"	"HUN816230"	"58204"	"32004855-4e81-6230-a487-ca19d012c037"	2025	2025	"JAX"	2
2026	"JAX"	"RB"	"RB"	33	"ACT"	"Bhayshul Tuten"	"Bhayshul"	"Tuten"	"2002-02-14"	69	206	"Virginia Tech; North Carolina A&T"	"00-0040719"	"4882093"	"26d4b13e-a555-4519-9356-cd16c65384e7"	null	"18524"	"150568"	"TuteBh00"	"25898"	"12490"	1	"https://static.www.nfl.com/image/upload/f_auto,q_auto/league/ryjnphuyjbedmgpx5qqj"	"RB"	1	"REG"	"A01"	"Bhayshul"	"TUT066215"	"58309"	"32005455-5406-6215-da3b-cbf31441af43"	2025	2025	"JAX"	104
2026	"JAX"	"RB"	"RB"	33	"ACT"	"Bhayshul Tuten"	"Bhayshul"	"Tuten"	"2002-02-14"	69	206	"Virginia Tech; North Carolina A&T"	"00-0040719"	"4882093"	"26d4b13e-a555-4519-9356-cd16c65384e7"	null	"18524"	"150568"	"TuteBh00"	"25898"	"12490"	1	"https://static.www.nfl.com/image/upload/f_auto,q_auto/league/ryjnphuyjbedmgpx5qqj"	"RB"	2	"REG"	"A01"	"Bhayshul"	"TUT066215"	"58309"	"32005455-5406-6215-da3b-cbf31441af43"	2025	2025	"JAX"	104
2026	"JAX"	"RB"	"RB"	33	"ACT"	"Bhayshul Tuten"	"Bhayshul"	"Tuten"	"2002-02-14"	69	206	"Virginia Tech; North Carolina A&T"	"00-0040719"	"4882093"	"26d4b13e-a555-4519-9356-cd16c65384e7"	null	"18524"	"150568"	"TuteBh00"	"25898"	"12490"	1	"https://static.www.nfl.com/image/upload/f_auto,q_auto/league/ryjnphuyjbedmgpx5qqj"	"RB"	3	"REG"	"A01"	"Bhayshul"	"TUT066215"	"58309"	"32005455-5406-6215-da3b-cbf31441af43"	2025	2025	"JAX"	104
2026	"JAX"	"RB"	"RB"	33	"ACT"	"Bhayshul Tuten"	"Bhayshul"	"Tuten"	"2002-02-14"	69	206	"Virginia Tech; North Carolina A&T"	"00-0040719"	"4882093"	"26d4b13e-a555-4519-9356-cd16c65384e7"	null	"18524"	"150568"	"TuteBh00"	"25898"	"12490"	1	"https://static.www.nfl.com/image/upload/f_auto,q_auto/league/ryjnphuyjbedmgpx5qqj"	"RB"	4	"REG"	"A01"	"Bhayshul"	"TUT066215"	"58309"	"32005455-5406-6215-da3b-cbf31441af43"	2025	2025	"JAX"	104
2026	"DEN"	"RB"	"RB"	12	"ACT"	"RJ Harvey"	"Robert"	"Harvey"	"2001-02-04"	68	205	"UCF; Virginia"	"00-0040730"	"4568490"	"fc6dbb83-b2b1-4962-b793-e79b2378b525"	null	"18522"	"99622"	"HarvRJ00"	"25944"	"12489"	1	"https://static.www.nfl.com/image/upload/f_auto,q_auto/league/szxmro5enrxlscvv67xg"	"RB"	1	"REG"	"A01"	"R.J."	"HAR819909"	"58265"	"32004841-5281-9909-a72d-cc3e41956f3a"	2025	2025	"DEN"	60
2026	"DEN"	"RB"	"RB"	12	"INA"	"RJ Harvey"	"Robert"	"Harvey"	"2001-02-04"	68	205	"UCF; Virginia"	"00-0040730"	"4568490"	"fc6dbb83-b2b1-4962-b793-e79b2378b525"	null	"18522"	"99622"	"HarvRJ00"	"25944"	"12489"	1	"https://static.www.nfl.com/image/upload/f_auto,q_auto/league/szxmro5enrxlscvv67xg"	null	2	"REG"	"A01"	"R.J."	"HAR819909"	"58265"	"32004841-5281-9909-a72d-cc3e41956f3a"	2025	2025	"DEN"	60
2026	"DEN"	"RB"	"RB"	12	"ACT"	"RJ Harvey"	"Robert"	"Harvey"	"2001-02-04"	68	205	"UCF; Virginia"	"00-0040730"	"4568490"	"fc6dbb83-b2b1-4962-b793-e79b2378b525"	null	"18522"	"99622"	"HarvRJ00"	"25944"	"12489"	1	"https://static.www.nfl.com/image/upload/f_auto,q_auto/league/szxmro5enrxlscvv67xg"	"RB"	3	"REG"	"A01"	"R.J."	"HAR819909"	"58265"	"32004841-5281-9909-a72d-cc3e41956f3a"	2025	2025	"DEN"	60
2026	"DEN"	"RB"	"RB"	12	"ACT"	"RJ Harvey"	"Robert"	"Harvey"	"2001-02-04"	68	205	"UCF; Virginia"	"00-0040730"	"4568490"	"fc6dbb83-b2b1-4962-b793-e79b2378b525"	null	"18522"	"99622"	"HarvRJ00"	"25944"	"12489"	1	"https://static.www.nfl.com/image/upload/f_auto,q_auto/league/szxmro5enrxlscvv67xg"	"RB"	4	"REG"	"A01"	"R.J."	"HAR819909"	"58265"	"32004841-5281-9909-a72d-cc3e41956f3a"	2025	2025	"DEN"	60
2026	"NE"	"RB"	"RB"	32	"INA"	"TreVeyon Henderson"	"TreVeyon"	"Henderson"	"2002-10-22"	70	202	"Ohio State"	"00-0040734"	"4432710"	"0d9788e6-03ee-416d-8ba2-deb57037d209"	null	"18517"	"145059"	"HendTr02"	"23245"	"12529"	1	"https://static.www.nfl.com/image/upload/f_auto,q_auto/league/ebcjvwytgu2y4kqm8ihv"	null	1	"REG"	"A01"	"TreVeyon"	"HEN144466"	"58243"	"32004845-4e14-4466-e552-da8f305c6946"	2025	2025	"NE"	38
2026	"NE"	"RB"	"RB"	32	"ACT"	"TreVeyon Henderson"	"TreVeyon"	"Henderson"	"2002-10-22"	70	202	"Ohio State"	"00-0040734"	"4432710"	"0d9788e6-03ee-416d-8ba2-deb57037d209"	null	"18517"	"145059"	"HendTr02"	"23245"	"12529"	1	"https://static.www.nfl.com/image/upload/f_auto,q_auto/league/ebcjvwytgu2y4kqm8ihv"	"RB"	2	"REG"	"A01"	"TreVeyon"	"HEN144466"	"58243"	"32004845-4e14-4466-e552-da8f305c6946"	2025	2025	"NE"	38
2026	"NE"	"RB"	"RB"	32	"ACT"	"TreVeyon Henderson"	"TreVeyon"	"Henderson"	"2002-10-22"	70	202	"Ohio State"	"00-0040734"	"4432710"	"0d9788e6-03ee-416d-8ba2-deb57037d209"	null	"18517"	"145059"	"HendTr02"	"23245"	"12529"	1	"https://static.www.nfl.com/image/upload/f_auto,q_auto/league/ebcjvwytgu2y4kqm8ihv"	"RB"	3	"REG"	"A01"	"TreVeyon"	"HEN144466"	"58243"	"32004845-4e14-4466-e552-da8f305c6946"	2025	2025	"NE"	38
2026	"NE"	"RB"	"RB"	32	"ACT"	"TreVeyon Henderson"	"TreVeyon"	"Henderson"	"2002-10-22"	70	202	"Ohio State"	"00-0040734"	"4432710"	"0d9788e6-03ee-416d-8ba2-deb57037d209"	null	"18517"	"145059"	"HendTr02"	"23245"	"12529"	1	"https://static.www.nfl.com/image/upload/f_auto,q_auto/league/ebcjvwytgu2y4kqm8ihv"	"RB"	4	"REG"	"A01"	"TreVeyon"	"HEN144466"	"58243"	"32004845-4e14-4466-e552-da8f305c6946"	2025	2025	"NE"	38
2026	"CHI"	"WR"	"WR"	10	"ACT"	"Luther Burden III"	"Luther"	"Burden"	"2003-12-12"	72	210	"Missouri"	"00-0040735"	"4685278"	"a4c21977-c9d1-40f8-abee-0862dfab9195"	null	"18548"	"157170"	"BurdLu00"	"26044"	"12519"	1	"https://static.www.nfl.com/image/upload/f_auto,q_auto/league/iyuwdz7pbowdkwzq2tg5"	"WR"	1	"REG"	"A01"	"Luther"	"BUR035840"	"58244"	"32004255-5203-5840-2355-001d8c81311e"	2025	2025	"CHI"	39
2026	"CHI"	"WR"	"WR"	10	"ACT"	"Luther Burden III"	"Luther"	"Burden"	"2003-12-12"	72	210	"Missouri"	"00-0040735"	"4685278"	"a4c21977-c9d1-40f8-abee-0862dfab9195"	null	"18548"	"157170"	"BurdLu00"	"26044"	"12519"	1	"https://static.www.nfl.com/image/upload/f_auto,q_auto/league/iyuwdz7pbowdkwzq2tg5"	"WR"	2	"REG"	"A01"	"Luther"	"BUR035840"	"58244"	"32004255-5203-5840-2355-001d8c81311e"	2025	2025	"CHI"	39
2026	"CHI"	"WR"	"WR"	10	"ACT"	"Luther Burden III"	"Luther"	"Burden"	"2003-12-12"	72	210	"Missouri"	"00-0040735"	"4685278"	"a4c21977-c9d1-40f8-abee-0862dfab9195"	null	"18548"	"157170"	"BurdLu00"	"26044"	"12519"	1	"https://static.www.nfl.com/image/upload/f_auto,q_auto/league/iyuwdz7pbowdkwzq2tg5"	"WR"	3	"REG"	"A01"	"Luther"	"BUR035840"	"58244"	"32004255-5203-5840-2355-001d8c81311e"	2025	2025	"CHI"	39
2026	"CHI"	"WR"	"WR"	10	"ACT"	"Luther Burden III"	"Luther"	"Burden"	"2003-12-12"	72	210	"Missouri"	"00-0040735"	"4685278"	"a4c21977-c9d1-40f8-abee-0862dfab9195"	null	"18548"	"157170"	"BurdLu00"	"26044"	"12519"	1	"https://static.www.nfl.com/image/upload/f_auto,q_auto/league/iyuwdz7pbowdkwzq2tg5"	"WR"	4	"REG"	"A01"	"Luther"	"BUR035840"	"58244"	"32004255-5203-5840-2355-001d8c81311e"	2025	2025	"CHI"	39
2026	"LA"	"TE"	"TE"	18	"ACT"	"Terrance Ferguson"	"Terrance"	"Ferguson"	"2003-03-07"	77	255	"Oregon"	"00-0040737"	"4570037"	"fdfc7b8e-a202-4459-91f8-be6e053e5d29"	null	"18497"	"146563"	"FergTe00"	"25970"	"12487"	1	"https://static.www.nfl.com/image/upload/f_auto,q_auto/league/w5o0s5yf6j5dsmiwdtfg"	"TE"	1	"REG"	"A01"	"Terrance"	"FER333882"	"58251"	"32004645-5233-3882-9ca7-fa63e767baea"	2025	2025	"LAR"	46
2026	"LA"	"TE"	"TE"	18	"ACT"	"Terrance Ferguson"	"Terrance"	"Ferguson"	"2003-03-07"	77	255	"Oregon"	"00-0040737"	"4570037"	"fdfc7b8e-a202-4459-91f8-be6e053e5d29"	null	"18497"	"146563"	"FergTe00"	"25970"	"12487"	1	"https://static.www.nfl.com/image/upload/f_auto,q_auto/league/w5o0s5yf6j5dsmiwdtfg"	"SLOT_WR"	2	"REG"	"A01"	"Terrance"	"FER333882"	"58251"	"32004645-5233-3882-9ca7-fa63e767baea"	2025	2025	"LAR"	46
2026	"LA"	"TE"	"TE"	18	"ACT"	"Terrance Ferguson"	"Terrance"	"Ferguson"	"2003-03-07"	77	255	"Oregon"	"00-0040737"	"4570037"	"fdfc7b8e-a202-4459-91f8-be6e053e5d29"	null	"18497"	"146563"	"FergTe00"	"25970"	"12487"	1	"https://static.www.nfl.com/image/upload/f_auto,q_auto/league/w5o0s5yf6j5dsmiwdtfg"	"TE"	3	"REG"	"A01"	"Terrance"	"FER333882"	"58251"	"32004645-5233-3882-9ca7-fa63e767baea"	2025	2025	"LAR"	46
2026	"LA"	"TE"	"TE"	18	"RES"	"Terrance Ferguson"	"Terrance"	"Ferguson"	"2003-03-07"	77	255	"Oregon"	"00-0040737"	"4570037"	"fdfc7b8e-a202-4459-91f8-be6e053e5d29"	null	"18497"	"146563"	"FergTe00"	"25970"	"12487"	1	"https://static.www.nfl.com/image/upload/f_auto,q_auto/league/w5o0s5yf6j5dsmiwdtfg"	null	4	"REG"	"R01"	"Terrance"	"FER333882"	"58251"	"32004645-5233-3882-9ca7-fa63e767baea"	2025	2025	"LAR"	46
2026	"NO"	"QB"	"QB"	6	"ACT"	"Tyler Shough"	"Tyler"	"Shough"	"1999-09-28"	77	219	"Louisville; Texas Tech; Oregon"	"00-0040743"	"4360689"	"94b8f9e1-3109-4429-8f71-4f79d7588237"	null	"17037"	"83537"	"ShouTy00"	"23187"	"12545"	1	"https://static.www.nfl.com/image/upload/f_auto,q_auto/league/toiafc7qighw86geo7jf"	"QB"	1	"REG"	"A01"	"Tyler"	"SHO768898"	"58245"	"32005348-4f76-8898-2122-c8ee34c8b6a6"	2025	2025	"NO"	40
2026	"NO"	"QB"	"QB"	6	"ACT"	"Tyler Shough"	"Tyler"	"Shough"	"1999-09-28"	77	219	"Louisville; Texas Tech; Oregon"	"00-0040743"	"4360689"	"94b8f9e1-3109-4429-8f71-4f79d7588237"	null	"17037"	"83537"	"ShouTy00"	"23187"	"12545"	1	"https://static.www.nfl.com/image/upload/f_auto,q_auto/league/toiafc7qighw86geo7jf"	"QB"	2	"REG"	"A01"	"Tyler"	"SHO768898"	"58245"	"32005348-4f76-8898-2122-c8ee34c8b6a6"	2025	2025	"NO"	40
2026	"NO"	"QB"	"QB"	6	"ACT"	"Tyler Shough"	"Tyler"	"Shough"	"1999-09-28"	77	219	"Louisville; Texas Tech; Oregon"	"00-0040743"	"4360689"	"94b8f9e1-3109-4429-8f71-4f79d7588237"	null	"17037"	"83537"	"ShouTy00"	"23187"	"12545"	1	"https://static.www.nfl.com/image/upload/f_auto,q_auto/league/toiafc7qighw86geo7jf"	"QB"	3	"REG"	"A01"	"Tyler"	"SHO768898"	"58245"	"32005348-4f76-8898-2122-c8ee34c8b6a6"	2025	2025	"NO"	40
2026	"NO"	"QB"	"QB"	6	"ACT"	"Tyler Shough"	"Tyler"	"Shough"	"1999-09-28"	77	219	"Louisville; Texas Tech; Oregon"	"00-0040743"	"4360689"	"94b8f9e1-3109-4429-8f71-4f79d7588237"	null	"17037"	"83537"	"ShouTy00"	"23187"	"12545"	1	"https://static.www.nfl.com/image/upload/f_auto,q_auto/league/toiafc7qighw86geo7jf"	"QB"	4	"REG"	"A01"	"Tyler"	"SHO768898"	"58245"	"32005348-4f76-8898-2122-c8ee34c8b6a6"	2025	2025	"NO"	40
2026	"CLE"	"RB"	"RB"	10	"ACT"	"Quinshon Judkins"	"Quinshon"	"Judkins"	"2003-10-29"	72	219	"Ohio State; Mississippi"	"00-0040784"	"4685702"	"268c6ae2-278b-49f8-b7cd-b367944412f3"	null	"18516"	"157128"	"JudkQu00"	"25946"	"12512"	1	"https://static.www.nfl.com/image/upload/f_auto,q_auto/league/ojtce2im0wp2ltyel0vc"	"RB"	1	"REG"	"A01"	"Quinshon"	"JUD359919"	"58241"	"32004a55-4435-9919-355b-3e0aef2de56d"	2025	2025	"CLE"	36
2026	"CLE"	"RB"	"RB"	10	"ACT"	"Quinshon Judkins"	"Quinshon"	"Judkins"	"2003-10-29"	72	219	"Ohio State; Mississippi"	"00-0040784"	"4685702"	"268c6ae2-278b-49f8-b7cd-b367944412f3"	null	"18516"	"157128"	"JudkQu00"	"25946"	"12512"	1	"https://static.www.nfl.com/image/upload/f_auto,q_auto/league/ojtce2im0wp2ltyel0vc"	"RB"	2	"REG"	"A01"	"Quinshon"	"JUD359919"	"58241"	"32004a55-4435-9919-355b-3e0aef2de56d"	2025	2025	"CLE"	36
2026	"CLE"	"RB"	"RB"	10	"ACT"	"Quinshon Judkins"	"Quinshon"	"Judkins"	"2003-10-29"	72	219	"Ohio State; Mississippi"	"00-0040784"	"4685702"	"268c6ae2-278b-49f8-b7cd-b367944412f3"	null	"18516"	"157128"	"JudkQu00"	"25946"	"12512"	1	"https://static.www.nfl.com/image/upload/f_auto,q_auto/league/ojtce2im0wp2ltyel0vc"	"RB"	3	"REG"	"A01"	"Quinshon"	"JUD359919"	"58241"	"32004a55-4435-9919-355b-3e0aef2de56d"	2025	2025	"CLE"	36
2026	"CLE"	"RB"	"RB"	10	"ACT"	"Quinshon Judkins"	"Quinshon"	"Judkins"	"2003-10-29"	72	219	"Ohio State; Mississippi"	"00-0040784"	"4685702"	"268c6ae2-278b-49f8-b7cd-b367944412f3"	null	"18516"	"157128"	"JudkQu00"	"25946"	"12512"	1	"https://static.www.nfl.com/image/upload/f_auto,q_auto/league/ojtce2im0wp2ltyel0vc"	"RB"	4	"REG"	"A01"	"Quinshon"	"JUD359919"	"58241"	"32004a55-4435-9919-355b-3e0aef2de56d"	2025	2025	"CLE"	36
2026	"NO"	"WR"	"WR"	0	"RES"	"Jordyn Tyson"	"Jordyn"	"Tyson"	"2004-08-12"	74	203	"Arizona State; Colorado"	"00-0041029"	"4880281"	"5368ab1c-5463-4326-86c0-17c06bf51c9d"	null	"19233"	null	"TysoJo00"	"26751"	"13281"	0	"https://static.www.nfl.com/image/upload/f_auto,q_auto/league/al6fifxstyc6omsenzhd"	null	1	"REG"	"R48"	"Jordyn"	"TYS405541"	"62630"	"32005459-5340-5541-5aaa-55c5f682cacc"	2026	2026	"NO"	8
2026	"NO"	"WR"	"WR"	0	"RES"	"Jordyn Tyson"	"Jordyn"	"Tyson"	"2004-08-12"	74	203	"Arizona State; Colorado"	"00-0041029"	"4880281"	"5368ab1c-5463-4326-86c0-17c06bf51c9d"	null	"19233"	null	"TysoJo00"	"26751"	"13281"	0	"https://static.www.nfl.com/image/upload/f_auto,q_auto/league/al6fifxstyc6omsenzhd"	null	2	"REG"	"R48"	"Jordyn"	"TYS405541"	"62630"	"32005459-5340-5541-5aaa-55c5f682cacc"	2026	2026	"NO"	8
2026	"NO"	"WR"	"WR"	0	"RES"	"Jordyn Tyson"	"Jordyn"	"Tyson"	"2004-08-12"	74	203	"Arizona State; Colorado"	"00-0041029"	"4880281"	"5368ab1c-5463-4326-86c0-17c06bf51c9d"	null	"19233"	null	"TysoJo00"	"26751"	"13281"	0	"https://static.www.nfl.com/image/upload/f_auto,q_auto/league/al6fifxstyc6omsenzhd"	null	3	"REG"	"R48"	"Jordyn"	"TYS405541"	"62630"	"32005459-5340-5541-5aaa-55c5f682cacc"	2026	2026	"NO"	8
2026	"NO"	"WR"	"WR"	0	"RES"	"Jordyn Tyson"	"Jordyn"	"Tyson"	"2004-08-12"	74	203	"Arizona State; Colorado"	"00-0041029"	"4880281"	"5368ab1c-5463-4326-86c0-17c06bf51c9d"	null	"19233"	null	"TysoJo00"	"26751"	"13281"	0	"https://static.www.nfl.com/image/upload/f_auto,q_auto/league/al6fifxstyc6omsenzhd"	null	4	"REG"	"R48"	"Jordyn"	"TYS405541"	"62630"	"32005459-5340-5541-5aaa-55c5f682cacc"	2026	2026	"NO"	8
2026	"SF"	"WR"	"WR"	7	"ACT"	"De'Zhaun Stribling"	"De'Zhaun-Ryan"	"Stribling"	"2002-12-18"	74	207	"Mississippi; Oklahoma State; Washington State"	"00-0041035"	"4710714"	"ca6fa516-adeb-4fd2-9408-17c9c2e38798"	null	"19330"	"146508"	"StriDe01"	"28053"	"13417"	0	"https://static.www.nfl.com/image/upload/f_auto,q_auto/league/eu1nxtlztiwr5ko48iwz"	"WR"	1	"REG"	"A01"	"De'Zhaun"	"STR336088"	"62655"	"32005354-5233-6088-e514-5b10403eaf1e"	2026	2026	"SF"	33
2026	"SF"	"WR"	"WR"	7	"RES"	"De'Zhaun Stribling"	"De'Zhaun-Ryan"	"Stribling"	"2002-12-18"	74	207	"Mississippi; Oklahoma State; Washington State"	"00-0041035"	"4710714"	"ca6fa516-adeb-4fd2-9408-17c9c2e38798"	null	"19330"	"146508"	"StriDe01"	"28053"	"13417"	0	"https://static.www.nfl.com/image/upload/f_auto,q_auto/league/eu1nxtlztiwr5ko48iwz"	null	2	"REG"	"R01"	"De'Zhaun"	"STR336088"	"62655"	"32005354-5233-6088-e514-5b10403eaf1e"	2026	2026	"SF"	33
2026	"SF"	"WR"	"WR"	7	"RES"	"De'Zhaun Stribling"	"De'Zhaun-Ryan"	"Stribling"	"2002-12-18"	74	207	"Mississippi; Oklahoma State; Washington State"	"00-0041035"	"4710714"	"ca6fa516-adeb-4fd2-9408-17c9c2e38798"	null	"19330"	"146508"	"StriDe01"	"28053"	"13417"	0	"https://static.www.nfl.com/image/upload/f_auto,q_auto/league/eu1nxtlztiwr5ko48iwz"	null	3	"REG"	"R01"	"De'Zhaun"	"STR336088"	"62655"	"32005354-5233-6088-e514-5b10403eaf1e"	2026	2026	"SF"	33
2026	"SF"	"WR"	"WR"	7	"RES"	"De'Zhaun Stribling"	"De'Zhaun-Ryan"	"Stribling"	"2002-12-18"	74	207	"Mississippi; Oklahoma State; Washington State"	"00-0041035"	"4710714"	"ca6fa516-adeb-4fd2-9408-17c9c2e38798"	null	"19330"	"146508"	"StriDe01"	"28053"	"13417"	0	"https://static.www.nfl.com/image/upload/f_auto,q_auto/league/eu1nxtlztiwr5ko48iwz"	null	4	"REG"	"R01"	"De'Zhaun"	"STR336088"	"62655"	"32005354-5233-6088-e514-5b10403eaf1e"	2026	2026	"SF"	33
2026	"CLE"	"WR"	"WR"	12	"ACT"	"Denzel Boston"	"Denzel"	"Boston"	"2003-12-06"	76	212	"Washington"	"00-0041037"	"4832800"	"a17e4b32-20bb-4552-855e-0aa3cf0bafab"	null	"19298"	"162481"	"BostDe00"	"26747"	"13346"	0	"https://static.www.nfl.com/image/upload/f_auto,q_auto/league/ybkny6eh5eegq3bqmony"	"WR"	1	"REG"	"A01"	"Denzel"	"BOS677861"	"62661"	"3200424f-5367-7861-ab9d-5f16d490ff23"	2026	2026	"CLE"	39
2026	"CLE"	"WR"	"WR"	12	"ACT"	"Denzel Boston"	"Denzel"	"Boston"	"2003-12-06"	76	212	"Washington"	"00-0041037"	"4832800"	"a17e4b32-20bb-4552-855e-0aa3cf0bafab"	null	"19298"	"162481"	"BostDe00"	"26747"	"13346"	0	"https://static.www.nfl.com/image/upload/f_auto,q_auto/league/ybkny6eh5eegq3bqmony"	"WR"	2	"REG"	"A01"	"Denzel"	"BOS677861"	"62661"	"3200424f-5367-7861-ab9d-5f16d490ff23"	2026	2026	"CLE"	39
2026	"CLE"	"WR"	"WR"	12	"ACT"	"Denzel Boston"	"Denzel"	"Boston"	"2003-12-06"	76	212	"Washington"	"00-0041037"	"4832800"	"a17e4b32-20bb-4552-855e-0aa3cf0bafab"	null	"19298"	"162481"	"BostDe00"	"26747"	"13346"	0	"https://static.www.nfl.com/image/upload/f_auto,q_auto/league/ybkny6eh5eegq3bqmony"	"WR"	3	"REG"	"A01"	"Denzel"	"BOS677861"	"62661"	"3200424f-5367-7861-ab9d-5f16d490ff23"	2026	2026	"CLE"	39
2026	"CLE"	"WR"	"WR"	12	"ACT"	"Denzel Boston"	"Denzel"	"Boston"	"2003-12-06"	76	212	"Washington"	"00-0041037"	"4832800"	"a17e4b32-20bb-4552-855e-0aa3cf0bafab"	null	"19298"	"162481"	"BostDe00"	"26747"	"13346"	0	"https://static.www.nfl.com/image/upload/f_auto,q_auto/league/ybkny6eh5eegq3bqmony"	"WR"	4	"REG"	"A01"	"Denzel"	"BOS677861"	"62661"	"3200424f-5367-7861-ab9d-5f16d490ff23"	2026	2026	"CLE"	39
2026	"TEN"	"WR"	"WR"	14	"ACT"	"Carnell Tate"	"Carnell"	"Tate"	"2005-01-19"	74	192	"Ohio State"	"00-0041438"	"4871023"	"a8693aee-cde4-464f-a0d8-355fb72c041d"	null	"19268"	"170273"	"TateCa00"	"26752"	"13279"	0	"https://static.www.nfl.com/image/upload/f_auto,q_auto/league/ghpmpzcnigxrdbyvcxke"	"WR"	1	"REG"	"A01"	"Carnell"	"TAT143045"	"62626"	"32005441-5414-3045-dbdb-77216e7df5a8"	2026	2026	"TEN"	4
2026	"TEN"	"WR"	"WR"	14	"ACT"	"Carnell Tate"	"Carnell"	"Tate"	"2005-01-19"	74	192	"Ohio State"	"00-0041438"	"4871023"	"a8693aee-cde4-464f-a0d8-355fb72c041d"	null	"19268"	"170273"	"TateCa00"	"26752"	"13279"	0	"https://static.www.nfl.com/image/upload/f_auto,q_auto/league/ghpmpzcnigxrdbyvcxke"	"WR"	2	"REG"	"A01"	"Carnell"	"TAT143045"	"62626"	"32005441-5414-3045-dbdb-77216e7df5a8"	2026	2026	"TEN"	4
2026	"TEN"	"WR"	"WR"	14	"ACT"	"Carnell Tate"	"Carnell"	"Tate"	"2005-01-19"	74	192	"Ohio State"	"00-0041438"	"4871023"	"a8693aee-cde4-464f-a0d8-355fb72c041d"	null	"19268"	"170273"	"TateCa00"	"26752"	"13279"	0	"https://static.www.nfl.com/image/upload/f_auto,q_auto/league/ghpmpzcnigxrdbyvcxke"	"WR"	3	"REG"	"A01"	"Carnell"	"TAT143045"	"62626"	"32005441-5414-3045-dbdb-77216e7df5a8"	2026	2026	"TEN"	4
2026	"TEN"	"WR"	"WR"	14	"ACT"	"Carnell Tate"	"Carnell"	"Tate"	"2005-01-19"	74	192	"Ohio State"	"00-0041438"	"4871023"	"a8693aee-cde4-464f-a0d8-355fb72c041d"	null	"19268"	"170273"	"TateCa00"	"26752"	"13279"	0	"https://static.www.nfl.com/image/upload/f_auto,q_auto/league/ghpmpzcnigxrdbyvcxke"	"WR"	4	"REG"	"A01"	"Carnell"	"TAT143045"	"62626"	"32005441-5414-3045-dbdb-77216e7df5a8"	2026	2026	"TEN"	4
2026	"DEN"	"RB"	"RB"	20	"ACT"	"Jonah Coleman"	"Jonah"	"Coleman"	"2003-08-20"	68	220	"Washington; Arizona"	"00-0041496"	"4702555"	"0ff54d6c-4d2a-4974-9815-b889e7dc293e"	null	"19241"	"158717"	"ColeJo00"	"25886"	"13345"	0	"https://static.www.nfl.com/image/upload/f_auto,q_auto/league/qbauucaxakkhtxihuvmr"	"RB"	1	"REG"	"A01"	"Jonah"	"COL293648"	"62730"	"3200434f-4c29-3648-d01b-561a51454031"	2026	2026	"DEN"	108
2026	"DEN"	"RB"	"RB"	20	"ACT"	"Jonah Coleman"	"Jonah"	"Coleman"	"2003-08-20"	68	220	"Washington; Arizona"	"00-0041496"	"4702555"	"0ff54d6c-4d2a-4974-9815-b889e7dc293e"	null	"19241"	"158717"	"ColeJo00"	"25886"	"13345"	0	"https://static.www.nfl.com/image/upload/f_auto,q_auto/league/qbauucaxakkhtxihuvmr"	"RB"	2	"REG"	"A01"	"Jonah"	"COL293648"	"62730"	"3200434f-4c29-3648-d01b-561a51454031"	2026	2026	"DEN"	108
2026	"DEN"	"RB"	"RB"	20	"RES"	"Jonah Coleman"	"Jonah"	"Coleman"	"2003-08-20"	68	220	"Washington; Arizona"	"00-0041496"	"4702555"	"0ff54d6c-4d2a-4974-9815-b889e7dc293e"	null	"19241"	"158717"	"ColeJo00"	"25886"	"13345"	0	"https://static.www.nfl.com/image/upload/f_auto,q_auto/league/qbauucaxakkhtxihuvmr"	null	3	"REG"	"R01"	"Jonah"	"COL293648"	"62730"	"3200434f-4c29-3648-d01b-561a51454031"	2026	2026	"DEN"	108
2026	"DEN"	"RB"	"RB"	20	"RES"	"Jonah Coleman"	"Jonah"	"Coleman"	"2003-08-20"	68	220	"Washington; Arizona"	"00-0041496"	"4702555"	"0ff54d6c-4d2a-4974-9815-b889e7dc293e"	null	"19241"	"158717"	"ColeJo00"	"25886"	"13345"	0	"https://static.www.nfl.com/image/upload/f_auto,q_auto/league/qbauucaxakkhtxihuvmr"	null	4	"REG"	"R01"	"Jonah"	"COL293648"	"62730"	"3200434f-4c29-3648-d01b-561a51454031"	2026	2026	"DEN"	108
2026	"SEA"	"RB"	"RB"	8	"ACT"	"Jadarian Price"	"Jadarian"	"Price"	"2003-10-09"	71	209	"Notre Dame"	"00-0041512"	"4685512"	"17b64129-5118-4525-ac9a-d79ff5313568"	null	"19299"	null	"PricJa02"	"26765"	"13286"	0	"https://static.www.nfl.com/image/upload/f_auto,q_auto/league/toy90i08oumgbdlvctja"	"RB"	1	"REG"	"A01"	"Jadarian"	"PRI206342"	"62654"	"32005052-4920-6342-cc6c-83e664a5fbb1"	2026	2026	"SEA"	32
2026	"SEA"	"RB"	"RB"	8	"ACT"	"Jadarian Price"	"Jadarian"	"Price"	"2003-10-09"	71	209	"Notre Dame"	"00-0041512"	"4685512"	"17b64129-5118-4525-ac9a-d79ff5313568"	null	"19299"	null	"PricJa02"	"26765"	"13286"	0	"https://static.www.nfl.com/image/upload/f_auto,q_auto/league/toy90i08oumgbdlvctja"	"RB"	2	"REG"	"A01"	"Jadarian"	"PRI206342"	"62654"	"32005052-4920-6342-cc6c-83e664a5fbb1"	2026	2026	"SEA"	32
2026	"SEA"	"RB"	"RB"	8	"ACT"	"Jadarian Price"	"Jadarian"	"Price"	"2003-10-09"	71	209	"Notre Dame"	"00-0041512"	"4685512"	"17b64129-5118-4525-ac9a-d79ff5313568"	null	"19299"	null	"PricJa02"	"26765"	"13286"	0	"https://static.www.nfl.com/image/upload/f_auto,q_auto/league/toy90i08oumgbdlvctja"	"RB"	3	"REG"	"A01"	"Jadarian"	"PRI206342"	"62654"	"32005052-4920-6342-cc6c-83e664a5fbb1"	2026	2026	"SEA"	32
2026	"SEA"	"RB"	"RB"	8	"RES"	"Jadarian Price"	"Jadarian"	"Price"	"2003-10-09"	71	209	"Notre Dame"	"00-0041512"	"4685512"	"17b64129-5118-4525-ac9a-d79ff5313568"	null	"19299"	null	"PricJa02"	"26765"	"13286"	0	"https://static.www.nfl.com/image/upload/f_auto,q_auto/league/toy90i08oumgbdlvctja"	null	4	"REG"	"R01"	"Jadarian"	"PRI206342"	"62654"	"32005052-4920-6342-cc6c-83e664a5fbb1"	2026	2026	"SEA"	32
2026	"MIA"	"WR"	"WR"	7	"ACT"	"Caleb Douglas"	"Caleb"	"Douglas"	"2003-09-09"	76	206	"Texas Tech; Florida"	"00-0041523"	"4869645"	"9e86188e-bdd6-4ba4-af4b-9cfe7f38e159"	null	"19343"	"157740"	"DougCa00"	"26862"	"13296"	0	"https://static.www.nfl.com/image/upload/f_auto,q_auto/league/stwypvmutplwvi1zzbmu"	"WR"	1	"REG"	"A01"	"Caleb"	"DOU210628"	"62697"	"3200444f-5521-0628-7544-21dec6e12fbe"	2026	2026	"MIA"	75
2026	"MIA"	"WR"	"WR"	7	"ACT"	"Caleb Douglas"	"Caleb"	"Douglas"	"2003-09-09"	76	206	"Texas Tech; Florida"	"00-0041523"	"4869645"	"9e86188e-bdd6-4ba4-af4b-9cfe7f38e159"	null	"19343"	"157740"	"DougCa00"	"26862"	"13296"	0	"https://static.www.nfl.com/image/upload/f_auto,q_auto/league/stwypvmutplwvi1zzbmu"	"WR"	2	"REG"	"A01"	"Caleb"	"DOU210628"	"62697"	"3200444f-5521-0628-7544-21dec6e12fbe"	2026	2026	"MIA"	75
2026	"MIA"	"WR"	"WR"	7	"INA"	"Caleb Douglas"	"Caleb"	"Douglas"	"2003-09-09"	76	206	"Texas Tech; Florida"	"00-0041523"	"4869645"	"9e86188e-bdd6-4ba4-af4b-9cfe7f38e159"	null	"19343"	"157740"	"DougCa00"	"26862"	"13296"	0	"https://static.www.nfl.com/image/upload/f_auto,q_auto/league/stwypvmutplwvi1zzbmu"	null	3	"REG"	"A01"	"Caleb"	"DOU210628"	"62697"	"3200444f-5521-0628-7544-21dec6e12fbe"	2026	2026	"MIA"	75
2026	"MIA"	"WR"	"WR"	7	"INA"	"Caleb Douglas"	"Caleb"	"Douglas"	"2003-09-09"	76	206	"Texas Tech; Florida"	"00-0041523"	"4869645"	"9e86188e-bdd6-4ba4-af4b-9cfe7f38e159"	null	"19343"	"157740"	"DougCa00"	"26862"	"13296"	0	"https://static.www.nfl.com/image/upload/f_auto,q_auto/league/stwypvmutplwvi1zzbmu"	null	4	"REG"	"A01"	"Caleb"	"DOU210628"	"62697"	"3200444f-5521-0628-7544-21dec6e12fbe"	2026	2026	"MIA"	75
2026	"CLE"	"WR"	"WR"	1	"ACT"	"KC Concepcion"	"Kevin"	"Concepcion"	"2004-09-24"	72	190	"Texas A&M; N.C. State"	"00-0041547"	"4870653"	"395b5873-4054-4190-913c-60b664d11e61"	null	"19242"	"170362"	"ConcKC00"	"26762"	"13298"	0	"https://static.www.nfl.com/image/upload/f_auto,q_auto/league/ztdyzyngqr1pexyghlt3"	"SLOT_WR"	1	"REG"	"A01"	"K.C."	"CON046719"	"62646"	"3200434f-4e04-6719-61ea-f84c4a062c16"	2026	2026	"CLE"	24
2026	"CLE"	"WR"	"WR"	1	"ACT"	"KC Concepcion"	"Kevin"	"Concepcion"	"2004-09-24"	72	190	"Texas A&M; N.C. State"	"00-0041547"	"4870653"	"395b5873-4054-4190-913c-60b664d11e61"	null	"19242"	"170362"	"ConcKC00"	"26762"	"13298"	0	"https://static.www.nfl.com/image/upload/f_auto,q_auto/league/ztdyzyngqr1pexyghlt3"	"SLOT_WR"	2	"REG"	"A01"	"K.C."	"CON046719"	"62646"	"3200434f-4e04-6719-61ea-f84c4a062c16"	2026	2026	"CLE"	24
2026	"CLE"	"WR"	"WR"	1	"ACT"	"KC Concepcion"	"Kevin"	"Concepcion"	"2004-09-24"	72	190	"Texas A&M; N.C. State"	"00-0041547"	"4870653"	"395b5873-4054-4190-913c-60b664d11e61"	null	"19242"	"170362"	"ConcKC00"	"26762"	"13298"	0	"https://static.www.nfl.com/image/upload/f_auto,q_auto/league/ztdyzyngqr1pexyghlt3"	"SLOT_WR"	3	"REG"	"A01"	"K.C."	"CON046719"	"62646"	"3200434f-4e04-6719-61ea-f84c4a062c16"	2026	2026	"CLE"	24
2026	"CLE"	"WR"	"WR"	1	"ACT"	"KC Concepcion"	"Kevin"	"Concepcion"	"2004-09-24"	72	190	"Texas A&M; N.C. State"	"00-0041547"	"4870653"	"395b5873-4054-4190-913c-60b664d11e61"	null	"19242"	"170362"	"ConcKC00"	"26762"	"13298"	0	"https://static.www.nfl.com/image/upload/f_auto,q_auto/league/ztdyzyngqr1pexyghlt3"	"SLOT_WR"	4	"REG"	"A01"	"K.C."	"CON046719"	"62646"	"3200434f-4e04-6719-61ea-f84c4a062c16"	2026	2026	"CLE"	24
