season	posteam	week	game_id	player_id	full_name	position	pass_attempt	rec_attempt	rush_attempt	pass_air_yards	rec_air_yards	pass_completions	receptions	pass_completions_exp	receptions_exp	pass_yards_gained	rec_yards_gained	rush_yards_gained	pass_yards_gained_exp	rec_yards_gained_exp	rush_yards_gained_exp	pass_touchdown	rec_touchdown	rush_touchdown	pass_touchdown_exp	rec_touchdown_exp	rush_touchdown_exp	pass_two_point_conv	rec_two_point_conv	rush_two_point_conv	pass_two_point_conv_exp	rec_two_point_conv_exp	rush_two_point_conv_exp	pass_first_down	rec_first_down	rush_first_down	pass_first_down_exp	rec_first_down_exp	rush_first_down_exp	pass_interception	rec_interception	pass_interception_exp	rec_interception_exp	rec_fumble_lost	rush_fumble_lost	pass_fantasy_points_exp	rec_fantasy_points_exp	rush_fantasy_points_exp	pass_fantasy_points	rec_fantasy_points	rush_fantasy_points	total_yards_gained	total_yards_gained_exp	total_touchdown	total_touchdown_exp	total_first_down	total_first_down_exp	total_fantasy_points	total_fantasy_points_exp	pass_completions_diff	receptions_diff	pass_yards_gained_diff	rec_yards_gained_diff	rush_yards_gained_diff	pass_touchdown_diff	rec_touchdown_diff	rush_touchdown_diff	pass_two_point_conv_diff	rec_two_point_conv_diff	rush_two_point_conv_diff	pass_first_down_diff	rec_first_down_diff	rush_first_down_diff	pass_interception_diff	rec_interception_diff	pass_fantasy_points_diff	rec_fantasy_points_diff	rush_fantasy_points_diff	total_yards_gained_diff	total_touchdown_diff	total_first_down_diff	total_fantasy_points_diff	pass_attempt_team	rec_attempt_team	rush_attempt_team	pass_air_yards_team	rec_air_yards_team	pass_completions_team	receptions_team	pass_completions_exp_team	receptions_exp_team	pass_yards_gained_team	rec_yards_gained_team	rush_yards_gained_team	pass_yards_gained_exp_team	rec_yards_gained_exp_team	rush_yards_gained_exp_team	pass_touchdown_team	rec_touchdown_team	rush_touchdown_team	pass_touchdown_exp_team	rec_touchdown_exp_team	rush_touchdown_exp_team	pass_two_point_conv_team	rec_two_point_conv_team	rush_two_point_conv_team	pass_two_point_conv_exp_team	rec_two_point_conv_exp_team	rush_two_point_conv_exp_team	pass_first_down_team	rec_first_down_team	rush_first_down_team	pass_first_down_exp_team	rec_first_down_exp_team	rush_first_down_exp_team	pass_interception_team	rec_interception_team	pass_interception_exp_team	rec_interception_exp_team	rec_fumble_lost_team	rush_fumble_lost_team	pass_fantasy_points_exp_team	rec_fantasy_points_exp_team	rush_fantasy_points_exp_team	pass_fantasy_points_team	rec_fantasy_points_team	rush_fantasy_points_team	pass_completions_diff_team	receptions_diff_team	pass_yards_gained_diff_team	rec_yards_gained_diff_team	rush_yards_gained_diff_team	pass_touchdown_diff_team	rec_touchdown_diff_team	rush_touchdown_diff_team	pass_two_point_conv_diff_team	rec_two_point_conv_diff_team	rush_two_point_conv_diff_team	pass_first_down_diff_team	rec_first_down_diff_team	rush_first_down_diff_team	pass_interception_diff_team	rec_interception_diff_team	pass_fantasy_points_diff_team	rec_fantasy_points_diff_team	rush_fantasy_points_diff_team	total_yards_gained_team	total_yards_gained_exp_team	total_yards_gained_diff_team	total_touchdown_team	total_touchdown_exp_team	total_touchdown_diff_team	total_first_down_team	total_first_down_exp_team	total_first_down_diff_team	total_fantasy_points_team	total_fantasy_points_exp_team	total_fantasy_points_diff_team
"2026"	"ARI"	1	"2026_01_ARI_LAC"	"00-0037744"	"Trey McBride"	"TE"	0	13	0	0	89	0	9	0	8.88	0	95	0	0	90.49	0	0	1	0	0	1.04	0	0	0	0	0	0	0	0	6	0	0	5.57	0	0	0	0	0.26	0	0	0	24.2	0	0	24.5	0	95	90.49	1	1.04	6	5.57	24.5	24.2	0	0.11999999999999922	0	4.510000000000005	0	0	-0.040000000000000036	0	0	0	0	0	0.4299999999999997	0	0	-0.26	0	0.3000000000000007	0	4.510000000000005	-0.040000000000000036	0.4299999999999997	0.3000000000000007	37	37	34	283	283	27	27	25.35	25.34	277	277	116	270.27	270.27	121.25	1	1	1	1.47	1.45	0.99	0	0	0	0	0	0	15	15	7	12.89	12.89	6.84	0	0	0.62	0.63	0	0	15.44	61.19	18.06	15.08	60.7	17.599999999999998	1.6499999999999986	1.6599999999999993	6.730000000000018	6.730000000000004	-5.250000000000005	-0.47	-0.45000000000000007	0.010000000000000026	0	0	0	2.1099999999999994	2.11	0.16000000000000014	-0.62	-0.63	-0.35999999999999943	-0.4900000000000002	-0.4600000000000004	393	391.52	1.4799999999999986	2	2.44	-0.44000000000000006	22	19.73	2.27	78.3	79.25	-0.9500000000000006
"2026"	"ARI"	1	"2026_01_ARI_LAC"	"00-0041027"	"Jeremiyah Love"	"RB"	0	4	11	0	5	0	2	0	3.04	0	9	41	0	23.85	44.21	0	0	1	0	0.07	0.48	0	0	0	0	0	0	0	0	2	0	0.65	1.94	0	0	0	0.03	0	0	0	5.87	7.3	0	2.9	10.1	50	68.06	1	0.55	2	2.59	13	13.17	0	-1.04	0	-14.850000000000001	-3.210000000000001	0	-0.07	0.52	0	0	0	0	-0.65	0.06000000000000005	0	-0.03	0	-2.97	2.8	-18.060000000000002	0.44999999999999996	-0.5899999999999999	-0.16999999999999993	37	37	34	283	283	27	27	25.35	25.34	277	277	116	270.27	270.27	121.25	1	1	1	1.47	1.45	0.99	0	0	0	0	0	0	15	15	7	12.89	12.89	6.84	0	0	0.62	0.63	0	0	15.44	61.19	18.06	15.08	60.7	17.599999999999998	1.6499999999999986	1.6599999999999993	6.730000000000018	6.730000000000004	-5.250000000000005	-0.47	-0.45000000000000007	0.010000000000000026	0	0	0	2.1099999999999994	2.11	0.16000000000000014	-0.62	-0.63	-0.35999999999999943	-0.4900000000000002	-0.4600000000000004	393	391.52	1.4799999999999986	2	2.44	-0.44000000000000006	22	19.73	2.27	78.3	79.25	-0.9500000000000006
"2026"	"LAC"	1	"2026_01_ARI_LAC"	"00-0040189"	"Oronde Gadsden II"	"TE"	0	2	0	0	7	0	2	0	1.58	0	32	0	0	12.16	0	0	0	0	0	0	0	0	0	0	0	0	0	0	1	0	0	0.8	0	0	0	0	0.01	0	0	0	2.81	0	0	5.2	0	32	12.16	0	0	1	0.8	5.2	2.81	0	0.41999999999999993	0	19.84	0	0	0	0	0	0	0	0	0.19999999999999996	0	0	-0.01	0	2.39	0	19.84	0	0.19999999999999996	2.39	27	27	21	273	273	17	17	18.76	18.759999999999998	209	209	81	239.94	239.93	103.97999999999999	1	1	1	1.1	1.0799999999999998	1.25	0	0	0	0	0	0	9	9	6	8.97	8.98	5.96	1	1	0.65	0.65	0	1	12.68	49.32	17.95	10.36	43.9	12.100000000000001	-1.7600000000000016	-1.7599999999999993	-30.939999999999998	-30.929999999999996	-22.979999999999997	-0.10000000000000009	-0.07999999999999996	-0.2500000000000001	0	0	0	0.02999999999999936	0.020000000000000018	0.040000000000000036	0.35	0.35	-2.3200000000000003	-5.42	-5.8500000000000005	290	343.90999999999997	-53.91	2	2.33	-0.33000000000000007	15	14.940000000000001	0.06000000000000005	56	67.27	-11.27
"2026"	"ATL"	1	"2026_01_ATL_PIT"	"00-0038542"	"Bijan Robinson"	"RB"	0	10	21	0	-30	0	8	0	7.91	0	90	83	0	46.77	90.65	0	1	0	0	0.07	0.08	0	0	0	0	0	0	0	2	7	0	1.55	4.78	0	1	0	0.08	0	0	0	13.02	9.55	0	23	8.3	173	137.42000000000002	1	0.15000000000000002	9	6.33	31.3	22.57	0	0.08999999999999986	0	43.23	-7.650000000000006	0	0.9299999999999999	-0.08	0	0	0	0	0.44999999999999996	2.2199999999999998	0	0.92	0	9.98	-1.25	35.579999999999984	0.85	2.67	8.73	22	22	31	77	77	12	12	15.95	15.950000000000001	143	143	120	143.93	143.93	134.34	1	1	0	0.14	0.14	0.14	0	0	0	0	0	0	4	4	9	4.74	4.75	6.5	2	2	0.42	0.42	0	0	5.48	31.2	14.26	5.72	32.3	12	-3.9499999999999993	-3.95	-0.9300000000000068	-0.9300000000000068	-14.340000000000007	0.86	0.86	-0.14	0	0	0	-0.7400000000000002	-0.75	2.5	1.58	1.58	0.23999999999999932	1.0999999999999999	-2.2599999999999993	263	278.27	-15.270000000000014	1	0.28	0.72	13	11.25	1.75	44.3	45.46	-1.1599999999999995
"2026"	"ATL"	1	"2026_01_ATL_PIT"	"00-0036970"	"Kyle Pitts"	"TE"	0	1	0	0	26	0	0	0	0.38	0	0	0	0	11.06	0	0	0	0	0	0.01	0	0	0	0	0	0	0	0	0	0	0	0.36	0	0	0	0	0.05	0	0	0	1.56	0	0	0	0	0	11.06	0	0.01	0	0.36	0	1.56	0	-0.38	0	-11.06	0	0	-0.01	0	0	0	0	0	-0.36	0	0	-0.05	0	-1.56	0	-11.06	-0.01	-0.36	-1.56	22	22	31	77	77	12	12	15.95	15.950000000000001	143	143	120	143.93	143.93	134.34	1	1	0	0.14	0.14	0.14	0	0	0	0	0	0	4	4	9	4.74	4.75	6.5	2	2	0.42	0.42	0	0	5.48	31.2	14.26	5.72	32.3	12	-3.9499999999999993	-3.95	-0.9300000000000068	-0.9300000000000068	-14.340000000000007	0.86	0.86	-0.14	0	0	0	-0.7400000000000002	-0.75	2.5	1.58	1.58	0.23999999999999932	1.0999999999999999	-2.2599999999999993	263	278.27	-15.270000000000014	1	0.28	0.72	13	11.25	1.75	44.3	45.46	-1.1599999999999995
"2026"	"IND"	1	"2026_01_BAL_IND"	"00-0030279"	"Keenan Allen"	"WR"	0	6	0	0	22	0	6	0	4.73	0	32	0	0	34.73	0	0	0	0	0	0.28	0	0	0	0	0	0	0	0	1	0	0	1.85	0	0	0	0	0.06	0	0	0	9.88	0	0	9.2	0	32	34.73	0	0.28	1	1.85	9.2	9.88	0	1.2699999999999996	0	-2.729999999999997	0	0	-0.28	0	0	0	0	0	-0.8500000000000001	0	0	-0.06	0	-0.6800000000000015	0	-2.729999999999997	-0.28	-0.8500000000000001	-0.6800000000000015	31	31	20	201	201	19	19	21.29	21.29	166	166	102	218.44	218.44	83.33	1	1	2	0.84	0.8300000000000001	1.56	0	0	0	0	0	0	8	8	8	10.57	10.57	4.86	1	1	0.75	0.76	1	0	10.59	48.160000000000004	17.709999999999997	8.64	39.6	22.2	-2.289999999999999	-2.2900000000000005	-52.44	-52.43999999999999	18.669999999999998	0.16000000000000003	0.16999999999999993	0.43999999999999995	0	0	0	-2.5700000000000003	-2.57	3.1399999999999997	0.25	0.24	-1.9499999999999993	-8.56	4.490000000000002	268	301.77	-33.769999999999996	3	2.39	0.6099999999999999	16	15.43	0.5699999999999998	61.8	65.87	-4.0699999999999985
"2026"	"BAL"	1	"2026_01_BAL_IND"	"00-0032764"	"Derrick Henry"	"RB"	0	1	24	0	-1	0	1	0	0.85	0	19	144	0	6.59	99.08	0	0	3	0	0.04	1.4	0	0	0	0	0	0	0	1	7	0	0.46	3.89	0	0	0	0	0	0	0	1.76	18.31	0	2.9	32.4	163	105.67	3	1.44	8	4.3500000000000005	35.3	20.07	0	0.15000000000000002	0	12.41	44.92	0	-0.04	1.6	0	0	0	0	0.54	3.11	0	0	0	1.14	14.09	57.33	1.56	3.6499999999999995	15.229999999999997	25	25	37	269	269	17	17	16.22	16.22	324	324	202	231.67	231.68	150.07999999999998	1	1	4	1.44	1.45	1.97	0	0	0	0	0	0	11	11	12	9.92	9.92	8.01	0	0	0.48	0.47000000000000003	0	0	14.08	48.05	26.84	16.96	55.4	44.199999999999996	0.7800000000000011	0.7799999999999999	92.33000000000001	92.32	51.92	-0.43999999999999995	-0.45000000000000007	2.0300000000000002	0	0	0	1.08	1.0800000000000003	3.9899999999999998	-0.48	-0.47000000000000003	2.880000000000001	7.35	17.36	526	381.76	144.24	5	3.42	1.58	23	17.93	5.07	99.6	74.89	24.71
"2026"	"BUF"	1	"2026_01_BUF_HOU"	"00-0034857"	"Josh Allen"	"QB"	29	0	6	383	0	20	0	18.37	0	324	0	23	272.23	0	17.35	2	0	2	1.62	0	0.75	0	0	0	0.59	0	0	13	0	2	11.14	0	2.14	0	0	0.84	0	0	0	16.86	0	6.24	20.96	0	14.3	347	289.58000000000004	4	2.37	15	13.280000000000001	35.260000000000005	23.1	1.629999999999999	0	51.76999999999998	0	5.649999999999999	0.3799999999999999	0	1.25	-0.59	0	0	1.8599999999999994	0	-0.14000000000000012	-0.84	0	4.100000000000001	0	8.06	57.41999999999996	1.63	1.7199999999999989	12.160000000000004	29	29	21	383	383	20	20	18.37	18.38	324	324	86	272.23	272.23	81.88	2	2	2	1.62	1.62	0.86	0	0	0	0.59	0.59	0	13	13	5	11.14	11.13	4.55	0	0	0.84	0.85	0	0	16.86	56.480000000000004	13.36	20.96	64.4	20.6	1.629999999999999	1.6199999999999999	51.76999999999998	51.77	4.120000000000002	0.3799999999999999	0.3799999999999999	1.14	-0.59	-0.59	0	1.8599999999999994	1.8699999999999999	0.4499999999999998	-0.84	-0.85	4.100000000000001	7.92	7.240000000000001	410	354.11	55.89000000000001	4	2.48	1.5199999999999998	18	15.68	2.32	85	69.84	15.16
"2026"	"BUF"	1	"2026_01_BUF_HOU"	"00-0037248"	"James Cook"	"RB"	0	4	13	0	-4	0	3	0	3.07	0	12	57	0	22.12	55.3	0	0	0	0	0.07	0.1	0	0	0	0	0	0	0	2	3	0	1.88	2.1	0	0	0	0.03	0	0	0	5.69	6.14	0	4.2	5.7	69	77.42	0	0.17	5	3.98	9.9	11.83	0	-0.06999999999999984	0	-10.120000000000001	1.7000000000000028	0	-0.07	-0.1	0	0	0	0	0.1200000000000001	0.8999999999999999	0	-0.03	0	-1.4900000000000002	-0.4399999999999995	-8.420000000000002	-0.17	1.02	-1.9299999999999997	29	29	21	383	383	20	20	18.37	18.38	324	324	86	272.23	272.23	81.88	2	2	2	1.62	1.62	0.86	0	0	0	0.59	0.59	0	13	13	5	11.14	11.13	4.55	0	0	0.84	0.85	0	0	16.86	56.480000000000004	13.36	20.96	64.4	20.6	1.629999999999999	1.6199999999999999	51.76999999999998	51.77	4.120000000000002	0.3799999999999999	0.3799999999999999	1.14	-0.59	-0.59	0	1.8599999999999994	1.8699999999999999	0.4499999999999998	-0.84	-0.85	4.100000000000001	7.92	7.240000000000001	410	354.11	55.89000000000001	4	2.48	1.5199999999999998	18	15.68	2.32	85	69.84	15.16
"2026"	"HOU"	1	"2026_01_BUF_HOU"	"00-0039163"	"C.J. Stroud"	"QB"	38	0	2	322	0	26	0	25.22	0	274	0	15	295.19	0	11.15	2	0	0	1.34	0	0.01	0	0	0	0	0	0	11	0	1	14.04	0	1.2	0	0	1.04	0	0	0	15.07	0	1.2	18.96	0	1.5	289	306.34	2	1.35	12	15.239999999999998	20.46	16.27	0.7800000000000011	0	-21.189999999999998	0	3.8499999999999996	0.6599999999999999	0	-0.01	0	0	0	-3.039999999999999	0	-0.19999999999999996	-1.04	0	3.8900000000000006	0	0.30000000000000004	-17.339999999999975	0.6499999999999999	-3.2399999999999984	4.190000000000001	38	38	32	322	322	26	26	25.22	25.22	274	274	124	295.19	295.2	129.93	2	2	2	1.34	1.33	1.82	0	0	0	0	0	0	11	11	10	14.04	14.05	9.45	0	0	1.04	1.04	0	0	15.07	62.77	23.9	18.96	65.4	24.4	0.7800000000000011	0.7799999999999998	-21.189999999999998	-21.199999999999985	-5.930000000000003	0.6599999999999999	0.67	0.18	0	0	0	-3.039999999999999	-3.0500000000000003	0.55	-1.04	-1.04	3.8900000000000006	2.630000000000001	0.5	398	425.13	-27.12999999999999	4	3.1500000000000004	0.8500000000000001	21	23.5	-2.5	89.80000000000001	86.67	3.130000000000001
"2026"	"BUF"	1	"2026_01_BUF_HOU"	"00-0036988"	"Josh Palmer"	"WR"	0	2	0	0	62	0	1	0	0.62	0	34	0	0	20	0	0	1	0	0	0.34	0	0	0	0	0	0	0	0	1	0	0	0.55	0	0	0	0	0.17	0	0	0	4.67	0	0	10.4	0	34	20	1	0.34	1	0.55	10.4	4.67	0	0.38	0	14	0	0	0.6599999999999999	0	0	0	0	0	0.44999999999999996	0	0	-0.17	0	5.73	0	14	0.6599999999999999	0.44999999999999996	5.73	29	29	21	383	383	20	20	18.37	18.38	324	324	86	272.23	272.23	81.88	2	2	2	1.62	1.62	0.86	0	0	0	0.59	0.59	0	13	13	5	11.14	11.13	4.55	0	0	0.84	0.85	0	0	16.86	56.480000000000004	13.36	20.96	64.4	20.6	1.629999999999999	1.6199999999999999	51.76999999999998	51.77	4.120000000000002	0.3799999999999999	0.3799999999999999	1.14	-0.59	-0.59	0	1.8599999999999994	1.8699999999999999	0.4499999999999998	-0.84	-0.85	4.100000000000001	7.92	7.240000000000001	410	354.11	55.89000000000001	4	2.48	1.5199999999999998	18	15.68	2.32	85	69.84	15.16
"2026"	"GB"	1	"2026_01_GB_MIN"	"00-0036264"	"Jordan Love"	"QB"	42	0	1	469	0	21	0	25.38	0	387	0	0	342.28	0	1.7	2	0	0	2.66	0	0.01	0	0	0	0	0	0	16	0	0	18.35	0	0.84	1	0	1.19	0	0	0	21.93	0	0.25	21.48	0	0	387	343.97999999999996	2	2.67	16	19.19	21.48	22.18	-4.379999999999999	0	44.72000000000003	0	-1.7	-0.6600000000000001	0	-0.01	0	0	0	-2.3500000000000014	0	-0.84	-0.18999999999999995	0	-0.4499999999999993	0	-0.25	43.02000000000004	-0.6699999999999999	-3.1900000000000013	-0.6999999999999993	42	42	21	469	469	21	21	25.38	25.39	387	387	66	342.28	342.28000000000003	94.52	2	2	0	2.66	2.65	0.38	0	0	0	0	0	0	16	16	3	18.35	18.369999999999997	4.27	1	1	1.19	1.18	0	0	21.93	75.55	11.75	21.48	71.7	6.6	-4.379999999999999	-4.39	44.72000000000003	44.719999999999985	-28.52	-0.6600000000000001	-0.65	-0.38	0	0	0	-2.3500000000000014	-2.3699999999999988	-1.2699999999999998	-0.18999999999999995	-0.17999999999999997	-0.4499999999999993	-3.849999999999996	-5.15	453	436.8	16.199999999999985	2	3.03	-1.03	19	22.639999999999997	-3.639999999999999	78.3	87.3	-8.999999999999996
"2026"	"MIN"	1	"2026_01_GB_MIN"	"00-0036322"	"Justin Jefferson"	"WR"	0	9	0	0	80	0	8	0	6.22	0	92	0	0	69.17	0	0	2	0	0	0.57	0	0	1	0	0	0.58	0	0	5	0	0	3.94	0	0	0	0	0.2	0	0	0	17.69	0	0	31.2	0	92	69.17	2	0.57	5	3.94	31.2	17.69	0	1.7800000000000002	0	22.83	0	0	1.4300000000000002	0	0	0.42000000000000004	0	0	1.06	0	0	-0.2	0	13.509999999999998	0	22.83	1.4300000000000002	1.06	13.509999999999998	24	24	34	176	176	15	15	16.46	16.47	151	151	107	172.64000000000001	172.64	124	3	3	2	1.07	1.07	1.3299999999999998	1	1	0	0.58	0.58	0	8	8	6	8.83	8.84	9.05	1	1	0.5	0.52	0	0	11.35	41.34	20.44	18.04	50.1	22.7	-1.4600000000000004	-1.4699999999999998	-21.640000000000015	-21.64	-16.999999999999996	1.93	1.9300000000000002	0.67	0.42000000000000004	0.42000000000000004	0	-0.8299999999999998	-0.8400000000000001	-3.05	0.5	0.4799999999999999	6.690000000000001	8.759999999999998	2.2599999999999993	258	296.64	-38.64	5	2.4	2.6	14	17.89	-3.8899999999999997	72.8	61.78	11.019999999999998
"2026"	"SEA"	1	"2026_01_NE_SEA"	"00-0038543"	"Jaxon Smith-Njigba"	"WR"	0	11	0	0	76	0	8	0	7.53	0	122	0	0	75.84	0	0	1	0	0	0.58	0	0	0	0	0	0	0	0	5	0	0	4.44	0	0	0	0	0.27	0	0	0	18.62	0	0	26.2	0	122	75.84	1	0.58	5	4.44	26.2	18.62	0	0.46999999999999975	0	46.16	0	0	0.42000000000000004	0	0	0	0	0	0.5599999999999996	0	0	-0.27	0	7.579999999999998	0	46.16	0.42000000000000004	0.5599999999999996	7.579999999999998	24	24	22	154	154	17	17	16.55	16.55	200	200	97	168.28	168.29	99.57000000000001	1	1	0	0.7	0.69	0.26	0	0	0	0	0	0	9	9	4	9.26	9.25	5.81	0	0	0.56	0.55	0	0	8.4	37.56	11.48	12	43	9.7	0.44999999999999996	0.44999999999999996	31.71999999999999	31.709999999999997	-2.570000000000004	0.30000000000000004	0.31000000000000005	-0.26	0	0	0	-0.25999999999999934	-0.25000000000000044	-1.8099999999999998	-0.56	-0.55	3.6000000000000005	5.439999999999998	-1.7799999999999994	297	267.86	29.139999999999993	1	0.95	0.050000000000000044	13	15.059999999999999	-2.0600000000000005	52.7	49.040000000000006	3.6599999999999984
"2026"	"NE"	1	"2026_01_NE_SEA"	"00-0033090"	"Hunter Henry"	"TE"	0	3	0	0	12	0	3	0	2.36	0	26	0	0	24.6	0	0	0	0	0	0.01	0	0	0	0	0	0	0	0	1	0	0	1.05	0	0	0	0	0.03	0	0	0	4.86	0	0	5.6	0	26	24.6	0	0.01	1	1.05	5.6	4.86	0	0.6400000000000001	0	1.3999999999999986	0	0	-0.01	0	0	0	0	0	-0.050000000000000044	0	0	-0.03	0	0.7399999999999993	0	1.3999999999999986	-0.01	-0.050000000000000044	0.7399999999999993	33	33	31	221	221	23	23	22.74	22.73	178	178	109	240.28	240.27	151.85	1	1	0	1.17	1.17	0.13	0	0	0	0	0	0	9	9	7	11.05	11.05	9.74	3	3	0.77	0.76	0	0	12.77	53.81	15.95	5.12	46.8	10.9	0.26000000000000156	0.27000000000000035	-62.28	-62.27	-42.85	-0.16999999999999993	-0.16999999999999996	-0.13	0	0	0	-2.0500000000000007	-2.05	-2.74	2.23	2.24	-7.6499999999999995	-7.010000000000002	-5.05	287	392.12	-105.12	1	1.2999999999999998	-0.29999999999999993	16	20.79	-4.79	57.699999999999996	69.76	-12.060000000000002
"2026"	"DET"	1	"2026_01_NO_DET"	"00-0033106"	"Jared Goff"	"QB"	39	0	2	207	0	26	0	28.04	0	206	0	2	279.36	0	8.14	2	0	0	2.85	0	0	0	0	0	0	0	0	10	0	0	14.52	0	0.44	0	0	0.62	0	0	0	21.34	0	0.83	16.24	0	0.2	208	287.5	2	2.85	10	14.959999999999999	16.439999999999998	22.169999999999998	-2.039999999999999	0	-73.36000000000001	0	-6.140000000000001	-0.8500000000000001	0	0	0	0	0	-4.52	0	-0.44	-0.62	0	-5.100000000000001	0	-0.6299999999999999	-79.5	-0.8500000000000001	-4.959999999999999	-5.73	39	39	33	207	207	26	26	28.04	28.04	206	206	165	279.36	279.34999999999997	131.05	2	2	2	2.85	2.85	2.36	0	0	0	0	0	0	10	10	14	14.52	14.51	9.15	0	0	0.62	0.63	1	0	21.34	73.10000000000001	27.290000000000003	16.24	56.6	28.5	-2.039999999999999	-2.039999999999999	-73.36000000000001	-73.35	33.95	-0.8500000000000001	-0.85	-0.3599999999999998	0	0	0	-4.52	-4.510000000000001	4.8500000000000005	-0.62	-0.63	-5.100000000000001	-16.500000000000004	1.2099999999999997	371	410.4	-39.39999999999999	4	5.21	-1.2099999999999997	24	23.66	0.33999999999999986	85.1	100.39000000000001	-15.290000000000004
"2026"	"DET"	1	"2026_01_NO_DET"	"00-0036963"	"Amon-Ra St. Brown"	"WR"	0	14	0	0	70	0	10	0	9.89	0	67	0	0	91.22	0	0	2	0	0	1.18	0	0	0	0	0	0	0	0	4	0	0	5.41	0	0	0	0	0.22	0	0	0	26.1	0	0	28.7	0	67	91.22	2	1.18	4	5.41	28.7	26.1	0	0.10999999999999943	0	-24.22	0	0	0.8200000000000001	0	0	0	0	0	-1.4100000000000001	0	0	-0.22	0	2.599999999999998	0	-24.22	0.8200000000000001	-1.4100000000000001	2.599999999999998	39	39	33	207	207	26	26	28.04	28.04	206	206	165	279.36	279.34999999999997	131.05	2	2	2	2.85	2.85	2.36	0	0	0	0	0	0	10	10	14	14.52	14.51	9.15	0	0	0.62	0.63	1	0	21.34	73.10000000000001	27.290000000000003	16.24	56.6	28.5	-2.039999999999999	-2.039999999999999	-73.36000000000001	-73.35	33.95	-0.8500000000000001	-0.85	-0.3599999999999998	0	0	0	-4.52	-4.510000000000001	4.8500000000000005	-0.62	-0.63	-5.100000000000001	-16.500000000000004	1.2099999999999997	371	410.4	-39.39999999999999	4	5.21	-1.2099999999999997	24	23.66	0.33999999999999986	85.1	100.39000000000001	-15.290000000000004
"2026"	"NO"	1	"2026_01_NO_DET"	"00-0040743"	"Tyler Shough"	"QB"	56	0	4	483	0	35	0	36.98	0	410	0	8	413.27	0	17.55	3	0	0	2.58	0	0.13	0	0	0	0.55	0	0	19	0	1	18.71	0	1.5	2	0	1.1	0	0	0	25.76	0	2.51	24.4	0	0.8	418	430.82	3	2.71	20	20.21	25.2	28.270000000000003	-1.9799999999999969	0	-3.269999999999982	0	-9.55	0.41999999999999993	0	-0.13	-0.55	0	0	0.28999999999999915	0	-0.5	0.8999999999999999	0	-1.360000000000003	0	-1.7099999999999997	-12.819999999999993	0.29000000000000004	-0.21000000000000085	-3.070000000000004	56	56	25	483	483	35	35	36.98	36.98	410	410	91	413.27	413.25	109.05	3	3	1	2.58	2.6	0.49	0	0	0	0.55	0.55	0	19	19	7	18.71	18.72	7.17	2	2	1.1	1.0999999999999999	0	0	25.76	94.91	13.86	24.4	94	15.1	-1.9799999999999969	-1.9799999999999995	-3.269999999999982	-3.2500000000000053	-18.05	0.41999999999999993	0.4000000000000001	0.51	-0.55	-0.55	0	0.28999999999999915	0.2799999999999997	-0.1700000000000001	0.8999999999999999	0.8999999999999999	-1.360000000000003	-0.9100000000000017	1.2399999999999998	501	522.3	-21.300000000000004	4	3.09	0.9100000000000001	26	25.89	0.1099999999999996	109.1	108.77	0.3299999999999981
"2026"	"NO"	1	"2026_01_NO_DET"	"00-0039424"	"Devaughn Vele"	"WR"	0	9	0	0	63	0	7	0	6.42	0	69	0	0	57.5	0	0	1	0	0	0.64	0	0	0	0	0	0	0	0	3	0	0	2.41	0	0	0	0	0.12	0	0	0	16.02	0	0	19.9	0	69	57.5	1	0.64	3	2.41	19.9	16.02	0	0.5800000000000001	0	11.5	0	0	0.36	0	0	0	0	0	0.5899999999999999	0	0	-0.12	0	3.879999999999999	0	11.5	0.36	0.5899999999999999	3.879999999999999	56	56	25	483	483	35	35	36.98	36.98	410	410	91	413.27	413.25	109.05	3	3	1	2.58	2.6	0.49	0	0	0	0.55	0.55	0	19	19	7	18.71	18.72	7.17	2	2	1.1	1.0999999999999999	0	0	25.76	94.91	13.86	24.4	94	15.1	-1.9799999999999969	-1.9799999999999995	-3.269999999999982	-3.2500000000000053	-18.05	0.41999999999999993	0.4000000000000001	0.51	-0.55	-0.55	0	0.28999999999999915	0.2799999999999997	-0.1700000000000001	0.8999999999999999	0.8999999999999999	-1.360000000000003	-0.9100000000000017	1.2399999999999998	501	522.3	-21.300000000000004	4	3.09	0.9100000000000001	26	25.89	0.1099999999999996	109.1	108.77	0.3299999999999981
"2026"	"NO"	1	"2026_01_NO_DET"	"00-0035644"	"Noah Fant"	"TE"	0	8	0	0	48	0	4	0	5.75	0	33	0	0	56.2	0	0	1	0	0	0.45	0	0	0	0	0	0	0	0	2	0	0	3	0	0	2	0	0.09	0	0	0	14.07	0	0	13.3	0	33	56.2	1	0.45	2	3	13.3	14.07	0	-1.75	0	-23.200000000000003	0	0	0.55	0	0	0	0	0	-1	0	0	1.91	0	-0.7699999999999996	0	-23.200000000000003	0.55	-1	-0.7699999999999996	56	56	25	483	483	35	35	36.98	36.98	410	410	91	413.27	413.25	109.05	3	3	1	2.58	2.6	0.49	0	0	0	0.55	0.55	0	19	19	7	18.71	18.72	7.17	2	2	1.1	1.0999999999999999	0	0	25.76	94.91	13.86	24.4	94	15.1	-1.9799999999999969	-1.9799999999999995	-3.269999999999982	-3.2500000000000053	-18.05	0.41999999999999993	0.4000000000000001	0.51	-0.55	-0.55	0	0.28999999999999915	0.2799999999999997	-0.1700000000000001	0.8999999999999999	0.8999999999999999	-1.360000000000003	-0.9100000000000017	1.2399999999999998	501	522.3	-21.300000000000004	4	3.09	0.9100000000000001	26	25.89	0.1099999999999996	109.1	108.77	0.3299999999999981
"2026"	"DET"	1	"2026_01_NO_DET"	"00-0039065"	"Sam LaPorta"	"TE"	0	8	0	0	7	0	5	0	5.81	0	48	0	0	39.73	0	0	0	0	0	0.91	0	0	0	0	0	0	0	0	2	0	0	2.25	0	0	0	0	0.11	0	0	0	15.23	0	0	9.8	0	48	39.73	0	0.91	2	2.25	9.8	15.23	0	-0.8099999999999996	0	8.270000000000003	0	0	-0.91	0	0	0	0	0	-0.25	0	0	-0.11	0	-5.43	0	8.270000000000003	-0.91	-0.25	-5.43	39	39	33	207	207	26	26	28.04	28.04	206	206	165	279.36	279.34999999999997	131.05	2	2	2	2.85	2.85	2.36	0	0	0	0	0	0	10	10	14	14.52	14.51	9.15	0	0	0.62	0.63	1	0	21.34	73.10000000000001	27.290000000000003	16.24	56.6	28.5	-2.039999999999999	-2.039999999999999	-73.36000000000001	-73.35	33.95	-0.8500000000000001	-0.85	-0.3599999999999998	0	0	0	-4.52	-4.510000000000001	4.8500000000000005	-0.62	-0.63	-5.100000000000001	-16.500000000000004	1.2099999999999997	371	410.4	-39.39999999999999	4	5.21	-1.2099999999999997	24	23.66	0.33999999999999986	85.1	100.39000000000001	-15.290000000000004
"2026"	"DET"	1	"2026_01_NO_DET"	"00-0039139"	"Jahmyr Gibbs"	"RB"	0	5	29	0	-4	0	5	0	4.02	0	30	156	0	33.09	114.69	0	0	2	0	0.04	2.32	0	0	0	0	0	0	0	1	14	0	1.24	8.52	0	0	0	0.05	1	0	0	7.54	25.42	0	6	27.6	186	147.78	2	2.36	15	9.76	33.6	32.96	0	0.9800000000000004	0	-3.0900000000000034	41.31	0	-0.04	-0.31999999999999984	0	0	0	0	-0.24	5.48	0	-0.05	0	-1.54	2.1799999999999997	38.22	-0.3599999999999999	5.24	0.6400000000000006	39	39	33	207	207	26	26	28.04	28.04	206	206	165	279.36	279.34999999999997	131.05	2	2	2	2.85	2.85	2.36	0	0	0	0	0	0	10	10	14	14.52	14.51	9.15	0	0	0.62	0.63	1	0	21.34	73.10000000000001	27.290000000000003	16.24	56.6	28.5	-2.039999999999999	-2.039999999999999	-73.36000000000001	-73.35	33.95	-0.8500000000000001	-0.85	-0.3599999999999998	0	0	0	-4.52	-4.510000000000001	4.8500000000000005	-0.62	-0.63	-5.100000000000001	-16.500000000000004	1.2099999999999997	371	410.4	-39.39999999999999	4	5.21	-1.2099999999999997	24	23.66	0.33999999999999986	85.1	100.39000000000001	-15.290000000000004
"2026"	"DET"	1	"2026_01_NO_DET"	"00-0040669"	"Isaac TeSlaa"	"WR"	0	1	0	0	3	0	0	0	0.83	0	0	0	0	6.97	0	0	0	0	0	0	0	0	0	0	0	0	0	0	0	0	0	0.24	0	0	0	0	0.01	0	0	0	1.54	0	0	0	0	0	6.97	0	0	0	0.24	0	1.54	0	-0.83	0	-6.97	0	0	0	0	0	0	0	0	-0.24	0	0	-0.01	0	-1.54	0	-6.97	0	-0.24	-1.54	39	39	33	207	207	26	26	28.04	28.04	206	206	165	279.36	279.34999999999997	131.05	2	2	2	2.85	2.85	2.36	0	0	0	0	0	0	10	10	14	14.52	14.51	9.15	0	0	0.62	0.63	1	0	21.34	73.10000000000001	27.290000000000003	16.24	56.6	28.5	-2.039999999999999	-2.039999999999999	-73.36000000000001	-73.35	33.95	-0.8500000000000001	-0.85	-0.3599999999999998	0	0	0	-4.52	-4.510000000000001	4.8500000000000005	-0.62	-0.63	-5.100000000000001	-16.500000000000004	1.2099999999999997	371	410.4	-39.39999999999999	4	5.21	-1.2099999999999997	24	23.66	0.33999999999999986	85.1	100.39000000000001	-15.290000000000004
"2026"	"DET"	1	"2026_01_NO_DET"	"00-0037240"	"Jameson Williams"	"WR"	0	9	0	0	127	0	4	0	5.85	0	45	0	0	93.96	0	0	0	0	0	0.71	0	0	0	0	0	0	0	0	2	0	0	4.86	0	0	0	0	0.23	0	0	0	19.53	0	0	8.5	0	45	93.96	0	0.71	2	4.86	8.5	19.53	0	-1.8499999999999996	0	-48.959999999999994	0	0	-0.71	0	0	0	0	0	-2.8600000000000003	0	0	-0.23	0	-11.030000000000001	0	-48.959999999999994	-0.71	-2.8600000000000003	-11.030000000000001	39	39	33	207	207	26	26	28.04	28.04	206	206	165	279.36	279.34999999999997	131.05	2	2	2	2.85	2.85	2.36	0	0	0	0	0	0	10	10	14	14.52	14.51	9.15	0	0	0.62	0.63	1	0	21.34	73.10000000000001	27.290000000000003	16.24	56.6	28.5	-2.039999999999999	-2.039999999999999	-73.36000000000001	-73.35	33.95	-0.8500000000000001	-0.85	-0.3599999999999998	0	0	0	-4.52	-4.510000000000001	4.8500000000000005	-0.62	-0.63	-5.100000000000001	-16.500000000000004	1.2099999999999997	371	410.4	-39.39999999999999	4	5.21	-1.2099999999999997	24	23.66	0.33999999999999986	85.1	100.39000000000001	-15.290000000000004
"2026"	"NO"	1	"2026_01_NO_DET"	"00-0036040"	"Juwan Johnson"	"TE"	0	7	0	0	77	0	3	0	3.87	0	54	0	0	51.75	0	0	1	0	0	0.94	0	0	0	0	0	0	0	0	3	0	0	2.79	0	0	0	0	0.18	0	0	0	14.65	0	0	14.4	0	54	51.75	1	0.94	3	2.79	14.4	14.65	0	-0.8700000000000001	0	2.25	0	0	0.06000000000000005	0	0	0	0	0	0.20999999999999996	0	0	-0.18	0	-0.25	0	2.25	0.06000000000000005	0.20999999999999996	-0.25	56	56	25	483	483	35	35	36.98	36.98	410	410	91	413.27	413.25	109.05	3	3	1	2.58	2.6	0.49	0	0	0	0.55	0.55	0	19	19	7	18.71	18.72	7.17	2	2	1.1	1.0999999999999999	0	0	25.76	94.91	13.86	24.4	94	15.1	-1.9799999999999969	-1.9799999999999995	-3.269999999999982	-3.2500000000000053	-18.05	0.41999999999999993	0.4000000000000001	0.51	-0.55	-0.55	0	0.28999999999999915	0.2799999999999997	-0.1700000000000001	0.8999999999999999	0.8999999999999999	-1.360000000000003	-0.9100000000000017	1.2399999999999998	501	522.3	-21.300000000000004	4	3.09	0.9100000000000001	26	25.89	0.1099999999999996	109.1	108.77	0.3299999999999981
"2026"	"NO"	1	"2026_01_NO_DET"	"00-0037239"	"Chris Olave"	"WR"	0	13	0	0	234	0	10	0	7.52	0	182	0	0	128.87	0	0	0	0	0	0.26	0	0	0	0	0	0	0	0	7	0	0	4.45	0	0	0	0	0.48	0	0	0	21.95	0	0	28.2	0	182	128.87	0	0.26	7	4.45	28.2	21.95	0	2.4800000000000004	0	53.129999999999995	0	0	-0.26	0	0	0	0	0	2.55	0	0	-0.48	0	6.25	0	53.129999999999995	-0.26	2.55	6.25	56	56	25	483	483	35	35	36.98	36.98	410	410	91	413.27	413.25	109.05	3	3	1	2.58	2.6	0.49	0	0	0	0.55	0.55	0	19	19	7	18.71	18.72	7.17	2	2	1.1	1.0999999999999999	0	0	25.76	94.91	13.86	24.4	94	15.1	-1.9799999999999969	-1.9799999999999995	-3.269999999999982	-3.2500000000000053	-18.05	0.41999999999999993	0.4000000000000001	0.51	-0.55	-0.55	0	0.28999999999999915	0.2799999999999997	-0.1700000000000001	0.8999999999999999	0.8999999999999999	-1.360000000000003	-0.9100000000000017	1.2399999999999998	501	522.3	-21.300000000000004	4	3.09	0.9100000000000001	26	25.89	0.1099999999999996	109.1	108.77	0.3299999999999981
"2026"	"NO"	1	"2026_01_NO_DET"	"00-0036973"	"Travis Etienne"	"RB"	0	9	9	0	-2	0	7	0	7.25	0	32	46	0	50.19	41.9	0	0	0	0	0.26	0.07	0	0	0	0	0	0	0	2	2	0	2.82	1.92	0	0	0	0.06	0	0	0	13.8	4.62	0	10.2	4.6	78	92.09	0	0.33	4	4.74	14.799999999999999	18.42	0	-0.25	0	-18.189999999999998	4.100000000000001	0	-0.26	-0.07	0	0	0	0	-0.8199999999999998	0.08000000000000007	0	-0.06	0	-3.6000000000000014	-0.020000000000000462	-14.090000000000003	-0.33	-0.7400000000000002	-3.6200000000000028	56	56	25	483	483	35	35	36.98	36.98	410	410	91	413.27	413.25	109.05	3	3	1	2.58	2.6	0.49	0	0	0	0.55	0.55	0	19	19	7	18.71	18.72	7.17	2	2	1.1	1.0999999999999999	0	0	25.76	94.91	13.86	24.4	94	15.1	-1.9799999999999969	-1.9799999999999995	-3.269999999999982	-3.2500000000000053	-18.05	0.41999999999999993	0.4000000000000001	0.51	-0.55	-0.55	0	0.28999999999999915	0.2799999999999997	-0.1700000000000001	0.8999999999999999	0.8999999999999999	-1.360000000000003	-0.9100000000000017	1.2399999999999998	501	522.3	-21.300000000000004	4	3.09	0.9100000000000001	26	25.89	0.1099999999999996	109.1	108.77	0.3299999999999981
"2026"	"NO"	1	"2026_01_NO_DET"	"00-0041326"	"CJ Donaldson"	"RB"	0	2	2	0	5	0	1	0	1.25	0	-2	4	0	11.51	5.72	0	0	0	0	0.01	0	0	0	0	0	0	0	0	0	2	0	0.62	1.35	0	0	0	0.03	0	0	0	2.45	0.59	0	0.8	0.4	2	17.23	0	0.01	2	1.9700000000000002	1.2000000000000002	3.04	0	-0.25	0	-13.51	-1.7199999999999998	0	-0.01	0	0	0	0	0	-0.62	0.6499999999999999	0	-0.03	0	-1.6500000000000001	-0.18999999999999995	-15.23	-0.01	0.029999999999999805	-1.8399999999999999	56	56	25	483	483	35	35	36.98	36.98	410	410	91	413.27	413.25	109.05	3	3	1	2.58	2.6	0.49	0	0	0	0.55	0.55	0	19	19	7	18.71	18.72	7.17	2	2	1.1	1.0999999999999999	0	0	25.76	94.91	13.86	24.4	94	15.1	-1.9799999999999969	-1.9799999999999995	-3.269999999999982	-3.2500000000000053	-18.05	0.41999999999999993	0.4000000000000001	0.51	-0.55	-0.55	0	0.28999999999999915	0.2799999999999997	-0.1700000000000001	0.8999999999999999	0.8999999999999999	-1.360000000000003	-0.9100000000000017	1.2399999999999998	501	522.3	-21.300000000000004	4	3.09	0.9100000000000001	26	25.89	0.1099999999999996	109.1	108.77	0.3299999999999981
"2026"	"NO"	1	"2026_01_NO_DET"	"00-0041067"	"Bryce Lance"	"WR"	0	4	0	0	40	0	3	0	2.77	0	42	0	0	35.5	0	0	0	0	0	0.03	0	0	0	0	0	0.55	0	0	2	0	0	1.61	0	0	0	0	0.09	0	0	0	7.59	0	0	7.2	0	42	35.5	0	0.03	2	1.61	7.2	7.59	0	0.22999999999999998	0	6.5	0	0	-0.03	0	0	-0.55	0	0	0.3899999999999999	0	0	-0.09	0	-0.3899999999999997	0	6.5	-0.03	0.3899999999999999	-0.3899999999999997	56	56	25	483	483	35	35	36.98	36.98	410	410	91	413.27	413.25	109.05	3	3	1	2.58	2.6	0.49	0	0	0	0.55	0.55	0	19	19	7	18.71	18.72	7.17	2	2	1.1	1.0999999999999999	0	0	25.76	94.91	13.86	24.4	94	15.1	-1.9799999999999969	-1.9799999999999995	-3.269999999999982	-3.2500000000000053	-18.05	0.41999999999999993	0.4000000000000001	0.51	-0.55	-0.55	0	0.28999999999999915	0.2799999999999997	-0.1700000000000001	0.8999999999999999	0.8999999999999999	-1.360000000000003	-0.9100000000000017	1.2399999999999998	501	522.3	-21.300000000000004	4	3.09	0.9100000000000001	26	25.89	0.1099999999999996	109.1	108.77	0.3299999999999981
"2026"	"DET"	1	"2026_01_NO_DET"	"00-0039364"	"Sione Vaki"	"RB"	0	1	2	0	2	0	1	0	0.81	0	11	7	0	7.23	8.22	0	0	0	0	0.01	0.04	0	0	0	0	0	0	0	1	0	0	0.27	0.19	0	0	0	0	0	0	0	1.59	1.04	0	2.1	0.7	18	15.450000000000001	0	0.05	1	0.46	2.8	2.63	0	0.18999999999999995	0	3.7699999999999996	-1.2200000000000006	0	-0.01	-0.04	0	0	0	0	0.73	-0.19	0	0	0	0.51	-0.3400000000000001	2.549999999999999	-0.05	0.54	0.16999999999999993	39	39	33	207	207	26	26	28.04	28.04	206	206	165	279.36	279.34999999999997	131.05	2	2	2	2.85	2.85	2.36	0	0	0	0	0	0	10	10	14	14.52	14.51	9.15	0	0	0.62	0.63	1	0	21.34	73.10000000000001	27.290000000000003	16.24	56.6	28.5	-2.039999999999999	-2.039999999999999	-73.36000000000001	-73.35	33.95	-0.8500000000000001	-0.85	-0.3599999999999998	0	0	0	-4.52	-4.510000000000001	4.8500000000000005	-0.62	-0.63	-5.100000000000001	-16.500000000000004	1.2099999999999997	371	410.4	-39.39999999999999	4	5.21	-1.2099999999999997	24	23.66	0.33999999999999986	85.1	100.39000000000001	-15.290000000000004
"2026"	"DET"	1	"2026_01_NO_DET"	"00-0036754"	"Brock Wright"	"TE"	0	1	0	0	2	0	1	0	0.83	0	5	0	0	7.15	0	0	0	0	0	0	0	0	0	0	0	0	0	0	0	0	0	0.24	0	0	0	0	0.01	0	0	0	1.57	0	0	1.5	0	5	7.15	0	0	0	0.24	1.5	1.57	0	0.17000000000000004	0	-2.1500000000000004	0	0	0	0	0	0	0	0	-0.24	0	0	-0.01	0	-0.07000000000000006	0	-2.1500000000000004	0	-0.24	-0.07000000000000006	39	39	33	207	207	26	26	28.04	28.04	206	206	165	279.36	279.34999999999997	131.05	2	2	2	2.85	2.85	2.36	0	0	0	0	0	0	10	10	14	14.52	14.51	9.15	0	0	0.62	0.63	1	0	21.34	73.10000000000001	27.290000000000003	16.24	56.6	28.5	-2.039999999999999	-2.039999999999999	-73.36000000000001	-73.35	33.95	-0.8500000000000001	-0.85	-0.3599999999999998	0	0	0	-4.52	-4.510000000000001	4.8500000000000005	-0.62	-0.63	-5.100000000000001	-16.500000000000004	1.2099999999999997	371	410.4	-39.39999999999999	4	5.21	-1.2099999999999997	24	23.66	0.33999999999999986	85.1	100.39000000000001	-15.290000000000004
"2026"	"CIN"	1	"2026_01_TB_CIN"	"00-0036442"	"Joe Burrow"	"QB"	35	0	5	226	0	25	0	24.65	0	254	0	20	268.57	0	14.64	1	0	0	2.4	0	0.11	0	0	0	0	0	0	14	0	4	13.71	0	2.27	1	0	0.61	0	0	0	19.11	0	2.13	12.16	0	2	274	283.21	1	2.51	18	15.98	14.16	21.24	0.3500000000000014	0	-14.569999999999993	0	5.359999999999999	-1.4	0	-0.11	0	0	0	0.28999999999999915	0	1.73	0.39	0	-6.949999999999999	0	-0.1299999999999999	-9.20999999999998	-1.5099999999999998	2.0199999999999996	-7.079999999999998	35	35	27	226	226	25	25	24.65	24.64	254	254	106	268.57	268.58	102.18	1	1	1	2.4	2.41	0.9700000000000001	0	0	0	0	0	0	14	14	10	13.71	13.71	6.91	1	1	0.61	0.62	0	0	19.11	65.9	16.02	12.16	56.4	16.6	0.3500000000000014	0.36	-14.569999999999993	-14.58	3.8199999999999967	-1.4	-1.4100000000000001	0.02999999999999995	0	0	0	0.28999999999999915	0.2899999999999999	3.0900000000000003	0.39	0.37999999999999995	-6.949999999999999	-9.499999999999998	0.5800000000000001	360	370.76	-10.760000000000003	2	3.3800000000000003	-1.3800000000000001	24	20.62	3.3800000000000003	73	81.92	-8.919999999999998
"2026"	"CIN"	1	"2026_01_TB_CIN"	"00-0036900"	"Ja'Marr Chase"	"WR"	0	4	0	0	34	0	2	0	2.68	0	12	0	0	34.6	0	0	0	0	0	0.27	0	0	0	0	0	0	0	0	1	0	0	2.13	0	0	0	0	0.08	0	0	0	7.76	0	0	3.2	0	12	34.6	0	0.27	1	2.13	3.2	7.76	0	-0.6800000000000002	0	-22.6	0	0	-0.27	0	0	0	0	0	-1.13	0	0	-0.08	0	-4.56	0	-22.6	-0.27	-1.13	-4.56	35	35	27	226	226	25	25	24.65	24.64	254	254	106	268.57	268.58	102.18	1	1	1	2.4	2.41	0.9700000000000001	0	0	0	0	0	0	14	14	10	13.71	13.71	6.91	1	1	0.61	0.62	0	0	19.11	65.9	16.02	12.16	56.4	16.6	0.3500000000000014	0.36	-14.569999999999993	-14.58	3.8199999999999967	-1.4	-1.4100000000000001	0.02999999999999995	0	0	0	0.28999999999999915	0.2899999999999999	3.0900000000000003	0.39	0.37999999999999995	-6.949999999999999	-9.499999999999998	0.5800000000000001	360	370.76	-10.760000000000003	2	3.3800000000000003	-1.3800000000000001	24	20.62	3.3800000000000003	73	81.92	-8.919999999999998
"2026"	"PHI"	1	"2026_01_WAS_PHI"	"00-0040867"	"Makai Lemon"	"WR"	0	4	0	0	0	0	3	0	3.08	0	-5	0	0	20.07	0	0	0	0	0	0.01	0	0	0	0	0	0	0	0	0	0	0	0.89	0	0	0	0	0.05	0	0	0	5.15	0	0	2.5	0	-5	20.07	0	0.01	0	0.89	2.5	5.15	0	-0.08000000000000007	0	-25.07	0	0	-0.01	0	0	0	0	0	-0.89	0	0	-0.05	0	-2.6500000000000004	0	-25.07	-0.01	-0.89	-2.6500000000000004	25	25	25	225	225	14	14	16.37	16.38	203	203	136	196.45	196.45	120.36	3	3	0	1.04	1.03	0.19999999999999998	0	0	0	0	0	0	6	6	4	8.48	8.47	4.81	0	0	0.52	0.51	0	0	10.97	42.25	13.209999999999999	20.12	52.3	13.6	-2.370000000000001	-2.38	6.550000000000011	6.549999999999998	15.639999999999995	1.96	1.9700000000000002	-0.19999999999999998	0	0	0	-2.4800000000000004	-2.47	-0.8099999999999998	-0.52	-0.51	9.15	10.05	0.3900000000000006	339	316.81	22.189999999999994	3	1.23	1.7700000000000002	10	13.280000000000001	-3.2800000000000002	65.89999999999999	55.46	10.440000000000001
"2026"	"ATL"	2	"2026_02_CAR_ATL"	"00-0038542"	"Bijan Robinson"	"RB"	0	4	16	0	12	0	3	0	3.05	0	9	72	0	27.2	71.12	0	0	0	0	0.04	0.04	0	0	0	0	0	0	0	0	2	0	1.42	2.65	0	1	0	0.07	0	0	0	6	7.36	0	3.9	7.2	81	98.32000000000001	0	0.08	2	4.07	11.1	13.36	0	-0.04999999999999982	0	-18.2	0.8799999999999955	0	-0.04	-0.04	0	0	0	0	-1.42	-0.6499999999999999	0	0.9299999999999999	0	-2.1	-0.16000000000000014	-17.320000000000007	-0.08	-2.0700000000000003	-2.26	32	32	32	159	159	18	18	23.54	23.54	145	145	157	209.59	209.61	159.15	0	0	0	0.17	0.16	0.14	0	0	0	0	0	0	10	10	7	12.34	12.35	8.08	3	3	0.63	0.63	0	1	7.799999999999999	45.5	16.77	-0.20000000000000007	32.5	13.7	-5.539999999999999	-5.54	-64.59	-64.61	-2.1500000000000075	-0.17	-0.16	-0.14	0	0	0	-2.34	-2.3499999999999996	-1.08	2.37	2.37	-8	-13	-3.0700000000000003	302	368.76	-66.76	0	0.30000000000000004	-0.30000000000000004	17	20.43	-3.4299999999999997	46.2	62.269999999999996	-16.07
"2026"	"ATL"	2	"2026_02_CAR_ATL"	"00-0036970"	"Kyle Pitts"	"TE"	0	3	0	0	26	0	1	0	2.04	0	15	0	0	24.66	0	0	0	0	0	0.01	0	0	0	0	0	0	0	0	1	0	0	1.26	0	0	1	0	0.09	0	0	0	4.56	0	0	2.5	0	15	24.66	0	0.01	1	1.26	2.5	4.56	0	-1.04	0	-9.66	0	0	-0.01	0	0	0	0	0	-0.26	0	0	0.91	0	-2.0599999999999996	0	-9.66	-0.01	-0.26	-2.0599999999999996	32	32	32	159	159	18	18	23.54	23.54	145	145	157	209.59	209.61	159.15	0	0	0	0.17	0.16	0.14	0	0	0	0	0	0	10	10	7	12.34	12.35	8.08	3	3	0.63	0.63	0	1	7.799999999999999	45.5	16.77	-0.20000000000000007	32.5	13.7	-5.539999999999999	-5.54	-64.59	-64.61	-2.1500000000000075	-0.17	-0.16	-0.14	0	0	0	-2.34	-2.3499999999999996	-1.08	2.37	2.37	-8	-13	-3.0700000000000003	302	368.76	-66.76	0	0.30000000000000004	-0.30000000000000004	17	20.43	-3.4299999999999997	46.2	62.269999999999996	-16.07
"2026"	"CIN"	2	"2026_02_CIN_HOU"	"00-0036442"	"Joe Burrow"	"QB"	31	0	1	173	0	20	0	22.06	0	207	0	-1	227.28	0	-1	2	0	0	0.77	0	0	0	0	0	0	0	0	9	0	0	10.49	0	0	0	0	0.53	0	0	0	11.1	0	-0.1	16.28	0	-0.1	206	226.28	2	0.77	9	10.49	16.18	11	-2.0599999999999987	0	-20.28	0	0	1.23	0	0	0	0	0	-1.4900000000000002	0	0	-0.53	0	5.1800000000000015	0	0	-20.28	1.23	-1.4900000000000002	5.18	31	31	23	173	173	20	20	22.06	22.05	207	207	85	227.28	227.28	93.92	2	2	0	0.77	0.77	0.13	0	0	0	0	0	0	9	9	3	10.49	10.48	2.88	0	0	0.53	0.54	0	0	11.1	49.42	10.2	16.28	52.7	8.5	-2.0599999999999987	-2.05	-20.28	-20.28	-8.920000000000003	1.23	1.23	-0.13	0	0	0	-1.4900000000000002	-1.48	0.12000000000000022	-0.53	-0.54	5.1800000000000015	3.2799999999999985	-1.6999999999999993	292	321.2	-29.200000000000003	2	0.9	1.1	12	13.36	-1.3599999999999999	61.2	59.620000000000005	1.5799999999999992
"2026"	"CIN"	2	"2026_02_CIN_HOU"	"00-0036900"	"Ja'Marr Chase"	"WR"	0	9	0	0	81	0	7	0	6.08	0	75	0	0	66.38	0	0	2	0	0	0.62	0	0	0	0	0	0	0	0	3	0	0	3.13	0	0	0	0	0.19	0	0	0	16.46	0	0	26.5	0	75	66.38	2	0.62	3	3.13	26.5	16.46	0	0.9199999999999999	0	8.620000000000005	0	0	1.38	0	0	0	0	0	-0.1299999999999999	0	0	-0.19	0	10.04	0	8.620000000000005	1.38	-0.1299999999999999	10.04	31	31	23	173	173	20	20	22.06	22.05	207	207	85	227.28	227.28	93.92	2	2	0	0.77	0.77	0.13	0	0	0	0	0	0	9	9	3	10.49	10.48	2.88	0	0	0.53	0.54	0	0	11.1	49.42	10.2	16.28	52.7	8.5	-2.0599999999999987	-2.05	-20.28	-20.28	-8.920000000000003	1.23	1.23	-0.13	0	0	0	-1.4900000000000002	-1.48	0.12000000000000022	-0.53	-0.54	5.1800000000000015	3.2799999999999985	-1.6999999999999993	292	321.2	-29.200000000000003	2	0.9	1.1	12	13.36	-1.3599999999999999	61.2	59.620000000000005	1.5799999999999992
"2026"	"HOU"	2	"2026_02_CIN_HOU"	"00-0039163"	"C.J. Stroud"	"QB"	55	0	3	475	0	30	0	35.14	0	353	0	29	405.92	0	20.28	0	0	0	1.76	0	0.03	0	0	0	0	0	0	15	0	1	20.41	0	0.62	0	0	1.35	0	0	0	20.58	0	2.19	14.12	0	2.9	382	426.20000000000005	0	1.79	16	21.03	17.02	22.77	-5.140000000000001	0	-52.920000000000016	0	8.719999999999999	-1.76	0	-0.03	0	0	0	-5.41	0	0.38	-1.35	0	-6.459999999999999	0	0.71	-44.200000000000045	-1.79	-5.030000000000001	-5.75	56	56	18	475	475	30	30	35.92	35.93	353	353	60	410.6	410.61	86.62	0	0	0	1.82	1.81	0.22	0	0	0	0	0	0	15	15	3	20.86	20.86	4.72	0	0	1.36	1.3699999999999999	0	0	20.97	87.88	9.96	14.12	65.3	6	-5.920000000000001	-5.930000000000001	-57.600000000000016	-57.61	-26.620000000000005	-1.82	-1.81	-0.22	0	0	0	-5.86	-5.859999999999999	-1.7199999999999998	-1.36	-1.3699999999999999	-6.849999999999999	-22.58	-3.9600000000000004	413	497.23	-84.23	0	2.0300000000000002	-2.0300000000000002	18	25.58	-7.579999999999999	71.3	97.84	-26.54
"2026"	"BUF"	2	"2026_02_DET_BUF"	"00-0034857"	"Josh Allen"	"QB"	31	0	14	235	0	20	0	21.97	0	248	0	69	257.94	0	41.49	3	0	2	1.96	0	1.46	0	0	0	0	0	0	14	0	8	14.4	0	5.63	0	0	0.59	0	0	0	16.99	0	12.9	21.92	0	18.9	317	299.43	5	3.42	22	20.03	40.82	29.89	-1.9699999999999989	0	-9.939999999999998	0	27.509999999999998	1.04	0	0.54	0	0	0	-0.40000000000000036	0	2.37	-0.59	0	4.930000000000003	0	5.999999999999998	17.569999999999993	1.58	1.9699999999999989	10.93	31	31	36	235	235	20	20	21.97	21.97	248	248	203	257.94	257.94	130.83	3	3	3	1.96	1.96	2.79	0	0	0	0	0	0	14	14	15	14.4	14.4	10.809999999999999	0	0	0.59	0.6	0	0	16.99	59.55	29.83	21.92	62.800000000000004	38.3	-1.9699999999999989	-1.9699999999999998	-9.939999999999998	-9.939999999999994	72.17	1.04	1.04	0.20999999999999996	0	0	0	-0.40000000000000036	-0.4	4.19	-0.59	-0.6	4.930000000000003	3.250000000000001	8.47	451	388.77	62.230000000000004	6	4.75	1.25	29	25.21	3.7900000000000005	101.1	89.38	11.720000000000002
"2026"	"BUF"	2	"2026_02_DET_BUF"	"00-0036988"	"Josh Palmer"	"WR"	0	3	0	0	39	0	1	0	1.88	0	43	0	0	25.07	0	0	1	0	0	0.14	0	0	0	0	0	0	0	0	1	0	0	1.51	0	0	0	0	0.1	0	0	0	5.24	0	0	11.3	0	43	25.07	1	0.14	1	1.51	11.3	5.24	0	-0.8799999999999999	0	17.93	0	0	0.86	0	0	0	0	0	-0.51	0	0	-0.1	0	6.0600000000000005	0	17.93	0.86	-0.51	6.0600000000000005	31	31	36	235	235	20	20	21.97	21.97	248	248	203	257.94	257.94	130.83	3	3	3	1.96	1.96	2.79	0	0	0	0	0	0	14	14	15	14.4	14.4	10.809999999999999	0	0	0.59	0.6	0	0	16.99	59.55	29.83	21.92	62.800000000000004	38.3	-1.9699999999999989	-1.9699999999999998	-9.939999999999998	-9.939999999999994	72.17	1.04	1.04	0.20999999999999996	0	0	0	-0.40000000000000036	-0.4	4.19	-0.59	-0.6	4.930000000000003	3.250000000000001	8.47	451	388.77	62.230000000000004	6	4.75	1.25	29	25.21	3.7900000000000005	101.1	89.38	11.720000000000002
"2026"	"BUF"	2	"2026_02_DET_BUF"	"00-0037248"	"James Cook"	"RB"	0	3	21	0	1	0	1	0	2.21	0	4	135	0	16.83	81.53	0	0	1	0	0.26	1.32	0	0	0	0	0	0	0	0	7	0	1.17	4.77	0	0	0	0.03	0	0	0	5.48	16.08	0	1.4	19.5	139	98.36	1	1.58	7	5.9399999999999995	20.9	21.56	0	-1.21	0	-12.829999999999998	53.47	0	-0.26	-0.32000000000000006	0	0	0	0	-1.17	2.2300000000000004	0	-0.03	0	-4.08	3.4200000000000017	40.64	-0.5800000000000001	1.0600000000000005	-0.6600000000000001	31	31	36	235	235	20	20	21.97	21.97	248	248	203	257.94	257.94	130.83	3	3	3	1.96	1.96	2.79	0	0	0	0	0	0	14	14	15	14.4	14.4	10.809999999999999	0	0	0.59	0.6	0	0	16.99	59.55	29.83	21.92	62.800000000000004	38.3	-1.9699999999999989	-1.9699999999999998	-9.939999999999998	-9.939999999999994	72.17	1.04	1.04	0.20999999999999996	0	0	0	-0.40000000000000036	-0.4	4.19	-0.59	-0.6	4.930000000000003	3.250000000000001	8.47	451	388.77	62.230000000000004	6	4.75	1.25	29	25.21	3.7900000000000005	101.1	89.38	11.720000000000002
"2026"	"DET"	2	"2026_02_DET_BUF"	"00-0036963"	"Amon-Ra St. Brown"	"WR"	0	13	0	0	148	0	9	0	8.23	0	142	0	0	116.54	0	0	2	0	0	0.83	0	0	0	0	0	0	0	0	7	0	0	6.06	0	0	0	0	0.47	0	0	0	24.86	0	0	35.2	0	142	116.54	2	0.83	7	6.06	35.2	24.86	0	0.7699999999999996	0	25.459999999999994	0	0	1.17	0	0	0	0	0	0.9400000000000004	0	0	-0.47	0	10.340000000000003	0	25.459999999999994	1.17	0.9400000000000004	10.340000000000003	38	38	20	337	337	26	26	24.58	24.59	327	327	66	300.5	300.5	90.84	4	4	0	2.32	2.31	0.35	0	0	0	0	0	0	19	19	2	15.87	15.87	3.5500000000000003	0	0	1.13	1.13	0	0	19.03	68.53	11.17	29.08	82.7	6.6	1.4200000000000017	1.4099999999999988	26.5	26.499999999999996	-24.839999999999996	1.6800000000000002	1.69	-0.35	0	0	0	3.130000000000001	3.130000000000001	-1.5500000000000003	-1.13	-1.13	10.049999999999997	14.170000000000005	-4.569999999999999	393	391.34000000000003	1.6600000000000001	4	2.66	1.3399999999999999	21	19.419999999999998	1.5800000000000005	89.3	79.7	9.600000000000005
"2026"	"GB"	2	"2026_02_GB_NYJ"	"00-0036264"	"Jordan Love"	"QB"	29	0	0	216	0	16	0	20.1	0	145	0	0	208.63	0	0	2	0	0	1.03	0	0	0	0	0	0	0	0	8	0	0	9.35	0	0	0	0	0.64	0	0	0	11.17	0	0	13.8	0	0	145	208.63	2	1.03	8	9.35	13.8	11.17	-4.100000000000001	0	-63.629999999999995	0	0	0.97	0	0	0	0	0	-1.3499999999999996	0	0	-0.64	0	2.630000000000001	0	0	-63.629999999999995	0.97	-1.3499999999999996	2.630000000000001	29	29	18	216	216	16	16	20.1	20.1	145	145	63	208.63	208.63	75.59	2	2	0	1.03	1.02	0.25	0	0	0	0	0	0	8	8	4	9.35	9.35	2.09	0	0	0.64	0.65	0	1	11.17	47.13	9.07	13.8	42.5	4.300000000000001	-4.100000000000001	-4.1000000000000005	-63.629999999999995	-63.63000000000001	-12.59	0.97	0.9799999999999999	-0.25	0	0	0	-1.3499999999999996	-1.3499999999999996	1.91	-0.64	-0.65	2.630000000000001	-4.630000000000001	-4.77	208	284.22	-76.22000000000001	2	1.27	0.7299999999999999	12	11.44	0.5600000000000003	46.8	56.2	-9.4
"2026"	"IND"	2	"2026_02_IND_KC"	"00-0030279"	"Keenan Allen"	"WR"	0	5	0	0	31	0	1	0	3.26	0	5	0	0	30.56	0	0	0	0	0	0.05	0	0	0	0	0	0	0	0	0	0	0	1.69	0	0	1	0	0.1	0	0	0	6.61	0	0	1.5	0	5	30.56	0	0.05	0	1.69	1.5	6.61	0	-2.26	0	-25.56	0	0	-0.05	0	0	0	0	0	-1.69	0	0	0.9	0	-5.11	0	-25.56	-0.05	-1.69	-5.11	31	31	32	162	162	22	22	21.52	21.52	210	210	119	195.15	195.15	135.3	1	1	2	1.19	1.18	1.04	0	0	0	0	0	0	12	12	9	10.59	10.58	8.35	1	1	0.54	0.56	0	0	11.47	48.17	19.78	10.4	49	23.9	0.4800000000000004	0.4800000000000007	14.849999999999994	14.850000000000001	-16.299999999999997	-0.18999999999999995	-0.18000000000000002	0.9600000000000001	0	0	0	1.4100000000000001	1.4199999999999997	0.6500000000000004	0.45999999999999996	0.44	-1.0700000000000003	0.8299999999999984	4.119999999999998	329	330.45000000000005	-1.4499999999999957	3	2.2199999999999998	0.78	21	18.93	2.0700000000000003	72.9	67.95	4.949999999999997
"2026"	"LAC"	2	"2026_02_LV_LAC"	"00-0036355"	"Justin Herbert"	"QB"	27	0	3	269	0	15	0	16.78	0	192	0	2	213.34	0	6.87	1	0	0	0.52	0	0	0	0	0	0	0	0	8	0	0	10.07	0	0.18	2	0	0.64	0	0	0	9.35	0	0.7	7.68	0	0.2	194	220.21	1	0.52	8	10.25	7.88	10.049999999999999	-1.7800000000000011	0	-21.340000000000003	0	-4.87	0.48	0	0	0	0	0	-2.0700000000000003	0	-0.18	1.3599999999999999	0	-1.67	0	-0.49999999999999994	-26.210000000000008	0.48	-2.25	-2.169999999999999	27	27	32	269	269	15	15	16.78	16.78	192	192	127	213.34	213.34	142.2	1	1	1	0.52	0.53	0.8300000000000001	0	0	0	0	0	0	8	8	7	10.07	10.07	7.0600000000000005	2	2	0.64	0.63	0	1	9.35	41.28	19.22	7.68	40.2	16.7	-1.7800000000000011	-1.7799999999999996	-21.340000000000003	-21.340000000000003	-15.2	0.48	0.47	0.16999999999999998	0	0	0	-2.0700000000000003	-2.07	-0.06000000000000011	1.3599999999999999	1.3699999999999999	-1.67	-1.0800000000000005	-2.52	319	355.53999999999996	-36.540000000000006	2	1.36	0.6399999999999999	15	17.130000000000003	-2.13	56.900000000000006	60.5	-3.6000000000000005
"2026"	"LAC"	2	"2026_02_LV_LAC"	"00-0038544"	"Quentin Johnston"	"WR"	0	5	1	0	64	0	1	0	3.01	0	7	7	0	42.33	5.97	0	0	0	0	0.04	0	0	0	0	0	0	0	0	1	0	0	1.92	0.24	0	0	0	0.16	0	0	0	7.48	0.61	0	1.7	0.7	14	48.3	0	0.04	1	2.16	2.4	8.09	0	-2.01	0	-35.33	1.0300000000000002	0	-0.04	0	0	0	0	0	-0.9199999999999999	-0.24	0	-0.16	0	-5.78	0.08999999999999997	-34.3	-0.04	-1.1600000000000001	-5.6899999999999995	27	27	32	269	269	15	15	16.78	16.78	192	192	127	213.34	213.34	142.2	1	1	1	0.52	0.53	0.8300000000000001	0	0	0	0	0	0	8	8	7	10.07	10.07	7.0600000000000005	2	2	0.64	0.63	0	1	9.35	41.28	19.22	7.68	40.2	16.7	-1.7800000000000011	-1.7799999999999996	-21.340000000000003	-21.340000000000003	-15.2	0.48	0.47	0.16999999999999998	0	0	0	-2.0700000000000003	-2.07	-0.06000000000000011	1.3599999999999999	1.3699999999999999	-1.67	-1.0800000000000005	-2.52	319	355.53999999999996	-36.540000000000006	2	1.36	0.6399999999999999	15	17.130000000000003	-2.13	56.900000000000006	60.5	-3.6000000000000005
"2026"	"LAC"	2	"2026_02_LV_LAC"	"00-0033885"	"David Njoku"	"TE"	0	3	0	0	25	0	1	0	1.8	0	9	0	0	19.05	0	0	0	0	0	0.02	0	0	0	0	0	0	0	0	0	0	0	0.73	0	0	1	0	0.05	0	0	0	3.8	0	0	1.9	0	9	19.05	0	0.02	0	0.73	1.9	3.8	0	-0.8	0	-10.05	0	0	-0.02	0	0	0	0	0	-0.73	0	0	0.95	0	-1.9	0	-10.05	-0.02	-0.73	-1.9	27	27	32	269	269	15	15	16.78	16.78	192	192	127	213.34	213.34	142.2	1	1	1	0.52	0.53	0.8300000000000001	0	0	0	0	0	0	8	8	7	10.07	10.07	7.0600000000000005	2	2	0.64	0.63	0	1	9.35	41.28	19.22	7.68	40.2	16.7	-1.7800000000000011	-1.7799999999999996	-21.340000000000003	-21.340000000000003	-15.2	0.48	0.47	0.16999999999999998	0	0	0	-2.0700000000000003	-2.07	-0.06000000000000011	1.3599999999999999	1.3699999999999999	-1.67	-1.0800000000000005	-2.52	319	355.53999999999996	-36.540000000000006	2	1.36	0.6399999999999999	15	17.130000000000003	-2.13	56.900000000000006	60.5	-3.6000000000000005
"2026"	"LAC"	2	"2026_02_LV_LAC"	"00-0041550"	"Brenen Thompson"	"WR"	0	3	0	0	44	0	1	0	1.55	0	13	0	0	28.93	0	0	0	0	0	0.03	0	0	0	0	0	0	0	0	1	0	0	1.62	0	0	0	0	0.08	0	0	0	4.62	0	0	2.3	0	13	28.93	0	0.03	1	1.62	2.3	4.62	0	-0.55	0	-15.93	0	0	-0.03	0	0	0	0	0	-0.6200000000000001	0	0	-0.08	0	-2.3200000000000003	0	-15.93	-0.03	-0.6200000000000001	-2.3200000000000003	27	27	32	269	269	15	15	16.78	16.78	192	192	127	213.34	213.34	142.2	1	1	1	0.52	0.53	0.8300000000000001	0	0	0	0	0	0	8	8	7	10.07	10.07	7.0600000000000005	2	2	0.64	0.63	0	1	9.35	41.28	19.22	7.68	40.2	16.7	-1.7800000000000011	-1.7799999999999996	-21.340000000000003	-21.340000000000003	-15.2	0.48	0.47	0.16999999999999998	0	0	0	-2.0700000000000003	-2.07	-0.06000000000000011	1.3599999999999999	1.3699999999999999	-1.67	-1.0800000000000005	-2.52	319	355.53999999999996	-36.540000000000006	2	1.36	0.6399999999999999	15	17.130000000000003	-2.13	56.900000000000006	60.5	-3.6000000000000005
"2026"	"LV"	2	"2026_02_LV_LAC"	"00-0029604"	"Kirk Cousins"	"QB"	29	0	4	283	0	19	0	17.71	0	253	0	1	217.35	0	3.84	3	0	0	1.47	0	0	0	0	0	0	0	0	11	0	0	11.04	0	0.33	1	0	0.67	0	0	0	13.25	0	0.41	20.12	0	0.1	254	221.19	3	1.47	11	11.37	20.220000000000002	13.66	1.2899999999999991	0	35.650000000000006	0	-2.84	1.53	0	0	0	0	0	-0.03999999999999915	0	-0.33	0.32999999999999996	0	6.870000000000001	0	-0.30999999999999994	32.81	1.53	-0.3699999999999992	6.560000000000002	29	29	29	283	283	19	19	17.71	17.72	253	253	57	217.35	217.35	99.2	3	3	0	1.47	1.48	1.97	0	0	0	0	0	0	11	11	2	11.04	11.05	6.92	1	1	0.67	0.67	0	0	13.25	48.300000000000004	21.759999999999998	20.12	62.3	5.7	1.2899999999999991	1.2799999999999998	35.650000000000006	35.65	-42.2	1.53	1.52	-1.97	0	0	0	-0.03999999999999915	-0.050000000000000266	-4.92	0.32999999999999996	0.32999999999999996	6.870000000000001	13.999999999999995	-16.06	310	316.55	-6.550000000000004	3	3.45	-0.44999999999999996	13	17.97	-4.970000000000001	68	70.06	-2.060000000000004
"2026"	"LV"	2	"2026_02_LV_LAC"	"00-0039066"	"Michael Mayer"	"TE"	0	4	0	0	18	0	3	0	3.18	0	23	0	0	30.08	0	0	0	0	0	0	0	0	0	0	0	0	0	0	1	0	0	1.32	0	0	0	0	0.04	0	0	0	6.22	0	0	5.3	0	23	30.08	0	0	1	1.32	5.3	6.22	0	-0.18000000000000016	0	-7.079999999999998	0	0	0	0	0	0	0	0	-0.32000000000000006	0	0	-0.04	0	-0.9199999999999999	0	-7.079999999999998	0	-0.32000000000000006	-0.9199999999999999	29	29	29	283	283	19	19	17.71	17.72	253	253	57	217.35	217.35	99.2	3	3	0	1.47	1.48	1.97	0	0	0	0	0	0	11	11	2	11.04	11.05	6.92	1	1	0.67	0.67	0	0	13.25	48.300000000000004	21.759999999999998	20.12	62.3	5.7	1.2899999999999991	1.2799999999999998	35.650000000000006	35.65	-42.2	1.53	1.52	-1.97	0	0	0	-0.03999999999999915	-0.050000000000000266	-4.92	0.32999999999999996	0.32999999999999996	6.870000000000001	13.999999999999995	-16.06	310	316.55	-6.550000000000004	3	3.45	-0.44999999999999996	13	17.97	-4.970000000000001	68	70.06	-2.060000000000004
"2026"	"LV"	2	"2026_02_LV_LAC"	"00-0038563"	"Tre Tucker"	"WR"	0	7	0	0	143	0	5	0	3.55	0	119	0	0	69.92	0	0	1	0	0	0.31	0	0	0	0	0	0	0	0	4	0	0	3.04	0	0	1	0	0.29	0	0	0	12.38	0	0	22.9	0	119	69.92	1	0.31	4	3.04	22.9	12.38	0	1.4500000000000002	0	49.08	0	0	0.69	0	0	0	0	0	0.96	0	0	0.71	0	10.519999999999998	0	49.08	0.69	0.96	10.519999999999998	29	29	29	283	283	19	19	17.71	17.72	253	253	57	217.35	217.35	99.2	3	3	0	1.47	1.48	1.97	0	0	0	0	0	0	11	11	2	11.04	11.05	6.92	1	1	0.67	0.67	0	0	13.25	48.300000000000004	21.759999999999998	20.12	62.3	5.7	1.2899999999999991	1.2799999999999998	35.650000000000006	35.65	-42.2	1.53	1.52	-1.97	0	0	0	-0.03999999999999915	-0.050000000000000266	-4.92	0.32999999999999996	0.32999999999999996	6.870000000000001	13.999999999999995	-16.06	310	316.55	-6.550000000000004	3	3.45	-0.44999999999999996	13	17.97	-4.970000000000001	68	70.06	-2.060000000000004
"2026"	"LV"	2	"2026_02_LV_LAC"	"00-0040122"	"Ashton Jeanty"	"RB"	0	7	21	0	2	0	4	0	5.2	0	15	48	0	41.77	80.12	0	0	0	0	0.03	1.93	0	0	0	0	0	0	0	0	1	0	2.39	5.64	0	0	0	0.08	0	0	0	9.57	19.59	0	5.5	4.8	63	121.89000000000001	0	1.96	1	8.03	10.3	29.16	0	-1.2000000000000002	0	-26.770000000000003	-32.120000000000005	0	-0.03	-1.93	0	0	0	0	-2.39	-4.64	0	-0.08	0	-4.07	-14.79	-58.890000000000015	-1.96	-7.029999999999999	-18.86	29	29	29	283	283	19	19	17.71	17.72	253	253	57	217.35	217.35	99.2	3	3	0	1.47	1.48	1.97	0	0	0	0	0	0	11	11	2	11.04	11.05	6.92	1	1	0.67	0.67	0	0	13.25	48.300000000000004	21.759999999999998	20.12	62.3	5.7	1.2899999999999991	1.2799999999999998	35.650000000000006	35.65	-42.2	1.53	1.52	-1.97	0	0	0	-0.03999999999999915	-0.050000000000000266	-4.92	0.32999999999999996	0.32999999999999996	6.870000000000001	13.999999999999995	-16.06	310	316.55	-6.550000000000004	3	3.45	-0.44999999999999996	13	17.97	-4.970000000000001	68	70.06	-2.060000000000004
"2026"	"LV"	2	"2026_02_LV_LAC"	"00-0040729"	"Jack Bech"	"WR"	0	2	0	0	18	0	2	0	1.37	0	25	0	0	15.66	0	0	0	0	0	0.05	0	0	0	0	0	0	0	0	1	0	0	0.64	0	0	0	0	0.03	0	0	0	3.23	0	0	4.5	0	25	15.66	0	0.05	1	0.64	4.5	3.23	0	0.6299999999999999	0	9.34	0	0	-0.05	0	0	0	0	0	0.36	0	0	-0.03	0	1.27	0	9.34	-0.05	0.36	1.27	29	29	29	283	283	19	19	17.71	17.72	253	253	57	217.35	217.35	99.2	3	3	0	1.47	1.48	1.97	0	0	0	0	0	0	11	11	2	11.04	11.05	6.92	1	1	0.67	0.67	0	0	13.25	48.300000000000004	21.759999999999998	20.12	62.3	5.7	1.2899999999999991	1.2799999999999998	35.650000000000006	35.65	-42.2	1.53	1.52	-1.97	0	0	0	-0.03999999999999915	-0.050000000000000266	-4.92	0.32999999999999996	0.32999999999999996	6.870000000000001	13.999999999999995	-16.06	310	316.55	-6.550000000000004	3	3.45	-0.44999999999999996	13	17.97	-4.970000000000001	68	70.06	-2.060000000000004
"2026"	"LAC"	2	"2026_02_LV_LAC"	"00-0039915"	"Ladd McConkey"	"WR"	0	3	0	0	34	0	3	0	1.9	0	35	0	0	26.75	0	0	0	0	0	0.01	0	0	0	0	0	0	0	0	2	0	0	1.14	0	0	0	0	0.09	0	0	0	4.62	0	0	6.5	0	35	26.75	0	0.01	2	1.14	6.5	4.62	0	1.1	0	8.25	0	0	-0.01	0	0	0	0	0	0.8600000000000001	0	0	-0.09	0	1.88	0	8.25	-0.01	0.8600000000000001	1.88	27	27	32	269	269	15	15	16.78	16.78	192	192	127	213.34	213.34	142.2	1	1	1	0.52	0.53	0.8300000000000001	0	0	0	0	0	0	8	8	7	10.07	10.07	7.0600000000000005	2	2	0.64	0.63	0	1	9.35	41.28	19.22	7.68	40.2	16.7	-1.7800000000000011	-1.7799999999999996	-21.340000000000003	-21.340000000000003	-15.2	0.48	0.47	0.16999999999999998	0	0	0	-2.0700000000000003	-2.07	-0.06000000000000011	1.3599999999999999	1.3699999999999999	-1.67	-1.0800000000000005	-2.52	319	355.53999999999996	-36.540000000000006	2	1.36	0.6399999999999999	15	17.130000000000003	-2.13	56.900000000000006	60.5	-3.6000000000000005
"2026"	"LAC"	2	"2026_02_LV_LAC"	"00-0040666"	"Omarion Hampton"	"RB"	0	2	23	0	-8	0	2	0	1.74	0	21	94	0	12.38	104.89	0	0	1	0	0.01	0.78	0	0	0	0	0	0	0	1	6	0	0.63	5.37	0	0	0	0.01	0	1	0	3.02	15.17	0	4.1	13.4	115	117.27	1	0.79	7	6	17.5	18.19	0	0.26	0	8.62	-10.89	0	-0.01	0.21999999999999997	0	0	0	0	0.37	0.6299999999999999	0	-0.01	0	1.0799999999999996	-1.7699999999999996	-2.269999999999996	0.20999999999999996	1	-0.6900000000000013	27	27	32	269	269	15	15	16.78	16.78	192	192	127	213.34	213.34	142.2	1	1	1	0.52	0.53	0.8300000000000001	0	0	0	0	0	0	8	8	7	10.07	10.07	7.0600000000000005	2	2	0.64	0.63	0	1	9.35	41.28	19.22	7.68	40.2	16.7	-1.7800000000000011	-1.7799999999999996	-21.340000000000003	-21.340000000000003	-15.2	0.48	0.47	0.16999999999999998	0	0	0	-2.0700000000000003	-2.07	-0.06000000000000011	1.3599999999999999	1.3699999999999999	-1.67	-1.0800000000000005	-2.52	319	355.53999999999996	-36.540000000000006	2	1.36	0.6399999999999999	15	17.130000000000003	-2.13	56.900000000000006	60.5	-3.6000000000000005
"2026"	"LAC"	2	"2026_02_LV_LAC"	"00-0038046"	"Charlie Kolar"	"TE"	0	3	0	0	11	0	3	0	2.38	0	21	0	0	20.19	0	0	0	0	0	0.01	0	0	0	0	0	0	0	0	1	0	0	1.21	0	0	0	0	0.02	0	0	0	4.43	0	0	5.1	0	21	20.19	0	0.01	1	1.21	5.1	4.43	0	0.6200000000000001	0	0.8099999999999987	0	0	-0.01	0	0	0	0	0	-0.20999999999999996	0	0	-0.02	0	0.6699999999999999	0	0.8099999999999987	-0.01	-0.20999999999999996	0.6699999999999999	27	27	32	269	269	15	15	16.78	16.78	192	192	127	213.34	213.34	142.2	1	1	1	0.52	0.53	0.8300000000000001	0	0	0	0	0	0	8	8	7	10.07	10.07	7.0600000000000005	2	2	0.64	0.63	0	1	9.35	41.28	19.22	7.68	40.2	16.7	-1.7800000000000011	-1.7799999999999996	-21.340000000000003	-21.340000000000003	-15.2	0.48	0.47	0.16999999999999998	0	0	0	-2.0700000000000003	-2.07	-0.06000000000000011	1.3599999999999999	1.3699999999999999	-1.67	-1.0800000000000005	-2.52	319	355.53999999999996	-36.540000000000006	2	1.36	0.6399999999999999	15	17.130000000000003	-2.13	56.900000000000006	60.5	-3.6000000000000005
"2026"	"LAC"	2	"2026_02_LV_LAC"	"00-0040727"	"Tre Harris"	"WR"	0	3	0	0	56	0	1	0	1.38	0	53	0	0	28.67	0	0	0	0	0	0.02	0	0	0	0	0	0	0	0	1	0	0	1.43	0	0	0	0	0.1	0	0	0	4.4	0	0	6.3	0	53	28.67	0	0.02	1	1.43	6.3	4.4	0	-0.3799999999999999	0	24.33	0	0	-0.02	0	0	0	0	0	-0.42999999999999994	0	0	-0.1	0	1.8999999999999995	0	24.33	-0.02	-0.42999999999999994	1.8999999999999995	27	27	32	269	269	15	15	16.78	16.78	192	192	127	213.34	213.34	142.2	1	1	1	0.52	0.53	0.8300000000000001	0	0	0	0	0	0	8	8	7	10.07	10.07	7.0600000000000005	2	2	0.64	0.63	0	1	9.35	41.28	19.22	7.68	40.2	16.7	-1.7800000000000011	-1.7799999999999996	-21.340000000000003	-21.340000000000003	-15.2	0.48	0.47	0.16999999999999998	0	0	0	-2.0700000000000003	-2.07	-0.06000000000000011	1.3599999999999999	1.3699999999999999	-1.67	-1.0800000000000005	-2.52	319	355.53999999999996	-36.540000000000006	2	1.36	0.6399999999999999	15	17.130000000000003	-2.13	56.900000000000006	60.5	-3.6000000000000005
"2026"	"LV"	2	"2026_02_LV_LAC"	"00-0037291"	"Jalen Nailor"	"WR"	0	3	0	0	27	0	1	0	1.58	0	9	0	0	18.63	0	0	0	0	0	0.3	0	0	0	0	0	0	0	0	1	0	0	1.27	0	0	0	0	0.07	0	0	0	5.24	0	0	1.9	0	9	18.63	0	0.3	1	1.27	1.9	5.24	0	-0.5800000000000001	0	-9.629999999999999	0	0	-0.3	0	0	0	0	0	-0.27	0	0	-0.07	0	-3.3400000000000003	0	-9.629999999999999	-0.3	-0.27	-3.3400000000000003	29	29	29	283	283	19	19	17.71	17.72	253	253	57	217.35	217.35	99.2	3	3	0	1.47	1.48	1.97	0	0	0	0	0	0	11	11	2	11.04	11.05	6.92	1	1	0.67	0.67	0	0	13.25	48.300000000000004	21.759999999999998	20.12	62.3	5.7	1.2899999999999991	1.2799999999999998	35.650000000000006	35.65	-42.2	1.53	1.52	-1.97	0	0	0	-0.03999999999999915	-0.050000000000000266	-4.92	0.32999999999999996	0.32999999999999996	6.870000000000001	13.999999999999995	-16.06	310	316.55	-6.550000000000004	3	3.45	-0.44999999999999996	13	17.97	-4.970000000000001	68	70.06	-2.060000000000004
"2026"	"LAC"	2	"2026_02_LV_LAC"	"00-0040189"	"Oronde Gadsden II"	"TE"	0	2	0	0	18	0	2	0	1.1	0	18	0	0	11.99	0	0	1	0	0	0.39	0	0	0	0	0	0	0	0	1	0	0	0.55	0	0	0	0	0.05	0	0	0	4.64	0	0	9.8	0	18	11.99	1	0.39	1	0.55	9.8	4.64	0	0.8999999999999999	0	6.01	0	0	0.61	0	0	0	0	0	0.44999999999999996	0	0	-0.05	0	5.160000000000001	0	6.01	0.61	0.44999999999999996	5.160000000000001	27	27	32	269	269	15	15	16.78	16.78	192	192	127	213.34	213.34	142.2	1	1	1	0.52	0.53	0.8300000000000001	0	0	0	0	0	0	8	8	7	10.07	10.07	7.0600000000000005	2	2	0.64	0.63	0	1	9.35	41.28	19.22	7.68	40.2	16.7	-1.7800000000000011	-1.7799999999999996	-21.340000000000003	-21.340000000000003	-15.2	0.48	0.47	0.16999999999999998	0	0	0	-2.0700000000000003	-2.07	-0.06000000000000011	1.3599999999999999	1.3699999999999999	-1.67	-1.0800000000000005	-2.52	319	355.53999999999996	-36.540000000000006	2	1.36	0.6399999999999999	15	17.130000000000003	-2.13	56.900000000000006	60.5	-3.6000000000000005
"2026"	"LV"	2	"2026_02_LV_LAC"	"00-0034365"	"Ian Thomas"	"TE"	0	1	0	0	1	0	1	0	0.82	0	11	0	0	5.97	0	0	0	0	0	0	0	0	0	0	0	0	0	0	1	0	0	0.24	0	0	0	0	0.01	0	0	0	1.42	0	0	2.1	0	11	5.97	0	0	1	0.24	2.1	1.42	0	0.18000000000000005	0	5.03	0	0	0	0	0	0	0	0	0.76	0	0	-0.01	0	0.6800000000000002	0	5.03	0	0.76	0.6800000000000002	29	29	29	283	283	19	19	17.71	17.72	253	253	57	217.35	217.35	99.2	3	3	0	1.47	1.48	1.97	0	0	0	0	0	0	11	11	2	11.04	11.05	6.92	1	1	0.67	0.67	0	0	13.25	48.300000000000004	21.759999999999998	20.12	62.3	5.7	1.2899999999999991	1.2799999999999998	35.650000000000006	35.65	-42.2	1.53	1.52	-1.97	0	0	0	-0.03999999999999915	-0.050000000000000266	-4.92	0.32999999999999996	0.32999999999999996	6.870000000000001	13.999999999999995	-16.06	310	316.55	-6.550000000000004	3	3.45	-0.44999999999999996	13	17.97	-4.970000000000001	68	70.06	-2.060000000000004
"2026"	"LV"	2	"2026_02_LV_LAC"	"00-0037093"	"Dareke Young"	"WR"	0	1	0	0	13	0	1	0	0.52	0	27	0	0	8.66	0	0	0	0	0	0.01	0	0	0	0	0	0	0	0	1	0	0	0.59	0	0	0	0	0.03	0	0	0	1.45	0	0	3.7	0	27	8.66	0	0.01	1	0.59	3.7	1.45	0	0.48	0	18.34	0	0	-0.01	0	0	0	0	0	0.41000000000000003	0	0	-0.03	0	2.25	0	18.34	-0.01	0.41000000000000003	2.25	29	29	29	283	283	19	19	17.71	17.72	253	253	57	217.35	217.35	99.2	3	3	0	1.47	1.48	1.97	0	0	0	0	0	0	11	11	2	11.04	11.05	6.92	1	1	0.67	0.67	0	0	13.25	48.300000000000004	21.759999999999998	20.12	62.3	5.7	1.2899999999999991	1.2799999999999998	35.650000000000006	35.65	-42.2	1.53	1.52	-1.97	0	0	0	-0.03999999999999915	-0.050000000000000266	-4.92	0.32999999999999996	0.32999999999999996	6.870000000000001	13.999999999999995	-16.06	310	316.55	-6.550000000000004	3	3.45	-0.44999999999999996	13	17.97	-4.970000000000001	68	70.06	-2.060000000000004
"2026"	"LV"	2	"2026_02_LV_LAC"	"00-0035891"	"Cody White"	"WR"	0	2	0	0	24	0	2	0	0.7	0	24	0	0	8.2	0	0	2	0	0	0.7	0	0	0	0	0	0	0	0	2	0	0	0.8	0	0	0	0	0.06	0	0	0	5.69	0	0	16.4	0	24	8.2	2	0.7	2	0.8	16.4	5.69	0	1.3	0	15.8	0	0	1.3	0	0	0	0	0	1.2	0	0	-0.06	0	10.709999999999997	0	15.8	1.3	1.2	10.709999999999997	29	29	29	283	283	19	19	17.71	17.72	253	253	57	217.35	217.35	99.2	3	3	0	1.47	1.48	1.97	0	0	0	0	0	0	11	11	2	11.04	11.05	6.92	1	1	0.67	0.67	0	0	13.25	48.300000000000004	21.759999999999998	20.12	62.3	5.7	1.2899999999999991	1.2799999999999998	35.650000000000006	35.65	-42.2	1.53	1.52	-1.97	0	0	0	-0.03999999999999915	-0.050000000000000266	-4.92	0.32999999999999996	0.32999999999999996	6.870000000000001	13.999999999999995	-16.06	310	316.55	-6.550000000000004	3	3.45	-0.44999999999999996	13	17.97	-4.970000000000001	68	70.06	-2.060000000000004
"2026"	"LV"	2	"2026_02_LV_LAC"	"00-0040878"	"Mike Washington Jr."	"RB"	0	1	3	0	10	0	0	0	0.42	0	0	7	0	6.75	12.18	0	0	0	0	0.01	0.04	0	0	0	0	0	0	0	0	0	0	0.34	0.29	0	0	0	0.02	0	0	0	1.14	1.44	0	0	0.7	7	18.93	0	0.05	0	0.63	0.7	2.58	0	-0.42	0	-6.75	-5.18	0	-0.01	-0.04	0	0	0	0	-0.34	-0.29	0	-0.02	0	-1.14	-0.74	-11.93	-0.05	-0.63	-1.8800000000000001	29	29	29	283	283	19	19	17.71	17.72	253	253	57	217.35	217.35	99.2	3	3	0	1.47	1.48	1.97	0	0	0	0	0	0	11	11	2	11.04	11.05	6.92	1	1	0.67	0.67	0	0	13.25	48.300000000000004	21.759999999999998	20.12	62.3	5.7	1.2899999999999991	1.2799999999999998	35.650000000000006	35.65	-42.2	1.53	1.52	-1.97	0	0	0	-0.03999999999999915	-0.050000000000000266	-4.92	0.32999999999999996	0.32999999999999996	6.870000000000001	13.999999999999995	-16.06	310	316.55	-6.550000000000004	3	3.45	-0.44999999999999996	13	17.97	-4.970000000000001	68	70.06	-2.060000000000004
"2026"	"LV"	2	"2026_02_LV_LAC"	"00-0040894"	"Malik Benson"	"WR"	0	1	0	0	27	0	0	0	0.38	0	0	0	0	11.71	0	0	0	0	0	0.07	0	0	0	0	0	0	0	0	0	0	0	0.42	0	0	0	0	0.04	0	0	0	1.96	0	0	0	0	0	11.71	0	0.07	0	0.42	0	1.96	0	-0.38	0	-11.71	0	0	-0.07	0	0	0	0	0	-0.42	0	0	-0.04	0	-1.96	0	-11.71	-0.07	-0.42	-1.96	29	29	29	283	283	19	19	17.71	17.72	253	253	57	217.35	217.35	99.2	3	3	0	1.47	1.48	1.97	0	0	0	0	0	0	11	11	2	11.04	11.05	6.92	1	1	0.67	0.67	0	0	13.25	48.300000000000004	21.759999999999998	20.12	62.3	5.7	1.2899999999999991	1.2799999999999998	35.650000000000006	35.65	-42.2	1.53	1.52	-1.97	0	0	0	-0.03999999999999915	-0.050000000000000266	-4.92	0.32999999999999996	0.32999999999999996	6.870000000000001	13.999999999999995	-16.06	310	316.55	-6.550000000000004	3	3.45	-0.44999999999999996	13	17.97	-4.970000000000001	68	70.06	-2.060000000000004
"2026"	"LAC"	2	"2026_02_LV_LAC"	"00-0038454"	"Keaton Mitchell"	"RB"	0	1	5	0	3	0	1	0	0.83	0	15	24	0	7.1	24.47	0	0	0	0	0	0.05	0	0	0	0	0	0	0	0	1	0	0.03	1.27	0	0	0	0.01	0	0	0	1.56	2.74	0	2.5	2.4	39	31.57	0	0.05	1	1.3	4.9	4.300000000000001	0	0.17000000000000004	0	7.9	-0.46999999999999886	0	0	-0.05	0	0	0	0	-0.03	-0.27	0	-0.01	0	0.94	-0.3400000000000003	7.43	-0.05	-0.30000000000000004	0.5999999999999996	27	27	32	269	269	15	15	16.78	16.78	192	192	127	213.34	213.34	142.2	1	1	1	0.52	0.53	0.8300000000000001	0	0	0	0	0	0	8	8	7	10.07	10.07	7.0600000000000005	2	2	0.64	0.63	0	1	9.35	41.28	19.22	7.68	40.2	16.7	-1.7800000000000011	-1.7799999999999996	-21.340000000000003	-21.340000000000003	-15.2	0.48	0.47	0.16999999999999998	0	0	0	-2.0700000000000003	-2.07	-0.06000000000000011	1.3599999999999999	1.3699999999999999	-1.67	-1.0800000000000005	-2.52	319	355.53999999999996	-36.540000000000006	2	1.36	0.6399999999999999	15	17.130000000000003	-2.13	56.900000000000006	60.5	-3.6000000000000005
"2026"	"LAC"	2	"2026_02_LV_LAC"	"00-0038573"	"Derius Davis"	"WR"	0	1	0	0	14	0	0	0	0.58	0	0	0	0	9.87	0	0	0	0	0	0	0	0	0	0	0	0	0	0	0	0	0	0.6	0	0	1	0	0.03	0	0	0	1.58	0	0	0	0	0	9.87	0	0	0	0.6	0	1.58	0	-0.58	0	-9.87	0	0	0	0	0	0	0	0	-0.6	0	0	0.97	0	-1.58	0	-9.87	0	-0.6	-1.58	27	27	32	269	269	15	15	16.78	16.78	192	192	127	213.34	213.34	142.2	1	1	1	0.52	0.53	0.8300000000000001	0	0	0	0	0	0	8	8	7	10.07	10.07	7.0600000000000005	2	2	0.64	0.63	0	1	9.35	41.28	19.22	7.68	40.2	16.7	-1.7800000000000011	-1.7799999999999996	-21.340000000000003	-21.340000000000003	-15.2	0.48	0.47	0.16999999999999998	0	0	0	-2.0700000000000003	-2.07	-0.06000000000000011	1.3599999999999999	1.3699999999999999	-1.67	-1.0800000000000005	-2.52	319	355.53999999999996	-36.540000000000006	2	1.36	0.6399999999999999	15	17.130000000000003	-2.13	56.900000000000006	60.5	-3.6000000000000005
"2026"	"MIN"	2	"2026_02_MIN_CHI"	"00-0036322"	"Justin Jefferson"	"WR"	0	6	0	0	91	0	3	0	3.24	0	55	0	0	53.06	0	0	0	0	0	0.39	0	0	0	0	0	0	0	0	2	0	0	1.71	0	0	0	0	0.22	0	0	0	10.92	0	0	8.5	0	55	53.06	0	0.39	2	1.71	8.5	10.92	0	-0.2400000000000002	0	1.9399999999999977	0	0	-0.39	0	0	0	0	0	0.29000000000000004	0	0	-0.22	0	-2.42	0	1.9399999999999977	-0.39	0.29000000000000004	-2.42	20	20	28	157	157	11	11	13.66	13.66	143	143	119	157.38	157.39	113.87	0	0	0	0.55	0.54	0.11000000000000001	0	0	0	0	0	0	6	6	4	6.71	6.720000000000001	5.5	0	0	0.41	0.42	0	0	7.68	32.69	12.06	5.72	25.3	11.9	-2.66	-2.66	-14.379999999999995	-14.39	5.1299999999999955	-0.55	-0.54	-0.11000000000000001	0	0	0	-0.71	-0.7200000000000002	-1.4999999999999996	-0.41	-0.42	-1.96	-7.390000000000001	-0.16000000000000036	262	271.26	-9.260000000000005	0	0.65	-0.65	10	12.22	-2.2199999999999998	37.2	44.75	-7.550000000000001
"2026"	"BAL"	2	"2026_02_NO_BAL"	"00-0032764"	"Derrick Henry"	"RB"	0	3	16	0	-13	0	3	0	2.42	0	19	68	0	15.03	68.35	0	0	1	0	0.04	1.04	0	0	0	0	0	0	0	1	5	0	0.35	5.09	0	0	0	0.03	0	0	0	4.15	13.09	0	4.9	12.8	87	83.38	1	1.08	6	5.4399999999999995	17.700000000000003	17.240000000000002	0	0.5800000000000001	0	3.9700000000000006	-0.3499999999999943	0	-0.04	-0.040000000000000036	0	0	0	0	0.65	-0.08999999999999986	0	-0.03	0	0.75	-0.28999999999999915	3.6200000000000045	-0.08000000000000007	0.5600000000000005	0.46000000000000085	31	31	22	321	321	21	21	19.97	19.98	235	235	108	266.36	266.36	108.53	1	1	1	0.85	0.87	1.1	0	0	0	0	0	0	11	11	8	12.39	12.379999999999999	7.57	1	1	0.83	0.84	0	0	12.38	51.67	17.42	11.4	50.5	16.8	1.0300000000000011	1.0199999999999991	-31.360000000000014	-31.35999999999999	-0.529999999999994	0.15000000000000002	0.13000000000000003	-0.10000000000000003	0	0	0	-1.3900000000000006	-1.38	0.43000000000000016	0.17000000000000004	0.16	-0.9800000000000004	-1.1699999999999984	-0.6199999999999993	343	374.89	-31.889999999999983	2	1.9700000000000002	0.03	19	19.95	-0.9499999999999997	67.3	69.09	-1.7899999999999978
"2026"	"NO"	2	"2026_02_NO_BAL"	"00-0036973"	"Travis Etienne"	"RB"	0	2	8	0	-7	0	2	0	1.7	0	6	25	0	10.19	35.59	0	0	0	0	0.03	0.02	0	0	1	0	0	0.38	0	0	1	0	0.6	1.44	0	0	0	0.01	0	0	0	2.89	4.5	0	2.6	4.5	31	45.78	0	0.05	1	2.04	7.1	7.390000000000001	0	0.30000000000000004	0	-4.1899999999999995	-10.590000000000003	0	-0.03	-0.02	0	0	0.62	0	-0.6	-0.43999999999999995	0	-0.01	0	-0.29000000000000004	0	-14.780000000000001	-0.05	-1.04	-0.2900000000000009	34	34	27	213	213	27	27	23.64	23.64	252	252	65	240.12	240.13	102.53	1	1	1	1.36	1.35	1.1800000000000002	0	0	1	0	0	0.38	11	11	6	12.14	12.14	7.03	0	0	0.74	0.74	0	0	13.57	55.81	18.16	14.08	58.2	14.5	3.3599999999999994	3.36	11.879999999999995	11.869999999999997	-37.53	-0.3600000000000001	-0.35	-0.18000000000000008	0	0	0.62	-1.1400000000000006	-1.1400000000000006	-1.0300000000000002	-0.74	-0.74	0.5099999999999998	2.3900000000000032	-3.6599999999999993	317	342.65999999999997	-25.660000000000004	2	2.5300000000000002	-0.53	17	19.17	-2.170000000000001	72.7	73.97	-1.269999999999996
"2026"	"PHI"	2	"2026_02_PHI_TEN"	"00-0040867"	"Makai Lemon"	"WR"	0	1	1	0	13	0	1	0	0.62	0	14	-5	0	10.84	5.95	0	0	0	0	0.02	0.01	0	0	0	0	0	0	0	1	0	0	0.63	0.32	0	0	0	0.04	0	0	0	1.85	0.65	0	2.4	-0.5	9	16.79	0	0.03	1	0.95	1.9	2.5	0	0.38	0	3.16	-10.95	0	-0.02	-0.01	0	0	0	0	0.37	-0.32	0	-0.04	0	0.5499999999999998	-1.15	-7.789999999999999	-0.03	0.050000000000000044	-0.6000000000000001	37	37	32	292	292	26	26	23.19	23.2	264	264	89	253.97	253.96	152.5	2	2	1	2.13	2.12	0.92	0	0	0	0	0	0	16	16	5	12.56	12.56	8.4	2	2	0.94	0.9400000000000001	0	0	16.79	61.35	20.77	14.56	64.4	14.9	2.8099999999999987	2.8000000000000003	10.030000000000001	10.039999999999996	-63.5	-0.1299999999999999	-0.11999999999999993	0.07999999999999999	0	0	0	3.4399999999999995	3.4400000000000004	-3.4	1.06	1.06	-2.2299999999999986	3.0499999999999985	-5.869999999999999	353	406.46000000000004	-53.46000000000001	3	3.04	-0.03999999999999994	21	20.96	0.04000000000000048	79.30000000000001	82.12	-2.8200000000000007
"2026"	"NE"	2	"2026_02_PIT_NE"	"00-0033090"	"Hunter Henry"	"TE"	0	5	0	0	57	0	3	0	3.39	0	40	0	0	49.72	0	0	0	0	0	0.2	0	0	0	0	0	0	0	0	1	0	0	1.76	0	0	1	0	0.1	0	0	0	9.53	0	0	7	0	40	49.72	0	0.2	1	1.76	7	9.53	0	-0.3900000000000001	0	-9.719999999999999	0	0	-0.2	0	0	0	0	0	-0.76	0	0	0.9	0	-2.5299999999999994	0	-9.719999999999999	-0.2	-0.76	-2.5299999999999994	22	22	28	196	196	14	14	14.85	14.87	208	208	136	176.57	176.56	117.51	0	0	1	0.42	0.43000000000000005	0.16	0	0	0	0	0	0	6	6	7	7.43	7.42	7.08	1	1	0.42	0.43	1	0	7.89	35.03	12.700000000000001	6.32	32.8	19.599999999999998	-0.8499999999999996	-0.87	31.430000000000007	31.439999999999998	18.490000000000002	-0.42	-0.43000000000000005	0.84	0	0	0	-1.4299999999999997	-1.4199999999999997	-0.08000000000000035	0.5800000000000001	0.5700000000000001	-1.5699999999999994	-2.230000000000001	6.8999999999999995	344	294.07	49.93	1	0.5900000000000001	0.4099999999999999	13	14.5	-1.5	52.39999999999999	47.730000000000004	4.669999999999998
"2026"	"ARI"	2	"2026_02_SEA_ARI"	"00-0037744"	"Trey McBride"	"TE"	0	10	0	0	36	0	8	0	7.05	0	41	0	0	51.42	0	0	1	0	0	0.94	0	0	0	0	0	0	0	0	3	0	0	3.53	0	0	0	0	0.19	0	0	0	17.81	0	0	18.1	0	41	51.42	1	0.94	3	3.53	18.1	17.81	0	0.9500000000000002	0	-10.420000000000002	0	0	0.06000000000000005	0	0	0	0	0	-0.5299999999999998	0	0	-0.19	0	0.2900000000000027	0	-10.420000000000002	0.06000000000000005	-0.5299999999999998	0.2900000000000027	28	28	17	109	109	17	17	19.35	19.35	95	95	70	160.58	160.59	70.39	1	1	0	1	1.01	0.36	0	0	0	0	0	0	4	4	4	9.65	9.64	5.54	1	1	0.6	0.59	0	0	9.23	41.4	9.23	5.8	32.5	7	-2.3500000000000014	-2.3499999999999996	-65.58000000000001	-65.59	-0.39000000000000057	0	-0.009999999999999946	-0.36	0	0	0	-5.65	-5.64	-1.54	0.4	0.41	-3.4300000000000006	-8.899999999999997	-2.23	165	230.98000000000002	-65.98	1	1.37	-0.36999999999999994	8	15.18	-7.18	39.5	50.629999999999995	-11.129999999999997
"2026"	"SEA"	2	"2026_02_SEA_ARI"	"00-0038543"	"Jaxon Smith-Njigba"	"WR"	0	11	0	0	121	0	9	0	6.46	0	155	0	0	84.82	0	0	3	0	0	1.08	0	0	0	0	0	0	0	0	8	0	0	5.31	0	0	0	0	0.34	0	0	0	21.44	0	0	42.5	0	155	84.82	3	1.08	8	5.31	42.5	21.44	0	2.54	0	70.18	0	0	1.92	0	0	0	0	0	2.6900000000000004	0	0	-0.34	0	21.06	0	70.18	1.92	2.6900000000000004	21.06	26	26	40	227	227	19	19	16.81	16.81	235	235	162	197.25	197.23999999999998	140.79	3	3	1	1.63	1.62	4.32	0	0	0	0	0	0	12	12	9	10.24	10.24	9.79	0	0	0.7	0.71	0	1	13.01	46.31	39.980000000000004	21.4	60.5	20.2	2.1900000000000013	2.1900000000000004	37.75	37.760000000000005	21.210000000000004	1.37	1.38	-3.32	0	0	0	1.7599999999999998	1.7600000000000002	-0.7899999999999996	-0.7	-0.71	8.389999999999999	14.189999999999998	-19.78	397	338.03	58.97000000000001	4	5.94	-1.94	21	20.03	0.9700000000000006	80.7	86.29	-5.590000000000003
"2026"	"ARI"	2	"2026_02_SEA_ARI"	"00-0041027"	"Jeremiyah Love"	"RB"	0	3	9	0	0	0	3	0	2.41	0	16	29	0	17.21	35.53	0	0	0	0	0.01	0.1	0	0	0	0	0	0	0	0	1	0	0.7	2.73	0	0	0	0.02	0	0	0	4.18	4.17	0	4.6	2.9	45	52.74	0	0.11	1	3.4299999999999997	7.5	8.35	0	0.5899999999999999	0	-1.2100000000000009	-6.530000000000001	0	-0.01	-0.1	0	0	0	0	-0.7	-1.73	0	-0.02	0	0.41999999999999993	-1.27	-7.740000000000002	-0.11	-2.4299999999999997	-0.8499999999999996	28	28	17	109	109	17	17	19.35	19.35	95	95	70	160.58	160.59	70.39	1	1	0	1	1.01	0.36	0	0	0	0	0	0	4	4	4	9.65	9.64	5.54	1	1	0.6	0.59	0	0	9.23	41.4	9.23	5.8	32.5	7	-2.3500000000000014	-2.3499999999999996	-65.58000000000001	-65.59	-0.39000000000000057	0	-0.009999999999999946	-0.36	0	0	0	-5.65	-5.64	-1.54	0.4	0.41	-3.4300000000000006	-8.899999999999997	-2.23	165	230.98000000000002	-65.98	1	1.37	-0.36999999999999994	8	15.18	-7.18	39.5	50.629999999999995	-11.129999999999997
"2026"	"ARI"	3	"2026_03_ARI_SF"	"00-0037744"	"Trey McBride"	"TE"	0	11	0	0	57	0	9	0	7.88	0	75	0	0	71.08	0	0	0	0	0	0.61	0	0	0	0	0	0	0	0	3	0	0	4.27	0	0	0	0	0.18	0	0	0	18.66	0	0	16.5	0	75	71.08	0	0.61	3	4.27	16.5	18.66	0	1.12	0	3.9200000000000017	0	0	-0.61	0	0	0	0	0	-1.2699999999999996	0	0	-0.18	0	-2.16	0	3.9200000000000017	-0.61	-1.2699999999999996	-2.16	52	52	27	318	318	38	38	35.13	35.13	280	280	93	334.08	334.08	101.56	2	2	1	3.31	3.3000000000000003	1.7	0	0	0	0	0	0	18	18	6	20.35	20.35	8.82	0	0	0.95	0.96	0	0	24.69	88.38000000000001	20.35	19.2	78	15.3	2.8699999999999974	2.869999999999999	-54.079999999999984	-54.07999999999999	-8.559999999999999	-1.31	-1.3	-0.7000000000000001	0	0	0	-2.3500000000000014	-2.35	-2.8200000000000003	-0.95	-0.96	-5.490000000000002	-10.380000000000004	-5.05	373	435.64	-62.639999999999986	3	5	-2	24	29.17	-5.17	93.3	108.73000000000002	-15.430000000000003
"2026"	"ARI"	3	"2026_03_ARI_SF"	"00-0041027"	"Jeremiyah Love"	"RB"	0	5	21	0	9	0	5	0	3.74	0	19	90	0	25.14	88.97	0	1	0	0	0.65	0.37	0	0	0	0	0	0	0	2	3	0	1.83	5.48	0	0	0	0.05	0	0	0	10.14	11.12	0	12.9	9	109	114.11	1	1.02	5	7.3100000000000005	21.9	21.259999999999998	0	1.2599999999999998	0	-6.140000000000001	1.0300000000000011	0	0.35	-0.37	0	0	0	0	0.16999999999999993	-2.4800000000000004	0	-0.05	0	2.76	-2.119999999999999	-5.109999999999999	-0.020000000000000018	-2.3100000000000005	0.6400000000000006	52	52	27	318	318	38	38	35.13	35.13	280	280	93	334.08	334.08	101.56	2	2	1	3.31	3.3000000000000003	1.7	0	0	0	0	0	0	18	18	6	20.35	20.35	8.82	0	0	0.95	0.96	0	0	24.69	88.38000000000001	20.35	19.2	78	15.3	2.8699999999999974	2.869999999999999	-54.079999999999984	-54.07999999999999	-8.559999999999999	-1.31	-1.3	-0.7000000000000001	0	0	0	-2.3500000000000014	-2.35	-2.8200000000000003	-0.95	-0.96	-5.490000000000002	-10.380000000000004	-5.05	373	435.64	-62.639999999999986	3	5	-2	24	29.17	-5.17	93.3	108.73000000000002	-15.430000000000003
"2026"	"ATL"	3	"2026_03_ATL_GB"	"00-0038542"	"Bijan Robinson"	"RB"	0	2	29	0	-10	0	2	0	1.71	0	19	194	0	9.57	109.5	0	0	2	0	0.02	2.09	0	0	0	0	0	0	0	1	11	0	0.57	6.93	0	0	0	0.01	0	0	0	2.77	23.47	0	3.9	31.4	213	119.07	2	2.11	12	7.5	35.3	26.24	0	0.29000000000000004	0	9.43	84.5	0	-0.02	-0.08999999999999986	0	0	0	0	0.43000000000000005	4.07	0	-0.01	0	1.13	7.93	93.93	-0.10999999999999988	4.5	9.059999999999999	25	25	41	149	149	18	18	17.98	17.990000000000002	256	256	242	187.6	187.6	152.84	1	1	3	0.69	0.69	2.23	1	1	0	0.59	0.59	0	8	8	15	8.85	8.860000000000001	9.52	1	1	0.4	0.4	0	0	10.64	42.07	28.669999999999998	14.24	51.6	42.199999999999996	0.019999999999999574	0.009999999999999565	68.4	68.39999999999999	89.16	0.31000000000000005	0.31	0.7700000000000001	0.41000000000000003	0.41000000000000003	0	-0.8499999999999996	-0.8600000000000003	5.48	0.6	0.6	3.5999999999999996	9.529999999999998	13.53	498	340.44	157.56	4	2.92	1.08	23	18.380000000000003	4.62	93.8	70.74	23.059999999999995
"2026"	"GB"	3	"2026_03_ATL_GB"	"00-0036264"	"Jordan Love"	"QB"	53	0	1	392	0	28	0	33.71	0	312	0	0	343.28	0	0	2	0	0	2.43	0	0	0	0	0	0	0	0	15	0	0	19.16	0	0	1	0	1.45	0	0	0	20.56	0	0	18.48	0	0	312	343.28	2	2.43	15	19.16	18.48	20.56	-5.710000000000001	0	-31.279999999999973	0	0	-0.43000000000000016	0	0	0	0	0	-4.16	0	0	-0.44999999999999996	0	-2.0799999999999983	0	0	-31.279999999999973	-0.43000000000000016	-4.16	-2.0799999999999983	53	53	9	392	392	28	28	33.71	33.72	312	312	17	343.28	343.28999999999996	32.9	2	2	0	2.43	2.43	0.3	0	0	0	0	0	0	15	15	1	19.16	19.16	1.51	1	1	1.45	1.46	0	0	20.56	82.64999999999999	5.1	18.48	71.2	1.7000000000000002	-5.710000000000001	-5.720000000000001	-31.279999999999973	-31.28999999999999	-15.9	-0.43000000000000016	-0.42999999999999994	-0.3	0	0	0	-4.16	-4.16	-0.51	-0.44999999999999996	-0.46	-2.0799999999999983	-11.449999999999996	-3.4	329	376.18999999999994	-47.18999999999999	2	2.73	-0.73	16	20.67	-4.67	72.9	87.74999999999999	-14.849999999999996
"2026"	"ATL"	3	"2026_03_ATL_GB"	"00-0036970"	"Kyle Pitts"	"TE"	0	2	0	0	8	0	1	0	1.59	0	5	0	0	13.75	0	0	0	0	0	0	0	0	0	0	0	0	0	0	0	0	0	0.44	0	0	0	0	0.02	0	0	0	2.99	0	0	1.5	0	5	13.75	0	0	0	0.44	1.5	2.99	0	-0.5900000000000001	0	-8.75	0	0	0	0	0	0	0	0	-0.44	0	0	-0.02	0	-1.4900000000000002	0	-8.75	0	-0.44	-1.4900000000000002	25	25	41	149	149	18	18	17.98	17.990000000000002	256	256	242	187.6	187.6	152.84	1	1	3	0.69	0.69	2.23	1	1	0	0.59	0.59	0	8	8	15	8.85	8.860000000000001	9.52	1	1	0.4	0.4	0	0	10.64	42.07	28.669999999999998	14.24	51.6	42.199999999999996	0.019999999999999574	0.009999999999999565	68.4	68.39999999999999	89.16	0.31000000000000005	0.31	0.7700000000000001	0.41000000000000003	0.41000000000000003	0	-0.8499999999999996	-0.8600000000000003	5.48	0.6	0.6	3.5999999999999996	9.529999999999998	13.53	498	340.44	157.56	4	2.92	1.08	23	18.380000000000003	4.62	93.8	70.74	23.059999999999995
"2026"	"BAL"	3	"2026_03_BAL_DAL"	"00-0032764"	"Derrick Henry"	"RB"	0	1	26	0	-5	0	1	0	0.66	0	0	89	0	3.42	99.34	0	0	2	0	0	2.21	0	0	0	0	0	0	0	0	4	0	0.12	6.92	0	0	0	0.01	0	0	0	1.02	23.21	0	1	20.9	89	102.76	2	2.21	4	7.04	21.9	24.23	0	0.33999999999999997	0	-3.42	-10.340000000000003	0	0	-0.20999999999999996	0	0	0	0	-0.12	-2.92	0	-0.01	0	-0.020000000000000018	-2.3100000000000023	-13.760000000000005	-0.20999999999999996	-3.04	-2.330000000000002	20	20	38	181	181	15	15	13.55	13.55	186	186	192	149.66	149.66	166.09	2	2	2	2.07	2.07	3.1	0	0	0	0	0	0	11	11	9	8.54	8.55	10.81	0	0	0.46	0.45	0	0	13.36	40.94	35.22	15.44	45.6	31.2	1.4499999999999993	1.45	36.34	36.34	25.909999999999997	-0.06999999999999984	-0.06999999999999999	-1.1	0	0	0	2.460000000000001	2.45	-1.81	-0.46	-0.45	2.08	4.660000000000002	-4.020000000000003	378	315.75	62.25	4	5.17	-1.1700000000000002	20	19.36	0.6400000000000001	76.8	76.16	0.6399999999999988
"2026"	"CIN"	3	"2026_03_CIN_PIT"	"00-0036442"	"Joe Burrow"	"QB"	37	0	2	259	0	28	0	24.86	0	282	0	13	256.62	0	12.1	3	0	0	1.28	0	0.01	0	0	0	0	0	0	14	0	1	14.02	0	1.41	0	0	0.77	0	0	0	13.82	0	1.29	23.28	0	1.3	295	268.72	3	1.29	15	15.43	24.580000000000002	15.11	3.1400000000000006	0	25.379999999999995	0	0.9000000000000004	1.72	0	-0.01	0	0	0	-0.019999999999999574	0	-0.4099999999999999	-0.77	0	9.46	0	0.010000000000000009	26.279999999999973	1.71	-0.4299999999999997	9.470000000000002	37	37	18	259	259	28	28	24.86	24.869999999999997	282	282	83	256.62	256.63	80.29	3	3	0	1.28	1.28	0.21000000000000002	0	0	0	0	0	0	14	14	5	14.02	14.02	5.17	0	0	0.77	0.78	0	0	13.82	58.18	9.3	23.28	74.2	8.299999999999999	3.1400000000000006	3.1300000000000012	25.379999999999995	25.37	2.7099999999999973	1.72	1.72	-0.21000000000000002	0	0	0	-0.019999999999999574	-0.019999999999999435	-0.16999999999999993	-0.77	-0.78	9.46	16.02	-1.0000000000000002	365	336.92	28.08	3	1.49	1.51	19	19.189999999999998	-0.18999999999999936	82.5	67.48	15.02
"2026"	"CIN"	3	"2026_03_CIN_PIT"	"00-0036900"	"Ja'Marr Chase"	"WR"	0	12	0	0	99	0	9	0	8.04	0	98	0	0	90.08	0	0	1	0	0	0.61	0	0	0	0	0	0	0	0	6	0	0	4.97	0	0	0	0	0.25	0	0	0	20.69	0	0	24.8	0	98	90.08	1	0.61	6	4.97	24.8	20.69	0	0.9600000000000009	0	7.920000000000002	0	0	0.39	0	0	0	0	0	1.0300000000000002	0	0	-0.25	0	4.109999999999999	0	7.920000000000002	0.39	1.0300000000000002	4.109999999999999	37	37	18	259	259	28	28	24.86	24.869999999999997	282	282	83	256.62	256.63	80.29	3	3	0	1.28	1.28	0.21000000000000002	0	0	0	0	0	0	14	14	5	14.02	14.02	5.17	0	0	0.77	0.78	0	0	13.82	58.18	9.3	23.28	74.2	8.299999999999999	3.1400000000000006	3.1300000000000012	25.379999999999995	25.37	2.7099999999999973	1.72	1.72	-0.21000000000000002	0	0	0	-0.019999999999999574	-0.019999999999999435	-0.16999999999999993	-0.77	-0.78	9.46	16.02	-1.0000000000000002	365	336.92	28.08	3	1.49	1.51	19	19.189999999999998	-0.18999999999999936	82.5	67.48	15.02
"2026"	"HOU"	3	"2026_03_HOU_IND"	"00-0039163"	"C.J. Stroud"	"QB"	27	0	2	335	0	16	0	16.11	0	167	0	10	210.36	0	10.64	1	0	0	1.49	0	0.01	0	0	0	0	0	0	8	0	2	10.22	0	1.43	0	0	0.84	0	0	0	12.68	0	1.1	10.68	0	1	177	221	1	1.5	10	11.65	11.68	13.78	-0.10999999999999943	0	-43.360000000000014	0	-0.6400000000000006	-0.49	0	-0.01	0	0	0	-2.2200000000000006	0	0.5700000000000001	-0.84	0	-2	0	-0.10000000000000009	-44	-0.5	-1.6500000000000004	-2.0999999999999996	27	27	21	335	335	16	16	16.11	16.12	167	167	70	210.36	210.38	91.12	1	1	1	1.49	1.49	0.73	0	0	0	0	0	0	8	8	7	10.22	10.22	6.38	0	0	0.84	0.85	0	0	12.68	46.07	13.450000000000001	10.68	38.699999999999996	13	-0.10999999999999943	-0.11999999999999977	-43.360000000000014	-43.38	-21.12	-0.49	-0.49	0.26999999999999996	0	0	0	-2.2200000000000006	-2.2199999999999998	0.6200000000000002	-0.84	-0.85	-2	-7.37	-0.4500000000000004	237	301.5	-64.5	2	2.2199999999999998	-0.22000000000000003	15	16.6	-1.5999999999999996	51.699999999999996	59.52	-7.82
"2026"	"IND"	3	"2026_03_HOU_IND"	"00-0030279"	"Keenan Allen"	"WR"	0	9	0	0	71	0	6	0	6.01	0	63	0	0	64.5	0	0	1	0	0	0.6	0	0	0	0	0	0	0	0	3	0	0	3.87	0	0	0	0	0.21	0	0	0	16.09	0	0	18.3	0	63	64.5	1	0.6	3	3.87	18.3	16.09	0	-0.009999999999999787	0	-1.5	0	0	0.4	0	0	0	0	0	-0.8700000000000001	0	0	-0.21	0	2.210000000000001	0	-1.5	0.4	-0.8700000000000001	2.210000000000001	36	36	31	281	281	24	24	24.5	24.49	235	235	89	277.61	277.61	130.14	1	1	0	1.71	1.7	0.45	0	0	0	0	0	0	11	11	8	14.1	14.110000000000001	11.75	1	1	0.76	0.77	0	0	16.44	62.55	15.74	11.4	53.5	8.9	-0.5	-0.4899999999999999	-42.610000000000014	-42.61000000000001	-41.13999999999999	-0.71	-0.7000000000000001	-0.45	0	0	0	-3.0999999999999996	-3.1100000000000003	-3.75	0.24	0.22999999999999993	-5.040000000000001	-9.049999999999999	-6.84	324	407.75	-83.75	1	2.15	-1.1500000000000001	19	25.86	-6.86	62.4	78.28999999999999	-15.889999999999999
"2026"	"BUF"	3	"2026_03_LAC_BUF"	"00-0034857"	"Josh Allen"	"QB"	26	1	8	266	-8	16	1	17.01	0.88	204	1	22	218.94	4.09	23.04	0	0	2	0.9	0	1.46	0	0	0	0	0	0	10	0	3	11.4	0.2	2.71	2	0	0.58	0.01	0	0	11.21	1.3	11.06	4.16	1.1	14.2	227	246.07	2	2.36	13	14.31	19.46	23.57	-1.0100000000000016	0.12	-14.939999999999998	-3.09	-1.0399999999999991	-0.9	0	0.54	0	0	0	-1.4000000000000004	-0.2	0.29000000000000004	1.42	-0.01	-7.050000000000001	-0.19999999999999996	3.139999999999999	-19.069999999999993	-0.3599999999999999	-1.3100000000000005	-4.109999999999999	26	26	33	266	266	16	16	17.01	17	204	204	176	218.94	218.93	122.34	0	0	3	0.9	0.89	2.09	0	0	0	0	0	0	10	10	11	11.4	11.41	6.85	2	2	0.58	0.58	1	1	11.21	44.33	24.8	4.16	34.4	33.599999999999994	-1.0100000000000016	-1	-14.939999999999998	-14.929999999999996	53.66	-0.9	-0.89	0.91	0	0	0	-1.4000000000000004	-1.4100000000000001	4.15	1.42	1.42	-7.050000000000001	-9.93	8.799999999999997	380	341.27	38.730000000000004	3	2.98	0.020000000000000018	21	18.259999999999998	2.74	68	69.13	-1.1300000000000026
"2026"	"LAC"	3	"2026_03_LAC_BUF"	"00-0040189"	"Oronde Gadsden II"	"TE"	0	3	0	0	28	0	0	0	1.61	0	0	0	0	19.51	0	0	0	0	0	0.1	0	0	0	0	0	0	0	0	0	0	0	1.04	0	0	0	0	0.11	0	0	0	4.18	0	0	0	0	0	19.51	0	0.1	0	1.04	0	4.18	0	-1.61	0	-19.51	0	0	-0.1	0	0	0	0	0	-1.04	0	0	-0.11	0	-4.18	0	-19.51	-0.1	-1.04	-4.18	34	34	28	292	292	20	20	21.39	21.400000000000002	226	226	131	249.54	249.52	118.52	1	1	0	2.28	2.27	1.05	0	0	0	0	0	0	11	11	6	12.36	12.37	6.21	1	1	0.8	0.8	0	0	17.48	60	18.16	11.04	48.6	13.1	-1.3900000000000006	-1.4000000000000006	-23.539999999999992	-23.520000000000003	12.479999999999999	-1.2799999999999998	-1.27	-1.05	0	0	0	-1.3599999999999994	-1.3699999999999997	-0.2100000000000002	0.19999999999999996	0.2	-6.440000000000001	-11.4	-5.0600000000000005	357	368.04	-11.040000000000004	1	3.3200000000000003	-2.3200000000000003	17	18.58	-1.5799999999999998	61.7	78.16	-16.46
"2026"	"BUF"	3	"2026_03_LAC_BUF"	"00-0037248"	"James Cook"	"RB"	0	1	24	0	-2	0	0	0	0.84	0	0	154	0	5.59	95.62	0	0	1	0	0	0.63	0	0	0	0	0	0	0	0	8	0	0.39	3.36	0	0	0	0.01	0	1	0	1.41	13.36	0	0	19.4	154	101.21000000000001	1	0.63	8	3.75	19.4	14.77	0	-0.84	0	-5.59	58.379999999999995	0	0	0.37	0	0	0	0	-0.39	4.640000000000001	0	-0.01	0	-1.41	6.039999999999999	52.78999999999999	0.37	4.25	4.629999999999999	26	26	33	266	266	16	16	17.01	17	204	204	176	218.94	218.93	122.34	0	0	3	0.9	0.89	2.09	0	0	0	0	0	0	10	10	11	11.4	11.41	6.85	2	2	0.58	0.58	1	1	11.21	44.33	24.8	4.16	34.4	33.599999999999994	-1.0100000000000016	-1	-14.939999999999998	-14.929999999999996	53.66	-0.9	-0.89	0.91	0	0	0	-1.4000000000000004	-1.4100000000000001	4.15	1.42	1.42	-7.050000000000001	-9.93	8.799999999999997	380	341.27	38.730000000000004	3	2.98	0.020000000000000018	21	18.259999999999998	2.74	68	69.13	-1.1300000000000026
"2026"	"LA"	3	"2026_03_LA_DEN"	"00-0026498"	"Matthew Stafford"	"QB"	55	0	2	509	0	30	0	33.24	0	390	0	13	406.11	0	13.37	2	0	0	2.04	0	0.1	0	0	0	0	0	0	19	0	2	19.15	0	1.44	2	0	1.36	0	0	0	21.7	0	1.92	19.6	0	1.3	403	419.48	2	2.14	21	20.59	20.900000000000002	23.619999999999997	-3.240000000000002	0	-16.110000000000014	0	-0.3699999999999992	-0.040000000000000036	0	-0.1	0	0	0	-0.14999999999999858	0	0.56	0.6399999999999999	0	-2.099999999999998	0	-0.6199999999999999	-16.480000000000018	-0.14000000000000012	0.41000000000000014	-2.7199999999999953	55	55	23	509	509	30	30	33.24	33.24	390	390	116	406.11	406.11	106.78	2	2	0	2.04	2.04	0.25	0	0	0	0	0	0	19	19	6	19.15	19.17	5.91	2	2	1.36	1.36	0	0	21.7	86.12	12.129999999999999	19.6	81	11.600000000000001	-3.240000000000002	-3.2399999999999998	-16.110000000000014	-16.110000000000003	9.220000000000004	-0.040000000000000036	-0.04000000000000005	-0.25	0	0	0	-0.14999999999999858	-0.16999999999999993	0.09000000000000008	0.6399999999999999	0.64	-2.099999999999998	-5.120000000000001	-0.5299999999999991	506	512.89	-6.889999999999999	2	2.29	-0.29000000000000004	25	25.080000000000002	-0.07999999999999985	92.6	98.25	-5.65
"2026"	"LA"	3	"2026_03_LA_DEN"	"00-0039074"	"Davis Allen"	"TE"	0	3	0	0	22	0	2	0	1.98	0	19	0	0	21.23	0	0	0	0	0	0.01	0	0	0	0	0	0	0	0	1	0	0	0.99	0	0	0	0	0.06	0	0	0	4.17	0	0	3.9	0	19	21.23	0	0.01	1	0.99	3.9	4.17	0	0.020000000000000018	0	-2.2300000000000004	0	0	-0.01	0	0	0	0	0	0.010000000000000009	0	0	-0.06	0	-0.27	0	-2.2300000000000004	-0.01	0.010000000000000009	-0.27	55	55	23	509	509	30	30	33.24	33.24	390	390	116	406.11	406.11	106.78	2	2	0	2.04	2.04	0.25	0	0	0	0	0	0	19	19	6	19.15	19.17	5.91	2	2	1.36	1.36	0	0	21.7	86.12	12.129999999999999	19.6	81	11.600000000000001	-3.240000000000002	-3.2399999999999998	-16.110000000000014	-16.110000000000003	9.220000000000004	-0.040000000000000036	-0.04000000000000005	-0.25	0	0	0	-0.14999999999999858	-0.16999999999999993	0.09000000000000008	0.6399999999999999	0.64	-2.099999999999998	-5.120000000000001	-0.5299999999999991	506	512.89	-6.889999999999999	2	2.29	-0.29000000000000004	25	25.080000000000002	-0.07999999999999985	92.6	98.25	-5.65
"2026"	"LA"	3	"2026_03_LA_DEN"	"00-0033110"	"Tyler Higbee"	"TE"	0	11	0	0	78	0	8	0	7.42	0	62	0	0	80.12	0	0	1	0	0	0.5	0	0	0	0	0	0	0	0	6	0	0	4.39	0	0	0	0	0.23	0	0	0	18.42	0	0	20.2	0	62	80.12	1	0.5	6	4.39	20.2	18.42	0	0.5800000000000001	0	-18.120000000000005	0	0	0.5	0	0	0	0	0	1.6100000000000003	0	0	-0.23	0	1.7799999999999976	0	-18.120000000000005	0.5	1.6100000000000003	1.7799999999999976	55	55	23	509	509	30	30	33.24	33.24	390	390	116	406.11	406.11	106.78	2	2	0	2.04	2.04	0.25	0	0	0	0	0	0	19	19	6	19.15	19.17	5.91	2	2	1.36	1.36	0	0	21.7	86.12	12.129999999999999	19.6	81	11.600000000000001	-3.240000000000002	-3.2399999999999998	-16.110000000000014	-16.110000000000003	9.220000000000004	-0.040000000000000036	-0.04000000000000005	-0.25	0	0	0	-0.14999999999999858	-0.16999999999999993	0.09000000000000008	0.6399999999999999	0.64	-2.099999999999998	-5.120000000000001	-0.5299999999999991	506	512.89	-6.889999999999999	2	2.29	-0.29000000000000004	25	25.080000000000002	-0.07999999999999985	92.6	98.25	-5.65
"2026"	"DEN"	3	"2026_03_LA_DEN"	"00-0039732"	"Bo Nix"	"QB"	34	0	4	185	0	17	0	22.93	0	186	0	7	203.89	0	9.26	2	0	1	2.89	0	1.2	2	0	0	1.06	0	0	10	0	2	11.36	0	2.48	1	0	0.71	0	0	0	20.43	0	8.11	17.44	0	6.7	193	213.14999999999998	3	4.09	12	13.84	24.14	28.54	-5.93	0	-17.889999999999986	0	-2.26	-0.8900000000000001	0	-0.19999999999999996	0.94	0	0	-1.3599999999999994	0	-0.48	0.29000000000000004	0	-2.9899999999999984	0	-1.4099999999999993	-20.149999999999977	-1.0899999999999999	-1.8399999999999999	-4.399999999999999	34	34	25	185	185	17	17	22.93	22.92	186	186	78	203.89	203.88	98.97	2	2	1	2.89	2.88	1.68	2	2	0	1.06	1.06	0	10	10	6	11.36	11.34	7.64	1	1	0.71	0.72	0	0	20.43	62.82	20.04	17.44	51.6	13.8	-5.93	-5.920000000000001	-17.889999999999986	-17.879999999999995	-20.97	-0.8900000000000001	-0.8799999999999999	-0.6799999999999999	0.94	0.94	0	-1.3599999999999994	-1.3400000000000003	-1.6400000000000001	0.29000000000000004	0.28	-2.9899999999999984	-11.219999999999999	-6.239999999999999	264	302.85	-38.849999999999994	3	4.56	-1.5599999999999998	16	18.98	-2.9800000000000004	65.4	82.86	-17.459999999999997
"2026"	"DEN"	3	"2026_03_LA_DEN"	"00-0040730"	"RJ Harvey"	"RB"	0	7	2	0	-11	0	6	0	5.73	0	41	6	0	34.14	8.97	0	0	0	0	0.39	0	0	0	0	0	0	0	0	1	0	0	1.47	0.2	0	0	0	0.06	0	0	0	11.5	0.93	0	10.1	0.6	47	43.11	0	0.39	1	1.67	10.7	12.43	0	0.2699999999999996	0	6.859999999999999	-2.9700000000000006	0	-0.39	0	0	0	0	0	-0.47	-0.2	0	-0.06	0	-1.4000000000000004	-0.33000000000000007	3.8900000000000006	-0.39	-0.6699999999999999	-1.7300000000000004	34	34	25	185	185	17	17	22.93	22.92	186	186	78	203.89	203.88	98.97	2	2	1	2.89	2.88	1.68	2	2	0	1.06	1.06	0	10	10	6	11.36	11.34	7.64	1	1	0.71	0.72	0	0	20.43	62.82	20.04	17.44	51.6	13.8	-5.93	-5.920000000000001	-17.889999999999986	-17.879999999999995	-20.97	-0.8900000000000001	-0.8799999999999999	-0.6799999999999999	0.94	0.94	0	-1.3599999999999994	-1.3400000000000003	-1.6400000000000001	0.29000000000000004	0.28	-2.9899999999999984	-11.219999999999999	-6.239999999999999	264	302.85	-38.849999999999994	3	4.56	-1.5599999999999998	16	18.98	-2.9800000000000004	65.4	82.86	-17.459999999999997
"2026"	"LA"	3	"2026_03_LA_DEN"	"00-0031381"	"Davante Adams"	"WR"	0	13	0	0	227	0	7	0	6.74	0	137	0	0	121.37	0	0	0	0	0	0.42	0	0	0	0	0	0	0	0	4	0	0	5.11	0	0	1	0	0.53	0	0	0	21.38	0	0	20.7	0	137	121.37	0	0.42	4	5.11	20.7	21.38	0	0.2599999999999998	0	15.629999999999995	0	0	-0.42	0	0	0	0	0	-1.1100000000000003	0	0	0.47	0	-0.6799999999999997	0	15.629999999999995	-0.42	-1.1100000000000003	-0.6799999999999997	55	55	23	509	509	30	30	33.24	33.24	390	390	116	406.11	406.11	106.78	2	2	0	2.04	2.04	0.25	0	0	0	0	0	0	19	19	6	19.15	19.17	5.91	2	2	1.36	1.36	0	0	21.7	86.12	12.129999999999999	19.6	81	11.600000000000001	-3.240000000000002	-3.2399999999999998	-16.110000000000014	-16.110000000000003	9.220000000000004	-0.040000000000000036	-0.04000000000000005	-0.25	0	0	0	-0.14999999999999858	-0.16999999999999993	0.09000000000000008	0.6399999999999999	0.64	-2.099999999999998	-5.120000000000001	-0.5299999999999991	506	512.89	-6.889999999999999	2	2.29	-0.29000000000000004	25	25.080000000000002	-0.07999999999999985	92.6	98.25	-5.65
"2026"	"LA"	3	"2026_03_LA_DEN"	"00-0040737"	"Terrance Ferguson"	"TE"	0	2	0	0	1	0	1	0	1.28	0	9	0	0	9.41	0	0	0	0	0	0.01	0	0	0	0	0	0	0	0	1	0	0	0.9	0	0	0	0	0.03	0	0	0	2.27	0	0	1.9	0	9	9.41	0	0.01	1	0.9	1.9	2.27	0	-0.28	0	-0.41000000000000014	0	0	-0.01	0	0	0	0	0	0.09999999999999998	0	0	-0.03	0	-0.3700000000000001	0	-0.41000000000000014	-0.01	0.09999999999999998	-0.3700000000000001	55	55	23	509	509	30	30	33.24	33.24	390	390	116	406.11	406.11	106.78	2	2	0	2.04	2.04	0.25	0	0	0	0	0	0	19	19	6	19.15	19.17	5.91	2	2	1.36	1.36	0	0	21.7	86.12	12.129999999999999	19.6	81	11.600000000000001	-3.240000000000002	-3.2399999999999998	-16.110000000000014	-16.110000000000003	9.220000000000004	-0.040000000000000036	-0.04000000000000005	-0.25	0	0	0	-0.14999999999999858	-0.16999999999999993	0.09000000000000008	0.6399999999999999	0.64	-2.099999999999998	-5.120000000000001	-0.5299999999999991	506	512.89	-6.889999999999999	2	2.29	-0.29000000000000004	25	25.080000000000002	-0.07999999999999985	92.6	98.25	-5.65
"2026"	"LA"	3	"2026_03_LA_DEN"	"00-0037840"	"Kyren Williams"	"RB"	0	7	15	0	44	0	6	0	4.51	0	70	88	0	51.91	67.44	0	0	0	0	0.11	0.12	0	0	0	0	0	0	0	4	4	0	2.45	3.36	0	1	0	0.14	0	0	0	10.37	7.45	0	13	8.8	158	119.35	0	0.22999999999999998	8	5.8100000000000005	21.8	17.82	0	1.4900000000000002	0	18.090000000000003	20.560000000000002	0	-0.11	-0.12	0	0	0	0	1.5499999999999998	0.6400000000000001	0	0.86	0	2.630000000000001	1.3500000000000005	38.650000000000006	-0.22999999999999998	2.1899999999999995	3.9800000000000004	55	55	23	509	509	30	30	33.24	33.24	390	390	116	406.11	406.11	106.78	2	2	0	2.04	2.04	0.25	0	0	0	0	0	0	19	19	6	19.15	19.17	5.91	2	2	1.36	1.36	0	0	21.7	86.12	12.129999999999999	19.6	81	11.600000000000001	-3.240000000000002	-3.2399999999999998	-16.110000000000014	-16.110000000000003	9.220000000000004	-0.040000000000000036	-0.04000000000000005	-0.25	0	0	0	-0.14999999999999858	-0.16999999999999993	0.09000000000000008	0.6399999999999999	0.64	-2.099999999999998	-5.120000000000001	-0.5299999999999991	506	512.89	-6.889999999999999	2	2.29	-0.29000000000000004	25	25.080000000000002	-0.07999999999999985	92.6	98.25	-5.65
"2026"	"LA"	3	"2026_03_LA_DEN"	"00-0036244"	"Colby Parkinson"	"TE"	0	1	0	0	3	0	0	0	0.67	0	0	0	0	2.98	0	0	0	0	0	0.53	0	0	0	0	0	0	0	0	0	0	0	0.56	0	0	0	0	0.02	0	0	0	4.16	0	0	0	0	0	2.98	0	0.53	0	0.56	0	4.16	0	-0.67	0	-2.98	0	0	-0.53	0	0	0	0	0	-0.56	0	0	-0.02	0	-4.16	0	-2.98	-0.53	-0.56	-4.16	55	55	23	509	509	30	30	33.24	33.24	390	390	116	406.11	406.11	106.78	2	2	0	2.04	2.04	0.25	0	0	0	0	0	0	19	19	6	19.15	19.17	5.91	2	2	1.36	1.36	0	0	21.7	86.12	12.129999999999999	19.6	81	11.600000000000001	-3.240000000000002	-3.2399999999999998	-16.110000000000014	-16.110000000000003	9.220000000000004	-0.040000000000000036	-0.04000000000000005	-0.25	0	0	0	-0.14999999999999858	-0.16999999999999993	0.09000000000000008	0.6399999999999999	0.64	-2.099999999999998	-5.120000000000001	-0.5299999999999991	506	512.89	-6.889999999999999	2	2.29	-0.29000000000000004	25	25.080000000000002	-0.07999999999999985	92.6	98.25	-5.65
"2026"	"DEN"	3	"2026_03_LA_DEN"	"00-0036613"	"Jaylen Waddle"	"WR"	0	7	1	0	81	0	2	0	4.37	0	10	14	0	51.41	6.59	0	0	0	0	0.09	0.01	0	1	0	0	0.51	0	0	1	1	0	2.89	0.34	0	0	0	0.18	0	0	0	11.09	0.74	0	5	1.4	24	58	0	0.09999999999999999	2	3.23	6.4	11.83	0	-2.37	0	-41.41	7.41	0	-0.09	-0.01	0	0.49	0	0	-1.8900000000000001	0.6599999999999999	0	-0.18	0	-6.09	0.6599999999999999	-34	-0.09999999999999999	-1.23	-5.43	34	34	25	185	185	17	17	22.93	22.92	186	186	78	203.89	203.88	98.97	2	2	1	2.89	2.88	1.68	2	2	0	1.06	1.06	0	10	10	6	11.36	11.34	7.64	1	1	0.71	0.72	0	0	20.43	62.82	20.04	17.44	51.6	13.8	-5.93	-5.920000000000001	-17.889999999999986	-17.879999999999995	-20.97	-0.8900000000000001	-0.8799999999999999	-0.6799999999999999	0.94	0.94	0	-1.3599999999999994	-1.3400000000000003	-1.6400000000000001	0.29000000000000004	0.28	-2.9899999999999984	-11.219999999999999	-6.239999999999999	264	302.85	-38.849999999999994	3	4.56	-1.5599999999999998	16	18.98	-2.9800000000000004	65.4	82.86	-17.459999999999997
"2026"	"DEN"	3	"2026_03_LA_DEN"	"00-0034348"	"Courtland Sutton"	"WR"	0	7	0	0	83	0	3	0	3.77	0	46	0	0	47.91	0	0	0	0	0	1.18	0	0	0	0	0	0	0	0	3	0	0	2.45	0	0	1	0	0.21	0	0	0	15.67	0	0	7.6	0	46	47.91	0	1.18	3	2.45	7.6	15.67	0	-0.77	0	-1.9099999999999966	0	0	-1.18	0	0	0	0	0	0.5499999999999998	0	0	0.79	0	-8.07	0	-1.9099999999999966	-1.18	0.5499999999999998	-8.07	34	34	25	185	185	17	17	22.93	22.92	186	186	78	203.89	203.88	98.97	2	2	1	2.89	2.88	1.68	2	2	0	1.06	1.06	0	10	10	6	11.36	11.34	7.64	1	1	0.71	0.72	0	0	20.43	62.82	20.04	17.44	51.6	13.8	-5.93	-5.920000000000001	-17.889999999999986	-17.879999999999995	-20.97	-0.8900000000000001	-0.8799999999999999	-0.6799999999999999	0.94	0.94	0	-1.3599999999999994	-1.3400000000000003	-1.6400000000000001	0.29000000000000004	0.28	-2.9899999999999984	-11.219999999999999	-6.239999999999999	264	302.85	-38.849999999999994	3	4.56	-1.5599999999999998	16	18.98	-2.9800000000000004	65.4	82.86	-17.459999999999997
"2026"	"LA"	3	"2026_03_LA_DEN"	"00-0040590"	"Konata Mumpfield"	"WR"	0	8	0	0	144	0	4	0	4.27	0	93	0	0	78.6	0	0	1	0	0	0.15	0	0	0	0	0	0	0	0	3	0	0	3.26	0	0	0	0	0.29	0	0	0	13.05	0	0	19.3	0	93	78.6	1	0.15	3	3.26	19.3	13.05	0	-0.2699999999999996	0	14.400000000000006	0	0	0.85	0	0	0	0	0	-0.2599999999999998	0	0	-0.29	0	6.25	0	14.400000000000006	0.85	-0.2599999999999998	6.25	55	55	23	509	509	30	30	33.24	33.24	390	390	116	406.11	406.11	106.78	2	2	0	2.04	2.04	0.25	0	0	0	0	0	0	19	19	6	19.15	19.17	5.91	2	2	1.36	1.36	0	0	21.7	86.12	12.129999999999999	19.6	81	11.600000000000001	-3.240000000000002	-3.2399999999999998	-16.110000000000014	-16.110000000000003	9.220000000000004	-0.040000000000000036	-0.04000000000000005	-0.25	0	0	0	-0.14999999999999858	-0.16999999999999993	0.09000000000000008	0.6399999999999999	0.64	-2.099999999999998	-5.120000000000001	-0.5299999999999991	506	512.89	-6.889999999999999	2	2.29	-0.29000000000000004	25	25.080000000000002	-0.07999999999999985	92.6	98.25	-5.65
"2026"	"DEN"	3	"2026_03_LA_DEN"	"00-0036158"	"J.K. Dobbins"	"RB"	0	2	17	0	-3	0	1	0	1.64	0	4	49	0	14.09	70.64	0	0	0	0	0	0.47	0	0	0	0	0	0	0	0	2	0	0.68	3.94	0	0	0	0.02	0	0	0	3.08	9.89	0	1.4	4.9	53	84.73	0	0.47	2	4.62	6.300000000000001	12.97	0	-0.6399999999999999	0	-10.09	-21.64	0	0	-0.47	0	0	0	0	-0.68	-1.94	0	-0.02	0	-1.6800000000000002	-4.99	-31.730000000000004	-0.47	-2.62	-6.67	34	34	25	185	185	17	17	22.93	22.92	186	186	78	203.89	203.88	98.97	2	2	1	2.89	2.88	1.68	2	2	0	1.06	1.06	0	10	10	6	11.36	11.34	7.64	1	1	0.71	0.72	0	0	20.43	62.82	20.04	17.44	51.6	13.8	-5.93	-5.920000000000001	-17.889999999999986	-17.879999999999995	-20.97	-0.8900000000000001	-0.8799999999999999	-0.6799999999999999	0.94	0.94	0	-1.3599999999999994	-1.3400000000000003	-1.6400000000000001	0.29000000000000004	0.28	-2.9899999999999984	-11.219999999999999	-6.239999999999999	264	302.85	-38.849999999999994	3	4.56	-1.5599999999999998	16	18.98	-2.9800000000000004	65.4	82.86	-17.459999999999997
"2026"	"LA"	3	"2026_03_LA_DEN"	"00-0039738"	"Blake Corum"	"RB"	0	4	6	0	-1	0	2	0	3.23	0	0	15	0	24.37	25.97	0	0	0	0	0.05	0.03	0	0	0	0	0	0	0	0	0	0	0.82	1.11	0	0	0	0.03	0	0	0	6	2.76	0	2	1.5	15	50.34	0	0.08	0	1.9300000000000002	3.5	8.76	0	-1.23	0	-24.37	-10.969999999999999	0	-0.05	-0.03	0	0	0	0	-0.82	-1.11	0	-0.03	0	-4	-1.2599999999999998	-35.34	-0.08	-1.9300000000000002	-5.26	55	55	23	509	509	30	30	33.24	33.24	390	390	116	406.11	406.11	106.78	2	2	0	2.04	2.04	0.25	0	0	0	0	0	0	19	19	6	19.15	19.17	5.91	2	2	1.36	1.36	0	0	21.7	86.12	12.129999999999999	19.6	81	11.600000000000001	-3.240000000000002	-3.2399999999999998	-16.110000000000014	-16.110000000000003	9.220000000000004	-0.040000000000000036	-0.04000000000000005	-0.25	0	0	0	-0.14999999999999858	-0.16999999999999993	0.09000000000000008	0.6399999999999999	0.64	-2.099999999999998	-5.120000000000001	-0.5299999999999991	506	512.89	-6.889999999999999	2	2.29	-0.29000000000000004	25	25.080000000000002	-0.07999999999999985	92.6	98.25	-5.65
"2026"	"DEN"	3	"2026_03_LA_DEN"	"00-0033881"	"Evan Engram"	"TE"	0	2	0	0	1	0	0	0	1.34	0	0	0	0	9.55	0	0	0	0	0	0	0	0	0	0	0	0	0	0	0	0	0	0.9	0	0	0	0	0.05	0	0	0	2.32	0	0	0	0	0	9.55	0	0	0	0.9	0	2.32	0	-1.34	0	-9.55	0	0	0	0	0	0	0	0	-0.9	0	0	-0.05	0	-2.32	0	-9.55	0	-0.9	-2.32	34	34	25	185	185	17	17	22.93	22.92	186	186	78	203.89	203.88	98.97	2	2	1	2.89	2.88	1.68	2	2	0	1.06	1.06	0	10	10	6	11.36	11.34	7.64	1	1	0.71	0.72	0	0	20.43	62.82	20.04	17.44	51.6	13.8	-5.93	-5.920000000000001	-17.889999999999986	-17.879999999999995	-20.97	-0.8900000000000001	-0.8799999999999999	-0.6799999999999999	0.94	0.94	0	-1.3599999999999994	-1.3400000000000003	-1.6400000000000001	0.29000000000000004	0.28	-2.9899999999999984	-11.219999999999999	-6.239999999999999	264	302.85	-38.849999999999994	3	4.56	-1.5599999999999998	16	18.98	-2.9800000000000004	65.4	82.86	-17.459999999999997
"2026"	"DEN"	3	"2026_03_LA_DEN"	"00-0040134"	"Pat Bryant"	"WR"	0	2	0	0	19	0	2	0	1.02	0	44	0	0	12.74	0	0	1	0	0	0.39	0	0	1	0	0	0.55	0	0	2	0	0	0.61	0	0	0	0	0.08	0	0	0	5.75	0	0	14.4	0	44	12.74	1	0.39	2	0.61	14.4	5.75	0	0.98	0	31.259999999999998	0	0	0.61	0	0	0.44999999999999996	0	0	1.3900000000000001	0	0	-0.08	0	8.65	0	31.259999999999998	0.61	1.3900000000000001	8.65	34	34	25	185	185	17	17	22.93	22.92	186	186	78	203.89	203.88	98.97	2	2	1	2.89	2.88	1.68	2	2	0	1.06	1.06	0	10	10	6	11.36	11.34	7.64	1	1	0.71	0.72	0	0	20.43	62.82	20.04	17.44	51.6	13.8	-5.93	-5.920000000000001	-17.889999999999986	-17.879999999999995	-20.97	-0.8900000000000001	-0.8799999999999999	-0.6799999999999999	0.94	0.94	0	-1.3599999999999994	-1.3400000000000003	-1.6400000000000001	0.29000000000000004	0.28	-2.9899999999999984	-11.219999999999999	-6.239999999999999	264	302.85	-38.849999999999994	3	4.56	-1.5599999999999998	16	18.98	-2.9800000000000004	65.4	82.86	-17.459999999999997
"2026"	"DEN"	3	"2026_03_LA_DEN"	"00-0037085"	"Tyler Badie"	"RB"	0	1	1	0	6	0	1	0	0.71	0	12	2	0	6.92	3.51	0	0	0	0	0.04	0	0	0	0	0	0	0	0	1	1	0	0.27	0.68	0	0	0	0.02	0	0	0	1.63	0.37	0	2.2	0.2	14	10.43	0	0.04	2	0.9500000000000001	2.4000000000000004	2	0	0.29000000000000004	0	5.08	-1.5099999999999998	0	-0.04	0	0	0	0	0	0.73	0.31999999999999995	0	-0.02	0	0.5700000000000003	-0.16999999999999998	3.5700000000000003	-0.04	1.0499999999999998	0.40000000000000036	34	34	25	185	185	17	17	22.93	22.92	186	186	78	203.89	203.88	98.97	2	2	1	2.89	2.88	1.68	2	2	0	1.06	1.06	0	10	10	6	11.36	11.34	7.64	1	1	0.71	0.72	0	0	20.43	62.82	20.04	17.44	51.6	13.8	-5.93	-5.920000000000001	-17.889999999999986	-17.879999999999995	-20.97	-0.8900000000000001	-0.8799999999999999	-0.6799999999999999	0.94	0.94	0	-1.3599999999999994	-1.3400000000000003	-1.6400000000000001	0.29000000000000004	0.28	-2.9899999999999984	-11.219999999999999	-6.239999999999999	264	302.85	-38.849999999999994	3	4.56	-1.5599999999999998	16	18.98	-2.9800000000000004	65.4	82.86	-17.459999999999997
"2026"	"DEN"	3	"2026_03_LA_DEN"	"00-0038783"	"Nate Adkins"	"TE"	0	2	0	0	6	0	1	0	1.26	0	8	0	0	4.87	0	0	1	0	0	0.71	0	0	0	0	0	0	0	0	1	0	0	0.86	0	0	0	0	0.04	0	0	0	6.02	0	0	7.8	0	8	4.87	1	0.71	1	0.86	7.8	6.02	0	-0.26	0	3.13	0	0	0.29000000000000004	0	0	0	0	0	0.14	0	0	-0.04	0	1.7800000000000002	0	3.13	0.29000000000000004	0.14	1.7800000000000002	34	34	25	185	185	17	17	22.93	22.92	186	186	78	203.89	203.88	98.97	2	2	1	2.89	2.88	1.68	2	2	0	1.06	1.06	0	10	10	6	11.36	11.34	7.64	1	1	0.71	0.72	0	0	20.43	62.82	20.04	17.44	51.6	13.8	-5.93	-5.920000000000001	-17.889999999999986	-17.879999999999995	-20.97	-0.8900000000000001	-0.8799999999999999	-0.6799999999999999	0.94	0.94	0	-1.3599999999999994	-1.3400000000000003	-1.6400000000000001	0.29000000000000004	0.28	-2.9899999999999984	-11.219999999999999	-6.239999999999999	264	302.85	-38.849999999999994	3	4.56	-1.5599999999999998	16	18.98	-2.9800000000000004	65.4	82.86	-17.459999999999997
"2026"	"DEN"	3	"2026_03_LA_DEN"	"00-0039868"	"Troy Franklin"	"WR"	0	1	0	0	8	0	1	0	0.68	0	21	0	0	7.49	0	0	0	0	0	0.01	0	0	0	0	0	0	0	0	1	0	0	0.28	0	0	0	0	0.02	0	0	0	1.46	0	0	3.1	0	21	7.49	0	0.01	1	0.28	3.1	1.46	0	0.31999999999999995	0	13.51	0	0	-0.01	0	0	0	0	0	0.72	0	0	-0.02	0	1.6400000000000001	0	13.51	-0.01	0.72	1.6400000000000001	34	34	25	185	185	17	17	22.93	22.92	186	186	78	203.89	203.88	98.97	2	2	1	2.89	2.88	1.68	2	2	0	1.06	1.06	0	10	10	6	11.36	11.34	7.64	1	1	0.71	0.72	0	0	20.43	62.82	20.04	17.44	51.6	13.8	-5.93	-5.920000000000001	-17.889999999999986	-17.879999999999995	-20.97	-0.8900000000000001	-0.8799999999999999	-0.6799999999999999	0.94	0.94	0	-1.3599999999999994	-1.3400000000000003	-1.6400000000000001	0.29000000000000004	0.28	-2.9899999999999984	-11.219999999999999	-6.239999999999999	264	302.85	-38.849999999999994	3	4.56	-1.5599999999999998	16	18.98	-2.9800000000000004	65.4	82.86	-17.459999999999997
"2026"	"NO"	3	"2026_03_LV_NO"	"00-0036973"	"Travis Etienne"	"RB"	0	2	13	0	0	0	2	0	1.67	0	13	57	0	11.86	50.33	0	0	0	0	0.01	0.87	0	0	0	0	0	0	0	1	4	0	0.62	4.25	0	0	0	0.01	0	0	0	2.9	10.26	0	3.3	5.7	70	62.19	0	0.88	5	4.87	9	13.16	0	0.33000000000000007	0	1.1400000000000006	6.670000000000002	0	-0.01	-0.87	0	0	0	0	0.38	-0.25	0	-0.01	0	0.3999999999999999	-4.56	7.810000000000002	-0.88	0.1299999999999999	-4.16	42	42	28	311	311	29	29	28.01	28	255	255	148	276.2	276.21	119.72	4	4	0	3.44	3.44	1.05	0	0	0	0	0	0	18	18	8	15.73	15.72	8.39	1	1	0.83	0.84	1	0	23.15	76.29	18.31	24.2	76.5	14.8	0.9899999999999984	1	-21.19999999999999	-21.20999999999999	28.28	0.56	0.5599999999999999	-1.05	0	0	0	2.2699999999999996	2.28	-0.39000000000000024	0.17000000000000004	0.16	1.0500000000000007	0.2100000000000002	-3.51	403	395.92999999999995	7.070000000000011	4	4.49	-0.4900000000000001	26	24.11	1.8899999999999997	91.3	94.60000000000001	-3.3
"2026"	"MIN"	3	"2026_03_MIN_TB"	"00-0036322"	"Justin Jefferson"	"WR"	0	2	0	0	18	0	2	0	1.42	0	32	0	0	20.09	0	0	0	0	0	0.02	0	0	0	0	0	0	0	0	1	0	0	0.65	0	0	0	0	0.07	0	0	0	3.55	0	0	5.2	0	32	20.09	0	0.02	1	0.65	5.2	3.55	0	0.5800000000000001	0	11.91	0	0	-0.02	0	0	0	0	0	0.35	0	0	-0.07	0	1.6500000000000004	0	11.91	-0.02	0.35	1.6500000000000004	29	29	23	252	252	15	15	19.61	19.6	168	168	78	240.22	240.22	105.38	1	1	0	0.51	0.51	0.08	0	0	0	0	0	0	5	5	4	9.51	9.49	4.569999999999999	1	1	0.68	0.67	0	0	10.29	46.69	10.99	8.72	37.8	7.8	-4.609999999999999	-4.6000000000000005	-72.22	-72.22	-27.380000000000003	0.49	0.49	-0.08	0	0	0	-4.51	-4.49	-0.5699999999999998	0.31999999999999995	0.32999999999999996	-1.5699999999999985	-8.89	-3.19	246	345.6	-99.6	1	0.59	0.41	9	14.059999999999999	-5.0600000000000005	45.599999999999994	57.68	-12.08
"2026"	"NE"	3	"2026_03_NE_JAX"	"00-0033090"	"Hunter Henry"	"TE"	0	2	0	0	15	0	1	0	1.42	0	5	0	0	17.57	0	0	0	0	0	0.02	0	0	0	0	0	0	0	0	0	0	0	0.95	0	0	0	0	0.05	0	0	0	3.27	0	0	1.5	0	5	17.57	0	0.02	0	0.95	1.5	3.27	0	-0.41999999999999993	0	-12.57	0	0	-0.02	0	0	0	0	0	-0.95	0	0	-0.05	0	-1.77	0	-12.57	-0.02	-0.95	-1.77	31	31	26	362	362	18	18	17.99	17.98	245	245	83	244.04	244.04000000000002	110.69	0	0	0	2.11	2.11	0.8200000000000001	0	0	0	0	0	0	8	8	6	11.16	11.15	7.569999999999999	2	2	0.91	0.92	0	0	16.35	55.01	16.01	5.8	42.5	8.3	0.010000000000000675	0.020000000000000018	0.9599999999999937	0.9599999999999893	-27.69	-2.11	-2.11	-0.8200000000000001	0	0	0	-3.1599999999999993	-3.15	-1.5699999999999996	1.09	1.0799999999999998	-10.549999999999999	-12.51	-7.710000000000001	328	354.73	-26.73000000000001	0	2.9299999999999997	-2.9299999999999997	14	18.72	-4.72	50.8	71.02	-20.22
"2026"	"DET"	3	"2026_03_NYJ_DET"	"00-0036963"	"Amon-Ra St. Brown"	"WR"	0	8	0	0	57	0	4	0	5.62	0	19	0	0	62.28	0	0	1	0	0	0.68	0	0	0	0	0	0	0	0	2	0	0	3.4	0	0	0	0	0.13	0	0	0	15.9	0	0	11.9	0	19	62.28	1	0.68	2	3.4	11.9	15.9	0	-1.62	0	-43.28	0	0	0.31999999999999995	0	0	0	0	0	-1.4	0	0	-0.13	0	-4	0	-43.28	0.31999999999999995	-1.4	-4	32	32	30	193	193	25	25	23.67	23.67	269	269	131	256.85	256.84	122.33	2	2	2	2.07	2.06	1.73	0	0	0	0	0	0	14	14	9	14.08	14.08	10.58	0	0	0.42	0.41	0	0	17.69	61.75	22.58	18.76	63.9	25.099999999999998	1.3299999999999983	1.3299999999999998	12.149999999999977	12.16	8.67	-0.06999999999999984	-0.06000000000000008	0.26999999999999996	0	0	0	-0.08000000000000007	-0.08000000000000018	-1.5800000000000003	-0.42	-0.41	1.0700000000000003	2.1499999999999995	2.519999999999999	400	379.16999999999996	20.83	4	3.79	0.20999999999999988	23	24.66	-1.6600000000000006	89	84.33	4.669999999999998
"2026"	"PHI"	3	"2026_03_PHI_CHI"	"00-0040867"	"Makai Lemon"	"WR"	0	4	0	0	46	0	3	0	2.43	0	29	0	0	25.88	0	0	0	0	0	0.08	0	0	0	0	0	0	0	0	2	0	0	1.21	0	0	0	0	0.24	0	0	0	5.48	0	0	5.9	0	29	25.88	0	0.08	2	1.21	5.9	5.48	0	0.5699999999999998	0	3.120000000000001	0	0	-0.08	0	0	0	0	0	0.79	0	0	-0.24	0	0.41999999999999993	0	3.120000000000001	-0.08	0.79	0.41999999999999993	26	26	19	155	155	16	16	17.599999999999998	17.6	153	153	107	161	160.99	82.56	0	0	1	1.3	1.29	1.92	0	0	0	0	0	0	6	6	7	8.43	8.44	6.130000000000001	2	2	0.68	0.68	1	0	10.25	41.47	19.759999999999998	2.12	29.3	16.7	-1.5999999999999992	-1.6	-8.000000000000007	-7.990000000000002	24.44	-1.3	-1.29	-0.92	0	0	0	-2.4299999999999997	-2.44	0.8699999999999997	1.3199999999999998	1.32	-8.129999999999999	-12.17	-3.0599999999999996	260	243.55	16.45	1	3.21	-2.21	13	14.57	-1.5700000000000003	46	61.23	-15.23
"2026"	"SEA"	3	"2026_03_SEA_WAS"	"00-0038543"	"Jaxon Smith-Njigba"	"WR"	1	14	0	-7	151	1	10	0.56	7.96	14	128	0	1.41	108.48	0	0	2	0	0.01	1.29	0	0	0	0	0	0	0	1	9	0	0.08	6.64	0	0	1	0.02	0.5	0	0	0.06	26.57	0	0.56	34.8	0	142	109.89	2	1.3	10	6.72	35.36	26.63	0.43999999999999995	2.04	12.59	19.519999999999996	0	-0.01	0.71	0	0	0	0	0.92	2.3600000000000003	0	-0.02	0.5	0.5	8.229999999999997	0	32.11	0.7	3.2800000000000002	8.73	46	46	18	290	290	32	32	28.81	28.82	393	393	44	288.55	288.56	73.57	4	4	0	2.9899999999999998	2.98	1.67	0	0	0	0	0	0	22	22	3	16.11	16.11	4.44	2	2	1.07	1.07	0	1	21.349999999999998	75.59	17.41	27.72	95.3	2.4	3.19	3.1799999999999997	104.45000000000002	104.44	-29.57	1.01	1.02	-1.67	0	0	0	5.889999999999999	5.890000000000001	-1.44	0.9299999999999999	0.93	6.370000000000001	19.71	-15.01	437	362.13	74.87	4	4.65	-0.6499999999999999	25	20.55	4.450000000000001	97.7	93	4.700000000000001
"2026"	"NO"	1	"2026_01_NO_DET"	"00-0038551"	"Kendre Miller"	"RB"	0	0	9	0	0	0	0	0	0	0	0	30	0	0	36.88	0	0	1	0	0	0.29	0	0	0	0	0	0	0	0	2	0	0	2.06	0	0	0	0	0	0	0	0	5.41	0	0	9	30	36.88	1	0.29	2	2.06	9	5.41	0	0	0	0	-6.880000000000003	0	0	0.71	0	0	0	0	0	-0.06000000000000005	0	0	0	0	3.59	-6.880000000000003	0.71	-0.06000000000000005	3.59	56	56	25	483	483	35	35	36.98	36.98	410	410	91	413.27	413.25	109.05	3	3	1	2.58	2.6	0.49	0	0	0	0.55	0.55	0	19	19	7	18.71	18.72	7.17	2	2	1.1	1.0999999999999999	0	0	25.76	94.91	13.86	24.4	94	15.1	-1.9799999999999969	-1.9799999999999995	-3.269999999999982	-3.2500000000000053	-18.05	0.41999999999999993	0.4000000000000001	0.51	-0.55	-0.55	0	0.28999999999999915	0.2799999999999997	-0.1700000000000001	0.8999999999999999	0.8999999999999999	-1.360000000000003	-0.9100000000000017	1.2399999999999998	501	522.3	-21.300000000000004	4	3.09	0.9100000000000001	26	25.89	0.1099999999999996	109.1	108.77	0.3299999999999981
"2026"	"NO"	1	"2026_01_NO_DET"	"00-0041099"	"Barion Brown"	"WR"	0	0	1	0	0	0	0	0	0	0	0	3	0	0	7	0	0	0	0	0	0	0	0	0	0	0	0	0	0	0	0	0	0.34	0	0	0	0	0	0	0	0	0.73	0	0	0.3	3	7	0	0	0	0.34	0.3	0.73	0	0	0	0	-4	0	0	0	0	0	0	0	0	-0.34	0	0	0	0	-0.43	-4	0	-0.34	-0.43	56	56	25	483	483	35	35	36.98	36.98	410	410	91	413.27	413.25	109.05	3	3	1	2.58	2.6	0.49	0	0	0	0.55	0.55	0	19	19	7	18.71	18.72	7.17	2	2	1.1	1.0999999999999999	0	0	25.76	94.91	13.86	24.4	94	15.1	-1.9799999999999969	-1.9799999999999995	-3.269999999999982	-3.2500000000000053	-18.05	0.41999999999999993	0.4000000000000001	0.51	-0.55	-0.55	0	0.28999999999999915	0.2799999999999997	-0.1700000000000001	0.8999999999999999	0.8999999999999999	-1.360000000000003	-0.9100000000000017	1.2399999999999998	501	522.3	-21.300000000000004	4	3.09	0.9100000000000001	26	25.89	0.1099999999999996	109.1	108.77	0.3299999999999981
"2026"	"LV"	2	"2026_02_LV_LAC"	"00-0037304"	"Connor Heyward"	"RB"	0	0	1	0	0	0	0	0	0	0	0	1	0	0	3.06	0	0	0	0	0	0	0	0	0	0	0	0	0	0	1	0	0	0.66	0	0	0	0	0	0	0	0	0.32	0	0	0.1	1	3.06	0	0	1	0.66	0.1	0.32	0	0	0	0	-2.06	0	0	0	0	0	0	0	0	0.33999999999999997	0	0	0	0	-0.22	-2.06	0	0.33999999999999997	-0.22	29	29	29	283	283	19	19	17.71	17.72	253	253	57	217.35	217.35	99.2	3	3	0	1.47	1.48	1.97	0	0	0	0	0	0	11	11	2	11.04	11.05	6.92	1	1	0.67	0.67	0	0	13.25	48.300000000000004	21.759999999999998	20.12	62.3	5.7	1.2899999999999991	1.2799999999999998	35.650000000000006	35.65	-42.2	1.53	1.52	-1.97	0	0	0	-0.03999999999999915	-0.050000000000000266	-4.92	0.32999999999999996	0.32999999999999996	6.870000000000001	13.999999999999995	-16.06	310	316.55	-6.550000000000004	3	3.45	-0.44999999999999996	13	17.97	-4.970000000000001	68	70.06	-2.060000000000004
"2026"	"PIT"	1	"2026_01_ATL_PIT"	null	null	null	0	4	0	0	19	0	0	0	2.34	0	0	0	0	21.3	0	0	0	0	0	0.36	0	0	0	0	0	0	0	0	0	0	0	1.22	0	0	0	0	0.08	0	0	0	6.63	0	0	0	0	0	21.3	0	0.36	0	1.22	0	6.63	0	-2.34	0	-21.3	0	0	-0.36	0	0	0	0	0	-1.22	0	0	-0.08	0	-6.63	0	-21.3	-0.36	-1.22	-6.63	41	41	21	407	407	24	24	25.78	25.77	221	221	58	305.18	305.19	82.22	1	1	0	2.63	2.62	0.12	0	0	0	0	0	0	10	10	3	14.77	14.76	4.01	0	0	0.98	0.98	1	0	20.77	72.07	8.97	12.84	50.1	5.8	-1.7799999999999996	-1.7699999999999998	-84.17999999999999	-84.19	-24.22	-1.6300000000000001	-1.62	-0.12	0	0	0	-4.77	-4.76	-1.01	-0.98	-0.98	-7.929999999999999	-21.97	-3.170000000000001	279	387.40999999999997	-108.41	1	2.74	-1.7400000000000002	13	18.77	-5.77	55.9	81.03999999999999	-25.14
"2026"	"ATL"	1	"2026_01_ATL_PIT"	null	null	null	0	3	0	0	2	0	0	0	2.35	0	0	0	0	17.19	0	0	0	0	0	0.01	0	0	0	0	0	0	0	0	0	0	0	0.37	0	0	0	0	0.05	0	0	0	4.15	0	0	0	0	0	17.19	0	0.01	0	0.37	0	4.15	0	-2.35	0	-17.19	0	0	-0.01	0	0	0	0	0	-0.37	0	0	-0.05	0	-4.15	0	-17.19	-0.01	-0.37	-4.15	22	22	31	77	77	12	12	15.95	15.950000000000001	143	143	120	143.93	143.93	134.34	1	1	0	0.14	0.14	0.14	0	0	0	0	0	0	4	4	9	4.74	4.75	6.5	2	2	0.42	0.42	0	0	5.48	31.2	14.26	5.72	32.3	12	-3.9499999999999993	-3.95	-0.9300000000000068	-0.9300000000000068	-14.340000000000007	0.86	0.86	-0.14	0	0	0	-0.7400000000000002	-0.75	2.5	1.58	1.58	0.23999999999999932	1.0999999999999999	-2.2599999999999993	263	278.27	-15.270000000000014	1	0.28	0.72	13	11.25	1.75	44.3	45.46	-1.1599999999999995
