season	team	position	depth_chart_position	jersey_number	status	full_name	first_name	last_name	birth_date	height	weight	college	gsis_id	espn_id	sportradar_id	yahoo_id	rotowire_id	pff_id	pfr_id	fantasy_data_id	sleeper_id	years_exp	headshot_url	ngs_position	week	game_type	status_description_abbr	football_name	esb_id	gsis_it_id	smart_id	entry_year	rookie_year	draft_club	draft_number
2026	"ATL"	"K"	"K"	6	"ACT"	"Nick Folk"	"Nick"	"Folk"	"1984-11-05"	73	222	"Arizona"	"00-0025565"	"10621"	"b37c621e-1125-4c35-bea0-fcabb1527060"	"8432"	"5365"	"3794"	"FolkNi20"	"11694"	"650"	19	"https://static.www.nfl.com/image/upload/f_auto,q_auto/league/qf6vaghxuoxqw0pyrvg3"	null	1	"REG"	"A01"	"Nick"	"FOL378021"	"32371"	"3200464f-4c37-8021-409f-36e78a589e4b"	2007	2007	"DAL"	178
2026	"ATL"	"K"	"K"	6	"ACT"	"Nick Folk"	"Nick"	"Folk"	"1984-11-05"	73	222	"Arizona"	"00-0025565"	"10621"	"b37c621e-1125-4c35-bea0-fcabb1527060"	"8432"	"5365"	"3794"	"FolkNi20"	"11694"	"650"	19	"https://static.www.nfl.com/image/upload/f_auto,q_auto/league/qf6vaghxuoxqw0pyrvg3"	"K"	4	"REG"	"A01"	"Nick"	"FOL378021"	"32371"	"3200464f-4c37-8021-409f-36e78a589e4b"	2007	2007	"DAL"	178
2026	"ATL"	"K"	"K"	6	"ACT"	"Nick Folk"	"Nick"	"Folk"	"1984-11-05"	73	222	"Arizona"	"00-0025565"	"10621"	"b37c621e-1125-4c35-bea0-fcabb1527060"	"8432"	"5365"	"3794"	"FolkNi20"	"11694"	"650"	19	"https://static.www.nfl.com/image/upload/f_auto,q_auto/league/qf6vaghxuoxqw0pyrvg3"	null	3	"REG"	"A01"	"Nick"	"FOL378021"	"32371"	"3200464f-4c37-8021-409f-36e78a589e4b"	2007	2007	"DAL"	178
2026	"ATL"	"K"	"K"	6	"ACT"	"Nick Folk"	"Nick"	"Folk"	"1984-11-05"	73	222	"Arizona"	"00-0025565"	"10621"	"b37c621e-1125-4c35-bea0-fcabb1527060"	"8432"	"5365"	"3794"	"FolkNi20"	"11694"	"650"	19	"https://static.www.nfl.com/image/upload/f_auto,q_auto/league/qf6vaghxuoxqw0pyrvg3"	null	2	"REG"	"A01"	"Nick"	"FOL378021"	"32371"	"3200464f-4c37-8021-409f-36e78a589e4b"	2007	2007	"DAL"	178
2026	"IND"	"WR"	"WR"	10	"ACT"	"Keenan Allen"	"Keenan"	"Allen"	"1992-04-27"	74	211	"California"	"00-0030279"	"15818"	"5f424505-f29f-433c-b3f2-1a143a04a010"	"26699"	"8627"	"7857"	"AlleKe00"	"15076"	"1479"	13	"https://static.www.nfl.com/image/upload/f_auto,q_auto/league/ri267r6lzfwarh89hsn6"	"WR"	3	"REG"	"A01"	"Keenan"	"ALL532966"	"40024"	"3200414c-4c53-2966-dfa9-55ae464e7b3d"	2013	2013	"SD"	76
2026	"IND"	"WR"	"WR"	10	"INA"	"Keenan Allen"	"Keenan"	"Allen"	"1992-04-27"	74	211	"California"	"00-0030279"	"15818"	"5f424505-f29f-433c-b3f2-1a143a04a010"	"26699"	"8627"	"7857"	"AlleKe00"	"15076"	"1479"	13	"https://static.www.nfl.com/image/upload/f_auto,q_auto/league/ri267r6lzfwarh89hsn6"	null	4	"REG"	"A01"	"Keenan"	"ALL532966"	"40024"	"3200414c-4c53-2966-dfa9-55ae464e7b3d"	2013	2013	"SD"	76
2026	"IND"	"WR"	"WR"	10	"ACT"	"Keenan Allen"	"Keenan"	"Allen"	"1992-04-27"	74	211	"California"	"00-0030279"	"15818"	"5f424505-f29f-433c-b3f2-1a143a04a010"	"26699"	"8627"	"7857"	"AlleKe00"	"15076"	"1479"	13	"https://static.www.nfl.com/image/upload/f_auto,q_auto/league/ri267r6lzfwarh89hsn6"	"WR"	1	"REG"	"A01"	"Keenan"	"ALL532966"	"40024"	"3200414c-4c53-2966-dfa9-55ae464e7b3d"	2013	2013	"SD"	76
2026	"IND"	"WR"	"WR"	10	"ACT"	"Keenan Allen"	"Keenan"	"Allen"	"1992-04-27"	74	211	"California"	"00-0030279"	"15818"	"5f424505-f29f-433c-b3f2-1a143a04a010"	"26699"	"8627"	"7857"	"AlleKe00"	"15076"	"1479"	13	"https://static.www.nfl.com/image/upload/f_auto,q_auto/league/ri267r6lzfwarh89hsn6"	"WR"	2	"REG"	"A01"	"Keenan"	"ALL532966"	"40024"	"3200414c-4c53-2966-dfa9-55ae464e7b3d"	2013	2013	"SD"	76
2026	"PIT"	"K"	"K"	9	"ACT"	"Chris Boswell"	"Chris"	"Boswell"	"1991-03-16"	74	185	"Rice"	"00-0031136"	"17372"	"441eb531-1ec8-4f65-9174-78bc6adada63"	"28188"	"9646"	"8990"	"BoswCh00"	"16191"	"1945"	12	"https://static.www.nfl.com/image/upload/f_auto,q_auto/league/rxbnhvnfjmheuryvdmuf"	"K"	4	"REG"	"A01"	"Chris"	"BOS743355"	"41953"	"3200424f-5374-3355-5a91-480dcb22e23b"	2014	2014	null	null
2026	"PIT"	"K"	"K"	9	"ACT"	"Chris Boswell"	"Chris"	"Boswell"	"1991-03-16"	74	185	"Rice"	"00-0031136"	"17372"	"441eb531-1ec8-4f65-9174-78bc6adada63"	"28188"	"9646"	"8990"	"BoswCh00"	"16191"	"1945"	12	"https://static.www.nfl.com/image/upload/f_auto,q_auto/league/rxbnhvnfjmheuryvdmuf"	null	1	"REG"	"A01"	"Chris"	"BOS743355"	"41953"	"3200424f-5374-3355-5a91-480dcb22e23b"	2014	2014	null	null
2026	"PIT"	"K"	"K"	9	"ACT"	"Chris Boswell"	"Chris"	"Boswell"	"1991-03-16"	74	185	"Rice"	"00-0031136"	"17372"	"441eb531-1ec8-4f65-9174-78bc6adada63"	"28188"	"9646"	"8990"	"BoswCh00"	"16191"	"1945"	12	"https://static.www.nfl.com/image/upload/f_auto,q_auto/league/rxbnhvnfjmheuryvdmuf"	null	2	"REG"	"A01"	"Chris"	"BOS743355"	"41953"	"3200424f-5374-3355-5a91-480dcb22e23b"	2014	2014	null	null
2026	"PIT"	"K"	"K"	9	"ACT"	"Chris Boswell"	"Chris"	"Boswell"	"1991-03-16"	74	185	"Rice"	"00-0031136"	"17372"	"441eb531-1ec8-4f65-9174-78bc6adada63"	"28188"	"9646"	"8990"	"BoswCh00"	"16191"	"1945"	12	"https://static.www.nfl.com/image/upload/f_auto,q_auto/league/rxbnhvnfjmheuryvdmuf"	"K"	3	"REG"	"A01"	"Chris"	"BOS743355"	"41953"	"3200424f-5374-3355-5a91-480dcb22e23b"	2014	2014	null	null
2026	"CHI"	"K"	"K"	8	"ACT"	"Cairo Santos"	"Cairo"	"Santos"	"1991-11-12"	68	173	"Tulane"	"00-0031203"	"17427"	"d96ff17c-841a-4768-8e08-3a4cfcb7f717"	"28227"	"9633"	"8932"	"SantCa01"	"16301"	"2020"	12	"https://static.www.nfl.com/image/upload/f_auto,q_auto/league/tz5ecjri52gwpoo9s7be"	"K"	3	"REG"	"A01"	"Cairo"	"SAN796299"	"41991"	"32005341-4e79-6299-852e-b177eee92780"	2014	2014	null	null
2026	"CHI"	"K"	"K"	8	"ACT"	"Cairo Santos"	"Cairo"	"Santos"	"1991-11-12"	68	173	"Tulane"	"00-0031203"	"17427"	"d96ff17c-841a-4768-8e08-3a4cfcb7f717"	"28227"	"9633"	"8932"	"SantCa01"	"16301"	"2020"	12	"https://static.www.nfl.com/image/upload/f_auto,q_auto/league/tz5ecjri52gwpoo9s7be"	null	1	"REG"	"A01"	"Cairo"	"SAN796299"	"41991"	"32005341-4e79-6299-852e-b177eee92780"	2014	2014	null	null
2026	"CHI"	"K"	"K"	8	"ACT"	"Cairo Santos"	"Cairo"	"Santos"	"1991-11-12"	68	173	"Tulane"	"00-0031203"	"17427"	"d96ff17c-841a-4768-8e08-3a4cfcb7f717"	"28227"	"9633"	"8932"	"SantCa01"	"16301"	"2020"	12	"https://static.www.nfl.com/image/upload/f_auto,q_auto/league/tz5ecjri52gwpoo9s7be"	null	2	"REG"	"A01"	"Cairo"	"SAN796299"	"41991"	"32005341-4e79-6299-852e-b177eee92780"	2014	2014	null	null
2026	"CHI"	"K"	"K"	8	"ACT"	"Cairo Santos"	"Cairo"	"Santos"	"1991-11-12"	68	173	"Tulane"	"00-0031203"	"17427"	"d96ff17c-841a-4768-8e08-3a4cfcb7f717"	"28227"	"9633"	"8932"	"SantCa01"	"16301"	"2020"	12	"https://static.www.nfl.com/image/upload/f_auto,q_auto/league/tz5ecjri52gwpoo9s7be"	"FK"	4	"REG"	"A01"	"Cairo"	"SAN796299"	"41991"	"32005341-4e79-6299-852e-b177eee92780"	2014	2014	null	null
2026	"NYG"	"TE"	"TE"	85	"ACT"	"Chris Manhertz"	"Chris"	"Manhertz"	"1992-04-10"	78	235	"Canisius College"	"00-0031484"	"2531358"	"7c7b5515-7786-4e24-9ce0-34e6a8bd5727"	"28365"	"10033"	"10211"	"ManhCh00"	"17762"	"3048"	11	"https://static.www.nfl.com/image/upload/f_auto,q_auto/league/bw0kytk1nwrdln9t3wzg"	"TE"	4	"REG"	"A01"	"Chris"	"MAN285874"	"42302"	"32004d41-4e28-5874-8b5c-b485778d40fc"	2015	2015	null	null
2026	"NYG"	"TE"	"TE"	85	"ACT"	"Chris Manhertz"	"Chris"	"Manhertz"	"1992-04-10"	78	235	"Canisius College"	"00-0031484"	"2531358"	"7c7b5515-7786-4e24-9ce0-34e6a8bd5727"	"28365"	"10033"	"10211"	"ManhCh00"	"17762"	"3048"	11	"https://static.www.nfl.com/image/upload/f_auto,q_auto/league/bw0kytk1nwrdln9t3wzg"	"TE"	3	"REG"	"A01"	"Chris"	"MAN285874"	"42302"	"32004d41-4e28-5874-8b5c-b485778d40fc"	2015	2015	null	null
2026	"NYG"	"TE"	"TE"	85	"ACT"	"Chris Manhertz"	"Chris"	"Manhertz"	"1992-04-10"	78	235	"Canisius College"	"00-0031484"	"2531358"	"7c7b5515-7786-4e24-9ce0-34e6a8bd5727"	"28365"	"10033"	"10211"	"ManhCh00"	"17762"	"3048"	11	"https://static.www.nfl.com/image/upload/f_auto,q_auto/league/bw0kytk1nwrdln9t3wzg"	"TE"	1	"REG"	"A01"	"Chris"	"MAN285874"	"42302"	"32004d41-4e28-5874-8b5c-b485778d40fc"	2015	2015	null	null
2026	"NYG"	"TE"	"TE"	85	"ACT"	"Chris Manhertz"	"Chris"	"Manhertz"	"1992-04-10"	78	235	"Canisius College"	"00-0031484"	"2531358"	"7c7b5515-7786-4e24-9ce0-34e6a8bd5727"	"28365"	"10033"	"10211"	"ManhCh00"	"17762"	"3048"	11	"https://static.www.nfl.com/image/upload/f_auto,q_auto/league/bw0kytk1nwrdln9t3wzg"	"TE"	2	"REG"	"A01"	"Chris"	"MAN285874"	"42302"	"32004d41-4e28-5874-8b5c-b485778d40fc"	2015	2015	null	null
2026	"SEA"	"K"	"K"	5	"ACT"	"Jason Myers"	"Jason"	"Myers"	"1991-05-12"	70	190	"Marist"	"00-0031492"	"2473037"	"7af4c94b-529b-4403-ab66-2bfed3fcf0c7"	"28378"	"10157"	"10207"	"MyerJa00"	"17215"	"2747"	11	"https://static.www.nfl.com/image/upload/f_auto,q_auto/league/zcd7q9loflr0t5bsvzig"	null	2	"REG"	"A01"	"Jason"	"MYE407253"	"41175"	"32004d59-4540-7253-949f-65e474226c01"	2015	2015	null	null
2026	"SEA"	"K"	"K"	5	"ACT"	"Jason Myers"	"Jason"	"Myers"	"1991-05-12"	70	190	"Marist"	"00-0031492"	"2473037"	"7af4c94b-529b-4403-ab66-2bfed3fcf0c7"	"28378"	"10157"	"10207"	"MyerJa00"	"17215"	"2747"	11	"https://static.www.nfl.com/image/upload/f_auto,q_auto/league/zcd7q9loflr0t5bsvzig"	"K"	3	"REG"	"A01"	"Jason"	"MYE407253"	"41175"	"32004d59-4540-7253-949f-65e474226c01"	2015	2015	null	null
2026	"SEA"	"K"	"K"	5	"ACT"	"Jason Myers"	"Jason"	"Myers"	"1991-05-12"	70	190	"Marist"	"00-0031492"	"2473037"	"7af4c94b-529b-4403-ab66-2bfed3fcf0c7"	"28378"	"10157"	"10207"	"MyerJa00"	"17215"	"2747"	11	"https://static.www.nfl.com/image/upload/f_auto,q_auto/league/zcd7q9loflr0t5bsvzig"	null	1	"REG"	"A01"	"Jason"	"MYE407253"	"41175"	"32004d59-4540-7253-949f-65e474226c01"	2015	2015	null	null
2026	"SEA"	"K"	"K"	5	"ACT"	"Jason Myers"	"Jason"	"Myers"	"1991-05-12"	70	190	"Marist"	"00-0031492"	"2473037"	"7af4c94b-529b-4403-ab66-2bfed3fcf0c7"	"28378"	"10157"	"10207"	"MyerJa00"	"17215"	"2747"	11	"https://static.www.nfl.com/image/upload/f_auto,q_auto/league/zcd7q9loflr0t5bsvzig"	"FK"	4	"REG"	"A01"	"Jason"	"MYE407253"	"41175"	"32004d59-4540-7253-949f-65e474226c01"	2015	2015	null	null
2026	"DEN"	"K"	"K"	3	"ACT"	"Wil Lutz"	"William"	"Lutz"	"1994-07-07"	71	184	"Georgia State"	"00-0032569"	"2985659"	"c4cf84d0-6022-4ac1-a9ba-85587921c53f"	"29754"	"11309"	"11096"	"LutzWi00"	"18478"	"3678"	10	"https://static.www.nfl.com/image/upload/f_auto,q_auto/league/vcglg5vsgbiyggwibgy0"	"K"	3	"REG"	"A01"	"Wil"	"LUT811045"	"43689"	"32004c55-5481-1045-8775-985bb1539a57"	2016	2016	null	null
2026	"DEN"	"K"	"K"	3	"ACT"	"Wil Lutz"	"William"	"Lutz"	"1994-07-07"	71	184	"Georgia State"	"00-0032569"	"2985659"	"c4cf84d0-6022-4ac1-a9ba-85587921c53f"	"29754"	"11309"	"11096"	"LutzWi00"	"18478"	"3678"	10	"https://static.www.nfl.com/image/upload/f_auto,q_auto/league/vcglg5vsgbiyggwibgy0"	null	1	"REG"	"A01"	"Wil"	"LUT811045"	"43689"	"32004c55-5481-1045-8775-985bb1539a57"	2016	2016	null	null
2026	"DEN"	"K"	"K"	3	"ACT"	"Wil Lutz"	"William"	"Lutz"	"1994-07-07"	71	184	"Georgia State"	"00-0032569"	"2985659"	"c4cf84d0-6022-4ac1-a9ba-85587921c53f"	"29754"	"11309"	"11096"	"LutzWi00"	"18478"	"3678"	10	"https://static.www.nfl.com/image/upload/f_auto,q_auto/league/vcglg5vsgbiyggwibgy0"	"K"	4	"REG"	"A01"	"Wil"	"LUT811045"	"43689"	"32004c55-5481-1045-8775-985bb1539a57"	2016	2016	null	null
2026	"DEN"	"K"	"K"	3	"ACT"	"Wil Lutz"	"William"	"Lutz"	"1994-07-07"	71	184	"Georgia State"	"00-0032569"	"2985659"	"c4cf84d0-6022-4ac1-a9ba-85587921c53f"	"29754"	"11309"	"11096"	"LutzWi00"	"18478"	"3678"	10	"https://static.www.nfl.com/image/upload/f_auto,q_auto/league/vcglg5vsgbiyggwibgy0"	null	2	"REG"	"A01"	"Wil"	"LUT811045"	"43689"	"32004c55-5481-1045-8775-985bb1539a57"	2016	2016	null	null
2026	"HOU"	"K"	"K"	15	"ACT"	"Ka'imi Fairbairn"	"John"	"Fairbairn"	"1994-01-29"	72	183	"UCLA"	"00-0032726"	"2971573"	"203b60aa-cb94-499c-a4ca-d3c6b94dddc4"	"29792"	"11031"	"11161"	"FairKa01"	"18215"	"3451"	10	"https://static.www.nfl.com/image/upload/f_auto,q_auto/league/nbrs7doetqydf2rzhjjl"	"K"	3	"REG"	"A01"	"Ka'imi"	"FAI144264"	"43846"	"32004641-4914-4264-2765-80ae068118ab"	2016	2016	null	null
2026	"HOU"	"K"	"K"	15	"ACT"	"Ka'imi Fairbairn"	"John"	"Fairbairn"	"1994-01-29"	72	183	"UCLA"	"00-0032726"	"2971573"	"203b60aa-cb94-499c-a4ca-d3c6b94dddc4"	"29792"	"11031"	"11161"	"FairKa01"	"18215"	"3451"	10	"https://static.www.nfl.com/image/upload/f_auto,q_auto/league/nbrs7doetqydf2rzhjjl"	null	2	"REG"	"A01"	"Ka'imi"	"FAI144264"	"43846"	"32004641-4914-4264-2765-80ae068118ab"	2016	2016	null	null
2026	"HOU"	"K"	"K"	15	"ACT"	"Ka'imi Fairbairn"	"John"	"Fairbairn"	"1994-01-29"	72	183	"UCLA"	"00-0032726"	"2971573"	"203b60aa-cb94-499c-a4ca-d3c6b94dddc4"	"29792"	"11031"	"11161"	"FairKa01"	"18215"	"3451"	10	"https://static.www.nfl.com/image/upload/f_auto,q_auto/league/nbrs7doetqydf2rzhjjl"	null	1	"REG"	"A01"	"Ka'imi"	"FAI144264"	"43846"	"32004641-4914-4264-2765-80ae068118ab"	2016	2016	null	null
2026	"HOU"	"K"	"K"	15	"ACT"	"Ka'imi Fairbairn"	"John"	"Fairbairn"	"1994-01-29"	72	183	"UCLA"	"00-0032726"	"2971573"	"203b60aa-cb94-499c-a4ca-d3c6b94dddc4"	"29792"	"11031"	"11161"	"FairKa01"	"18215"	"3451"	10	"https://static.www.nfl.com/image/upload/f_auto,q_auto/league/nbrs7doetqydf2rzhjjl"	"FK"	4	"REG"	"A01"	"Ka'imi"	"FAI144264"	"43846"	"32004641-4914-4264-2765-80ae068118ab"	2016	2016	null	null
2026	"BAL"	"RB"	"RB"	22	"ACT"	"Derrick Henry"	"Derrick"	"Henry"	"1994-01-04"	75	252	"Alabama"	"00-0032764"	"3043078"	"87c481c7-7414-43cc-82df-19ca0c2ae22e"	"29279"	"10819"	"10679"	"HenrDe00"	"17959"	"3198"	10	"https://static.www.nfl.com/image/upload/f_auto,q_auto/league/tm79x0iknqg6hms3ypyt"	"RB"	4	"REG"	"A01"	"Derrick"	"HEN602843"	"43334"	"32004845-4e60-2843-9b64-3cd8fac319c3"	2016	2016	"TEN"	45
2026	"BAL"	"RB"	"RB"	22	"ACT"	"Derrick Henry"	"Derrick"	"Henry"	"1994-01-04"	75	252	"Alabama"	"00-0032764"	"3043078"	"87c481c7-7414-43cc-82df-19ca0c2ae22e"	"29279"	"10819"	"10679"	"HenrDe00"	"17959"	"3198"	10	"https://static.www.nfl.com/image/upload/f_auto,q_auto/league/tm79x0iknqg6hms3ypyt"	"RB"	2	"REG"	"A01"	"Derrick"	"HEN602843"	"43334"	"32004845-4e60-2843-9b64-3cd8fac319c3"	2016	2016	"TEN"	45
2026	"BAL"	"RB"	"RB"	22	"ACT"	"Derrick Henry"	"Derrick"	"Henry"	"1994-01-04"	75	252	"Alabama"	"00-0032764"	"3043078"	"87c481c7-7414-43cc-82df-19ca0c2ae22e"	"29279"	"10819"	"10679"	"HenrDe00"	"17959"	"3198"	10	"https://static.www.nfl.com/image/upload/f_auto,q_auto/league/tm79x0iknqg6hms3ypyt"	"RB"	3	"REG"	"A01"	"Derrick"	"HEN602843"	"43334"	"32004845-4e60-2843-9b64-3cd8fac319c3"	2016	2016	"TEN"	45
2026	"BAL"	"RB"	"RB"	22	"ACT"	"Derrick Henry"	"Derrick"	"Henry"	"1994-01-04"	75	252	"Alabama"	"00-0032764"	"3043078"	"87c481c7-7414-43cc-82df-19ca0c2ae22e"	"29279"	"10819"	"10679"	"HenrDe00"	"17959"	"3198"	10	"https://static.www.nfl.com/image/upload/f_auto,q_auto/league/tm79x0iknqg6hms3ypyt"	"RB"	1	"REG"	"A01"	"Derrick"	"HEN602843"	"43334"	"32004845-4e60-2843-9b64-3cd8fac319c3"	2016	2016	"TEN"	45
2026	"NE"	"TE"	"TE"	85	"ACT"	"Hunter Henry"	"Hunter"	"Henry"	"1994-12-07"	77	250	"Arkansas"	"00-0033090"	"3046439"	"705899da-3c20-4bc3-b5d0-2e6e40655131"	"29269"	"10735"	"10669"	"HenrHu00"	"17975"	"3214"	10	"https://static.www.nfl.com/image/upload/f_auto,q_auto/league/cvlunbqgztudbhjrug7l"	"TE"	3	"REG"	"A01"	"Hunter"	"HEN617052"	"43324"	"32004845-4e61-7052-805d-daad1175a3b2"	2016	2016	"SD"	35
2026	"NE"	"TE"	"TE"	85	"ACT"	"Hunter Henry"	"Hunter"	"Henry"	"1994-12-07"	77	250	"Arkansas"	"00-0033090"	"3046439"	"705899da-3c20-4bc3-b5d0-2e6e40655131"	"29269"	"10735"	"10669"	"HenrHu00"	"17975"	"3214"	10	"https://static.www.nfl.com/image/upload/f_auto,q_auto/league/cvlunbqgztudbhjrug7l"	"TE"	1	"REG"	"A01"	"Hunter"	"HEN617052"	"43324"	"32004845-4e61-7052-805d-daad1175a3b2"	2016	2016	"SD"	35
2026	"NE"	"TE"	"TE"	85	"ACT"	"Hunter Henry"	"Hunter"	"Henry"	"1994-12-07"	77	250	"Arkansas"	"00-0033090"	"3046439"	"705899da-3c20-4bc3-b5d0-2e6e40655131"	"29269"	"10735"	"10669"	"HenrHu00"	"17975"	"3214"	10	"https://static.www.nfl.com/image/upload/f_auto,q_auto/league/cvlunbqgztudbhjrug7l"	"TE"	2	"REG"	"A01"	"Hunter"	"HEN617052"	"43324"	"32004845-4e61-7052-805d-daad1175a3b2"	2016	2016	"SD"	35
2026	"NE"	"TE"	"TE"	85	"ACT"	"Hunter Henry"	"Hunter"	"Henry"	"1994-12-07"	77	250	"Arkansas"	"00-0033090"	"3046439"	"705899da-3c20-4bc3-b5d0-2e6e40655131"	"29269"	"10735"	"10669"	"HenrHu00"	"17975"	"3214"	10	"https://static.www.nfl.com/image/upload/f_auto,q_auto/league/cvlunbqgztudbhjrug7l"	"TE"	4	"REG"	"A01"	"Hunter"	"HEN617052"	"43324"	"32004845-4e61-7052-805d-daad1175a3b2"	2016	2016	"SD"	35
2026	"KC"	"K"	"K"	7	"ACT"	"Harrison Butker"	"Harrison"	"Butker"	"1995-07-14"	76	205	"Georgia Tech"	"00-0033303"	"3055899"	"4ceb866c-8eaf-49b5-9043-56228e43a2e5"	"30346"	"11783"	"11988"	"ButkHa00"	"19073"	"4227"	9	"https://static.www.nfl.com/image/upload/f_auto,q_auto/league/yphf8avl8ji0ncdohabz"	null	1	"REG"	"A01"	"Harrison"	"BUT061642"	"45046"	"32004255-5406-1642-3745-75ce5dec0422"	2017	2017	"CAR"	233
2026	"KC"	"K"	"K"	7	"ACT"	"Harrison Butker"	"Harrison"	"Butker"	"1995-07-14"	76	205	"Georgia Tech"	"00-0033303"	"3055899"	"4ceb866c-8eaf-49b5-9043-56228e43a2e5"	"30346"	"11783"	"11988"	"ButkHa00"	"19073"	"4227"	9	"https://static.www.nfl.com/image/upload/f_auto,q_auto/league/yphf8avl8ji0ncdohabz"	"FK"	3	"REG"	"A01"	"Harrison"	"BUT061642"	"45046"	"32004255-5406-1642-3745-75ce5dec0422"	2017	2017	"CAR"	233
2026	"KC"	"K"	"K"	7	"ACT"	"Harrison Butker"	"Harrison"	"Butker"	"1995-07-14"	76	205	"Georgia Tech"	"00-0033303"	"3055899"	"4ceb866c-8eaf-49b5-9043-56228e43a2e5"	"30346"	"11783"	"11988"	"ButkHa00"	"19073"	"4227"	9	"https://static.www.nfl.com/image/upload/f_auto,q_auto/league/yphf8avl8ji0ncdohabz"	"K"	4	"REG"	"A01"	"Harrison"	"BUT061642"	"45046"	"32004255-5406-1642-3745-75ce5dec0422"	2017	2017	"CAR"	233
2026	"KC"	"K"	"K"	7	"ACT"	"Harrison Butker"	"Harrison"	"Butker"	"1995-07-14"	76	205	"Georgia Tech"	"00-0033303"	"3055899"	"4ceb866c-8eaf-49b5-9043-56228e43a2e5"	"30346"	"11783"	"11988"	"ButkHa00"	"19073"	"4227"	9	"https://static.www.nfl.com/image/upload/f_auto,q_auto/league/yphf8avl8ji0ncdohabz"	null	2	"REG"	"A01"	"Harrison"	"BUT061642"	"45046"	"32004255-5406-1642-3745-75ce5dec0422"	2017	2017	"CAR"	233
2026	"CIN"	"DL"	"DT"	93	"ACT"	"Jonathan Allen"	"Jonathan"	"Allen"	"1995-01-16"	75	300	"Alabama"	"00-0033523"	"3054840"	"5ba11bd2-e764-4dea-98e1-dad01a21cdd3"	"30130"	"11900"	"11772"	"AlleJo01"	"18875"	"4032"	9	"https://static.www.nfl.com/image/upload/f_auto,q_auto/league/pkrndcps9i443i4wyshq"	"INTERIOR_LINE"	4	"REG"	"A01"	"Jonathan"	"ALL512725"	"44829"	"3200414c-4c51-2725-ce7e-b1e4e850afe5"	2017	2017	"WAS"	17
2026	"CIN"	"DL"	"DT"	93	"ACT"	"Jonathan Allen"	"Jonathan"	"Allen"	"1995-01-16"	75	300	"Alabama"	"00-0033523"	"3054840"	"5ba11bd2-e764-4dea-98e1-dad01a21cdd3"	"30130"	"11900"	"11772"	"AlleJo01"	"18875"	"4032"	9	"https://static.www.nfl.com/image/upload/f_auto,q_auto/league/pkrndcps9i443i4wyshq"	"INTERIOR_LINE"	1	"REG"	"A01"	"Jonathan"	"ALL512725"	"44829"	"3200414c-4c51-2725-ce7e-b1e4e850afe5"	2017	2017	"WAS"	17
2026	"CIN"	"DL"	"DT"	93	"ACT"	"Jonathan Allen"	"Jonathan"	"Allen"	"1995-01-16"	75	300	"Alabama"	"00-0033523"	"3054840"	"5ba11bd2-e764-4dea-98e1-dad01a21cdd3"	"30130"	"11900"	"11772"	"AlleJo01"	"18875"	"4032"	9	"https://static.www.nfl.com/image/upload/f_auto,q_auto/league/pkrndcps9i443i4wyshq"	"INTERIOR_LINE"	2	"REG"	"A01"	"Jonathan"	"ALL512725"	"44829"	"3200414c-4c51-2725-ce7e-b1e4e850afe5"	2017	2017	"WAS"	17
2026	"CIN"	"DL"	"DT"	93	"ACT"	"Jonathan Allen"	"Jonathan"	"Allen"	"1995-01-16"	75	300	"Alabama"	"00-0033523"	"3054840"	"5ba11bd2-e764-4dea-98e1-dad01a21cdd3"	"30130"	"11900"	"11772"	"AlleJo01"	"18875"	"4032"	9	"https://static.www.nfl.com/image/upload/f_auto,q_auto/league/pkrndcps9i443i4wyshq"	"INTERIOR_LINE"	3	"REG"	"A01"	"Jonathan"	"ALL512725"	"44829"	"3200414c-4c51-2725-ce7e-b1e4e850afe5"	2017	2017	"WAS"	17
2026	"PHI"	"K"	"K"	4	"ACT"	"Jake Elliott"	"Jake"	"Elliott"	"1995-01-21"	69	167	"Memphis"	"00-0033787"	"3050478"	"059e5bb7-1842-4558-9aaf-77c352a21216"	"30266"	"12203"	"11908"	"ElliJa03"	"19041"	"4195"	9	"https://static.www.nfl.com/image/upload/f_auto,q_auto/league/gxy1mhbnz1p2nufkg8qz"	null	1	"REG"	"A01"	"Jake"	"ELL296383"	"44966"	"3200454c-4c29-6383-45c6-7b06fb12848c"	2017	2017	"CIN"	153
2026	"PHI"	"K"	"K"	4	"ACT"	"Jake Elliott"	"Jake"	"Elliott"	"1995-01-21"	69	167	"Memphis"	"00-0033787"	"3050478"	"059e5bb7-1842-4558-9aaf-77c352a21216"	"30266"	"12203"	"11908"	"ElliJa03"	"19041"	"4195"	9	"https://static.www.nfl.com/image/upload/f_auto,q_auto/league/gxy1mhbnz1p2nufkg8qz"	"K"	4	"REG"	"A01"	"Jake"	"ELL296383"	"44966"	"3200454c-4c29-6383-45c6-7b06fb12848c"	2017	2017	"CIN"	153
2026	"PHI"	"K"	"K"	4	"ACT"	"Jake Elliott"	"Jake"	"Elliott"	"1995-01-21"	69	167	"Memphis"	"00-0033787"	"3050478"	"059e5bb7-1842-4558-9aaf-77c352a21216"	"30266"	"12203"	"11908"	"ElliJa03"	"19041"	"4195"	9	"https://static.www.nfl.com/image/upload/f_auto,q_auto/league/gxy1mhbnz1p2nufkg8qz"	null	2	"REG"	"A01"	"Jake"	"ELL296383"	"44966"	"3200454c-4c29-6383-45c6-7b06fb12848c"	2017	2017	"CIN"	153
2026	"PHI"	"K"	"K"	4	"ACT"	"Jake Elliott"	"Jake"	"Elliott"	"1995-01-21"	69	167	"Memphis"	"00-0033787"	"3050478"	"059e5bb7-1842-4558-9aaf-77c352a21216"	"30266"	"12203"	"11908"	"ElliJa03"	"19041"	"4195"	9	"https://static.www.nfl.com/image/upload/f_auto,q_auto/league/gxy1mhbnz1p2nufkg8qz"	"FK"	3	"REG"	"A01"	"Jake"	"ELL296383"	"44966"	"3200454c-4c29-6383-45c6-7b06fb12848c"	2017	2017	"CIN"	153
2026	"NO"	"K"	"K"	10	"ACT"	"Daniel Carlson"	"Daniel"	"Carlson"	"1995-01-23"	77	222	"Auburn"	"00-0034161"	"3051909"	"7bb70550-c28a-4e47-9a13-cc0c0fef8b38"	"31137"	"12842"	"28121"	"CarlDa00"	"19989"	"5095"	8	"https://static.www.nfl.com/image/upload/f_auto,q_auto/league/gsvj7rtvqwbwdeho8whf"	null	1	"REG"	"A01"	"Daniel"	"CAR116166"	"46236"	"32004341-5211-6166-a413-500a4850fe60"	2018	2018	"MIN"	167
2026	"NO"	"K"	"K"	10	"ACT"	"Daniel Carlson"	"Daniel"	"Carlson"	"1995-01-23"	77	222	"Auburn"	"00-0034161"	"3051909"	"7bb70550-c28a-4e47-9a13-cc0c0fef8b38"	"31137"	"12842"	"28121"	"CarlDa00"	"19989"	"5095"	8	"https://static.www.nfl.com/image/upload/f_auto,q_auto/league/gsvj7rtvqwbwdeho8whf"	"FK"	3	"REG"	"A01"	"Daniel"	"CAR116166"	"46236"	"32004341-5211-6166-a413-500a4850fe60"	2018	2018	"MIN"	167
2026	"NO"	"K"	"K"	10	"ACT"	"Daniel Carlson"	"Daniel"	"Carlson"	"1995-01-23"	77	222	"Auburn"	"00-0034161"	"3051909"	"7bb70550-c28a-4e47-9a13-cc0c0fef8b38"	"31137"	"12842"	"28121"	"CarlDa00"	"19989"	"5095"	8	"https://static.www.nfl.com/image/upload/f_auto,q_auto/league/gsvj7rtvqwbwdeho8whf"	null	2	"REG"	"A01"	"Daniel"	"CAR116166"	"46236"	"32004341-5211-6166-a413-500a4850fe60"	2018	2018	"MIN"	167
2026	"NO"	"K"	"K"	10	"ACT"	"Daniel Carlson"	"Daniel"	"Carlson"	"1995-01-23"	77	222	"Auburn"	"00-0034161"	"3051909"	"7bb70550-c28a-4e47-9a13-cc0c0fef8b38"	"31137"	"12842"	"28121"	"CarlDa00"	"19989"	"5095"	8	"https://static.www.nfl.com/image/upload/f_auto,q_auto/league/gsvj7rtvqwbwdeho8whf"	"FK"	4	"REG"	"A01"	"Daniel"	"CAR116166"	"46236"	"32004341-5211-6166-a413-500a4850fe60"	2018	2018	"MIN"	167
2026	"SF"	"K"	"K"	18	"ACT"	"Eddy Pineiro"	"Eddy"	"Pineiro"	"1995-09-13"	71	190	"Florida"	"00-0034173"	"4034949"	"1c50997f-c56e-47f9-a750-33ab100ed28b"	"31482"	"12582"	"44140"	"PineEd00"	"20149"	"5189"	8	"https://static.www.nfl.com/image/upload/f_auto,q_auto/league/v3vtl2t4dfzkueanjfwc"	null	2	"REG"	"A01"	"Eddy"	"PIN375542"	"46426"	"32005049-4e37-5542-2bc1-1264cee3959d"	2018	2018	null	null
2026	"SF"	"K"	"K"	18	"ACT"	"Eddy Pineiro"	"Eddy"	"Pineiro"	"1995-09-13"	71	190	"Florida"	"00-0034173"	"4034949"	"1c50997f-c56e-47f9-a750-33ab100ed28b"	"31482"	"12582"	"44140"	"PineEd00"	"20149"	"5189"	8	"https://static.www.nfl.com/image/upload/f_auto,q_auto/league/v3vtl2t4dfzkueanjfwc"	"FK"	4	"REG"	"A01"	"Eddy"	"PIN375542"	"46426"	"32005049-4e37-5542-2bc1-1264cee3959d"	2018	2018	null	null
2026	"SF"	"K"	"K"	18	"ACT"	"Eddy Pineiro"	"Eddy"	"Pineiro"	"1995-09-13"	71	190	"Florida"	"00-0034173"	"4034949"	"1c50997f-c56e-47f9-a750-33ab100ed28b"	"31482"	"12582"	"44140"	"PineEd00"	"20149"	"5189"	8	"https://static.www.nfl.com/image/upload/f_auto,q_auto/league/v3vtl2t4dfzkueanjfwc"	null	1	"REG"	"A01"	"Eddy"	"PIN375542"	"46426"	"32005049-4e37-5542-2bc1-1264cee3959d"	2018	2018	null	null
2026	"SF"	"K"	"K"	18	"ACT"	"Eddy Pineiro"	"Eddy"	"Pineiro"	"1995-09-13"	71	190	"Florida"	"00-0034173"	"4034949"	"1c50997f-c56e-47f9-a750-33ab100ed28b"	"31482"	"12582"	"44140"	"PineEd00"	"20149"	"5189"	8	"https://static.www.nfl.com/image/upload/f_auto,q_auto/league/v3vtl2t4dfzkueanjfwc"	"FK"	3	"REG"	"A01"	"Eddy"	"PIN375542"	"46426"	"32005049-4e37-5542-2bc1-1264cee3959d"	2018	2018	null	null
2026	"BUF"	"QB"	"QB"	11	"ACT"	"Kyle Allen"	"Kyle"	"Allen"	"1996-03-08"	75	211	"Houston; Texas A&M"	"00-0034577"	"3115293"	"d2023f5b-f73b-43ad-a816-f10dadfdfaed"	"31301"	"12623"	"26152"	"AlleKy00"	"20053"	"5127"	8	"https://static.www.nfl.com/image/upload/f_auto,q_auto/league/s3vbqdcoc6oc6yh460v9"	null	3	"REG"	"A01"	"Kyle"	"ALL543234"	"46761"	"3200414c-4c54-3234-6e5f-74f0c92c233b"	2018	2018	null	null
2026	"BUF"	"QB"	"QB"	11	"ACT"	"Kyle Allen"	"Kyle"	"Allen"	"1996-03-08"	75	211	"Houston; Texas A&M"	"00-0034577"	"3115293"	"d2023f5b-f73b-43ad-a816-f10dadfdfaed"	"31301"	"12623"	"26152"	"AlleKy00"	"20053"	"5127"	8	"https://static.www.nfl.com/image/upload/f_auto,q_auto/league/s3vbqdcoc6oc6yh460v9"	null	2	"REG"	"A01"	"Kyle"	"ALL543234"	"46761"	"3200414c-4c54-3234-6e5f-74f0c92c233b"	2018	2018	null	null
2026	"BUF"	"QB"	"QB"	11	"ACT"	"Kyle Allen"	"Kyle"	"Allen"	"1996-03-08"	75	211	"Houston; Texas A&M"	"00-0034577"	"3115293"	"d2023f5b-f73b-43ad-a816-f10dadfdfaed"	"31301"	"12623"	"26152"	"AlleKy00"	"20053"	"5127"	8	"https://static.www.nfl.com/image/upload/f_auto,q_auto/league/s3vbqdcoc6oc6yh460v9"	null	1	"REG"	"A01"	"Kyle"	"ALL543234"	"46761"	"3200414c-4c54-3234-6e5f-74f0c92c233b"	2018	2018	null	null
2026	"BUF"	"QB"	"QB"	11	"ACT"	"Kyle Allen"	"Kyle"	"Allen"	"1996-03-08"	75	211	"Houston; Texas A&M"	"00-0034577"	"3115293"	"d2023f5b-f73b-43ad-a816-f10dadfdfaed"	"31301"	"12623"	"26152"	"AlleKy00"	"20053"	"5127"	8	"https://static.www.nfl.com/image/upload/f_auto,q_auto/league/s3vbqdcoc6oc6yh460v9"	null	4	"REG"	"A01"	"Kyle"	"ALL543234"	"46761"	"3200414c-4c54-3234-6e5f-74f0c92c233b"	2018	2018	null	null
2026	"NYJ"	"K"	"K"	19	"ACT"	"Jason Sanders"	"Jason"	"Sanders"	"1995-11-16"	71	186	"New Mexico"	"00-0034794"	"3124679"	"5ffb654f-0de5-424b-aa2f-ad511deb5b51"	"31199"	"13007"	"29578"	"SandJa00"	"20033"	"5119"	8	"https://static.www.nfl.com/image/upload/f_auto,q_auto/league/k3ldptfygihmqgl2eir6"	null	1	"REG"	"A01"	"Jason"	"SAN342927"	"46298"	"32005341-4e34-2927-2811-bd19803d48d3"	2018	2018	"MIA"	229
2026	"NYJ"	"K"	"K"	19	"ACT"	"Jason Sanders"	"Jason"	"Sanders"	"1995-11-16"	71	186	"New Mexico"	"00-0034794"	"3124679"	"5ffb654f-0de5-424b-aa2f-ad511deb5b51"	"31199"	"13007"	"29578"	"SandJa00"	"20033"	"5119"	8	"https://static.www.nfl.com/image/upload/f_auto,q_auto/league/k3ldptfygihmqgl2eir6"	"K"	3	"REG"	"A01"	"Jason"	"SAN342927"	"46298"	"32005341-4e34-2927-2811-bd19803d48d3"	2018	2018	"MIA"	229
2026	"NYJ"	"K"	"K"	19	"ACT"	"Jason Sanders"	"Jason"	"Sanders"	"1995-11-16"	71	186	"New Mexico"	"00-0034794"	"3124679"	"5ffb654f-0de5-424b-aa2f-ad511deb5b51"	"31199"	"13007"	"29578"	"SandJa00"	"20033"	"5119"	8	"https://static.www.nfl.com/image/upload/f_auto,q_auto/league/k3ldptfygihmqgl2eir6"	null	2	"REG"	"A01"	"Jason"	"SAN342927"	"46298"	"32005341-4e34-2927-2811-bd19803d48d3"	2018	2018	"MIA"	229
2026	"NYJ"	"K"	"K"	19	"ACT"	"Jason Sanders"	"Jason"	"Sanders"	"1995-11-16"	71	186	"New Mexico"	"00-0034794"	"3124679"	"5ffb654f-0de5-424b-aa2f-ad511deb5b51"	"31199"	"13007"	"29578"	"SandJa00"	"20033"	"5119"	8	"https://static.www.nfl.com/image/upload/f_auto,q_auto/league/k3ldptfygihmqgl2eir6"	"K"	4	"REG"	"A01"	"Jason"	"SAN342927"	"46298"	"32005341-4e34-2927-2811-bd19803d48d3"	2018	2018	"MIA"	229
2026	"BUF"	"QB"	"QB"	17	"ACT"	"Josh Allen"	"Joshua"	"Allen"	"1996-05-21"	77	237	"Wyoming; Reedley"	"00-0034857"	"3918298"	"3069db07-aa43-4503-ab11-2ae5c0002721"	"30977"	"12483"	"46601"	"AlleJo02"	"19801"	"4984"	8	"https://static.www.nfl.com/image/upload/f_auto,q_auto/league/mjwbioajzldkq1vzoz2d"	"QB"	2	"REG"	"A01"	"Josh"	"ALL529264"	"46076"	"3200414c-4c52-9264-bedc-c4ddaf201fe7"	2018	2018	"BUF"	7
2026	"BUF"	"QB"	"QB"	17	"ACT"	"Josh Allen"	"Joshua"	"Allen"	"1996-05-21"	77	237	"Wyoming; Reedley"	"00-0034857"	"3918298"	"3069db07-aa43-4503-ab11-2ae5c0002721"	"30977"	"12483"	"46601"	"AlleJo02"	"19801"	"4984"	8	"https://static.www.nfl.com/image/upload/f_auto,q_auto/league/mjwbioajzldkq1vzoz2d"	"QB"	3	"REG"	"A01"	"Josh"	"ALL529264"	"46076"	"3200414c-4c52-9264-bedc-c4ddaf201fe7"	2018	2018	"BUF"	7
2026	"BUF"	"QB"	"QB"	17	"ACT"	"Josh Allen"	"Joshua"	"Allen"	"1996-05-21"	77	237	"Wyoming; Reedley"	"00-0034857"	"3918298"	"3069db07-aa43-4503-ab11-2ae5c0002721"	"30977"	"12483"	"46601"	"AlleJo02"	"19801"	"4984"	8	"https://static.www.nfl.com/image/upload/f_auto,q_auto/league/mjwbioajzldkq1vzoz2d"	"QB"	4	"REG"	"A01"	"Josh"	"ALL529264"	"46076"	"3200414c-4c52-9264-bedc-c4ddaf201fe7"	2018	2018	"BUF"	7
2026	"BUF"	"QB"	"QB"	17	"ACT"	"Josh Allen"	"Joshua"	"Allen"	"1996-05-21"	77	237	"Wyoming; Reedley"	"00-0034857"	"3918298"	"3069db07-aa43-4503-ab11-2ae5c0002721"	"30977"	"12483"	"46601"	"AlleJo02"	"19801"	"4984"	8	"https://static.www.nfl.com/image/upload/f_auto,q_auto/league/mjwbioajzldkq1vzoz2d"	"QB"	1	"REG"	"A01"	"Josh"	"ALL529264"	"46076"	"3200414c-4c52-9264-bedc-c4ddaf201fe7"	2018	2018	"BUF"	7
2026	"SEA"	"DB"	"SS"	20	"ACT"	"Julian Love"	"Julian"	"Love"	"1998-03-19"	71	193	"Notre Dame"	"00-0034974"	"4046675"	"a1052a59-114e-4340-8936-bffb17431300"	"31940"	"13533"	"51081"	"LoveJu00"	"20864"	"5876"	7	"https://static.www.nfl.com/image/upload/f_auto,q_auto/league/l2tncxut7ssqo0ilamxq"	"SAFETY"	2	"REG"	"A01"	"Julian"	"LOV133771"	"47891"	"32004c4f-5613-3771-4f23-34180a3619b8"	2019	2019	"NYG"	108
2026	"SEA"	"DB"	"SS"	20	"INA"	"Julian Love"	"Julian"	"Love"	"1998-03-19"	71	193	"Notre Dame"	"00-0034974"	"4046675"	"a1052a59-114e-4340-8936-bffb17431300"	"31940"	"13533"	"51081"	"LoveJu00"	"20864"	"5876"	7	"https://static.www.nfl.com/image/upload/f_auto,q_auto/league/l2tncxut7ssqo0ilamxq"	null	3	"REG"	"A01"	"Julian"	"LOV133771"	"47891"	"32004c4f-5613-3771-4f23-34180a3619b8"	2019	2019	"NYG"	108
2026	"SEA"	"DB"	"SS"	20	"ACT"	"Julian Love"	"Julian"	"Love"	"1998-03-19"	71	193	"Notre Dame"	"00-0034974"	"4046675"	"a1052a59-114e-4340-8936-bffb17431300"	"31940"	"13533"	"51081"	"LoveJu00"	"20864"	"5876"	7	"https://static.www.nfl.com/image/upload/f_auto,q_auto/league/l2tncxut7ssqo0ilamxq"	"SAFETY"	4	"REG"	"A01"	"Julian"	"LOV133771"	"47891"	"32004c4f-5613-3771-4f23-34180a3619b8"	2019	2019	"NYG"	108
2026	"SEA"	"DB"	"SS"	20	"ACT"	"Julian Love"	"Julian"	"Love"	"1998-03-19"	71	193	"Notre Dame"	"00-0034974"	"4046675"	"a1052a59-114e-4340-8936-bffb17431300"	"31940"	"13533"	"51081"	"LoveJu00"	"20864"	"5876"	7	"https://static.www.nfl.com/image/upload/f_auto,q_auto/league/l2tncxut7ssqo0ilamxq"	"SAFETY"	1	"REG"	"A01"	"Julian"	"LOV133771"	"47891"	"32004c4f-5613-3771-4f23-34180a3619b8"	2019	2019	"NYG"	108
2026	"TEN"	"K"	"K"	6	"ACT"	"Joey Slye"	"Joey"	"Slye"	"1996-04-10"	71	228	"Virginia Tech"	"00-0035192"	"3124084"	"ef4998e0-c9ef-4afe-88ab-d09b48975a08"	"32384"	"14172"	"39235"	"SlyeJo00"	"21519"	"6528"	7	"https://static.www.nfl.com/image/upload/f_auto,q_auto/league/qyugyvvddildncveryob"	null	2	"REG"	"A01"	"Joey"	"SLY207645"	"48337"	"3200534c-5920-7645-69af-45cd1d703cc2"	2019	2019	null	null
2026	"TEN"	"K"	"K"	6	"ACT"	"Joey Slye"	"Joey"	"Slye"	"1996-04-10"	71	228	"Virginia Tech"	"00-0035192"	"3124084"	"ef4998e0-c9ef-4afe-88ab-d09b48975a08"	"32384"	"14172"	"39235"	"SlyeJo00"	"21519"	"6528"	7	"https://static.www.nfl.com/image/upload/f_auto,q_auto/league/qyugyvvddildncveryob"	null	1	"REG"	"A01"	"Joey"	"SLY207645"	"48337"	"3200534c-5920-7645-69af-45cd1d703cc2"	2019	2019	null	null
2026	"TEN"	"K"	"K"	6	"ACT"	"Joey Slye"	"Joey"	"Slye"	"1996-04-10"	71	228	"Virginia Tech"	"00-0035192"	"3124084"	"ef4998e0-c9ef-4afe-88ab-d09b48975a08"	"32384"	"14172"	"39235"	"SlyeJo00"	"21519"	"6528"	7	"https://static.www.nfl.com/image/upload/f_auto,q_auto/league/qyugyvvddildncveryob"	"K"	4	"REG"	"A01"	"Joey"	"SLY207645"	"48337"	"3200534c-5920-7645-69af-45cd1d703cc2"	2019	2019	null	null
2026	"TEN"	"K"	"K"	6	"ACT"	"Joey Slye"	"Joey"	"Slye"	"1996-04-10"	71	228	"Virginia Tech"	"00-0035192"	"3124084"	"ef4998e0-c9ef-4afe-88ab-d09b48975a08"	"32384"	"14172"	"39235"	"SlyeJo00"	"21519"	"6528"	7	"https://static.www.nfl.com/image/upload/f_auto,q_auto/league/qyugyvvddildncveryob"	"FK"	3	"REG"	"A01"	"Joey"	"SLY207645"	"48337"	"3200534c-5920-7645-69af-45cd1d703cc2"	2019	2019	null	null
2026	"DEN"	"DL"	"DE"	99	"ACT"	"Zach Allen"	"Zachary"	"Allen"	"1997-08-20"	76	285	"Boston College"	"00-0035248"	"3915282"	"f68685e7-9904-47bc-b39a-e1c813435385"	"31897"	"13742"	"49605"	"AlleZa01"	"20738"	"5871"	7	"https://static.www.nfl.com/image/upload/f_auto,q_auto/league/ywtnmev7mxnkh1yhbrgx"	"INTERIOR_LINE"	4	"REG"	"A01"	"Zach"	"ALL656181"	"47848"	"3200414c-4c65-6181-7c3f-ad7870f8ae61"	2019	2019	"AZ"	65
2026	"DEN"	"DL"	"DE"	99	"ACT"	"Zach Allen"	"Zachary"	"Allen"	"1997-08-20"	76	285	"Boston College"	"00-0035248"	"3915282"	"f68685e7-9904-47bc-b39a-e1c813435385"	"31897"	"13742"	"49605"	"AlleZa01"	"20738"	"5871"	7	"https://static.www.nfl.com/image/upload/f_auto,q_auto/league/ywtnmev7mxnkh1yhbrgx"	"INTERIOR_LINE"	3	"REG"	"A01"	"Zach"	"ALL656181"	"47848"	"3200414c-4c65-6181-7c3f-ad7870f8ae61"	2019	2019	"AZ"	65
2026	"DEN"	"DL"	"DE"	99	"ACT"	"Zach Allen"	"Zachary"	"Allen"	"1997-08-20"	76	285	"Boston College"	"00-0035248"	"3915282"	"f68685e7-9904-47bc-b39a-e1c813435385"	"31897"	"13742"	"49605"	"AlleZa01"	"20738"	"5871"	7	"https://static.www.nfl.com/image/upload/f_auto,q_auto/league/ywtnmev7mxnkh1yhbrgx"	"INTERIOR_LINE"	2	"REG"	"A01"	"Zach"	"ALL656181"	"47848"	"3200414c-4c65-6181-7c3f-ad7870f8ae61"	2019	2019	"AZ"	65
2026	"DEN"	"DL"	"DE"	99	"ACT"	"Zach Allen"	"Zachary"	"Allen"	"1997-08-20"	76	285	"Boston College"	"00-0035248"	"3915282"	"f68685e7-9904-47bc-b39a-e1c813435385"	"31897"	"13742"	"49605"	"AlleZa01"	"20738"	"5871"	7	"https://static.www.nfl.com/image/upload/f_auto,q_auto/league/ywtnmev7mxnkh1yhbrgx"	"INTERIOR_LINE"	1	"REG"	"A01"	"Zach"	"ALL656181"	"47848"	"3200414c-4c65-6181-7c3f-ad7870f8ae61"	2019	2019	"AZ"	65
2026	"LV"	"K"	"K"	14	"ACT"	"Matt Gay"	"Matt"	"Gay"	"1994-03-15"	72	232	"Utah; Utah Valley"	"00-0035269"	"4249087"	"2b90e091-ef78-4753-93eb-0acf3632c206"	"31977"	"13673"	"57643"	"GayxMa00"	"20769"	"6083"	7	"https://static.www.nfl.com/image/upload/f_auto,q_auto/league/opglxpqmhu21eydoyvg2"	null	2	"REG"	"A01"	"Matt"	"GAY306452"	"47928"	"32004741-5930-6452-6cb7-6eadc0ce3ec7"	2019	2019	"TB"	145
2026	"LV"	"K"	"K"	14	"ACT"	"Matt Gay"	"Matt"	"Gay"	"1994-03-15"	72	232	"Utah; Utah Valley"	"00-0035269"	"4249087"	"2b90e091-ef78-4753-93eb-0acf3632c206"	"31977"	"13673"	"57643"	"GayxMa00"	"20769"	"6083"	7	"https://static.www.nfl.com/image/upload/f_auto,q_auto/league/opglxpqmhu21eydoyvg2"	null	1	"REG"	"A01"	"Matt"	"GAY306452"	"47928"	"32004741-5930-6452-6cb7-6eadc0ce3ec7"	2019	2019	"TB"	145
2026	"LV"	"K"	"K"	14	"ACT"	"Matt Gay"	"Matt"	"Gay"	"1994-03-15"	72	232	"Utah; Utah Valley"	"00-0035269"	"4249087"	"2b90e091-ef78-4753-93eb-0acf3632c206"	"31977"	"13673"	"57643"	"GayxMa00"	"20769"	"6083"	7	"https://static.www.nfl.com/image/upload/f_auto,q_auto/league/opglxpqmhu21eydoyvg2"	"K"	3	"REG"	"A01"	"Matt"	"GAY306452"	"47928"	"32004741-5930-6452-6cb7-6eadc0ce3ec7"	2019	2019	"TB"	145
2026	"LV"	"K"	"K"	14	"ACT"	"Matt Gay"	"Matt"	"Gay"	"1994-03-15"	72	232	"Utah; Utah Valley"	"00-0035269"	"4249087"	"2b90e091-ef78-4753-93eb-0acf3632c206"	"31977"	"13673"	"57643"	"GayxMa00"	"20769"	"6083"	7	"https://static.www.nfl.com/image/upload/f_auto,q_auto/league/opglxpqmhu21eydoyvg2"	"FK"	4	"REG"	"A01"	"Matt"	"GAY306452"	"47928"	"32004741-5930-6452-6cb7-6eadc0ce3ec7"	2019	2019	"TB"	145
2026	"TB"	"K"	"K"	4	"ACT"	"Chase McLaughlin"	"Chase"	"McLaughlin"	"1996-04-09"	72	187	"Illinois"	"00-0035358"	"3150744"	"12d28404-63e1-432f-adde-c93631a5c39c"	"32417"	"14254"	"33285"	"McLaCh00"	"21542"	"6650"	7	"https://static.www.nfl.com/image/upload/f_auto,q_auto/league/enkzsuyzk232mbq5oe4w"	"K"	4	"REG"	"A01"	"Chase"	"MCL090068"	"48488"	"32004d43-4c09-0068-cde1-c8dac1b4b74a"	2019	2019	null	null
2026	"TB"	"K"	"K"	4	"ACT"	"Chase McLaughlin"	"Chase"	"McLaughlin"	"1996-04-09"	72	187	"Illinois"	"00-0035358"	"3150744"	"12d28404-63e1-432f-adde-c93631a5c39c"	"32417"	"14254"	"33285"	"McLaCh00"	"21542"	"6650"	7	"https://static.www.nfl.com/image/upload/f_auto,q_auto/league/enkzsuyzk232mbq5oe4w"	"K"	3	"REG"	"A01"	"Chase"	"MCL090068"	"48488"	"32004d43-4c09-0068-cde1-c8dac1b4b74a"	2019	2019	null	null
2026	"TB"	"K"	"K"	4	"ACT"	"Chase McLaughlin"	"Chase"	"McLaughlin"	"1996-04-09"	72	187	"Illinois"	"00-0035358"	"3150744"	"12d28404-63e1-432f-adde-c93631a5c39c"	"32417"	"14254"	"33285"	"McLaCh00"	"21542"	"6650"	7	"https://static.www.nfl.com/image/upload/f_auto,q_auto/league/enkzsuyzk232mbq5oe4w"	null	1	"REG"	"A01"	"Chase"	"MCL090068"	"48488"	"32004d43-4c09-0068-cde1-c8dac1b4b74a"	2019	2019	null	null
2026	"TB"	"K"	"K"	4	"ACT"	"Chase McLaughlin"	"Chase"	"McLaughlin"	"1996-04-09"	72	187	"Illinois"	"00-0035358"	"3150744"	"12d28404-63e1-432f-adde-c93631a5c39c"	"32417"	"14254"	"33285"	"McLaCh00"	"21542"	"6650"	7	"https://static.www.nfl.com/image/upload/f_auto,q_auto/league/enkzsuyzk232mbq5oe4w"	null	2	"REG"	"A01"	"Chase"	"MCL090068"	"48488"	"32004d43-4c09-0068-cde1-c8dac1b4b74a"	2019	2019	null	null
2026	"BUF"	"K"	"K"	16	"ACT"	"Tyler Bass"	"Tyler"	"Bass"	"1997-02-14"	70	185	"Georgia Southern"	"00-0036162"	"3917232"	"bfccbff4-bc01-41ed-aa11-be976160504c"	"32858"	"14609"	"33010"	"BassTy00"	"22108"	"7042"	6	"https://static.www.nfl.com/image/upload/f_auto,q_auto/league/rwidgp7jp8vxhssi7und"	null	2	"REG"	"A01"	"Tyler"	"BAS555802"	"52596"	"32004241-5355-5802-e27b-153ecc1a567e"	2020	2020	"BUF"	188
2026	"BUF"	"K"	"K"	16	"ACT"	"Tyler Bass"	"Tyler"	"Bass"	"1997-02-14"	70	185	"Georgia Southern"	"00-0036162"	"3917232"	"bfccbff4-bc01-41ed-aa11-be976160504c"	"32858"	"14609"	"33010"	"BassTy00"	"22108"	"7042"	6	"https://static.www.nfl.com/image/upload/f_auto,q_auto/league/rwidgp7jp8vxhssi7und"	null	1	"REG"	"A01"	"Tyler"	"BAS555802"	"52596"	"32004241-5355-5802-e27b-153ecc1a567e"	2020	2020	"BUF"	188
2026	"BUF"	"K"	"K"	16	"ACT"	"Tyler Bass"	"Tyler"	"Bass"	"1997-02-14"	70	185	"Georgia Southern"	"00-0036162"	"3917232"	"bfccbff4-bc01-41ed-aa11-be976160504c"	"32858"	"14609"	"33010"	"BassTy00"	"22108"	"7042"	6	"https://static.www.nfl.com/image/upload/f_auto,q_auto/league/rwidgp7jp8vxhssi7und"	"K"	3	"REG"	"A01"	"Tyler"	"BAS555802"	"52596"	"32004241-5355-5802-e27b-153ecc1a567e"	2020	2020	"BUF"	188
2026	"BUF"	"K"	"K"	16	"ACT"	"Tyler Bass"	"Tyler"	"Bass"	"1997-02-14"	70	185	"Georgia Southern"	"00-0036162"	"3917232"	"bfccbff4-bc01-41ed-aa11-be976160504c"	"32858"	"14609"	"33010"	"BassTy00"	"22108"	"7042"	6	"https://static.www.nfl.com/image/upload/f_auto,q_auto/league/rwidgp7jp8vxhssi7und"	"K"	4	"REG"	"A01"	"Tyler"	"BAS555802"	"52596"	"32004241-5355-5802-e27b-153ecc1a567e"	2020	2020	"BUF"	188
2026	"GB"	"QB"	"QB"	10	"ACT"	"Jordan Love"	"Jordan"	"Love"	"1998-11-02"	76	220	"Utah State"	"00-0036264"	"4036378"	"e5094779-e94f-4052-8597-bdbee3719f6b"	"32696"	"14371"	"40306"	"LoveJo03"	"21841"	"6804"	6	"https://static.www.nfl.com/image/upload/f_auto,q_auto/league/thz8stjkbjwddxqnozi5"	"QB"	3	"REG"	"A01"	"Jordan"	"LOV130776"	"52434"	"32004c4f-5613-0776-be4c-ce231b05c522"	2020	2020	"GB"	26
2026	"GB"	"QB"	"QB"	10	"ACT"	"Jordan Love"	"Jordan"	"Love"	"1998-11-02"	76	220	"Utah State"	"00-0036264"	"4036378"	"e5094779-e94f-4052-8597-bdbee3719f6b"	"32696"	"14371"	"40306"	"LoveJo03"	"21841"	"6804"	6	"https://static.www.nfl.com/image/upload/f_auto,q_auto/league/thz8stjkbjwddxqnozi5"	"QB"	1	"REG"	"A01"	"Jordan"	"LOV130776"	"52434"	"32004c4f-5613-0776-be4c-ce231b05c522"	2020	2020	"GB"	26
2026	"GB"	"QB"	"QB"	10	"ACT"	"Jordan Love"	"Jordan"	"Love"	"1998-11-02"	76	220	"Utah State"	"00-0036264"	"4036378"	"e5094779-e94f-4052-8597-bdbee3719f6b"	"32696"	"14371"	"40306"	"LoveJo03"	"21841"	"6804"	6	"https://static.www.nfl.com/image/upload/f_auto,q_auto/league/thz8stjkbjwddxqnozi5"	"QB"	4	"REG"	"A01"	"Jordan"	"LOV130776"	"52434"	"32004c4f-5613-0776-be4c-ce231b05c522"	2020	2020	"GB"	26
2026	"GB"	"QB"	"QB"	10	"ACT"	"Jordan Love"	"Jordan"	"Love"	"1998-11-02"	76	220	"Utah State"	"00-0036264"	"4036378"	"e5094779-e94f-4052-8597-bdbee3719f6b"	"32696"	"14371"	"40306"	"LoveJo03"	"21841"	"6804"	6	"https://static.www.nfl.com/image/upload/f_auto,q_auto/league/thz8stjkbjwddxqnozi5"	"QB"	2	"REG"	"A01"	"Jordan"	"LOV130776"	"52434"	"32004c4f-5613-0776-be4c-ce231b05c522"	2020	2020	"GB"	26
2026	"MIN"	"WR"	"WR"	18	"ACT"	"Justin Jefferson"	"Justin"	"Jefferson"	"1999-06-16"	73	192	"LSU"	"00-0036322"	"4262921"	"4131d4ee-0318-4bb5-832a-4dec80668a4f"	"32692"	"14509"	"61398"	"JeffJu00"	"21685"	"6794"	6	"https://static.www.nfl.com/image/upload/f_auto,q_auto/league/htjevkugzk6ietrjysny"	"WR"	1	"REG"	"A01"	"Justin"	"JEF269287"	"52430"	"32004a45-4626-9287-c454-479b942cbd26"	2020	2020	"MIN"	22
2026	"MIN"	"WR"	"WR"	18	"ACT"	"Justin Jefferson"	"Justin"	"Jefferson"	"1999-06-16"	73	192	"LSU"	"00-0036322"	"4262921"	"4131d4ee-0318-4bb5-832a-4dec80668a4f"	"32692"	"14509"	"61398"	"JeffJu00"	"21685"	"6794"	6	"https://static.www.nfl.com/image/upload/f_auto,q_auto/league/htjevkugzk6ietrjysny"	"WR"	3	"REG"	"A01"	"Justin"	"JEF269287"	"52430"	"32004a45-4626-9287-c454-479b942cbd26"	2020	2020	"MIN"	22
2026	"MIN"	"WR"	"WR"	18	"INA"	"Justin Jefferson"	"Justin"	"Jefferson"	"1999-06-16"	73	192	"LSU"	"00-0036322"	"4262921"	"4131d4ee-0318-4bb5-832a-4dec80668a4f"	"32692"	"14509"	"61398"	"JeffJu00"	"21685"	"6794"	6	"https://static.www.nfl.com/image/upload/f_auto,q_auto/league/htjevkugzk6ietrjysny"	null	4	"REG"	"A01"	"Justin"	"JEF269287"	"52430"	"32004a45-4626-9287-c454-479b942cbd26"	2020	2020	"MIN"	22
2026	"MIN"	"WR"	"WR"	18	"ACT"	"Justin Jefferson"	"Justin"	"Jefferson"	"1999-06-16"	73	192	"LSU"	"00-0036322"	"4262921"	"4131d4ee-0318-4bb5-832a-4dec80668a4f"	"32692"	"14509"	"61398"	"JeffJu00"	"21685"	"6794"	6	"https://static.www.nfl.com/image/upload/f_auto,q_auto/league/htjevkugzk6ietrjysny"	"WR"	2	"REG"	"A01"	"Justin"	"JEF269287"	"52430"	"32004a45-4626-9287-c454-479b942cbd26"	2020	2020	"MIN"	22
2026	"CIN"	"QB"	"QB"	9	"ACT"	"Joe Burrow"	"Joe"	"Burrow"	"1996-12-10"	76	216	"LSU; Ohio State"	"00-0036442"	"3915511"	"3023ac10-4e7f-425f-9fc5-2b8e6332c92e"	"32671"	"14442"	"28022"	"BurrJo01"	"21693"	"6770"	6	"https://static.www.nfl.com/image/upload/f_auto,q_auto/league/gnnvcgui1cijybukk2w7"	"QB"	4	"REG"	"A01"	"Joe"	"BUR679731"	"52409"	"32004255-5267-9731-81c8-48673dcec5e2"	2020	2020	"CIN"	1
2026	"CIN"	"QB"	"QB"	9	"ACT"	"Joe Burrow"	"Joe"	"Burrow"	"1996-12-10"	76	216	"LSU; Ohio State"	"00-0036442"	"3915511"	"3023ac10-4e7f-425f-9fc5-2b8e6332c92e"	"32671"	"14442"	"28022"	"BurrJo01"	"21693"	"6770"	6	"https://static.www.nfl.com/image/upload/f_auto,q_auto/league/gnnvcgui1cijybukk2w7"	"QB"	2	"REG"	"A01"	"Joe"	"BUR679731"	"52409"	"32004255-5267-9731-81c8-48673dcec5e2"	2020	2020	"CIN"	1
2026	"CIN"	"QB"	"QB"	9	"ACT"	"Joe Burrow"	"Joe"	"Burrow"	"1996-12-10"	76	216	"LSU; Ohio State"	"00-0036442"	"3915511"	"3023ac10-4e7f-425f-9fc5-2b8e6332c92e"	"32671"	"14442"	"28022"	"BurrJo01"	"21693"	"6770"	6	"https://static.www.nfl.com/image/upload/f_auto,q_auto/league/gnnvcgui1cijybukk2w7"	"QB"	1	"REG"	"A01"	"Joe"	"BUR679731"	"52409"	"32004255-5267-9731-81c8-48673dcec5e2"	2020	2020	"CIN"	1
2026	"CIN"	"QB"	"QB"	9	"ACT"	"Joe Burrow"	"Joe"	"Burrow"	"1996-12-10"	76	216	"LSU; Ohio State"	"00-0036442"	"3915511"	"3023ac10-4e7f-425f-9fc5-2b8e6332c92e"	"32671"	"14442"	"28022"	"BurrJo01"	"21693"	"6770"	6	"https://static.www.nfl.com/image/upload/f_auto,q_auto/league/gnnvcgui1cijybukk2w7"	"QB"	3	"REG"	"A01"	"Joe"	"BUR679731"	"52409"	"32004255-5267-9731-81c8-48673dcec5e2"	2020	2020	"CIN"	1
2026	"MIA"	"K"	"K"	47	"ACT"	"Riley Patterson"	"Riley"	"Patterson"	"1999-09-07"	72	196	"Memphis"	"00-0036816"	"4243371"	"deac735c-af0a-4f01-ada8-379ef66917ba"	"33781"	"15512"	"57556"	"PattRi01"	"22863"	"7922"	5	"https://static.www.nfl.com/image/upload/f_auto,q_auto/league/xjg7x98iyq5hlgjc62ot"	"K"	4	"REG"	"A01"	"Riley"	"PAT498920"	"54029"	"32005041-5449-8920-c215-c757ffb0f19e"	2021	2021	null	null
2026	"MIA"	"K"	"K"	47	"ACT"	"Riley Patterson"	"Riley"	"Patterson"	"1999-09-07"	72	196	"Memphis"	"00-0036816"	"4243371"	"deac735c-af0a-4f01-ada8-379ef66917ba"	"33781"	"15512"	"57556"	"PattRi01"	"22863"	"7922"	5	"https://static.www.nfl.com/image/upload/f_auto,q_auto/league/xjg7x98iyq5hlgjc62ot"	null	2	"REG"	"A01"	"Riley"	"PAT498920"	"54029"	"32005041-5449-8920-c215-c757ffb0f19e"	2021	2021	null	null
2026	"MIA"	"K"	"K"	47	"ACT"	"Riley Patterson"	"Riley"	"Patterson"	"1999-09-07"	72	196	"Memphis"	"00-0036816"	"4243371"	"deac735c-af0a-4f01-ada8-379ef66917ba"	"33781"	"15512"	"57556"	"PattRi01"	"22863"	"7922"	5	"https://static.www.nfl.com/image/upload/f_auto,q_auto/league/xjg7x98iyq5hlgjc62ot"	"K"	3	"REG"	"A01"	"Riley"	"PAT498920"	"54029"	"32005041-5449-8920-c215-c757ffb0f19e"	2021	2021	null	null
2026	"MIA"	"K"	"K"	47	"ACT"	"Riley Patterson"	"Riley"	"Patterson"	"1999-09-07"	72	196	"Memphis"	"00-0036816"	"4243371"	"deac735c-af0a-4f01-ada8-379ef66917ba"	"33781"	"15512"	"57556"	"PattRi01"	"22863"	"7922"	5	"https://static.www.nfl.com/image/upload/f_auto,q_auto/league/xjg7x98iyq5hlgjc62ot"	null	1	"REG"	"A01"	"Riley"	"PAT498920"	"54029"	"32005041-5449-8920-c215-c757ffb0f19e"	2021	2021	null	null
2026	"CIN"	"K"	"K"	2	"ACT"	"Evan McPherson"	"Evan"	"McPherson"	"1999-07-21"	71	185	"Florida"	"00-0036854"	"4360234"	"acc143ed-53b2-49c9-81bc-16e6c98ffcae"	"33537"	"15383"	"82583"	"McPhEv00"	"22908"	"7839"	5	"https://static.www.nfl.com/image/upload/f_auto,q_auto/league/t6fs7i54i4n7xjiayoz0"	"K"	3	"REG"	"A01"	"Evan"	"MCP571021"	"53578"	"32004d43-5057-1021-94d9-4d594be79c9e"	2021	2021	"CIN"	149
2026	"CIN"	"K"	"K"	2	"ACT"	"Evan McPherson"	"Evan"	"McPherson"	"1999-07-21"	71	185	"Florida"	"00-0036854"	"4360234"	"acc143ed-53b2-49c9-81bc-16e6c98ffcae"	"33537"	"15383"	"82583"	"McPhEv00"	"22908"	"7839"	5	"https://static.www.nfl.com/image/upload/f_auto,q_auto/league/t6fs7i54i4n7xjiayoz0"	"K"	4	"REG"	"A01"	"Evan"	"MCP571021"	"53578"	"32004d43-5057-1021-94d9-4d594be79c9e"	2021	2021	"CIN"	149
2026	"CIN"	"K"	"K"	2	"ACT"	"Evan McPherson"	"Evan"	"McPherson"	"1999-07-21"	71	185	"Florida"	"00-0036854"	"4360234"	"acc143ed-53b2-49c9-81bc-16e6c98ffcae"	"33537"	"15383"	"82583"	"McPhEv00"	"22908"	"7839"	5	"https://static.www.nfl.com/image/upload/f_auto,q_auto/league/t6fs7i54i4n7xjiayoz0"	null	2	"REG"	"A01"	"Evan"	"MCP571021"	"53578"	"32004d43-5057-1021-94d9-4d594be79c9e"	2021	2021	"CIN"	149
2026	"CIN"	"K"	"K"	2	"ACT"	"Evan McPherson"	"Evan"	"McPherson"	"1999-07-21"	71	185	"Florida"	"00-0036854"	"4360234"	"acc143ed-53b2-49c9-81bc-16e6c98ffcae"	"33537"	"15383"	"82583"	"McPhEv00"	"22908"	"7839"	5	"https://static.www.nfl.com/image/upload/f_auto,q_auto/league/t6fs7i54i4n7xjiayoz0"	null	1	"REG"	"A01"	"Evan"	"MCP571021"	"53578"	"32004d43-5057-1021-94d9-4d594be79c9e"	2021	2021	"CIN"	149
2026	"CIN"	"WR"	"WR"	1	"ACT"	"Ja'Marr Chase"	"Ja'Marr"	"Chase"	"2000-03-01"	72	205	"LSU"	"00-0036900"	"4362628"	"fa99e984-d63b-4ef4-a164-407f68a7eeaf"	"33393"	"15183"	"84270"	"ChasJa00"	"22564"	"7564"	5	"https://static.www.nfl.com/image/upload/f_auto,q_auto/league/qya3dtjb5kgofcuj2tuw"	"WR"	3	"REG"	"A01"	"Ja'Marr"	"CHA694469"	"53434"	"32004348-4169-4469-b021-d2c20a7d7cf5"	2021	2021	"CIN"	5
2026	"CIN"	"WR"	"WR"	1	"ACT"	"Ja'Marr Chase"	"Ja'Marr"	"Chase"	"2000-03-01"	72	205	"LSU"	"00-0036900"	"4362628"	"fa99e984-d63b-4ef4-a164-407f68a7eeaf"	"33393"	"15183"	"84270"	"ChasJa00"	"22564"	"7564"	5	"https://static.www.nfl.com/image/upload/f_auto,q_auto/league/qya3dtjb5kgofcuj2tuw"	"WR"	2	"REG"	"A01"	"Ja'Marr"	"CHA694469"	"53434"	"32004348-4169-4469-b021-d2c20a7d7cf5"	2021	2021	"CIN"	5
2026	"CIN"	"WR"	"WR"	1	"ACT"	"Ja'Marr Chase"	"Ja'Marr"	"Chase"	"2000-03-01"	72	205	"LSU"	"00-0036900"	"4362628"	"fa99e984-d63b-4ef4-a164-407f68a7eeaf"	"33393"	"15183"	"84270"	"ChasJa00"	"22564"	"7564"	5	"https://static.www.nfl.com/image/upload/f_auto,q_auto/league/qya3dtjb5kgofcuj2tuw"	"WR"	1	"REG"	"A01"	"Ja'Marr"	"CHA694469"	"53434"	"32004348-4169-4469-b021-d2c20a7d7cf5"	2021	2021	"CIN"	5
2026	"CIN"	"WR"	"WR"	1	"ACT"	"Ja'Marr Chase"	"Ja'Marr"	"Chase"	"2000-03-01"	72	205	"LSU"	"00-0036900"	"4362628"	"fa99e984-d63b-4ef4-a164-407f68a7eeaf"	"33393"	"15183"	"84270"	"ChasJa00"	"22564"	"7564"	5	"https://static.www.nfl.com/image/upload/f_auto,q_auto/league/qya3dtjb5kgofcuj2tuw"	"WR"	4	"REG"	"A01"	"Ja'Marr"	"CHA694469"	"53434"	"32004348-4169-4469-b021-d2c20a7d7cf5"	2021	2021	"CIN"	5
2026	"DET"	"WR"	"WR"	14	"ACT"	"Amon-Ra St. Brown"	"Amon-Ra"	"St. Brown"	"1999-10-24"	72	202	"USC"	"00-0036963"	"4374302"	"26ef0447-29b8-4dd1-9831-dcbf8132bb74"	"33500"	"15332"	"84470"	"StxxAm00"	"22587"	"7547"	5	"https://static.www.nfl.com/image/upload/f_auto,q_auto/league/fd8nwhm6pvxfyzphzl6i"	"WR"	3	"REG"	"A01"	"Amon-Ra"	"STB415291"	"53541"	"32005354-4241-5291-a564-57e98d35161d"	2021	2021	"DET"	112
2026	"DET"	"WR"	"WR"	14	"ACT"	"Amon-Ra St. Brown"	"Amon-Ra"	"St. Brown"	"1999-10-24"	72	202	"USC"	"00-0036963"	"4374302"	"26ef0447-29b8-4dd1-9831-dcbf8132bb74"	"33500"	"15332"	"84470"	"StxxAm00"	"22587"	"7547"	5	"https://static.www.nfl.com/image/upload/f_auto,q_auto/league/fd8nwhm6pvxfyzphzl6i"	"SLOT_WR"	2	"REG"	"A01"	"Amon-Ra"	"STB415291"	"53541"	"32005354-4241-5291-a564-57e98d35161d"	2021	2021	"DET"	112
2026	"DET"	"WR"	"WR"	14	"ACT"	"Amon-Ra St. Brown"	"Amon-Ra"	"St. Brown"	"1999-10-24"	72	202	"USC"	"00-0036963"	"4374302"	"26ef0447-29b8-4dd1-9831-dcbf8132bb74"	"33500"	"15332"	"84470"	"StxxAm00"	"22587"	"7547"	5	"https://static.www.nfl.com/image/upload/f_auto,q_auto/league/fd8nwhm6pvxfyzphzl6i"	"SLOT_WR"	4	"REG"	"A01"	"Amon-Ra"	"STB415291"	"53541"	"32005354-4241-5291-a564-57e98d35161d"	2021	2021	"DET"	112
2026	"DET"	"WR"	"WR"	14	"ACT"	"Amon-Ra St. Brown"	"Amon-Ra"	"St. Brown"	"1999-10-24"	72	202	"USC"	"00-0036963"	"4374302"	"26ef0447-29b8-4dd1-9831-dcbf8132bb74"	"33500"	"15332"	"84470"	"StxxAm00"	"22587"	"7547"	5	"https://static.www.nfl.com/image/upload/f_auto,q_auto/league/fd8nwhm6pvxfyzphzl6i"	"WR"	1	"REG"	"A01"	"Amon-Ra"	"STB415291"	"53541"	"32005354-4241-5291-a564-57e98d35161d"	2021	2021	"DET"	112
2026	"ATL"	"TE"	"TE"	8	"ACT"	"Kyle Pitts"	"Kyle"	"Pitts"	"2000-10-06"	78	250	"Florida"	"00-0036970"	"4360248"	"1f3deb24-9ff8-4769-8f42-825eff7742f6"	"33392"	"15265"	"83964"	"PittKy00"	"22508"	"7553"	5	"https://static.www.nfl.com/image/upload/f_auto,q_auto/league/xczipzxvytnmvgznhhb4"	"TE"	3	"REG"	"A01"	"Kyle"	"PIT516805"	"53433"	"32005049-5451-6805-5aec-d4afcbd52e25"	2021	2021	"ATL"	4
2026	"ATL"	"TE"	"TE"	8	"ACT"	"Kyle Pitts"	"Kyle"	"Pitts"	"2000-10-06"	78	250	"Florida"	"00-0036970"	"4360248"	"1f3deb24-9ff8-4769-8f42-825eff7742f6"	"33392"	"15265"	"83964"	"PittKy00"	"22508"	"7553"	5	"https://static.www.nfl.com/image/upload/f_auto,q_auto/league/xczipzxvytnmvgznhhb4"	"SLOT_WR"	2	"REG"	"A01"	"Kyle"	"PIT516805"	"53433"	"32005049-5451-6805-5aec-d4afcbd52e25"	2021	2021	"ATL"	4
2026	"ATL"	"TE"	"TE"	8	"ACT"	"Kyle Pitts"	"Kyle"	"Pitts"	"2000-10-06"	78	250	"Florida"	"00-0036970"	"4360248"	"1f3deb24-9ff8-4769-8f42-825eff7742f6"	"33392"	"15265"	"83964"	"PittKy00"	"22508"	"7553"	5	"https://static.www.nfl.com/image/upload/f_auto,q_auto/league/xczipzxvytnmvgznhhb4"	"TE"	4	"REG"	"A01"	"Kyle"	"PIT516805"	"53433"	"32005049-5451-6805-5aec-d4afcbd52e25"	2021	2021	"ATL"	4
2026	"ATL"	"TE"	"TE"	8	"ACT"	"Kyle Pitts"	"Kyle"	"Pitts"	"2000-10-06"	78	250	"Florida"	"00-0036970"	"4360248"	"1f3deb24-9ff8-4769-8f42-825eff7742f6"	"33392"	"15265"	"83964"	"PittKy00"	"22508"	"7553"	5	"https://static.www.nfl.com/image/upload/f_auto,q_auto/league/xczipzxvytnmvgznhhb4"	"TE"	1	"REG"	"A01"	"Kyle"	"PIT516805"	"53433"	"32005049-5451-6805-5aec-d4afcbd52e25"	2021	2021	"ATL"	4
2026	"NO"	"RB"	"RB"	3	"ACT"	"Travis Etienne"	"Travis"	"Etienne"	"1999-01-26"	70	215	"Clemson"	"00-0036973"	"4239996"	"970693f0-0af4-4627-ac0c-bf519f7433ee"	"33413"	"15385"	"57185"	"EtieTr00"	"21696"	"7543"	5	"https://static.www.nfl.com/image/upload/f_auto,q_auto/league/pwko5dybmjie8qqo4qz2"	"RB"	1	"REG"	"A01"	"Travis"	"ETI426541"	"53454"	"32004554-4942-6541-8c54-a69299f0a040"	2021	2021	"JAX"	25
2026	"NO"	"RB"	"RB"	3	"RES"	"Travis Etienne"	"Travis"	"Etienne"	"1999-01-26"	70	215	"Clemson"	"00-0036973"	"4239996"	"970693f0-0af4-4627-ac0c-bf519f7433ee"	"33413"	"15385"	"57185"	"EtieTr00"	"21696"	"7543"	5	"https://static.www.nfl.com/image/upload/f_auto,q_auto/league/pwko5dybmjie8qqo4qz2"	null	4	"REG"	"R01"	"Travis"	"ETI426541"	"53454"	"32004554-4942-6541-8c54-a69299f0a040"	2021	2021	"JAX"	25
2026	"NO"	"RB"	"RB"	3	"ACT"	"Travis Etienne"	"Travis"	"Etienne"	"1999-01-26"	70	215	"Clemson"	"00-0036973"	"4239996"	"970693f0-0af4-4627-ac0c-bf519f7433ee"	"33413"	"15385"	"57185"	"EtieTr00"	"21696"	"7543"	5	"https://static.www.nfl.com/image/upload/f_auto,q_auto/league/pwko5dybmjie8qqo4qz2"	"RB"	2	"REG"	"A01"	"Travis"	"ETI426541"	"53454"	"32004554-4942-6541-8c54-a69299f0a040"	2021	2021	"JAX"	25
2026	"NO"	"RB"	"RB"	3	"ACT"	"Travis Etienne"	"Travis"	"Etienne"	"1999-01-26"	70	215	"Clemson"	"00-0036973"	"4239996"	"970693f0-0af4-4627-ac0c-bf519f7433ee"	"33413"	"15385"	"57185"	"EtieTr00"	"21696"	"7543"	5	"https://static.www.nfl.com/image/upload/f_auto,q_auto/league/pwko5dybmjie8qqo4qz2"	"RB"	3	"REG"	"A01"	"Travis"	"ETI426541"	"53454"	"32004554-4942-6541-8c54-a69299f0a040"	2021	2021	"JAX"	25
2026	"BUF"	"WR"	"WR"	5	"ACT"	"Josh Palmer"	"Josh"	"Palmer"	"1999-09-22"	73	210	"Tennessee"	"00-0036988"	"4242433"	"857fcc59-10e8-4194-bd7d-41bc5f72a47f"	"33465"	"15447"	"62979"	"PalmJo00"	"22613"	"7670"	5	"https://static.www.nfl.com/image/upload/f_auto,q_auto/league/woswdfrtxnsfgzsjvsxx"	"WR"	1	"REG"	"A01"	"Josh"	"PAL451625"	"53506"	"32005041-4c45-1625-eb93-c2c9b11c4006"	2021	2021	"LAC"	77
2026	"BUF"	"WR"	"WR"	5	"ACT"	"Josh Palmer"	"Josh"	"Palmer"	"1999-09-22"	73	210	"Tennessee"	"00-0036988"	"4242433"	"857fcc59-10e8-4194-bd7d-41bc5f72a47f"	"33465"	"15447"	"62979"	"PalmJo00"	"22613"	"7670"	5	"https://static.www.nfl.com/image/upload/f_auto,q_auto/league/woswdfrtxnsfgzsjvsxx"	"WR"	3	"REG"	"A01"	"Josh"	"PAL451625"	"53506"	"32005041-4c45-1625-eb93-c2c9b11c4006"	2021	2021	"LAC"	77
2026	"BUF"	"WR"	"WR"	5	"ACT"	"Josh Palmer"	"Josh"	"Palmer"	"1999-09-22"	73	210	"Tennessee"	"00-0036988"	"4242433"	"857fcc59-10e8-4194-bd7d-41bc5f72a47f"	"33465"	"15447"	"62979"	"PalmJo00"	"22613"	"7670"	5	"https://static.www.nfl.com/image/upload/f_auto,q_auto/league/woswdfrtxnsfgzsjvsxx"	"WR"	2	"REG"	"A01"	"Josh"	"PAL451625"	"53506"	"32005041-4c45-1625-eb93-c2c9b11c4006"	2021	2021	"LAC"	77
2026	"BUF"	"WR"	"WR"	5	"ACT"	"Josh Palmer"	"Josh"	"Palmer"	"1999-09-22"	73	210	"Tennessee"	"00-0036988"	"4242433"	"857fcc59-10e8-4194-bd7d-41bc5f72a47f"	"33465"	"15447"	"62979"	"PalmJo00"	"22613"	"7670"	5	"https://static.www.nfl.com/image/upload/f_auto,q_auto/league/woswdfrtxnsfgzsjvsxx"	"WR"	4	"REG"	"A01"	"Josh"	"PAL451625"	"53506"	"32005041-4c45-1625-eb93-c2c9b11c4006"	2021	2021	"LAC"	77
2026	"LAC"	"K"	"K"	11	"ACT"	"Cameron Dicker"	"Cameron"	"Dicker"	"2000-05-06"	73	216	"Texas"	"00-0037224"	"4362081"	"ac5dd0b0-d060-11ec-b677-29e0f2526162"	"34344"	"16226"	"77069"	"DickCa00"	"23567"	"8259"	4	"https://static.www.nfl.com/image/upload/f_auto,q_auto/league/fvkop13kntnwv3amucpf"	null	2	"REG"	"A01"	"Cameron"	"DIC147658"	"54900"	"32004449-4314-7658-769e-ef70b4b4ddb7"	2022	2022	null	null
2026	"LAC"	"K"	"K"	11	"ACT"	"Cameron Dicker"	"Cameron"	"Dicker"	"2000-05-06"	73	216	"Texas"	"00-0037224"	"4362081"	"ac5dd0b0-d060-11ec-b677-29e0f2526162"	"34344"	"16226"	"77069"	"DickCa00"	"23567"	"8259"	4	"https://static.www.nfl.com/image/upload/f_auto,q_auto/league/fvkop13kntnwv3amucpf"	"FK"	3	"REG"	"A01"	"Cameron"	"DIC147658"	"54900"	"32004449-4314-7658-769e-ef70b4b4ddb7"	2022	2022	null	null
2026	"LAC"	"K"	"K"	11	"ACT"	"Cameron Dicker"	"Cameron"	"Dicker"	"2000-05-06"	73	216	"Texas"	"00-0037224"	"4362081"	"ac5dd0b0-d060-11ec-b677-29e0f2526162"	"34344"	"16226"	"77069"	"DickCa00"	"23567"	"8259"	4	"https://static.www.nfl.com/image/upload/f_auto,q_auto/league/fvkop13kntnwv3amucpf"	null	1	"REG"	"A01"	"Cameron"	"DIC147658"	"54900"	"32004449-4314-7658-769e-ef70b4b4ddb7"	2022	2022	null	null
2026	"LAC"	"K"	"K"	11	"ACT"	"Cameron Dicker"	"Cameron"	"Dicker"	"2000-05-06"	73	216	"Texas"	"00-0037224"	"4362081"	"ac5dd0b0-d060-11ec-b677-29e0f2526162"	"34344"	"16226"	"77069"	"DickCa00"	"23567"	"8259"	4	"https://static.www.nfl.com/image/upload/f_auto,q_auto/league/fvkop13kntnwv3amucpf"	"K"	4	"REG"	"A01"	"Cameron"	"DIC147658"	"54900"	"32004449-4314-7658-769e-ef70b4b4ddb7"	2022	2022	null	null
2026	"BUF"	"RB"	"RB"	4	"ACT"	"James Cook"	"James"	"Cook"	"1999-09-25"	71	190	"Georgia"	"00-0037248"	"4379399"	"ce5de0e5-9f76-42ee-b93a-3ef88af9b0a7"	"34019"	"15876"	"83666"	"CookJa01"	"23247"	"8138"	4	"https://static.www.nfl.com/image/upload/f_auto,q_auto/league/anjbznqb9i21wzcgrtbs"	"RB"	1	"REG"	"A01"	"James"	"COO151970"	"54528"	"3200434f-4f15-1970-d2e5-e575c819187c"	2022	2022	"BUF"	63
2026	"BUF"	"RB"	"RB"	4	"ACT"	"James Cook"	"James"	"Cook"	"1999-09-25"	71	190	"Georgia"	"00-0037248"	"4379399"	"ce5de0e5-9f76-42ee-b93a-3ef88af9b0a7"	"34019"	"15876"	"83666"	"CookJa01"	"23247"	"8138"	4	"https://static.www.nfl.com/image/upload/f_auto,q_auto/league/anjbznqb9i21wzcgrtbs"	"RB"	4	"REG"	"A01"	"James"	"COO151970"	"54528"	"3200434f-4f15-1970-d2e5-e575c819187c"	2022	2022	"BUF"	63
2026	"BUF"	"RB"	"RB"	4	"ACT"	"James Cook"	"James"	"Cook"	"1999-09-25"	71	190	"Georgia"	"00-0037248"	"4379399"	"ce5de0e5-9f76-42ee-b93a-3ef88af9b0a7"	"34019"	"15876"	"83666"	"CookJa01"	"23247"	"8138"	4	"https://static.www.nfl.com/image/upload/f_auto,q_auto/league/anjbznqb9i21wzcgrtbs"	"RB"	2	"REG"	"A01"	"James"	"COO151970"	"54528"	"3200434f-4f15-1970-d2e5-e575c819187c"	2022	2022	"BUF"	63
2026	"BUF"	"RB"	"RB"	4	"ACT"	"James Cook"	"James"	"Cook"	"1999-09-25"	71	190	"Georgia"	"00-0037248"	"4379399"	"ce5de0e5-9f76-42ee-b93a-3ef88af9b0a7"	"34019"	"15876"	"83666"	"CookJa01"	"23247"	"8138"	4	"https://static.www.nfl.com/image/upload/f_auto,q_auto/league/anjbznqb9i21wzcgrtbs"	"RB"	3	"REG"	"A01"	"James"	"COO151970"	"54528"	"3200434f-4f15-1970-d2e5-e575c819187c"	2022	2022	"BUF"	63
2026	"DAL"	"K"	"K"	17	"ACT"	"Brandon Aubrey"	"Brandon"	"Aubrey"	"1995-03-14"	75	218	"Notre Dame"	"00-0037692"	"3953687"	"110e6fe0-1c34-11ee-8294-af17faac15de"	"40819"	"17649"	"156112"	"AubrBr00"	"24902"	"11533"	4	"https://static.www.nfl.com/image/upload/f_auto,q_auto/league/bgwg06zmyohjxvzznbf6"	"FK"	4	"REG"	"A01"	"Brandon"	"AUB415291"	"54401"	"32004155-4241-5291-a962-44bbbaa0d32a"	2022	2023	null	null
2026	"DAL"	"K"	"K"	17	"ACT"	"Brandon Aubrey"	"Brandon"	"Aubrey"	"1995-03-14"	75	218	"Notre Dame"	"00-0037692"	"3953687"	"110e6fe0-1c34-11ee-8294-af17faac15de"	"40819"	"17649"	"156112"	"AubrBr00"	"24902"	"11533"	4	"https://static.www.nfl.com/image/upload/f_auto,q_auto/league/bgwg06zmyohjxvzznbf6"	"K"	3	"REG"	"A01"	"Brandon"	"AUB415291"	"54401"	"32004155-4241-5291-a962-44bbbaa0d32a"	2022	2023	null	null
2026	"DAL"	"K"	"K"	17	"ACT"	"Brandon Aubrey"	"Brandon"	"Aubrey"	"1995-03-14"	75	218	"Notre Dame"	"00-0037692"	"3953687"	"110e6fe0-1c34-11ee-8294-af17faac15de"	"40819"	"17649"	"156112"	"AubrBr00"	"24902"	"11533"	4	"https://static.www.nfl.com/image/upload/f_auto,q_auto/league/bgwg06zmyohjxvzznbf6"	null	1	"REG"	"A01"	"Brandon"	"AUB415291"	"54401"	"32004155-4241-5291-a962-44bbbaa0d32a"	2022	2023	null	null
2026	"DAL"	"K"	"K"	17	"ACT"	"Brandon Aubrey"	"Brandon"	"Aubrey"	"1995-03-14"	75	218	"Notre Dame"	"00-0037692"	"3953687"	"110e6fe0-1c34-11ee-8294-af17faac15de"	"40819"	"17649"	"156112"	"AubrBr00"	"24902"	"11533"	4	"https://static.www.nfl.com/image/upload/f_auto,q_auto/league/bgwg06zmyohjxvzznbf6"	null	2	"REG"	"A01"	"Brandon"	"AUB415291"	"54401"	"32004155-4241-5291-a962-44bbbaa0d32a"	2022	2023	null	null
2026	"ARI"	"TE"	"TE"	85	"ACT"	"Trey McBride"	"Trey"	"McBride"	"1999-11-22"	76	246	"Colorado State"	"00-0037744"	"4361307"	"734d54cc-c869-4e2f-a60f-c59c493f5110"	"34010"	"15902"	"75916"	"McBrTr01"	"23251"	"8130"	4	"https://static.www.nfl.com/image/upload/f_auto,q_auto/league/psasp10nn5pcvkli9kil"	"SLOT_WR"	1	"REG"	"A01"	"Trey"	"MCB743360"	"54520"	"32004d43-4274-3360-cc50-43990383247d"	2022	2022	"AZ"	55
2026	"ARI"	"TE"	"TE"	85	"ACT"	"Trey McBride"	"Trey"	"McBride"	"1999-11-22"	76	246	"Colorado State"	"00-0037744"	"4361307"	"734d54cc-c869-4e2f-a60f-c59c493f5110"	"34010"	"15902"	"75916"	"McBrTr01"	"23251"	"8130"	4	"https://static.www.nfl.com/image/upload/f_auto,q_auto/league/psasp10nn5pcvkli9kil"	"SLOT_WR"	3	"REG"	"A01"	"Trey"	"MCB743360"	"54520"	"32004d43-4274-3360-cc50-43990383247d"	2022	2022	"AZ"	55
2026	"ARI"	"TE"	"TE"	85	"ACT"	"Trey McBride"	"Trey"	"McBride"	"1999-11-22"	76	246	"Colorado State"	"00-0037744"	"4361307"	"734d54cc-c869-4e2f-a60f-c59c493f5110"	"34010"	"15902"	"75916"	"McBrTr01"	"23251"	"8130"	4	"https://static.www.nfl.com/image/upload/f_auto,q_auto/league/psasp10nn5pcvkli9kil"	"SLOT_WR"	2	"REG"	"A01"	"Trey"	"MCB743360"	"54520"	"32004d43-4274-3360-cc50-43990383247d"	2022	2022	"AZ"	55
2026	"ARI"	"TE"	"TE"	85	"ACT"	"Trey McBride"	"Trey"	"McBride"	"1999-11-22"	76	246	"Colorado State"	"00-0037744"	"4361307"	"734d54cc-c869-4e2f-a60f-c59c493f5110"	"34010"	"15902"	"75916"	"McBrTr01"	"23251"	"8130"	4	"https://static.www.nfl.com/image/upload/f_auto,q_auto/league/psasp10nn5pcvkli9kil"	"SLOT_WR"	4	"REG"	"A01"	"Trey"	"MCB743360"	"54520"	"32004d43-4274-3360-cc50-43990383247d"	2022	2022	"AZ"	55
2026	"NO"	"K"	"K"	46	"CUT"	"Tanner Brown"	"Tanner"	"Brown"	"1999-12-28"	72	180	"Oklahoma State; UNLV"	"00-0038354"	"4696736"	"c0323320-e84b-11ed-91d9-49980de29a21"	"40376"	"17378"	"128347"	"BrowTa00"	"24741"	"11145"	3	"https://static.www.nfl.com/image/upload/f_auto,q_auto/league/urrsg5etku9rfbsdgmui"	null	1	"REG"	"W03"	"Tanner"	"BRO695296"	"56125"	"32004252-4f69-5296-17eb-a05a0661087d"	2023	2023	null	null
2026	"CLE"	"K"	"K"	25	"ACT"	"Andre Szmyt"	"Andre"	"Szmyt"	"1998-09-26"	72	199	"Syracuse"	"00-0038428"	"4258620"	"25f0b180-ead8-11ed-86b8-630d0ad2d5af"	"40496"	"17132"	"57624"	"SzmyAn00"	"24575"	"11261"	3	"https://static.www.nfl.com/image/upload/f_auto,q_auto/league/tkah6glpysuyq2a54gts"	null	2	"REG"	"A01"	"Andre"	"SZM415291"	"56179"	"3200535a-4d41-5291-ee77-e7514f3731d5"	2023	2023	null	null
2026	"CLE"	"K"	"K"	25	"ACT"	"Andre Szmyt"	"Andre"	"Szmyt"	"1998-09-26"	72	199	"Syracuse"	"00-0038428"	"4258620"	"25f0b180-ead8-11ed-86b8-630d0ad2d5af"	"40496"	"17132"	"57624"	"SzmyAn00"	"24575"	"11261"	3	"https://static.www.nfl.com/image/upload/f_auto,q_auto/league/tkah6glpysuyq2a54gts"	"K"	3	"REG"	"A01"	"Andre"	"SZM415291"	"56179"	"3200535a-4d41-5291-ee77-e7514f3731d5"	2023	2023	null	null
2026	"CLE"	"K"	"K"	25	"ACT"	"Andre Szmyt"	"Andre"	"Szmyt"	"1998-09-26"	72	199	"Syracuse"	"00-0038428"	"4258620"	"25f0b180-ead8-11ed-86b8-630d0ad2d5af"	"40496"	"17132"	"57624"	"SzmyAn00"	"24575"	"11261"	3	"https://static.www.nfl.com/image/upload/f_auto,q_auto/league/tkah6glpysuyq2a54gts"	"K"	4	"REG"	"A01"	"Andre"	"SZM415291"	"56179"	"3200535a-4d41-5291-ee77-e7514f3731d5"	2023	2023	null	null
2026	"CLE"	"K"	"K"	25	"ACT"	"Andre Szmyt"	"Andre"	"Szmyt"	"1998-09-26"	72	199	"Syracuse"	"00-0038428"	"4258620"	"25f0b180-ead8-11ed-86b8-630d0ad2d5af"	"40496"	"17132"	"57624"	"SzmyAn00"	"24575"	"11261"	3	"https://static.www.nfl.com/image/upload/f_auto,q_auto/league/tkah6glpysuyq2a54gts"	null	1	"REG"	"A01"	"Andre"	"SZM415291"	"56179"	"3200535a-4d41-5291-ee77-e7514f3731d5"	2023	2023	null	null
2026	"ATL"	"RB"	"RB"	7	"ACT"	"Bijan Robinson"	"Bijan"	"Robinson"	"2002-01-30"	71	214	"Texas"	"00-0038542"	"4430807"	"f78d68c2-f9da-48e7-b954-26b69efd828d"	"40055"	"16739"	"123126"	"RobiBi01"	"23189"	"9509"	3	"https://static.www.nfl.com/image/upload/f_auto,q_auto/league/esii5yb8yn9edboi4mlq"	"RB"	3	"REG"	"A01"	"Bijan"	"ROB368260"	"55872"	"3200524f-4236-8260-6d5f-ae47fe2e0128"	2023	2023	"ATL"	8
2026	"ATL"	"RB"	"RB"	7	"ACT"	"Bijan Robinson"	"Bijan"	"Robinson"	"2002-01-30"	71	214	"Texas"	"00-0038542"	"4430807"	"f78d68c2-f9da-48e7-b954-26b69efd828d"	"40055"	"16739"	"123126"	"RobiBi01"	"23189"	"9509"	3	"https://static.www.nfl.com/image/upload/f_auto,q_auto/league/esii5yb8yn9edboi4mlq"	"RB"	4	"REG"	"A01"	"Bijan"	"ROB368260"	"55872"	"3200524f-4236-8260-6d5f-ae47fe2e0128"	2023	2023	"ATL"	8
2026	"ATL"	"RB"	"RB"	7	"ACT"	"Bijan Robinson"	"Bijan"	"Robinson"	"2002-01-30"	71	214	"Texas"	"00-0038542"	"4430807"	"f78d68c2-f9da-48e7-b954-26b69efd828d"	"40055"	"16739"	"123126"	"RobiBi01"	"23189"	"9509"	3	"https://static.www.nfl.com/image/upload/f_auto,q_auto/league/esii5yb8yn9edboi4mlq"	"RB"	2	"REG"	"A01"	"Bijan"	"ROB368260"	"55872"	"3200524f-4236-8260-6d5f-ae47fe2e0128"	2023	2023	"ATL"	8
2026	"ATL"	"RB"	"RB"	7	"ACT"	"Bijan Robinson"	"Bijan"	"Robinson"	"2002-01-30"	71	214	"Texas"	"00-0038542"	"4430807"	"f78d68c2-f9da-48e7-b954-26b69efd828d"	"40055"	"16739"	"123126"	"RobiBi01"	"23189"	"9509"	3	"https://static.www.nfl.com/image/upload/f_auto,q_auto/league/esii5yb8yn9edboi4mlq"	"RB"	1	"REG"	"A01"	"Bijan"	"ROB368260"	"55872"	"3200524f-4236-8260-6d5f-ae47fe2e0128"	2023	2023	"ATL"	8
2026	"SEA"	"WR"	"WR"	11	"ACT"	"Jaxon Smith-Njigba"	"Jaxon"	"Smith-Njigba"	"2002-02-14"	72	198	"Ohio State"	"00-0038543"	"4430878"	"6215db71-1e13-4c62-8f14-2005d33dee47"	"40041"	"16654"	"129758"	"SmitJa06"	"23157"	"9488"	3	"https://static.www.nfl.com/image/upload/f_auto,q_auto/league/yx1xjrupbqdknnjaq4a6"	"WR"	3	"REG"	"A01"	"Jaxon"	"SMI829636"	"55884"	"3200534d-4982-9636-a18c-5da6fbdaa80c"	2023	2023	"SEA"	20
2026	"SEA"	"WR"	"WR"	11	"ACT"	"Jaxon Smith-Njigba"	"Jaxon"	"Smith-Njigba"	"2002-02-14"	72	198	"Ohio State"	"00-0038543"	"4430878"	"6215db71-1e13-4c62-8f14-2005d33dee47"	"40041"	"16654"	"129758"	"SmitJa06"	"23157"	"9488"	3	"https://static.www.nfl.com/image/upload/f_auto,q_auto/league/yx1xjrupbqdknnjaq4a6"	"WR"	4	"REG"	"A01"	"Jaxon"	"SMI829636"	"55884"	"3200534d-4982-9636-a18c-5da6fbdaa80c"	2023	2023	"SEA"	20
2026	"SEA"	"WR"	"WR"	11	"ACT"	"Jaxon Smith-Njigba"	"Jaxon"	"Smith-Njigba"	"2002-02-14"	72	198	"Ohio State"	"00-0038543"	"4430878"	"6215db71-1e13-4c62-8f14-2005d33dee47"	"40041"	"16654"	"129758"	"SmitJa06"	"23157"	"9488"	3	"https://static.www.nfl.com/image/upload/f_auto,q_auto/league/yx1xjrupbqdknnjaq4a6"	"WR"	1	"REG"	"A01"	"Jaxon"	"SMI829636"	"55884"	"3200534d-4982-9636-a18c-5da6fbdaa80c"	2023	2023	"SEA"	20
2026	"SEA"	"WR"	"WR"	11	"ACT"	"Jaxon Smith-Njigba"	"Jaxon"	"Smith-Njigba"	"2002-02-14"	72	198	"Ohio State"	"00-0038543"	"4430878"	"6215db71-1e13-4c62-8f14-2005d33dee47"	"40041"	"16654"	"129758"	"SmitJa06"	"23157"	"9488"	3	"https://static.www.nfl.com/image/upload/f_auto,q_auto/league/yx1xjrupbqdknnjaq4a6"	"WR"	2	"REG"	"A01"	"Jaxon"	"SMI829636"	"55884"	"3200534d-4982-9636-a18c-5da6fbdaa80c"	2023	2023	"SEA"	20
2026	"BAL"	"K"	"K"	16	"CUT"	"Jake Moody"	"Jake"	"Moody"	"1999-11-23"	73	210	"Michigan"	"00-0038562"	"4372066"	"e7a7eaea-0f77-42ab-b6a2-12ebcf51227c"	"40129"	"17133"	"82603"	"MoodJa00"	"24423"	"10937"	3	"https://static.www.nfl.com/image/upload/f_auto,q_auto/league/apt7uakuwoxlpsjp5lp5"	null	2	"REG"	"P07"	"Jake"	"MOO008651"	"55964"	"32004d4f-4f00-8651-ef00-ae7240b95cc4"	2023	2023	"SF"	99
2026	"BAL"	"K"	"K"	16	"DEV"	"Jake Moody"	"Jake"	"Moody"	"1999-11-23"	73	210	"Michigan"	"00-0038562"	"4372066"	"e7a7eaea-0f77-42ab-b6a2-12ebcf51227c"	"40129"	"17133"	"82603"	"MoodJa00"	"24423"	"10937"	3	"https://static.www.nfl.com/image/upload/f_auto,q_auto/league/apt7uakuwoxlpsjp5lp5"	null	1	"REG"	"P07"	"Jake"	"MOO008651"	"55964"	"32004d4f-4f00-8651-ef00-ae7240b95cc4"	2023	2023	"SF"	99
2026	"ARI"	"K"	"K"	38	"ACT"	"Chad Ryland"	"Chad"	"Ryland"	"1999-10-15"	72	195	"Maryland; Eastern Michigan"	"00-0038567"	"4363538"	"c77efa70-0691-4a21-8064-a5880569b559"	"40159"	"17107"	"77083"	"RylaCh00"	"24436"	"10955"	3	"https://static.www.nfl.com/image/upload/f_auto,q_auto/league/gbfzwbzdl9wj582nh5g9"	null	2	"REG"	"A01"	"Chad"	"RYL029663"	"55977"	"32005259-4c02-9663-76b8-52ab16a27c3a"	2023	2023	"NE"	112
2026	"ARI"	"K"	"K"	38	"ACT"	"Chad Ryland"	"Chad"	"Ryland"	"1999-10-15"	72	195	"Maryland; Eastern Michigan"	"00-0038567"	"4363538"	"c77efa70-0691-4a21-8064-a5880569b559"	"40159"	"17107"	"77083"	"RylaCh00"	"24436"	"10955"	3	"https://static.www.nfl.com/image/upload/f_auto,q_auto/league/gbfzwbzdl9wj582nh5g9"	"K"	3	"REG"	"A01"	"Chad"	"RYL029663"	"55977"	"32005259-4c02-9663-76b8-52ab16a27c3a"	2023	2023	"NE"	112
2026	"ARI"	"K"	"K"	38	"ACT"	"Chad Ryland"	"Chad"	"Ryland"	"1999-10-15"	72	195	"Maryland; Eastern Michigan"	"00-0038567"	"4363538"	"c77efa70-0691-4a21-8064-a5880569b559"	"40159"	"17107"	"77083"	"RylaCh00"	"24436"	"10955"	3	"https://static.www.nfl.com/image/upload/f_auto,q_auto/league/gbfzwbzdl9wj582nh5g9"	null	1	"REG"	"A01"	"Chad"	"RYL029663"	"55977"	"32005259-4c02-9663-76b8-52ab16a27c3a"	2023	2023	"NE"	112
2026	"ARI"	"K"	"K"	38	"ACT"	"Chad Ryland"	"Chad"	"Ryland"	"1999-10-15"	72	195	"Maryland; Eastern Michigan"	"00-0038567"	"4363538"	"c77efa70-0691-4a21-8064-a5880569b559"	"40159"	"17107"	"77083"	"RylaCh00"	"24436"	"10955"	3	"https://static.www.nfl.com/image/upload/f_auto,q_auto/league/gbfzwbzdl9wj582nh5g9"	"FK"	4	"REG"	"A01"	"Chad"	"RYL029663"	"55977"	"32005259-4c02-9663-76b8-52ab16a27c3a"	2023	2023	"NE"	112
2026	"TB"	"K"	"K"	33	"CUT"	"B.T. Potter"	"Benjamin"	"Potter"	null	null	200	null	"00-0038748"	null	null	null	null	null	null	null	null	3	"https://static.www.nfl.com/image/upload/f_auto,q_auto/league/gmtlr2dtch6dbfxj7vdt"	null	1	"REG"	"W03"	"B.T."	"POT285078"	"56467"	"3200504f-5428-5078-f31e-ed4a9eef1ad3"	2023	2023	null	null
2026	"NYJ"	"K"	"K"	39	"INA"	"Blake Grupe"	"Blake"	"Grupe"	"1998-11-05"	67	156	"Notre Dame; Arkansas State"	"00-0038905"	"4259619"	"2a1d4ce0-e6f6-11ed-abca-c7a3a205e21d"	"40296"	"17595"	"57502"	"GrupBl00"	"24506"	"11058"	3	"https://static.www.nfl.com/image/upload/f_auto,q_auto/league/de3vz6xjjo9paba6encd"	null	3	"REG"	"A01"	"Blake"	"GRU692152"	"56627"	"32004752-5569-2152-639d-be243401a097"	2023	2023	null	null
2026	"NYJ"	"K"	"K"	39	"DEV"	"Blake Grupe"	"Blake"	"Grupe"	"1998-11-05"	67	156	"Notre Dame; Arkansas State"	"00-0038905"	"4259619"	"2a1d4ce0-e6f6-11ed-abca-c7a3a205e21d"	"40296"	"17595"	"57502"	"GrupBl00"	"24506"	"11058"	3	"https://static.www.nfl.com/image/upload/f_auto,q_auto/league/de3vz6xjjo9paba6encd"	null	4	"REG"	"P07"	"Blake"	"GRU692152"	"56627"	"32004752-5569-2152-639d-be243401a097"	2023	2023	null	null
2026	"NYJ"	"K"	"K"	39	"INA"	"Blake Grupe"	"Blake"	"Grupe"	"1998-11-05"	67	156	"Notre Dame; Arkansas State"	"00-0038905"	"4259619"	"2a1d4ce0-e6f6-11ed-abca-c7a3a205e21d"	"40296"	"17595"	"57502"	"GrupBl00"	"24506"	"11058"	3	"https://static.www.nfl.com/image/upload/f_auto,q_auto/league/de3vz6xjjo9paba6encd"	null	2	"REG"	"A01"	"Blake"	"GRU692152"	"56627"	"32004752-5569-2152-639d-be243401a097"	2023	2023	null	null
2026	"NYJ"	"K"	"K"	39	"INA"	"Blake Grupe"	"Blake"	"Grupe"	"1998-11-05"	67	156	"Notre Dame; Arkansas State"	"00-0038905"	"4259619"	"2a1d4ce0-e6f6-11ed-abca-c7a3a205e21d"	"40296"	"17595"	"57502"	"GrupBl00"	"24506"	"11058"	3	"https://static.www.nfl.com/image/upload/f_auto,q_auto/league/de3vz6xjjo9paba6encd"	null	1	"REG"	"A01"	"Blake"	"GRU692152"	"56627"	"32004752-5569-2152-639d-be243401a097"	2023	2023	null	null
2026	"LA"	"TE"	"TE"	87	"ACT"	"Davis Allen"	"Davis"	"Allen"	"2001-02-03"	78	250	"Clemson"	"00-0039074"	"4426553"	"02a77d8c-3b89-4a61-86a2-0c005c1e589a"	"40164"	"17030"	"99697"	"AlleDa02"	"24148"	"10214"	3	"https://static.www.nfl.com/image/upload/f_auto,q_auto/league/iweydtcrfchsl3mt6jtd"	"TE"	2	"REG"	"A01"	"Davis"	"ALL098299"	"56040"	"3200414c-4c09-8299-f00f-278951746672"	2023	2023	"LAR"	175
2026	"LA"	"TE"	"TE"	87	"ACT"	"Davis Allen"	"Davis"	"Allen"	"2001-02-03"	78	250	"Clemson"	"00-0039074"	"4426553"	"02a77d8c-3b89-4a61-86a2-0c005c1e589a"	"40164"	"17030"	"99697"	"AlleDa02"	"24148"	"10214"	3	"https://static.www.nfl.com/image/upload/f_auto,q_auto/league/iweydtcrfchsl3mt6jtd"	"TE"	3	"REG"	"A01"	"Davis"	"ALL098299"	"56040"	"3200414c-4c09-8299-f00f-278951746672"	2023	2023	"LAR"	175
2026	"LA"	"TE"	"TE"	87	"ACT"	"Davis Allen"	"Davis"	"Allen"	"2001-02-03"	78	250	"Clemson"	"00-0039074"	"4426553"	"02a77d8c-3b89-4a61-86a2-0c005c1e589a"	"40164"	"17030"	"99697"	"AlleDa02"	"24148"	"10214"	3	"https://static.www.nfl.com/image/upload/f_auto,q_auto/league/iweydtcrfchsl3mt6jtd"	"TE"	4	"REG"	"A01"	"Davis"	"ALL098299"	"56040"	"3200414c-4c09-8299-f00f-278951746672"	2023	2023	"LAR"	175
2026	"LA"	"TE"	"TE"	87	"ACT"	"Davis Allen"	"Davis"	"Allen"	"2001-02-03"	78	250	"Clemson"	"00-0039074"	"4426553"	"02a77d8c-3b89-4a61-86a2-0c005c1e589a"	"40164"	"17030"	"99697"	"AlleDa02"	"24148"	"10214"	3	"https://static.www.nfl.com/image/upload/f_auto,q_auto/league/iweydtcrfchsl3mt6jtd"	"TE"	1	"REG"	"A01"	"Davis"	"ALL098299"	"56040"	"3200414c-4c09-8299-f00f-278951746672"	2023	2023	"LAR"	175
2026	"HOU"	"QB"	"QB"	7	"ACT"	"C.J. Stroud"	"Coleridge"	"Stroud"	"2001-10-03"	75	218	"Ohio State"	"00-0039163"	"4432577"	"7e91086f-9ca4-4bd9-a099-b88b2f37e6c6"	"40030"	"16886"	"129759"	"StroCJ00"	"23239"	"9758"	3	"https://static.www.nfl.com/image/upload/f_auto,q_auto/league/tt4zrtxlhifaljhj0rn7"	"QB"	1	"REG"	"A01"	"C.J."	"STR702090"	"55866"	"32005354-5270-2090-cc17-67cd6da43535"	2023	2023	"HOU"	2
2026	"HOU"	"QB"	"QB"	7	"ACT"	"C.J. Stroud"	"Coleridge"	"Stroud"	"2001-10-03"	75	218	"Ohio State"	"00-0039163"	"4432577"	"7e91086f-9ca4-4bd9-a099-b88b2f37e6c6"	"40030"	"16886"	"129759"	"StroCJ00"	"23239"	"9758"	3	"https://static.www.nfl.com/image/upload/f_auto,q_auto/league/tt4zrtxlhifaljhj0rn7"	"QB"	2	"REG"	"A01"	"C.J."	"STR702090"	"55866"	"32005354-5270-2090-cc17-67cd6da43535"	2023	2023	"HOU"	2
2026	"HOU"	"QB"	"QB"	7	"ACT"	"C.J. Stroud"	"Coleridge"	"Stroud"	"2001-10-03"	75	218	"Ohio State"	"00-0039163"	"4432577"	"7e91086f-9ca4-4bd9-a099-b88b2f37e6c6"	"40030"	"16886"	"129759"	"StroCJ00"	"23239"	"9758"	3	"https://static.www.nfl.com/image/upload/f_auto,q_auto/league/tt4zrtxlhifaljhj0rn7"	"QB"	3	"REG"	"A01"	"C.J."	"STR702090"	"55866"	"32005354-5270-2090-cc17-67cd6da43535"	2023	2023	"HOU"	2
2026	"HOU"	"QB"	"QB"	7	"ACT"	"C.J. Stroud"	"Coleridge"	"Stroud"	"2001-10-03"	75	218	"Ohio State"	"00-0039163"	"4432577"	"7e91086f-9ca4-4bd9-a099-b88b2f37e6c6"	"40030"	"16886"	"129759"	"StroCJ00"	"23239"	"9758"	3	"https://static.www.nfl.com/image/upload/f_auto,q_auto/league/tt4zrtxlhifaljhj0rn7"	"QB"	4	"REG"	"A01"	"C.J."	"STR702090"	"55866"	"32005354-5270-2090-cc17-67cd6da43535"	2023	2023	"HOU"	2
2026	"DET"	"K"	"K"	39	"ACT"	"Jake Bates"	"Jacob"	"Bates"	"1999-03-03"	70	202	"Arkansas; Central Arkansas"	"00-0039172"	"4689936"	"3a724be0-3075-11ee-bdab-4565792ee2a3"	"40835"	"17376"	"121959"	"BateJa00"	"24530"	"11539"	3	"https://static.www.nfl.com/image/upload/f_auto,q_auto/league/umhfee7ax7r8gjdt8okb"	null	2	"REG"	"A01"	"Jake"	"BAT106818"	"56977"	"32004241-5410-6818-f7c8-70319151cdab"	2023	2023	null	null
2026	"DET"	"K"	"K"	39	"ACT"	"Jake Bates"	"Jacob"	"Bates"	"1999-03-03"	70	202	"Arkansas; Central Arkansas"	"00-0039172"	"4689936"	"3a724be0-3075-11ee-bdab-4565792ee2a3"	"40835"	"17376"	"121959"	"BateJa00"	"24530"	"11539"	3	"https://static.www.nfl.com/image/upload/f_auto,q_auto/league/umhfee7ax7r8gjdt8okb"	null	1	"REG"	"A01"	"Jake"	"BAT106818"	"56977"	"32004241-5410-6818-f7c8-70319151cdab"	2023	2023	null	null
2026	"DET"	"K"	"K"	39	"ACT"	"Jake Bates"	"Jacob"	"Bates"	"1999-03-03"	70	202	"Arkansas; Central Arkansas"	"00-0039172"	"4689936"	"3a724be0-3075-11ee-bdab-4565792ee2a3"	"40835"	"17376"	"121959"	"BateJa00"	"24530"	"11539"	3	"https://static.www.nfl.com/image/upload/f_auto,q_auto/league/umhfee7ax7r8gjdt8okb"	"K"	3	"REG"	"A01"	"Jake"	"BAT106818"	"56977"	"32004241-5410-6818-f7c8-70319151cdab"	2023	2023	null	null
2026	"DET"	"K"	"K"	39	"ACT"	"Jake Bates"	"Jacob"	"Bates"	"1999-03-03"	70	202	"Arkansas; Central Arkansas"	"00-0039172"	"4689936"	"3a724be0-3075-11ee-bdab-4565792ee2a3"	"40835"	"17376"	"121959"	"BateJa00"	"24530"	"11539"	3	"https://static.www.nfl.com/image/upload/f_auto,q_auto/league/umhfee7ax7r8gjdt8okb"	"FK"	4	"REG"	"A01"	"Jake"	"BAT106818"	"56977"	"32004241-5410-6818-f7c8-70319151cdab"	2023	2023	null	null
2026	"NO"	"K"	"K"	39	"DEV"	"Charlie Smyth"	"Charles"	"Smyth"	"2001-06-26"	76	210	""	"00-0039229"	"5208518"	null	null	"18034"	"183080"	"SmytCh00"	null	null	2	"https://static.www.nfl.com/image/upload/f_auto,q_auto/league/yv9x4ywdfecxioletyol"	null	4	"REG"	"P03"	"Charlie"	"SMY132430"	"57112"	"3200534d-5913-2430-a3fd-db172ea62ed7"	2024	2024	null	null
2026	"NO"	"K"	"K"	39	"DEV"	"Charlie Smyth"	"Charles"	"Smyth"	"2001-06-26"	76	210	""	"00-0039229"	"5208518"	null	null	"18034"	"183080"	"SmytCh00"	null	null	2	"https://static.www.nfl.com/image/upload/f_auto,q_auto/league/yv9x4ywdfecxioletyol"	null	3	"REG"	"P03"	"Charlie"	"SMY132430"	"57112"	"3200534d-5913-2430-a3fd-db172ea62ed7"	2024	2024	null	null
2026	"NO"	"K"	"K"	39	"DEV"	"Charlie Smyth"	"Charles"	"Smyth"	"2001-06-26"	76	210	""	"00-0039229"	"5208518"	null	null	"18034"	"183080"	"SmytCh00"	null	null	2	"https://static.www.nfl.com/image/upload/f_auto,q_auto/league/yv9x4ywdfecxioletyol"	null	1	"REG"	"P03"	"Charlie"	"SMY132430"	"57112"	"3200534d-5913-2430-a3fd-db172ea62ed7"	2024	2024	null	null
2026	"NO"	"K"	"K"	39	"DEV"	"Charlie Smyth"	"Charles"	"Smyth"	"2001-06-26"	76	210	""	"00-0039229"	"5208518"	null	null	"18034"	"183080"	"SmytCh00"	null	null	2	"https://static.www.nfl.com/image/upload/f_auto,q_auto/league/yv9x4ywdfecxioletyol"	null	2	"REG"	"P03"	"Charlie"	"SMY132430"	"57112"	"3200534d-5913-2430-a3fd-db172ea62ed7"	2024	2024	null	null
2026	"MIN"	"K"	"K"	16	"ACT"	"Will Reichard"	"William"	"Reichard"	"2001-01-09"	73	190	"Alabama"	"00-0039404"	"4567104"	"6f667582-b880-4c41-a105-59c347a36c0d"	"41093"	"17922"	"98965"	"ReicWi00"	"25113"	"11792"	2	"https://static.www.nfl.com/image/upload/f_auto,q_auto/league/wv1h4umuddkfss96uutw"	"FK"	4	"REG"	"A01"	"Will"	"REI037913"	"57323"	"32005245-4903-7913-8590-ea14fc89ba01"	2024	2024	"MIN"	203
2026	"MIN"	"K"	"K"	16	"ACT"	"Will Reichard"	"William"	"Reichard"	"2001-01-09"	73	190	"Alabama"	"00-0039404"	"4567104"	"6f667582-b880-4c41-a105-59c347a36c0d"	"41093"	"17922"	"98965"	"ReicWi00"	"25113"	"11792"	2	"https://static.www.nfl.com/image/upload/f_auto,q_auto/league/wv1h4umuddkfss96uutw"	"K"	3	"REG"	"A01"	"Will"	"REI037913"	"57323"	"32005245-4903-7913-8590-ea14fc89ba01"	2024	2024	"MIN"	203
2026	"MIN"	"K"	"K"	16	"ACT"	"Will Reichard"	"William"	"Reichard"	"2001-01-09"	73	190	"Alabama"	"00-0039404"	"4567104"	"6f667582-b880-4c41-a105-59c347a36c0d"	"41093"	"17922"	"98965"	"ReicWi00"	"25113"	"11792"	2	"https://static.www.nfl.com/image/upload/f_auto,q_auto/league/wv1h4umuddkfss96uutw"	null	2	"REG"	"A01"	"Will"	"REI037913"	"57323"	"32005245-4903-7913-8590-ea14fc89ba01"	2024	2024	"MIN"	203
2026	"MIN"	"K"	"K"	16	"ACT"	"Will Reichard"	"William"	"Reichard"	"2001-01-09"	73	190	"Alabama"	"00-0039404"	"4567104"	"6f667582-b880-4c41-a105-59c347a36c0d"	"41093"	"17922"	"98965"	"ReicWi00"	"25113"	"11792"	2	"https://static.www.nfl.com/image/upload/f_auto,q_auto/league/wv1h4umuddkfss96uutw"	null	1	"REG"	"A01"	"Will"	"REI037913"	"57323"	"32005245-4903-7913-8590-ea14fc89ba01"	2024	2024	"MIN"	203
2026	"JAX"	"K"	"K"	39	"ACT"	"Cam Little"	"Cameron"	"Little"	"2003-08-17"	73	172	"Arkansas"	"00-0039409"	"4686361"	"42d90cdf-5494-4576-bc1e-4b5d3de99f5f"	"41062"	"17926"	"146646"	"LittCa00"	"24960"	"11786"	2	"https://static.www.nfl.com/image/upload/f_auto,q_auto/league/mc9goepr7mglrx6ek1fi"	null	2	"REG"	"A01"	"Cam"	"LIT228870"	"57332"	"32004c49-5422-8870-662a-03e5e5f1c33d"	2024	2024	"JAX"	212
2026	"JAX"	"K"	"K"	39	"ACT"	"Cam Little"	"Cameron"	"Little"	"2003-08-17"	73	172	"Arkansas"	"00-0039409"	"4686361"	"42d90cdf-5494-4576-bc1e-4b5d3de99f5f"	"41062"	"17926"	"146646"	"LittCa00"	"24960"	"11786"	2	"https://static.www.nfl.com/image/upload/f_auto,q_auto/league/mc9goepr7mglrx6ek1fi"	"FK"	3	"REG"	"A01"	"Cam"	"LIT228870"	"57332"	"32004c49-5422-8870-662a-03e5e5f1c33d"	2024	2024	"JAX"	212
2026	"JAX"	"K"	"K"	39	"ACT"	"Cam Little"	"Cameron"	"Little"	"2003-08-17"	73	172	"Arkansas"	"00-0039409"	"4686361"	"42d90cdf-5494-4576-bc1e-4b5d3de99f5f"	"41062"	"17926"	"146646"	"LittCa00"	"24960"	"11786"	2	"https://static.www.nfl.com/image/upload/f_auto,q_auto/league/mc9goepr7mglrx6ek1fi"	"K"	4	"REG"	"A01"	"Cam"	"LIT228870"	"57332"	"32004c49-5422-8870-662a-03e5e5f1c33d"	2024	2024	"JAX"	212
2026	"JAX"	"K"	"K"	39	"ACT"	"Cam Little"	"Cameron"	"Little"	"2003-08-17"	73	172	"Arkansas"	"00-0039409"	"4686361"	"42d90cdf-5494-4576-bc1e-4b5d3de99f5f"	"41062"	"17926"	"146646"	"LittCa00"	"24960"	"11786"	2	"https://static.www.nfl.com/image/upload/f_auto,q_auto/league/mc9goepr7mglrx6ek1fi"	null	1	"REG"	"A01"	"Cam"	"LIT228870"	"57332"	"32004c49-5422-8870-662a-03e5e5f1c33d"	2024	2024	"JAX"	212
2026	"LA"	"K"	"K"	92	"ACT"	"Harrison Mevis"	"Harrison"	"Mevis"	"2002-03-27"	72	243	"Missouri"	"00-0039498"	"4574716"	"663ada70-0717-11ef-94de-1b2fbd1e412b"	null	"17921"	"124212"	"MeviHa00"	"25119"	"12015"	2	"https://static.www.nfl.com/image/upload/f_auto,q_auto/league/yjmtai1e4eqbsw2yk6mh"	"FK"	3	"REG"	"A01"	"Harrison"	"MEV426541"	"57613"	"32004d45-5642-6541-c792-3b48c4af2cf6"	2024	2024	null	null
2026	"LA"	"K"	"K"	92	"ACT"	"Harrison Mevis"	"Harrison"	"Mevis"	"2002-03-27"	72	243	"Missouri"	"00-0039498"	"4574716"	"663ada70-0717-11ef-94de-1b2fbd1e412b"	null	"17921"	"124212"	"MeviHa00"	"25119"	"12015"	2	"https://static.www.nfl.com/image/upload/f_auto,q_auto/league/yjmtai1e4eqbsw2yk6mh"	null	1	"REG"	"A01"	"Harrison"	"MEV426541"	"57613"	"32004d45-5642-6541-c792-3b48c4af2cf6"	2024	2024	null	null
2026	"LA"	"K"	"K"	92	"ACT"	"Harrison Mevis"	"Harrison"	"Mevis"	"2002-03-27"	72	243	"Missouri"	"00-0039498"	"4574716"	"663ada70-0717-11ef-94de-1b2fbd1e412b"	null	"17921"	"124212"	"MeviHa00"	"25119"	"12015"	2	"https://static.www.nfl.com/image/upload/f_auto,q_auto/league/yjmtai1e4eqbsw2yk6mh"	null	2	"REG"	"A01"	"Harrison"	"MEV426541"	"57613"	"32004d45-5642-6541-c792-3b48c4af2cf6"	2024	2024	null	null
2026	"LA"	"K"	"K"	92	"ACT"	"Harrison Mevis"	"Harrison"	"Mevis"	"2002-03-27"	72	243	"Missouri"	"00-0039498"	"4574716"	"663ada70-0717-11ef-94de-1b2fbd1e412b"	null	"17921"	"124212"	"MeviHa00"	"25119"	"12015"	2	"https://static.www.nfl.com/image/upload/f_auto,q_auto/league/yjmtai1e4eqbsw2yk6mh"	"FK"	4	"REG"	"A01"	"Harrison"	"MEV426541"	"57613"	"32004d45-5642-6541-c792-3b48c4af2cf6"	2024	2024	null	null
2026	"IND"	"K"	"K"	3	"ACT"	"Spencer Shrader"	"Spencer"	"Shrader"	"1999-05-19"	74	200	"Notre Dame; University of South Florida"	"00-0039576"	"4571557"	"2d7fa2f0-07d6-11ef-b188-b11373ae105b"	null	"18268"	"100974"	"ShraSp00"	"25403"	"12185"	2	"https://static.www.nfl.com/image/upload/f_auto,q_auto/league/upbporhm1frqfpgalfrk"	null	2	"REG"	"A01"	"Spencer"	"SHR088990"	"57696"	"32005348-5208-8990-747a-06e7413e364f"	2024	2024	null	null
2026	"IND"	"K"	"K"	3	"ACT"	"Spencer Shrader"	"Spencer"	"Shrader"	"1999-05-19"	74	200	"Notre Dame; University of South Florida"	"00-0039576"	"4571557"	"2d7fa2f0-07d6-11ef-b188-b11373ae105b"	null	"18268"	"100974"	"ShraSp00"	"25403"	"12185"	2	"https://static.www.nfl.com/image/upload/f_auto,q_auto/league/upbporhm1frqfpgalfrk"	"FK"	3	"REG"	"A01"	"Spencer"	"SHR088990"	"57696"	"32005348-5208-8990-747a-06e7413e364f"	2024	2024	null	null
2026	"IND"	"K"	"K"	3	"ACT"	"Spencer Shrader"	"Spencer"	"Shrader"	"1999-05-19"	74	200	"Notre Dame; University of South Florida"	"00-0039576"	"4571557"	"2d7fa2f0-07d6-11ef-b188-b11373ae105b"	null	"18268"	"100974"	"ShraSp00"	"25403"	"12185"	2	"https://static.www.nfl.com/image/upload/f_auto,q_auto/league/upbporhm1frqfpgalfrk"	"FK"	4	"REG"	"A01"	"Spencer"	"SHR088990"	"57696"	"32005348-5208-8990-747a-06e7413e364f"	2024	2024	null	null
2026	"IND"	"K"	"K"	3	"ACT"	"Spencer Shrader"	"Spencer"	"Shrader"	"1999-05-19"	74	200	"Notre Dame; University of South Florida"	"00-0039576"	"4571557"	"2d7fa2f0-07d6-11ef-b188-b11373ae105b"	null	"18268"	"100974"	"ShraSp00"	"25403"	"12185"	2	"https://static.www.nfl.com/image/upload/f_auto,q_auto/league/upbporhm1frqfpgalfrk"	null	1	"REG"	"A01"	"Spencer"	"SHR088990"	"57696"	"32005348-5208-8990-747a-06e7413e364f"	2024	2024	null	null
2026	"NYJ"	"RB"	"RB"	0	"ACT"	"Braelon Allen"	"Braelon"	"Allen"	"2004-01-20"	73	235	"Wisconsin"	"00-0039794"	"4685247"	"d7f72deb-c1e2-47a2-b651-887f0e33dc44"	"40981"	"17702"	"145159"	"AlleBr05"	"24934"	"11576"	2	"https://static.www.nfl.com/image/upload/f_auto,q_auto/league/fmpzgmfjmcbrv1gmqbdn"	"RB"	3	"REG"	"A01"	"Braelon"	"ALL063734"	"57255"	"3200414c-4c06-3734-6e11-4c57194f79b4"	2024	2024	"NYJ"	134
2026	"NYJ"	"RB"	"RB"	0	"ACT"	"Braelon Allen"	"Braelon"	"Allen"	"2004-01-20"	73	235	"Wisconsin"	"00-0039794"	"4685247"	"d7f72deb-c1e2-47a2-b651-887f0e33dc44"	"40981"	"17702"	"145159"	"AlleBr05"	"24934"	"11576"	2	"https://static.www.nfl.com/image/upload/f_auto,q_auto/league/fmpzgmfjmcbrv1gmqbdn"	"RB"	1	"REG"	"A01"	"Braelon"	"ALL063734"	"57255"	"3200414c-4c06-3734-6e11-4c57194f79b4"	2024	2024	"NYJ"	134
2026	"NYJ"	"RB"	"RB"	0	"ACT"	"Braelon Allen"	"Braelon"	"Allen"	"2004-01-20"	73	235	"Wisconsin"	"00-0039794"	"4685247"	"d7f72deb-c1e2-47a2-b651-887f0e33dc44"	"40981"	"17702"	"145159"	"AlleBr05"	"24934"	"11576"	2	"https://static.www.nfl.com/image/upload/f_auto,q_auto/league/fmpzgmfjmcbrv1gmqbdn"	"RB"	2	"REG"	"A01"	"Braelon"	"ALL063734"	"57255"	"3200414c-4c06-3734-6e11-4c57194f79b4"	2024	2024	"NYJ"	134
2026	"NYJ"	"RB"	"RB"	0	"ACT"	"Braelon Allen"	"Braelon"	"Allen"	"2004-01-20"	73	235	"Wisconsin"	"00-0039794"	"4685247"	"d7f72deb-c1e2-47a2-b651-887f0e33dc44"	"40981"	"17702"	"145159"	"AlleBr05"	"24934"	"11576"	2	"https://static.www.nfl.com/image/upload/f_auto,q_auto/league/fmpzgmfjmcbrv1gmqbdn"	"RB"	4	"REG"	"A01"	"Braelon"	"ALL063734"	"57255"	"3200414c-4c06-3734-6e11-4c57194f79b4"	2024	2024	"NYJ"	134
2026	"GB"	"K"	"K"	38	"DEV"	"Lenny Krieg"	"Lenny"	"Krieg"	"2002-03-08"	74	208	""	"00-0040003"	"5277116"	"55829920-0b8a-11f0-a333-294d3ecf3d4d"	null	"18774"	"197939"	"KrieLe00"	"26250"	"12548"	1	"https://static.www.nfl.com/image/upload/f_auto,q_auto/league/gxhpy5ntqhgmcwwzn9do"	null	3	"REG"	"P03"	"Lenny"	"KRI202395"	"58180"	"32004b52-4920-2395-a792-b748aa58ed7c"	2025	2025	null	null
2026	"GB"	"K"	"K"	38	"DEV"	"Lenny Krieg"	"Lenny"	"Krieg"	"2002-03-08"	74	208	""	"00-0040003"	"5277116"	"55829920-0b8a-11f0-a333-294d3ecf3d4d"	null	"18774"	"197939"	"KrieLe00"	"26250"	"12548"	1	"https://static.www.nfl.com/image/upload/f_auto,q_auto/league/gxhpy5ntqhgmcwwzn9do"	null	1	"REG"	"P03"	"Lenny"	"KRI202395"	"58180"	"32004b52-4920-2395-a792-b748aa58ed7c"	2025	2025	null	null
2026	"GB"	"K"	"K"	38	"DEV"	"Lenny Krieg"	"Lenny"	"Krieg"	"2002-03-08"	74	208	""	"00-0040003"	"5277116"	"55829920-0b8a-11f0-a333-294d3ecf3d4d"	null	"18774"	"197939"	"KrieLe00"	"26250"	"12548"	1	"https://static.www.nfl.com/image/upload/f_auto,q_auto/league/gxhpy5ntqhgmcwwzn9do"	null	4	"REG"	"P03"	"Lenny"	"KRI202395"	"58180"	"32004b52-4920-2395-a792-b748aa58ed7c"	2025	2025	null	null
2026	"GB"	"K"	"K"	38	"DEV"	"Lenny Krieg"	"Lenny"	"Krieg"	"2002-03-08"	74	208	""	"00-0040003"	"5277116"	"55829920-0b8a-11f0-a333-294d3ecf3d4d"	null	"18774"	"197939"	"KrieLe00"	"26250"	"12548"	1	"https://static.www.nfl.com/image/upload/f_auto,q_auto/league/gxhpy5ntqhgmcwwzn9do"	null	2	"REG"	"P03"	"Lenny"	"KRI202395"	"58180"	"32004b52-4920-2395-a792-b748aa58ed7c"	2025	2025	null	null
2026	"BAL"	"K"	"K"	33	"ACT"	"Tyler Loop"	"Steven"	"Loop"	"2001-08-04"	71	190	"Arizona"	"00-0040074"	"4697745"	"a6b8b5d3-a2f2-4532-ade3-dc122b6b240c"	null	"18742"	"131582"	"LoopTy00"	"26109"	"12711"	1	"https://static.www.nfl.com/image/upload/f_auto,q_auto/league/kbwixtntqevptepedhll"	"FK"	4	"REG"	"A01"	"Tyler"	"LOO732927"	"58391"	"32004c4f-4f73-2927-e3fa-114dc0dcbfe0"	2025	2025	"BAL"	186
2026	"BAL"	"K"	"K"	33	"ACT"	"Tyler Loop"	"Steven"	"Loop"	"2001-08-04"	71	190	"Arizona"	"00-0040074"	"4697745"	"a6b8b5d3-a2f2-4532-ade3-dc122b6b240c"	null	"18742"	"131582"	"LoopTy00"	"26109"	"12711"	1	"https://static.www.nfl.com/image/upload/f_auto,q_auto/league/kbwixtntqevptepedhll"	"FK"	3	"REG"	"A01"	"Tyler"	"LOO732927"	"58391"	"32004c4f-4f73-2927-e3fa-114dc0dcbfe0"	2025	2025	"BAL"	186
2026	"BAL"	"K"	"K"	33	"ACT"	"Tyler Loop"	"Steven"	"Loop"	"2001-08-04"	71	190	"Arizona"	"00-0040074"	"4697745"	"a6b8b5d3-a2f2-4532-ade3-dc122b6b240c"	null	"18742"	"131582"	"LoopTy00"	"26109"	"12711"	1	"https://static.www.nfl.com/image/upload/f_auto,q_auto/league/kbwixtntqevptepedhll"	null	2	"REG"	"A01"	"Tyler"	"LOO732927"	"58391"	"32004c4f-4f73-2927-e3fa-114dc0dcbfe0"	2025	2025	"BAL"	186
2026	"BAL"	"K"	"K"	33	"ACT"	"Tyler Loop"	"Steven"	"Loop"	"2001-08-04"	71	190	"Arizona"	"00-0040074"	"4697745"	"a6b8b5d3-a2f2-4532-ade3-dc122b6b240c"	null	"18742"	"131582"	"LoopTy00"	"26109"	"12711"	1	"https://static.www.nfl.com/image/upload/f_auto,q_auto/league/kbwixtntqevptepedhll"	null	1	"REG"	"A01"	"Tyler"	"LOO732927"	"58391"	"32004c4f-4f73-2927-e3fa-114dc0dcbfe0"	2025	2025	"BAL"	186
2026	"LAC"	"TE"	"TE"	86	"ACT"	"Oronde Gadsden II"	"Oronde"	"Gadsden"	"2003-06-25"	77	236	"Syracuse"	"00-0040189"	"4595342"	"6af50530-145a-4b34-946d-ce1a7f7d3166"	null	"18481"	"144046"	"GadsOr01"	"25876"	"12493"	1	"https://static.www.nfl.com/image/upload/f_auto,q_auto/league/r8b4oghjwhw8x9nv1wbs"	"SLOT_WR"	1	"REG"	"A01"	"Oronde"	"GAD727534"	"58370"	"32004741-4472-7534-60e1-93967e881273"	2025	2025	"LAC"	165
2026	"LAC"	"TE"	"TE"	86	"ACT"	"Oronde Gadsden II"	"Oronde"	"Gadsden"	"2003-06-25"	77	236	"Syracuse"	"00-0040189"	"4595342"	"6af50530-145a-4b34-946d-ce1a7f7d3166"	null	"18481"	"144046"	"GadsOr01"	"25876"	"12493"	1	"https://static.www.nfl.com/image/upload/f_auto,q_auto/league/r8b4oghjwhw8x9nv1wbs"	"TE"	2	"REG"	"A01"	"Oronde"	"GAD727534"	"58370"	"32004741-4472-7534-60e1-93967e881273"	2025	2025	"LAC"	165
2026	"LAC"	"TE"	"TE"	86	"ACT"	"Oronde Gadsden II"	"Oronde"	"Gadsden"	"2003-06-25"	77	236	"Syracuse"	"00-0040189"	"4595342"	"6af50530-145a-4b34-946d-ce1a7f7d3166"	null	"18481"	"144046"	"GadsOr01"	"25876"	"12493"	1	"https://static.www.nfl.com/image/upload/f_auto,q_auto/league/r8b4oghjwhw8x9nv1wbs"	"TE"	3	"REG"	"A01"	"Oronde"	"GAD727534"	"58370"	"32004741-4472-7534-60e1-93967e881273"	2025	2025	"LAC"	165
2026	"LAC"	"TE"	"TE"	86	"ACT"	"Oronde Gadsden II"	"Oronde"	"Gadsden"	"2003-06-25"	77	236	"Syracuse"	"00-0040189"	"4595342"	"6af50530-145a-4b34-946d-ce1a7f7d3166"	null	"18481"	"144046"	"GadsOr01"	"25876"	"12493"	1	"https://static.www.nfl.com/image/upload/f_auto,q_auto/league/r8b4oghjwhw8x9nv1wbs"	"TE"	4	"REG"	"A01"	"Oronde"	"GAD727534"	"58370"	"32004741-4472-7534-60e1-93967e881273"	2025	2025	"LAC"	165
2026	"NE"	"K"	"K"	8	"ACT"	"Andy Borregales"	"Andres"	"Borregales"	"2003-01-02"	71	202	"Miami"	"00-0040200"	"4569923"	"80dce1ba-c997-47e6-a37e-e92fefcbdc1b"	null	"18743"	"143934"	"BorrAn00"	"26106"	"12713"	1	"https://static.www.nfl.com/image/upload/f_auto,q_auto/league/x2fxn5qf6zkgmvedjpys"	null	2	"REG"	"A01"	"Andy"	"BOR532439"	"58387"	"3200424f-5253-2439-75ca-57c23ad71615"	2025	2025	"NE"	182
2026	"NE"	"K"	"K"	8	"ACT"	"Andy Borregales"	"Andres"	"Borregales"	"2003-01-02"	71	202	"Miami"	"00-0040200"	"4569923"	"80dce1ba-c997-47e6-a37e-e92fefcbdc1b"	null	"18743"	"143934"	"BorrAn00"	"26106"	"12713"	1	"https://static.www.nfl.com/image/upload/f_auto,q_auto/league/x2fxn5qf6zkgmvedjpys"	"FK"	3	"REG"	"A01"	"Andy"	"BOR532439"	"58387"	"3200424f-5253-2439-75ca-57c23ad71615"	2025	2025	"NE"	182
2026	"NE"	"K"	"K"	8	"ACT"	"Andy Borregales"	"Andres"	"Borregales"	"2003-01-02"	71	202	"Miami"	"00-0040200"	"4569923"	"80dce1ba-c997-47e6-a37e-e92fefcbdc1b"	null	"18743"	"143934"	"BorrAn00"	"26106"	"12713"	1	"https://static.www.nfl.com/image/upload/f_auto,q_auto/league/x2fxn5qf6zkgmvedjpys"	null	1	"REG"	"A01"	"Andy"	"BOR532439"	"58387"	"3200424f-5253-2439-75ca-57c23ad71615"	2025	2025	"NE"	182
2026	"NE"	"K"	"K"	8	"ACT"	"Andy Borregales"	"Andres"	"Borregales"	"2003-01-02"	71	202	"Miami"	"00-0040200"	"4569923"	"80dce1ba-c997-47e6-a37e-e92fefcbdc1b"	null	"18743"	"143934"	"BorrAn00"	"26106"	"12713"	1	"https://static.www.nfl.com/image/upload/f_auto,q_auto/league/x2fxn5qf6zkgmvedjpys"	"K"	4	"REG"	"A01"	"Andy"	"BOR532439"	"58387"	"3200424f-5253-2439-75ca-57c23ad71615"	2025	2025	"NE"	182
2026	"JAX"	"RB"	"RB"	5	"ACT"	"LeQuint Allen Jr."	"LeQuint"	"Allen"	"2004-08-05"	72	201	"Syracuse"	"00-0040238"	"4911851"	"14aedd06-41a6-41db-8c5e-05483f91570d"	null	"18476"	"158290"	"AlleLe01"	"25986"	"12544"	1	"https://static.www.nfl.com/image/upload/f_auto,q_auto/league/i0utigksuuvo2njb9wtk"	"RB"	4	"REG"	"A01"	"LeQuint"	"ALL557062"	"58441"	"3200414c-4c55-7062-57ec-48f10a8ed2dc"	2025	2025	"JAX"	236
2026	"JAX"	"RB"	"RB"	5	"ACT"	"LeQuint Allen Jr."	"LeQuint"	"Allen"	"2004-08-05"	72	201	"Syracuse"	"00-0040238"	"4911851"	"14aedd06-41a6-41db-8c5e-05483f91570d"	null	"18476"	"158290"	"AlleLe01"	"25986"	"12544"	1	"https://static.www.nfl.com/image/upload/f_auto,q_auto/league/i0utigksuuvo2njb9wtk"	"RB"	3	"REG"	"A01"	"LeQuint"	"ALL557062"	"58441"	"3200414c-4c55-7062-57ec-48f10a8ed2dc"	2025	2025	"JAX"	236
2026	"JAX"	"RB"	"RB"	5	"ACT"	"LeQuint Allen Jr."	"LeQuint"	"Allen"	"2004-08-05"	72	201	"Syracuse"	"00-0040238"	"4911851"	"14aedd06-41a6-41db-8c5e-05483f91570d"	null	"18476"	"158290"	"AlleLe01"	"25986"	"12544"	1	"https://static.www.nfl.com/image/upload/f_auto,q_auto/league/i0utigksuuvo2njb9wtk"	"RB"	2	"REG"	"A01"	"LeQuint"	"ALL557062"	"58441"	"3200414c-4c55-7062-57ec-48f10a8ed2dc"	2025	2025	"JAX"	236
2026	"JAX"	"RB"	"RB"	5	"ACT"	"LeQuint Allen Jr."	"LeQuint"	"Allen"	"2004-08-05"	72	201	"Syracuse"	"00-0040238"	"4911851"	"14aedd06-41a6-41db-8c5e-05483f91570d"	null	"18476"	"158290"	"AlleLe01"	"25986"	"12544"	1	"https://static.www.nfl.com/image/upload/f_auto,q_auto/league/i0utigksuuvo2njb9wtk"	"RB"	1	"REG"	"A01"	"LeQuint"	"ALL557062"	"58441"	"3200414c-4c55-7062-57ec-48f10a8ed2dc"	2025	2025	"JAX"	236
2026	"CAR"	"K"	"K"	10	"ACT"	"Ryan Fitzgerald"	"Ryan"	"Fitzgerald"	"2000-08-13"	71	201	"Florida State"	"00-0040279"	"4568263"	"7bf5a2e0-2512-11f0-9825-33176da47896"	null	"18508"	"99867"	"FitzRy01"	"26108"	"12961"	1	"https://static.www.nfl.com/image/upload/f_auto,q_auto/league/giy8qnq6njxzwtqvqdsm"	"K"	2	"REG"	"A01"	"Ryan"	"FIT485574"	"58715"	"32004649-5448-5574-3c12-a7034437623a"	2025	2025	null	null
2026	"CAR"	"K"	"K"	10	"ACT"	"Ryan Fitzgerald"	"Ryan"	"Fitzgerald"	"2000-08-13"	71	201	"Florida State"	"00-0040279"	"4568263"	"7bf5a2e0-2512-11f0-9825-33176da47896"	null	"18508"	"99867"	"FitzRy01"	"26108"	"12961"	1	"https://static.www.nfl.com/image/upload/f_auto,q_auto/league/giy8qnq6njxzwtqvqdsm"	"K"	4	"REG"	"A01"	"Ryan"	"FIT485574"	"58715"	"32004649-5448-5574-3c12-a7034437623a"	2025	2025	null	null
2026	"CAR"	"K"	"K"	10	"ACT"	"Ryan Fitzgerald"	"Ryan"	"Fitzgerald"	"2000-08-13"	71	201	"Florida State"	"00-0040279"	"4568263"	"7bf5a2e0-2512-11f0-9825-33176da47896"	null	"18508"	"99867"	"FitzRy01"	"26108"	"12961"	1	"https://static.www.nfl.com/image/upload/f_auto,q_auto/league/giy8qnq6njxzwtqvqdsm"	"K"	3	"REG"	"A01"	"Ryan"	"FIT485574"	"58715"	"32004649-5448-5574-3c12-a7034437623a"	2025	2025	null	null
2026	"CAR"	"K"	"K"	10	"ACT"	"Ryan Fitzgerald"	"Ryan"	"Fitzgerald"	"2000-08-13"	71	201	"Florida State"	"00-0040279"	"4568263"	"7bf5a2e0-2512-11f0-9825-33176da47896"	null	"18508"	"99867"	"FitzRy01"	"26108"	"12961"	1	"https://static.www.nfl.com/image/upload/f_auto,q_auto/league/giy8qnq6njxzwtqvqdsm"	"WR"	1	"REG"	"A01"	"Ryan"	"FIT485574"	"58715"	"32004649-5448-5574-3c12-a7034437623a"	2025	2025	null	null
2026	"LAC"	"TE"	"TE"	81	"ACT"	"Patrick Herbert"	"Patrick"	"Herbert"	"2000-10-18"	77	255	"Oregon"	"00-0040331"	null	null	null	null	null	null	null	null	1	"https://static.www.nfl.com/image/upload/f_auto,q_auto/league/ozp6mlkzvpqbvuldsm32"	"KRB"	3	"REG"	"A01"	"Patrick"	"HER038815"	"58767"	"32004845-5203-8815-a64a-1bfb44bf1417"	2025	2025	null	null
2026	"LAC"	"TE"	"TE"	81	"ACT"	"Patrick Herbert"	"Patrick"	"Herbert"	"2000-10-18"	77	255	"Oregon"	"00-0040331"	null	null	null	null	null	null	null	null	1	"https://static.www.nfl.com/image/upload/f_auto,q_auto/league/ozp6mlkzvpqbvuldsm32"	"KLB"	4	"REG"	"A01"	"Patrick"	"HER038815"	"58767"	"32004845-5203-8815-a64a-1bfb44bf1417"	2025	2025	null	null
2026	"NYG"	"K"	"K"	30	"CUT"	"Ben Sauls"	"Ben"	"Sauls"	"2001-07-31"	70	185	"Pittsburgh"	"00-0040530"	"4566158"	null	null	"18744"	"123021"	"SaulBe00"	null	null	1	"https://static.www.nfl.com/image/upload/f_auto,q_auto/league/xtbztjfp9xzrfn5ajkrw"	null	1	"REG"	"W03"	"Ben"	"SAU415288"	"58976"	"32005341-5541-5288-f2e5-b172753b0638"	2025	2025	null	null
2026	"GB"	"TE"	"TE"	86	"ACT"	"Mark Redman"	"Mark"	"Redman"	"2002-01-20"	77	255	"Louisville; San Diego State"	"00-0040598"	null	null	null	null	null	null	null	null	1	"https://static.www.nfl.com/image/upload/f_auto,q_auto/league/m20wrukxvkgbvs70qpai"	"TE"	1	"REG"	"A01"	"Mark"	"RED508149"	"59053"	"32005245-4450-8149-8051-47bddfffa4cd"	2025	2025	null	null
2026	"GB"	"TE"	"TE"	86	"ACT"	"Mark Redman"	"Mark"	"Redman"	"2002-01-20"	77	255	"Louisville; San Diego State"	"00-0040598"	null	null	null	null	null	null	null	null	1	"https://static.www.nfl.com/image/upload/f_auto,q_auto/league/m20wrukxvkgbvs70qpai"	"TE"	4	"REG"	"A01"	"Mark"	"RED508149"	"59053"	"32005245-4450-8149-8051-47bddfffa4cd"	2025	2025	null	null
2026	"GB"	"TE"	"TE"	86	"ACT"	"Mark Redman"	"Mark"	"Redman"	"2002-01-20"	77	255	"Louisville; San Diego State"	"00-0040598"	null	null	null	null	null	null	null	null	1	"https://static.www.nfl.com/image/upload/f_auto,q_auto/league/m20wrukxvkgbvs70qpai"	"TE"	2	"REG"	"A01"	"Mark"	"RED508149"	"59053"	"32005245-4450-8149-8051-47bddfffa4cd"	2025	2025	null	null
2026	"GB"	"TE"	"TE"	86	"ACT"	"Mark Redman"	"Mark"	"Redman"	"2002-01-20"	77	255	"Louisville; San Diego State"	"00-0040598"	null	null	null	null	null	null	null	null	1	"https://static.www.nfl.com/image/upload/f_auto,q_auto/league/m20wrukxvkgbvs70qpai"	null	3	"REG"	"A01"	"Mark"	"RED508149"	"59053"	"32005245-4450-8149-8051-47bddfffa4cd"	2025	2025	null	null
2026	"PHI"	"WR"	"WR"	9	"ACT"	"Makai Lemon"	"Makai"	"Lemon"	"2004-06-02"	71	192	"USC"	"00-0040867"	"4870795"	"a6a64214-6f1d-4682-9559-287fb4fe7461"	null	"19231"	null	"LemoMa00"	"26748"	"13294"	0	"https://static.www.nfl.com/image/upload/f_auto,q_auto/league/ys2i2o7c0bl36xvlrojz"	"SLOT_WR"	1	"REG"	"A01"	"Makai"	"LEM694125"	"62642"	"32004c45-4d69-4125-76a9-d7bca934129b"	2026	2026	"PHI"	20
2026	"PHI"	"WR"	"WR"	9	"ACT"	"Makai Lemon"	"Makai"	"Lemon"	"2004-06-02"	71	192	"USC"	"00-0040867"	"4870795"	"a6a64214-6f1d-4682-9559-287fb4fe7461"	null	"19231"	null	"LemoMa00"	"26748"	"13294"	0	"https://static.www.nfl.com/image/upload/f_auto,q_auto/league/ys2i2o7c0bl36xvlrojz"	"SLOT_WR"	3	"REG"	"A01"	"Makai"	"LEM694125"	"62642"	"32004c45-4d69-4125-76a9-d7bca934129b"	2026	2026	"PHI"	20
2026	"PHI"	"WR"	"WR"	9	"ACT"	"Makai Lemon"	"Makai"	"Lemon"	"2004-06-02"	71	192	"USC"	"00-0040867"	"4870795"	"a6a64214-6f1d-4682-9559-287fb4fe7461"	null	"19231"	null	"LemoMa00"	"26748"	"13294"	0	"https://static.www.nfl.com/image/upload/f_auto,q_auto/league/ys2i2o7c0bl36xvlrojz"	"SLOT_WR"	2	"REG"	"A01"	"Makai"	"LEM694125"	"62642"	"32004c45-4d69-4125-76a9-d7bca934129b"	2026	2026	"PHI"	20
2026	"PHI"	"WR"	"WR"	9	"ACT"	"Makai Lemon"	"Makai"	"Lemon"	"2004-06-02"	71	192	"USC"	"00-0040867"	"4870795"	"a6a64214-6f1d-4682-9559-287fb4fe7461"	null	"19231"	null	"LemoMa00"	"26748"	"13294"	0	"https://static.www.nfl.com/image/upload/f_auto,q_auto/league/ys2i2o7c0bl36xvlrojz"	"SLOT_WR"	4	"REG"	"A01"	"Makai"	"LEM694125"	"62642"	"32004c45-4d69-4125-76a9-d7bca934129b"	2026	2026	"PHI"	20
2026	"KC"	"WR"	"WR"	13	"ACT"	"Cyrus Allen"	"Cyrus"	"Allen"	"2003-02-11"	71	180	"Cincinnati; Texas A&M; Louisiana Tech"	"00-0040890"	"4912218"	"a07ac8bd-3929-4e48-b3c4-3ddeecd09dca"	null	"19631"	"156582"	"AlleCy00"	"26979"	"13413"	0	"https://static.www.nfl.com/image/upload/f_auto,q_auto/league/qput6hanukjbatuao8ca"	"SLOT_WR"	1	"REG"	"A01"	"Cyrus"	"ALL092954"	"62798"	"3200414c-4c09-2954-ede6-dee831ba03e9"	2026	2026	"KC"	176
2026	"KC"	"WR"	"WR"	13	"ACT"	"Cyrus Allen"	"Cyrus"	"Allen"	"2003-02-11"	71	180	"Cincinnati; Texas A&M; Louisiana Tech"	"00-0040890"	"4912218"	"a07ac8bd-3929-4e48-b3c4-3ddeecd09dca"	null	"19631"	"156582"	"AlleCy00"	"26979"	"13413"	0	"https://static.www.nfl.com/image/upload/f_auto,q_auto/league/qput6hanukjbatuao8ca"	"SLOT_WR"	4	"REG"	"A01"	"Cyrus"	"ALL092954"	"62798"	"3200414c-4c09-2954-ede6-dee831ba03e9"	2026	2026	"KC"	176
2026	"KC"	"WR"	"WR"	13	"ACT"	"Cyrus Allen"	"Cyrus"	"Allen"	"2003-02-11"	71	180	"Cincinnati; Texas A&M; Louisiana Tech"	"00-0040890"	"4912218"	"a07ac8bd-3929-4e48-b3c4-3ddeecd09dca"	null	"19631"	"156582"	"AlleCy00"	"26979"	"13413"	0	"https://static.www.nfl.com/image/upload/f_auto,q_auto/league/qput6hanukjbatuao8ca"	"WR"	3	"REG"	"A01"	"Cyrus"	"ALL092954"	"62798"	"3200414c-4c09-2954-ede6-dee831ba03e9"	2026	2026	"KC"	176
2026	"KC"	"WR"	"WR"	13	"ACT"	"Cyrus Allen"	"Cyrus"	"Allen"	"2003-02-11"	71	180	"Cincinnati; Texas A&M; Louisiana Tech"	"00-0040890"	"4912218"	"a07ac8bd-3929-4e48-b3c4-3ddeecd09dca"	null	"19631"	"156582"	"AlleCy00"	"26979"	"13413"	0	"https://static.www.nfl.com/image/upload/f_auto,q_auto/league/qput6hanukjbatuao8ca"	"WR"	2	"REG"	"A01"	"Cyrus"	"ALL092954"	"62798"	"3200414c-4c09-2954-ede6-dee831ba03e9"	2026	2026	"KC"	176
2026	"GB"	"K"	"K"	28	"ACT"	"Trey Smack"	"Trey"	"Smack"	"2003-07-12"	73	188	"Florida"	"00-0040899"	"4869461"	null	null	"19511"	null	"SmacTr00"	null	null	0	"https://static.www.nfl.com/image/upload/f_auto,q_auto/league/zierx6p09ilfe0o0ckj7"	"FK"	4	"REG"	"A01"	"Trey"	"SMA037753"	"62838"	"3200534d-4103-7753-40a4-02e3a672a90f"	2026	2026	"GB"	216
2026	"GB"	"K"	"K"	28	"ACT"	"Trey Smack"	"Trey"	"Smack"	"2003-07-12"	73	188	"Florida"	"00-0040899"	"4869461"	null	null	"19511"	null	"SmacTr00"	null	null	0	"https://static.www.nfl.com/image/upload/f_auto,q_auto/league/zierx6p09ilfe0o0ckj7"	null	3	"REG"	"A01"	"Trey"	"SMA037753"	"62838"	"3200534d-4103-7753-40a4-02e3a672a90f"	2026	2026	"GB"	216
2026	"GB"	"K"	"K"	28	"ACT"	"Trey Smack"	"Trey"	"Smack"	"2003-07-12"	73	188	"Florida"	"00-0040899"	"4869461"	null	null	"19511"	null	"SmacTr00"	null	null	0	"https://static.www.nfl.com/image/upload/f_auto,q_auto/league/zierx6p09ilfe0o0ckj7"	null	2	"REG"	"A01"	"Trey"	"SMA037753"	"62838"	"3200534d-4103-7753-40a4-02e3a672a90f"	2026	2026	"GB"	216
2026	"GB"	"K"	"K"	28	"ACT"	"Trey Smack"	"Trey"	"Smack"	"2003-07-12"	73	188	"Florida"	"00-0040899"	"4869461"	null	null	"19511"	null	"SmacTr00"	null	null	0	"https://static.www.nfl.com/image/upload/f_auto,q_auto/league/zierx6p09ilfe0o0ckj7"	null	1	"REG"	"A01"	"Trey"	"SMA037753"	"62838"	"3200534d-4103-7753-40a4-02e3a672a90f"	2026	2026	"GB"	216
2026	"ARI"	"RB"	"RB"	4	"ACT"	"Jeremiyah Love"	"Jeremiyah"	"Love"	"2005-05-31"	72	212	"Notre Dame"	"00-0041027"	"4870808"	"ca61f1e4-5a51-45b8-b8e3-f6564d9c2648"	null	"19235"	"171090"	"LoveJe00"	"26768"	"13287"	0	"https://static.www.nfl.com/image/upload/f_auto,q_auto/league/b12gtjsylmql5v7iyyla"	"RB"	3	"REG"	"A01"	"Jeremiyah"	"LOV121782"	"62625"	"32004c4f-5612-1782-cbb3-b4614515b83d"	2026	2026	"AZ"	3
2026	"ARI"	"RB"	"RB"	4	"ACT"	"Jeremiyah Love"	"Jeremiyah"	"Love"	"2005-05-31"	72	212	"Notre Dame"	"00-0041027"	"4870808"	"ca61f1e4-5a51-45b8-b8e3-f6564d9c2648"	null	"19235"	"171090"	"LoveJe00"	"26768"	"13287"	0	"https://static.www.nfl.com/image/upload/f_auto,q_auto/league/b12gtjsylmql5v7iyyla"	"RB"	1	"REG"	"A01"	"Jeremiyah"	"LOV121782"	"62625"	"32004c4f-5612-1782-cbb3-b4614515b83d"	2026	2026	"AZ"	3
2026	"ARI"	"RB"	"RB"	4	"ACT"	"Jeremiyah Love"	"Jeremiyah"	"Love"	"2005-05-31"	72	212	"Notre Dame"	"00-0041027"	"4870808"	"ca61f1e4-5a51-45b8-b8e3-f6564d9c2648"	null	"19235"	"171090"	"LoveJe00"	"26768"	"13287"	0	"https://static.www.nfl.com/image/upload/f_auto,q_auto/league/b12gtjsylmql5v7iyyla"	"RB"	2	"REG"	"A01"	"Jeremiyah"	"LOV121782"	"62625"	"32004c4f-5612-1782-cbb3-b4614515b83d"	2026	2026	"AZ"	3
2026	"ARI"	"RB"	"RB"	4	"ACT"	"Jeremiyah Love"	"Jeremiyah"	"Love"	"2005-05-31"	72	212	"Notre Dame"	"00-0041027"	"4870808"	"ca61f1e4-5a51-45b8-b8e3-f6564d9c2648"	null	"19235"	"171090"	"LoveJe00"	"26768"	"13287"	0	"https://static.www.nfl.com/image/upload/f_auto,q_auto/league/b12gtjsylmql5v7iyyla"	"RB"	4	"REG"	"A01"	"Jeremiyah"	"LOV121782"	"62625"	"32004c4f-5612-1782-cbb3-b4614515b83d"	2026	2026	"AZ"	3
2026	"IND"	"LB"	"ILB"	53	"ACT"	"CJ Allen"	"Christian"	"Allen"	"2005-03-01"	72	230	"Georgia"	"00-0041039"	"4870598"	"0b551444-1410-470d-afc3-0ba370d70bbd"	null	"19265"	null	"AlleCJ00"	"26820"	"13388"	0	"https://static.www.nfl.com/image/upload/f_auto,q_auto/league/qhwxb55xtmpp2mvej4a2"	null	4	"REG"	"A01"	"C.J."	"ALL081937"	"62675"	"3200414c-4c08-1937-3608-0c6af9b0566c"	2026	2026	"IND"	53
2026	"IND"	"LB"	"ILB"	53	"ACT"	"CJ Allen"	"Christian"	"Allen"	"2005-03-01"	72	230	"Georgia"	"00-0041039"	"4870598"	"0b551444-1410-470d-afc3-0ba370d70bbd"	null	"19265"	null	"AlleCJ00"	"26820"	"13388"	0	"https://static.www.nfl.com/image/upload/f_auto,q_auto/league/qhwxb55xtmpp2mvej4a2"	null	1	"REG"	"A01"	"C.J."	"ALL081937"	"62675"	"3200414c-4c08-1937-3608-0c6af9b0566c"	2026	2026	"IND"	53
2026	"IND"	"LB"	"ILB"	53	"ACT"	"CJ Allen"	"Christian"	"Allen"	"2005-03-01"	72	230	"Georgia"	"00-0041039"	"4870598"	"0b551444-1410-470d-afc3-0ba370d70bbd"	null	"19265"	null	"AlleCJ00"	"26820"	"13388"	0	"https://static.www.nfl.com/image/upload/f_auto,q_auto/league/qhwxb55xtmpp2mvej4a2"	"MLB"	3	"REG"	"A01"	"C.J."	"ALL081937"	"62675"	"3200414c-4c08-1937-3608-0c6af9b0566c"	2026	2026	"IND"	53
2026	"IND"	"LB"	"ILB"	53	"ACT"	"CJ Allen"	"Christian"	"Allen"	"2005-03-01"	72	230	"Georgia"	"00-0041039"	"4870598"	"0b551444-1410-470d-afc3-0ba370d70bbd"	null	"19265"	null	"AlleCJ00"	"26820"	"13388"	0	"https://static.www.nfl.com/image/upload/f_auto,q_auto/league/qhwxb55xtmpp2mvej4a2"	"MLB"	2	"REG"	"A01"	"C.J."	"ALL081937"	"62675"	"3200414c-4c08-1937-3608-0c6af9b0566c"	2026	2026	"IND"	53
2026	"CLE"	"LB"	"MLB"	17	"INA"	"Justin Jefferson"	"Justin"	"Jefferson"	"2003-03-20"	72	223	"Alabama"	"00-0041075"	"5150249"	"a8a90d29-7f7e-40d1-815d-fc692ecf75a7"	null	"19547"	null	"JeffJu01"	"28099"	"13524"	0	null	null	1	"REG"	"A01"	"Justin"	"JEF270909"	"62771"	"32004a45-4627-0909-8540-234e0dcf139e"	2026	2026	"CLE"	149
2026	"CLE"	"LB"	"MLB"	17	"INA"	"Justin Jefferson"	"Justin"	"Jefferson"	"2003-03-20"	72	223	"Alabama"	"00-0041075"	"5150249"	"a8a90d29-7f7e-40d1-815d-fc692ecf75a7"	null	"19547"	null	"JeffJu01"	"28099"	"13524"	0	null	null	3	"REG"	"A01"	"Justin"	"JEF270909"	"62771"	"32004a45-4627-0909-8540-234e0dcf139e"	2026	2026	"CLE"	149
2026	"CLE"	"LB"	"MLB"	17	"INA"	"Justin Jefferson"	"Justin"	"Jefferson"	"2003-03-20"	72	223	"Alabama"	"00-0041075"	"5150249"	"a8a90d29-7f7e-40d1-815d-fc692ecf75a7"	null	"19547"	null	"JeffJu01"	"28099"	"13524"	0	null	null	4	"REG"	"A01"	"Justin"	"JEF270909"	"62771"	"32004a45-4627-0909-8540-234e0dcf139e"	2026	2026	"CLE"	149
2026	"CLE"	"LB"	"MLB"	17	"INA"	"Justin Jefferson"	"Justin"	"Jefferson"	"2003-03-20"	72	223	"Alabama"	"00-0041075"	"5150249"	"a8a90d29-7f7e-40d1-815d-fc692ecf75a7"	null	"19547"	null	"JeffJu01"	"28099"	"13524"	0	null	null	2	"REG"	"A01"	"Justin"	"JEF270909"	"62771"	"32004a45-4627-0909-8540-234e0dcf139e"	2026	2026	"CLE"	149
2026	"WAS"	"RB"	"RB"	31	"ACT"	"Kaytron Allen"	"Kaytron"	"Allen"	"2003-01-08"	71	217	"Penn State"	"00-0041096"	"4685246"	"7980dd2b-0ce0-4936-aaff-536c09608429"	null	"18533"	"164158"	"AlleKa01"	"25939"	"13405"	0	"https://static.www.nfl.com/image/upload/f_auto,q_auto/league/vbhwkqty94alwjyz8cin"	"RB"	1	"REG"	"A01"	"Kaytron"	"ALL532376"	"62809"	"3200414c-4c53-2376-f94b-428742171eba"	2026	2026	"WAS"	187
2026	"WAS"	"RB"	"RB"	31	"ACT"	"Kaytron Allen"	"Kaytron"	"Allen"	"2003-01-08"	71	217	"Penn State"	"00-0041096"	"4685246"	"7980dd2b-0ce0-4936-aaff-536c09608429"	null	"18533"	"164158"	"AlleKa01"	"25939"	"13405"	0	"https://static.www.nfl.com/image/upload/f_auto,q_auto/league/vbhwkqty94alwjyz8cin"	"PRP"	3	"REG"	"A01"	"Kaytron"	"ALL532376"	"62809"	"3200414c-4c53-2376-f94b-428742171eba"	2026	2026	"WAS"	187
2026	"WAS"	"RB"	"RB"	31	"ACT"	"Kaytron Allen"	"Kaytron"	"Allen"	"2003-01-08"	71	217	"Penn State"	"00-0041096"	"4685246"	"7980dd2b-0ce0-4936-aaff-536c09608429"	null	"18533"	"164158"	"AlleKa01"	"25939"	"13405"	0	"https://static.www.nfl.com/image/upload/f_auto,q_auto/league/vbhwkqty94alwjyz8cin"	"RB"	4	"REG"	"A01"	"Kaytron"	"ALL532376"	"62809"	"3200414c-4c53-2376-f94b-428742171eba"	2026	2026	"WAS"	187
2026	"WAS"	"RB"	"RB"	31	"ACT"	"Kaytron Allen"	"Kaytron"	"Allen"	"2003-01-08"	71	217	"Penn State"	"00-0041096"	"4685246"	"7980dd2b-0ce0-4936-aaff-536c09608429"	null	"18533"	"164158"	"AlleKa01"	"25939"	"13405"	0	"https://static.www.nfl.com/image/upload/f_auto,q_auto/league/vbhwkqty94alwjyz8cin"	"RB"	2	"REG"	"A01"	"Kaytron"	"ALL532376"	"62809"	"3200414c-4c53-2376-f94b-428742171eba"	2026	2026	"WAS"	187
2026	"NYG"	"K"	"K"	34	"ACT"	"Dominic Zvada"	"Dominic"	"Zvada"	"2003-10-25"	75	187	"Michigan; Arkansas State"	"00-0041145"	"5082424"	null	null	"18509"	null	"ZvadDo00"	null	null	0	"https://static.www.nfl.com/image/upload/f_auto,q_auto/league/rej45oauer8jysbtwbxm"	null	1	"REG"	"A01"	"Dominic"	"ZVA415291"	"63212"	"32005a56-4141-5291-71ea-5559c0a8c75f"	2026	2026	null	null
2026	"NYG"	"K"	"K"	34	"ACT"	"Dominic Zvada"	"Dominic"	"Zvada"	"2003-10-25"	75	187	"Michigan; Arkansas State"	"00-0041145"	"5082424"	null	null	"18509"	null	"ZvadDo00"	null	null	0	"https://static.www.nfl.com/image/upload/f_auto,q_auto/league/rej45oauer8jysbtwbxm"	"K"	4	"REG"	"A01"	"Dominic"	"ZVA415291"	"63212"	"32005a56-4141-5291-71ea-5559c0a8c75f"	2026	2026	null	null
2026	"NYG"	"K"	"K"	34	"ACT"	"Dominic Zvada"	"Dominic"	"Zvada"	"2003-10-25"	75	187	"Michigan; Arkansas State"	"00-0041145"	"5082424"	null	null	"18509"	null	"ZvadDo00"	null	null	0	"https://static.www.nfl.com/image/upload/f_auto,q_auto/league/rej45oauer8jysbtwbxm"	null	2	"REG"	"A01"	"Dominic"	"ZVA415291"	"63212"	"32005a56-4141-5291-71ea-5559c0a8c75f"	2026	2026	null	null
2026	"NYG"	"K"	"K"	34	"ACT"	"Dominic Zvada"	"Dominic"	"Zvada"	"2003-10-25"	75	187	"Michigan; Arkansas State"	"00-0041145"	"5082424"	null	null	"18509"	null	"ZvadDo00"	null	null	0	"https://static.www.nfl.com/image/upload/f_auto,q_auto/league/rej45oauer8jysbtwbxm"	"FK"	3	"REG"	"A01"	"Dominic"	"ZVA415291"	"63212"	"32005a56-4141-5291-71ea-5559c0a8c75f"	2026	2026	null	null
2026	"WAS"	"RB"	"RB"	30	"DEV"	"Robert Henry Jr."	"Robert"	"Henry"	"2001-12-31"	69	196	"Texas-San Antonio"	"00-0041178"	"5151317"	"75063230-4260-11f1-a80d-bff068733e76"	null	"18451"	"174094"	"HenrRo00"	"26770"	"13418"	0	"https://static.www.nfl.com/image/upload/f_auto,q_auto/league/aehybugrdkpwoegwc10v"	null	3	"REG"	"P01"	"Robert"	"HEN713719"	"63245"	"32004845-4e71-3719-23cf-467fb9b086e7"	2026	2026	null	null
2026	"WAS"	"RB"	"RB"	30	"DEV"	"Robert Henry Jr."	"Robert"	"Henry"	"2001-12-31"	69	196	"Texas-San Antonio"	"00-0041178"	"5151317"	"75063230-4260-11f1-a80d-bff068733e76"	null	"18451"	"174094"	"HenrRo00"	"26770"	"13418"	0	"https://static.www.nfl.com/image/upload/f_auto,q_auto/league/aehybugrdkpwoegwc10v"	null	1	"REG"	"P01"	"Robert"	"HEN713719"	"63245"	"32004845-4e71-3719-23cf-467fb9b086e7"	2026	2026	null	null
2026	"WAS"	"RB"	"RB"	30	"DEV"	"Robert Henry Jr."	"Robert"	"Henry"	"2001-12-31"	69	196	"Texas-San Antonio"	"00-0041178"	"5151317"	"75063230-4260-11f1-a80d-bff068733e76"	null	"18451"	"174094"	"HenrRo00"	"26770"	"13418"	0	"https://static.www.nfl.com/image/upload/f_auto,q_auto/league/aehybugrdkpwoegwc10v"	null	2	"REG"	"P01"	"Robert"	"HEN713719"	"63245"	"32004845-4e71-3719-23cf-467fb9b086e7"	2026	2026	null	null
2026	"WAS"	"RB"	"RB"	30	"DEV"	"Robert Henry Jr."	"Robert"	"Henry"	"2001-12-31"	69	196	"Texas-San Antonio"	"00-0041178"	"5151317"	"75063230-4260-11f1-a80d-bff068733e76"	null	"18451"	"174094"	"HenrRo00"	"26770"	"13418"	0	"https://static.www.nfl.com/image/upload/f_auto,q_auto/league/aehybugrdkpwoegwc10v"	null	4	"REG"	"P01"	"Robert"	"HEN713719"	"63245"	"32004845-4e71-3719-23cf-467fb9b086e7"	2026	2026	null	null
2026	"WAS"	"K"	"K"	19	"ACT"	"Drew Stevens"	"Drew"	"Stevens"	"2003-12-09"	73	213	"Iowa"	"00-0041182"	"5081335"	null	null	"18511"	null	"StevDr00"	null	null	0	"https://static.www.nfl.com/image/upload/f_auto,q_auto/league/dzlynw7seoaqck1r2il3"	null	2	"REG"	"A01"	"Drew"	"STE605211"	"63249"	"32005354-4560-5211-4476-dfc37c2f0dc9"	2026	2026	null	null
2026	"WAS"	"K"	"K"	19	"ACT"	"Drew Stevens"	"Drew"	"Stevens"	"2003-12-09"	73	213	"Iowa"	"00-0041182"	"5081335"	null	null	"18511"	null	"StevDr00"	null	null	0	"https://static.www.nfl.com/image/upload/f_auto,q_auto/league/dzlynw7seoaqck1r2il3"	"FK"	3	"REG"	"A01"	"Drew"	"STE605211"	"63249"	"32005354-4560-5211-4476-dfc37c2f0dc9"	2026	2026	null	null
2026	"WAS"	"K"	"K"	19	"ACT"	"Drew Stevens"	"Drew"	"Stevens"	"2003-12-09"	73	213	"Iowa"	"00-0041182"	"5081335"	null	null	"18511"	null	"StevDr00"	null	null	0	"https://static.www.nfl.com/image/upload/f_auto,q_auto/league/dzlynw7seoaqck1r2il3"	"FK"	4	"REG"	"A01"	"Drew"	"STE605211"	"63249"	"32005354-4560-5211-4476-dfc37c2f0dc9"	2026	2026	null	null
2026	"WAS"	"K"	"K"	19	"ACT"	"Drew Stevens"	"Drew"	"Stevens"	"2003-12-09"	73	213	"Iowa"	"00-0041182"	"5081335"	null	null	"18511"	null	"StevDr00"	null	null	0	"https://static.www.nfl.com/image/upload/f_auto,q_auto/league/dzlynw7seoaqck1r2il3"	null	1	"REG"	"A01"	"Drew"	"STE605211"	"63249"	"32005354-4560-5211-4476-dfc37c2f0dc9"	2026	2026	null	null
2026	"ATL"	"DL"	"DT"	79	"DEV"	"Carlos Allen Jr."	"Carlos"	"Allen"	null	null	295	null	"00-0041184"	null	null	null	null	null	null	null	null	0	"https://static.www.nfl.com/image/upload/f_auto,q_auto/league/rdbunmnqahreiolmurtu"	null	1	"REG"	"P01"	"Carlos"	"ALL656248"	"63251"	"3200414c-4c65-6248-e1cf-61a77e7214a1"	2026	2026	null	null
2026	"NYJ"	"WR"	"WR"	84	"ACT"	"Malik McClain"	"Malik"	"McClain"	"2002-10-08"	77	195	"Arizona State; Penn State; Florida"	"00-0041267"	null	null	null	null	null	null	null	null	0	"https://static.www.nfl.com/image/upload/f_auto,q_auto/league/ekh5mirge1jmayln4tfe"	"KLE"	4	"REG"	"A01"	"Malik"	"MCC339401"	"63336"	"32004d43-4333-9401-1e7a-4d4db7f09f94"	2026	2026	null	null
2026	"NYJ"	"WR"	"WR"	84	"ACT"	"Malik McClain"	"Malik"	"McClain"	"2002-10-08"	77	195	"Arizona State; Penn State; Florida"	"00-0041267"	null	null	null	null	null	null	null	null	0	"https://static.www.nfl.com/image/upload/f_auto,q_auto/league/ekh5mirge1jmayln4tfe"	"WR"	3	"REG"	"A01"	"Malik"	"MCC339401"	"63336"	"32004d43-4333-9401-1e7a-4d4db7f09f94"	2026	2026	null	null
2026	"MIN"	"DB"	"CB"	29	"CUT"	"Marcus Allen"	"Marcus"	"Allen"	null	null	197	null	"00-0041340"	null	null	null	null	null	null	null	null	0	"https://static.www.nfl.com/image/upload/f_auto,q_auto/league/fqbqj831k8dqzmrlejjx"	null	1	"REG"	"W03"	"Marcus"	"ALL595143"	"63604"	"3200414c-4c59-5143-7b4e-17c3fa1331ff"	2026	2026	null	null
2026	"LV"	"K"	"K"	38	"DEV"	"Kansei Matsuzawa"	"Kansei"	"Matsuzawa"	"1999-01-08"	74	203	"Hawaii"	"00-0041582"	"5158921"	null	null	"19867"	null	"MatsKa00"	null	null	0	"https://static.www.nfl.com/image/upload/f_auto,q_auto/league/juovdeicuriiauham1my"	null	1	"REG"	"P03"	"Kansei"	"MAT411363"	"62948"	"32004d41-5441-1363-b921-073b538ff94f"	2026	2026	null	null
2026	"LV"	"K"	"K"	38	"DEV"	"Kansei Matsuzawa"	"Kansei"	"Matsuzawa"	"1999-01-08"	74	203	"Hawaii"	"00-0041582"	"5158921"	null	null	"19867"	null	"MatsKa00"	null	null	0	"https://static.www.nfl.com/image/upload/f_auto,q_auto/league/juovdeicuriiauham1my"	null	3	"REG"	"P03"	"Kansei"	"MAT411363"	"62948"	"32004d41-5441-1363-b921-073b538ff94f"	2026	2026	null	null
2026	"LV"	"K"	"K"	38	"DEV"	"Kansei Matsuzawa"	"Kansei"	"Matsuzawa"	"1999-01-08"	74	203	"Hawaii"	"00-0041582"	"5158921"	null	null	"19867"	null	"MatsKa00"	null	null	0	"https://static.www.nfl.com/image/upload/f_auto,q_auto/league/juovdeicuriiauham1my"	null	2	"REG"	"P03"	"Kansei"	"MAT411363"	"62948"	"32004d41-5441-1363-b921-073b538ff94f"	2026	2026	null	null
2026	"LV"	"K"	"K"	38	"DEV"	"Kansei Matsuzawa"	"Kansei"	"Matsuzawa"	"1999-01-08"	74	203	"Hawaii"	"00-0041582"	"5158921"	null	null	"19867"	null	"MatsKa00"	null	null	0	"https://static.www.nfl.com/image/upload/f_auto,q_auto/league/juovdeicuriiauham1my"	null	4	"REG"	"P03"	"Kansei"	"MAT411363"	"62948"	"32004d41-5441-1363-b921-073b538ff94f"	2026	2026	null	null
2026	"TB"	"WR"	"WR"	26	"CUT"	"Matthew Henry"	"Matthew"	"Henry"	null	null	183	null	"00-0041599"	null	null	null	null	null	null	null	null	0	null	null	1	"REG"	"W03"	"Matthew"	"HEN626514"	"63735"	"32004845-4e62-6514-7d01-a76395cd3efa"	2026	2026	null	null
2026	"NYJ"	"RB"	"RB"	36	"DEV"	"Al-Jay Henderson"	"Al-Jay"	"Henderson"	null	null	216	null	null	null	null	null	null	null	null	null	null	0	null	null	3	"REG"	"P01"	"Al-Jay"	"HEN032810"	"63414"	null	2026	2026	null	null
2026	"NYJ"	"RB"	"RB"	36	"DEV"	"Al-Jay Henderson"	"Al-Jay"	"Henderson"	null	null	216	null	null	null	null	null	null	null	null	null	null	0	null	null	4	"REG"	"P01"	"Al-Jay"	"HEN032810"	"63414"	null	2026	2026	null	null
2026	"NYJ"	"RB"	"RB"	36	"DEV"	"Al-Jay Henderson"	"Al-Jay"	"Henderson"	null	null	216	null	null	null	null	null	null	null	null	null	null	0	null	null	1	"REG"	"P01"	"Al-Jay"	"HEN032810"	"63414"	null	2026	2026	null	null
2026	"NYJ"	"RB"	"RB"	36	"DEV"	"Al-Jay Henderson"	"Al-Jay"	"Henderson"	null	null	216	null	null	null	null	null	null	null	null	null	null	0	null	null	2	"REG"	"P01"	"Al-Jay"	"HEN032810"	"63414"	null	2026	2026	null	null
2026	"LAC"	"LS"	"LS"	null	"CUT"	"Spencer Triplett"	"Spencer"	"Triplett"	null	null	240	null	null	null	null	null	null	null	null	null	null	0	null	null	3	"REG"	"P01"	"Spencer"	null	"63751"	null	2026	2026	null	null
